{
"type": "FeatureCollection",
"name": "certified_wgs84",
"crs": { "type": "name", "properties": { "name": "urn:ogc:def:crs:OGC:1.3:CRS84" } },
"features": [
{ "type": "Feature", "properties": { "OBJECTID": 1, "Record_Num": "AWM2010-LCP-00171", "Business_N": "CUNNINGHAM ORGANIC FARM", "PRODUCER_L": "40411 DE LUZ RD FALLBROOK CA 92028 APN 101-240-37/38-00", "Area": 15, "Shape_Length": 4194.1904525580121, "Shape_Area": 652986.81478765875 }, "geometry": { "type": "Polygon", "coordinates": [ [ [ -117.330141976682143, 33.447830706162179 ], [ -117.330129790717805, 33.448134280011686 ], [ -117.330257475407819, 33.448333573860928 ], [ -117.331036423078302, 33.44872570340835 ], [ -117.33170132387157, 33.448916508339764 ], [ -117.331972847236983, 33.448412184603988 ], [ -117.332995815363802, 33.448880469895805 ], [ -117.333012685779195, 33.447404935017744 ], [ -117.332827540038423, 33.447162245830647 ], [ -117.332330853599785, 33.447059687944879 ], [ -117.331872179623943, 33.44708505437422 ], [ -117.331297396189044, 33.447332768072968 ], [ -117.331163286580036, 33.446810749469947 ], [ -117.330803317767746, 33.44605425429986 ], [ -117.330837097156532, 33.445840197343514 ], [ -117.330746085538649, 33.445550117732232 ], [ -117.329773740530399, 33.445570777865676 ], [ -117.329735293231053, 33.445594803835341 ], [ -117.330059722801764, 33.446549698008887 ], [ -117.330082177173892, 33.446754678571772 ], [ -117.330141976682143, 33.447830706162179 ] ] ] } },
{ "type": "Feature", "properties": { "OBJECTID": 2, "Record_Num": "AWM2010-LCP-00060", "Business_N": "DAVIS, JEANNE & JIM", "PRODUCER_L": "41272 DE LUZ RD FALLBROOK CA 92028 APN 101-210-24-00", "Area": 8, "Shape_Length": 2752.8013715758721, "Shape_Area": 335079.25124112557 }, "geometry": { "type": "Polygon", "coordinates": [ [ [ -117.32430423984718, 33.462927089399891 ], [ -117.321392120860068, 33.462991904150854 ], [ -117.320919499165313, 33.463594941025754 ], [ -117.320634419951659, 33.46389470404376 ], [ -117.324290468619466, 33.46388150637101 ], [ -117.32430423984718, 33.462927089399891 ] ] ] } },
{ "type": "Feature", "properties": { "OBJECTID": 3, "Record_Num": "AWM2012-LCP-00070", "Business_N": "FANCY TREATS", "PRODUCER_L": "2120 CALLE CARALENE FALLBROOK CA 92028 APN 101-240-40-00", "Area": 9, "Shape_Length": 2701.7259923848951, "Shape_Area": 370668.29685490765 }, "geometry": { "type": "Polygon", "coordinates": [ [ [ -117.337934342463853, 33.460636008197177 ], [ -117.337613027637644, 33.460799140896057 ], [ -117.337565901916776, 33.460818256858502 ], [ -117.337585302666767, 33.461449888273336 ], [ -117.337186745620741, 33.461457135083684 ], [ -117.337188880133652, 33.461482309874874 ], [ -117.337275622494971, 33.462048405143172 ], [ -117.337637073926416, 33.461999439035075 ], [ -117.337661288802835, 33.461932425904898 ], [ -117.339509922640488, 33.461536437492434 ], [ -117.339664401704411, 33.460594144885228 ], [ -117.339604586340869, 33.459997277300801 ], [ -117.337796869983123, 33.460202050812782 ], [ -117.337934342463853, 33.460636008197177 ] ] ] } },
{ "type": "Feature", "properties": { "OBJECTID": 4, "Record_Num": "AWM2010-LCP-00093", "Business_N": "GARCIA FARM", "PRODUCER_L": "40430 DELUZ MURRIETA, FALLBROOK CA 92028 APN 101-260-09/10/11-00", "Area": 23, "Shape_Length": 4364.6612248739875, "Shape_Area": 1017662.8443372749 }, "geometry": { "type": "Polygon", "coordinates": [ [ [ -117.319912303367701, 33.449239281308216 ], [ -117.319863243574432, 33.445783839585054 ], [ -117.319099610757362, 33.445781244962248 ], [ -117.318704151797078, 33.445297330256686 ], [ -117.318535406285974, 33.445796542557247 ], [ -117.318086725482146, 33.446043171040877 ], [ -117.317630641488108, 33.446653258784089 ], [ -117.317204837524741, 33.447580674977679 ], [ -117.31699853391062, 33.44821228345095 ], [ -117.316558998122233, 33.448761912961729 ], [ -117.316555993097538, 33.44926199099335 ], [ -117.319912303367701, 33.449239281308216 ] ] ] } },
{ "type": "Feature", "properties": { "OBJECTID": 5, "Record_Num": "AWM2010-LCP-00170", "Business_N": "CUNNINGHAM ORGANIC FARM", "PRODUCER_L": "40164 DE LUZ RD FALLBROOK CA 92028 APN 101-311-03-00", "Area": 19, "Shape_Length": 4118.2380343706945, "Shape_Area": 847252.64961845521 }, "geometry": { "type": "Polygon", "coordinates": [ [ [ -117.337320749411518, 33.445333691701883 ], [ -117.337351770254102, 33.443160473760983 ], [ -117.337353546722426, 33.443028764731366 ], [ -117.335034205874109, 33.442980311040365 ], [ -117.334556477619643, 33.443559923041427 ], [ -117.333782340184698, 33.444471350010261 ], [ -117.33305806068168, 33.444171328297308 ], [ -117.333062849218706, 33.444557779023008 ], [ -117.33403941106809, 33.445373787792953 ], [ -117.335412030954132, 33.445356090223299 ], [ -117.335375680587333, 33.445178906737659 ], [ -117.336359383177694, 33.445193221196689 ], [ -117.336542280626972, 33.445346220992484 ], [ -117.337320749411518, 33.445333691701883 ] ] ] } },
{ "type": "Feature", "properties": { "OBJECTID": 6, "Record_Num": "AWM2010-LCP-00247", "Business_N": "SANTIAGO'S FARM", "PRODUCER_L": "2996 DE LUZ HEIGHTS RD, FALLBROOK, CA  92028  APN-101-350-09-00", "Area": 25, "Shape_Length": 4941.9343561409623, "Shape_Area": 1091648.9808086236 }, "geometry": { "type": "Polygon", "coordinates": [ [ [ -117.264845799571702, 33.43508977184036 ], [ -117.264763180188353, 33.435322937684553 ], [ -117.266177581380489, 33.43531770961669 ], [ -117.266170938727072, 33.434985523855161 ], [ -117.265525409213922, 33.435025296079857 ], [ -117.265549098412464, 33.43471304706059 ], [ -117.266164127571827, 33.434644851778138 ], [ -117.266112334032471, 33.43205454460589 ], [ -117.2649580744567, 33.431746189637636 ], [ -117.264350356940838, 33.431751148416815 ], [ -117.262943603185462, 33.432635798187754 ], [ -117.262966305726579, 33.434595024371681 ], [ -117.262967812375862, 33.435338886376002 ], [ -117.263300760321698, 33.435340945588251 ], [ -117.2637295824061, 33.434964318712751 ], [ -117.263689305961051, 33.434671209755116 ], [ -117.264818247160477, 33.435078641625452 ], [ -117.264845799571702, 33.43508977184036 ] ] ] } },
{ "type": "Feature", "properties": { "OBJECTID": 7, "Record_Num": "AWM2016-LCP-00044", "Business_N": "JCI FARMS", "PRODUCER_L": "40355 Sandia Creek, Fallbrook, CA 92028 APN 101-360-36-00", "Area": 3, "Shape_Length": 1727.8819406548448, "Shape_Area": 120687.31753646019 }, "geometry": { "type": "Polygon", "coordinates": [ [ [ -117.247126878555321, 33.448342834508729 ], [ -117.247522898736136, 33.44773272767813 ], [ -117.246782668940014, 33.44690842689694 ], [ -117.246460900581155, 33.446842296302954 ], [ -117.246339274387552, 33.44695778570793 ], [ -117.246373184087545, 33.447535816574515 ], [ -117.246236658953208, 33.447542635976866 ], [ -117.246171278118851, 33.447199613798297 ], [ -117.246125792017665, 33.447203794980929 ], [ -117.246099872806724, 33.447526554322828 ], [ -117.246201256802152, 33.447632622649735 ], [ -117.246476788775141, 33.447836543262753 ], [ -117.247126878555321, 33.448342834508729 ] ] ] } },
{ "type": "Feature", "properties": { "OBJECTID": 8, "Record_Num": "AWM2010-LCP-00123", "Business_N": "GERWIG AVOCADO RANCH", "PRODUCER_L": "40225 SANDIA CREEK DR FALLBROOK CA 92028 APN 101-361-18/23/27-00", "Area": 14, "Shape_Length": 3321.9466820441917, "Shape_Area": 623877.79944266286 }, "geometry": { "type": "Polygon", "coordinates": [ [ [ -117.243763642643287, 33.444072597531168 ], [ -117.243765867699494, 33.444027918887059 ], [ -117.244049734253835, 33.443296760221763 ], [ -117.243997207386272, 33.443242212824849 ], [ -117.243978050390055, 33.443159152260264 ], [ -117.243905466488428, 33.442461952377123 ], [ -117.243856244713626, 33.442457765135671 ], [ -117.243771721981233, 33.44271266401978 ], [ -117.241443651364833, 33.443284277961673 ], [ -117.241446465017404, 33.445255189574247 ], [ -117.242020825177946, 33.445311684837797 ], [ -117.242476982556298, 33.445384389140777 ], [ -117.24285264035467, 33.445385207669318 ], [ -117.243259388472637, 33.445317067767107 ], [ -117.243600711404454, 33.445248929859339 ], [ -117.243737574528041, 33.445274598618397 ], [ -117.243759001512331, 33.444180535732485 ], [ -117.243763642643287, 33.444072597531168 ] ] ] } },
{ "type": "Feature", "properties": { "OBJECTID": 9, "Record_Num": "AWM2010-LCP-00122", "Business_N": "PEDRO GALLARDO", "PRODUCER_L": "4172 EAST SANDIA CREEK DR FALLBROOK CA 92028 APN 101-361-19-00", "Area": 19, "Shape_Length": 4633.3013966913186, "Shape_Area": 829944.99035317742 }, "geometry": { "type": "Polygon", "coordinates": [ [ [ -117.244104036950333, 33.443235365390059 ], [ -117.244130502863513, 33.443250461884737 ], [ -117.243992063787346, 33.443579559379998 ], [ -117.244063205316323, 33.44378880037133 ], [ -117.244692232058441, 33.443343902426179 ], [ -117.244705326630154, 33.443433088785376 ], [ -117.24477530975939, 33.443433423509582 ], [ -117.245710774110307, 33.443410507696441 ], [ -117.245747387038449, 33.443615644676854 ], [ -117.245996192342417, 33.44370080915234 ], [ -117.246297924621388, 33.443707934982271 ], [ -117.246209329255677, 33.443260154051927 ], [ -117.246296176280609, 33.442259520676849 ], [ -117.246316162680301, 33.44191581523846 ], [ -117.246115039256665, 33.44156746633471 ], [ -117.245736070523122, 33.440868114106507 ], [ -117.24572730352854, 33.440823802925323 ], [ -117.245674159143348, 33.440615863178891 ], [ -117.245676776724409, 33.440445977502328 ], [ -117.245699717206122, 33.439861765693443 ], [ -117.245704046174495, 33.439642243355166 ], [ -117.245799740085218, 33.439049814260088 ], [ -117.244914263118304, 33.439056901443621 ], [ -117.243972824280405, 33.442150618320767 ], [ -117.244027939284393, 33.443150087346474 ], [ -117.244050326558309, 33.443196859583615 ], [ -117.244104036950333, 33.443235365390059 ] ] ] } },
{ "type": "Feature", "properties": { "OBJECTID": 10, "Record_Num": "AWM2011-LCP-00010", "Business_N": "URUETA-RUIZ, EMMA S", "PRODUCER_L": "39695 BERG RD FALLBROOK CA 92028 APN 101-370-61-00", "Area": 15, "Shape_Length": 3517.38781730655, "Shape_Area": 647083.71184731496 }, "geometry": { "type": "Polygon", "coordinates": [ [ [ -117.305724128509382, 33.438433065495438 ], [ -117.302580507794204, 33.438498361579278 ], [ -117.302585620895357, 33.438922982527252 ], [ -117.303852246261002, 33.441073744199947 ], [ -117.304146789153464, 33.440956732136883 ], [ -117.304227260217161, 33.440550473044922 ], [ -117.305235088912454, 33.439881072053261 ], [ -117.305321884285547, 33.439763433851112 ], [ -117.305415315242854, 33.439723992334173 ], [ -117.305963816124091, 33.43990065254679 ], [ -117.306240990723779, 33.439759925755418 ], [ -117.306286124851482, 33.439256148923967 ], [ -117.305724128509382, 33.438433065495438 ] ] ] } },
{ "type": "Feature", "properties": { "OBJECTID": 11, "Record_Num": "AWM2013-LCP-00006", "Business_N": "LAND OF MILK AND HONEY, THE", "PRODUCER_L": "39807 JONES RD FALLBROOK CA 92028 APN 101-370-63-00", "Area": 4, "Shape_Length": 2714.5923948888253, "Shape_Area": 194826.40054390181 }, "geometry": { "type": "Polygon", "coordinates": [ [ [ -117.30693154390832, 33.439339585403367 ], [ -117.307025559879293, 33.439301568688443 ], [ -117.307169250331825, 33.439229728884946 ], [ -117.307312974098011, 33.439160751525002 ], [ -117.307484948678194, 33.439098214462554 ], [ -117.308014581949465, 33.439032633927496 ], [ -117.308084014824047, 33.438938522522967 ], [ -117.308278849437528, 33.438860520469461 ], [ -117.308768040627527, 33.438839179200009 ], [ -117.309011578738733, 33.438835196639346 ], [ -117.309170176705081, 33.438772771137607 ], [ -117.309318676700798, 33.438628360541472 ], [ -117.309396148226142, 33.438446383203789 ], [ -117.309403147247906, 33.438402779595698 ], [ -117.306325933290822, 33.438415214113171 ], [ -117.306326615424837, 33.438584691757193 ], [ -117.306372064625492, 33.438594242425047 ], [ -117.306431953737373, 33.438606828161902 ], [ -117.306458259603914, 33.43861181020214 ], [ -117.306547055783682, 33.438628625443599 ], [ -117.30675013828612, 33.438592545154243 ], [ -117.306766548383081, 33.438630797367956 ], [ -117.306820256732536, 33.438898346789884 ], [ -117.306832693787868, 33.438957933603 ], [ -117.3066503728258, 33.438964616240689 ], [ -117.306538689848367, 33.438765161523065 ], [ -117.306428252850566, 33.438668761270542 ], [ -117.306356791657251, 33.438689408580515 ], [ -117.306365792178468, 33.438963216119873 ], [ -117.306519532081566, 33.439252017451338 ], [ -117.306777721205208, 33.439329984780187 ], [ -117.306912908010943, 33.439342221657263 ], [ -117.30693154390832, 33.439339585403367 ] ] ] } },
{ "type": "Feature", "properties": { "OBJECTID": 12, "Record_Num": "AWM2010-LCP-00036", "Business_N": "MANCHOR, MICHAEL  *", "PRODUCER_L": "39524 DAILY RD FALLBROOK CA 92028 APN 101-450-15-00", "Area": 1, "Shape_Length": 1441.4859827999114, "Shape_Area": 26655.1697856881 }, "geometry": { "type": "Polygon", "coordinates": [ [ [ -117.309325353267113, 33.433962414779394 ], [ -117.309104849418247, 33.433969555318839 ], [ -117.309108510357262, 33.434402476532632 ], [ -117.309250782679413, 33.434421114761463 ], [ -117.309228360300281, 33.434674767437251 ], [ -117.308960406687561, 33.434654146352393 ], [ -117.308956384186956, 33.434472481661238 ], [ -117.309028001072491, 33.434371097730669 ], [ -117.309028403984286, 33.433972031418833 ], [ -117.30887753737106, 33.433976916647509 ], [ -117.308886765502209, 33.434738752401891 ], [ -117.309334807313647, 33.434742571163845 ], [ -117.309325353267113, 33.433962414779394 ] ] ] } },
{ "type": "Feature", "properties": { "OBJECTID": 13, "Record_Num": "AWM2010-LCP-00035", "Business_N": "MANCHOR, MICHAEL  *", "PRODUCER_L": "40020-21 CATHY DR FALLBROOK CA 92028 APN 101-500-04-00", "Area": 3, "Shape_Length": 2437.943274571905, "Shape_Area": 122113.84944179925 }, "geometry": { "type": "Polygon", "coordinates": [ [ [ -117.285302592242672, 33.439301147939652 ], [ -117.286766152187653, 33.438782031545855 ], [ -117.286839209776105, 33.438799744954324 ], [ -117.286904983686028, 33.438817519051106 ], [ -117.28718479547662, 33.438663302803427 ], [ -117.286689937866001, 33.438037550724665 ], [ -117.286332461381477, 33.437853251198312 ], [ -117.286051470752099, 33.437956187711599 ], [ -117.286037059911962, 33.437962066913876 ], [ -117.286220422783629, 33.438374322891079 ], [ -117.286193928229963, 33.438597467684701 ], [ -117.286107406372096, 33.438673006042698 ], [ -117.285953270853724, 33.438729257625191 ], [ -117.285625632854646, 33.4387442018133 ], [ -117.285093606363759, 33.438724200615454 ], [ -117.28507132448236, 33.438841955720093 ], [ -117.285121827290666, 33.438942231542242 ], [ -117.285356614624874, 33.438788048848544 ], [ -117.285833422967372, 33.438970166124143 ], [ -117.285564632870177, 33.439052566488606 ], [ -117.285333697041963, 33.438871263455177 ], [ -117.285144008569389, 33.438986274277134 ], [ -117.285302592242672, 33.439301147939652 ] ] ] } },
{ "type": "Feature", "properties": { "OBJECTID": 14, "Record_Num": "AWM2010-LCP-00037", "Business_N": "MANCHOR, MICHAEL", "PRODUCER_L": "40020 LAKEVIEW DR FALLBROOK CA 92028 APN 101-500-12-00", "Area": 2, "Shape_Length": 1733.8161823513483, "Shape_Area": 78011.324891285185 }, "geometry": { "type": "Polygon", "coordinates": [ [ [ -117.282336012508111, 33.438601355048597 ], [ -117.282259092813788, 33.43844930642426 ], [ -117.282219991074655, 33.438415276314771 ], [ -117.281914091367199, 33.438728915921942 ], [ -117.281921573515859, 33.43878420272425 ], [ -117.281979041798408, 33.439216977876207 ], [ -117.282027316888033, 33.43925665770972 ], [ -117.282809478059647, 33.438790192288984 ], [ -117.283088872653238, 33.438545479994914 ], [ -117.282984182125304, 33.437969953029906 ], [ -117.282777356943754, 33.437805623242845 ], [ -117.282715381391895, 33.437955008192453 ], [ -117.28241683231191, 33.438266868513153 ], [ -117.282482392587724, 33.438273770438606 ], [ -117.282669540525958, 33.438121437363911 ], [ -117.282729310043351, 33.438170564146112 ], [ -117.282758406334807, 33.438321101666162 ], [ -117.282368737433359, 33.438673610516311 ], [ -117.28231156004648, 33.438626057149804 ], [ -117.282336012508111, 33.438601355048597 ] ] ] } },
{ "type": "Feature", "properties": { "OBJECTID": 15, "Record_Num": "AWM2016-LCP-00072", "Business_N": "SANTIAGO'S FARM", "PRODUCER_L": "2625 JOAN LN, FALLBROOK, CA  92028  APN 101-510-06-00", "Area": 2, "Shape_Length": 1258.4253502884776, "Shape_Area": 70832.42910834853 }, "geometry": { "type": "Polygon", "coordinates": [ [ [ -117.281154066663646, 33.4367187784677 ], [ -117.281444955984753, 33.436622806855361 ], [ -117.281221448871179, 33.43635593022362 ], [ -117.281042759713557, 33.436337562799068 ], [ -117.28099449589233, 33.436260091432608 ], [ -117.281263422190193, 33.436054596353323 ], [ -117.281210117582489, 33.435588386336988 ], [ -117.281002150240312, 33.435615876738062 ], [ -117.28056118892485, 33.436154893253267 ], [ -117.280482518946144, 33.436433246415646 ], [ -117.280566217424322, 33.436581423094793 ], [ -117.280828035041409, 33.436776792492928 ], [ -117.28086245493968, 33.436787106627648 ], [ -117.281154066663646, 33.4367187784677 ] ] ] } },
{ "type": "Feature", "properties": { "OBJECTID": 16, "Record_Num": "AWM2016-LCP-00062", "Business_N": "TEMECULA VALLEY FARMS", "PRODUCER_L": "2656 Joan LN, Fallbrook, CA 92028 APN 101-510-15-00", "Area": 4, "Shape_Length": 2334.547673273401, "Shape_Area": 192258.80174217321 }, "geometry": { "type": "Polygon", "coordinates": [ [ [ -117.280879114634558, 33.437023252964764 ], [ -117.280534112862213, 33.43744559021895 ], [ -117.280570381460862, 33.437579305345828 ], [ -117.280722605851537, 33.437746954222099 ], [ -117.280800798713074, 33.437717677216263 ], [ -117.28090758932602, 33.437796953790617 ], [ -117.280748531716952, 33.437918513594326 ], [ -117.280623790653706, 33.437764950531104 ], [ -117.280536811574777, 33.437628252657419 ], [ -117.280496244112214, 33.437490693140965 ], [ -117.280241685173962, 33.437793883558953 ], [ -117.280741033011495, 33.438091235465237 ], [ -117.281850831184528, 33.438731023305905 ], [ -117.282563459699418, 33.437967394852102 ], [ -117.281281845870694, 33.43739209037787 ], [ -117.280879114634558, 33.437023252964764 ] ] ] } },
{ "type": "Feature", "properties": { "OBJECTID": 17, "Record_Num": "AWM2010-LCP-00198", "Business_N": "OAKES KNOLL RANCH", "PRODUCER_L": "39956 DE LUZ RD FALLBROOK CA 92028 APN 101-561-03-00", "Area": 11, "Shape_Length": 2720.5728785014471, "Shape_Area": 462142.75760072336 }, "geometry": { "type": "Polygon", "coordinates": [ [ [ -117.328577690771866, 33.441856076119031 ], [ -117.32854661408237, 33.439927892026127 ], [ -117.326385118691164, 33.439952726461058 ], [ -117.326419771418159, 33.4418793531405 ], [ -117.328577690771866, 33.441856076119031 ] ] ] } },
{ "type": "Feature", "properties": { "OBJECTID": 18, "Record_Num": "AWM2010-LCP-00096", "Business_N": "SAHU, RANAJIT & CATHERINE", "PRODUCER_L": "39238 DAILY RD FALLBROOK CA 92028 APN 102-071-10/18-00", "Area": 12, "Shape_Length": 4263.1991503768477, "Shape_Area": 522145.86305570824 }, "geometry": { "type": "Polygon", "coordinates": [ [ [ -117.310928603145797, 33.428411775011924 ], [ -117.310984049958876, 33.428235264504814 ], [ -117.311031213319893, 33.428189836496166 ], [ -117.311231205314868, 33.427972797115672 ], [ -117.311205406696772, 33.42758775799534 ], [ -117.311207856327087, 33.427227010364135 ], [ -117.311217194705321, 33.427152495174631 ], [ -117.309116767595697, 33.427382258569956 ], [ -117.308706468233808, 33.427334220449268 ], [ -117.307005395358843, 33.427554822283092 ], [ -117.307019202178978, 33.427849583823885 ], [ -117.307159153384404, 33.428128959340164 ], [ -117.307870125709286, 33.428758477824246 ], [ -117.308659247532006, 33.428791842467241 ], [ -117.309241398762765, 33.428932893645857 ], [ -117.309460396565356, 33.428690543231951 ], [ -117.309105597273671, 33.428433041637334 ], [ -117.309069550008402, 33.428275888139467 ], [ -117.309134436939175, 33.42775097797513 ], [ -117.309073966141199, 33.427644611641966 ], [ -117.309130830188479, 33.427453266818667 ], [ -117.309304174243309, 33.427482327216353 ], [ -117.309347315456691, 33.42766136855348 ], [ -117.309230305474472, 33.427773064570026 ], [ -117.309166669938776, 33.428282987767112 ], [ -117.310928603145797, 33.428411775011924 ] ] ] } },
{ "type": "Feature", "properties": { "OBJECTID": 19, "Record_Num": "AWM2012-LCP-00003", "Business_N": "CRANE/ WILLIAMSON GROVE", "PRODUCER_L": "000 DELUZ CANYON RD FALLBROOK CA APN 102-130-14-00", "Area": 8, "Shape_Length": 2415.1897333612833, "Shape_Area": 361099.17327610706 }, "geometry": { "type": "Polygon", "coordinates": [ [ [ -117.31131975199429, 33.414756339472959 ], [ -117.309496998481606, 33.414704480377551 ], [ -117.309278459828235, 33.416503490300208 ], [ -117.311320330280921, 33.416310134411511 ], [ -117.311351237107374, 33.416306435079782 ], [ -117.311319834913903, 33.414978689949535 ], [ -117.31131975199429, 33.414756339472959 ] ] ] } },
{ "type": "Feature", "properties": { "OBJECTID": 20, "Record_Num": "AWM2016-LCP-00057", "Business_N": "BARE BEES HONEY", "PRODUCER_L": "42310 Via Del Gavilan, Fallbrook, CA 92028 APN 102-180-60-00", "Area": 4, "Shape_Length": 2091.5926325000305, "Shape_Area": 160441.63011896823 }, "geometry": { "type": "Polygon", "coordinates": [ [ [ -117.220311703754106, 33.419841685325515 ], [ -117.220394664079038, 33.419626320721214 ], [ -117.220052977611957, 33.419600358224223 ], [ -117.21997268927467, 33.419543726950806 ], [ -117.22019698658859, 33.419246145026143 ], [ -117.220471403548288, 33.419363290484043 ], [ -117.220381695865484, 33.419483277770091 ], [ -117.220467514281722, 33.419525551200508 ], [ -117.220703135417168, 33.419223109088726 ], [ -117.220691141148933, 33.419065266234774 ], [ -117.219215092136551, 33.418647347968928 ], [ -117.219013211485716, 33.418605978299745 ], [ -117.218974919011686, 33.419771472880974 ], [ -117.220304019472167, 33.419867034245705 ], [ -117.220311703754106, 33.419841685325515 ] ] ] } },
{ "type": "Feature", "properties": { "OBJECTID": 21, "Record_Num": "AWM2015-LCP-00007", "Business_N": "RESENDIZ BROTHERS PROTEA GROWERS LLC", "PRODUCER_L": "5467 Rainbow Creek Rd, Fallbrook, CA  92028  APN 102-240-10-00", "Area": 2, "Shape_Length": 1149.0618892280816, "Shape_Area": 66468.666291649526 }, "geometry": { "type": "Polygon", "coordinates": [ [ [ -117.143861610605057, 33.420100297269137 ], [ -117.143334547561409, 33.420098410985268 ], [ -117.143340732845616, 33.421241534658101 ], [ -117.143363421801254, 33.421240956860586 ], [ -117.143858067271793, 33.421239221406132 ], [ -117.143864581456313, 33.42081527146977 ], [ -117.143861610605057, 33.420100297269137 ] ] ] } },
{ "type": "Feature", "properties": { "OBJECTID": 22, "Record_Num": "AWM2010-LCP-00201", "Business_N": "VENEGAS GROWERS", "PRODUCER_L": "2511 RAINBOW GLEN FALLBROOK CA 92028 APN 102-570-47-00", "Area": 2, "Shape_Length": 1313.832299045145, "Shape_Area": 94538.689962054879 }, "geometry": { "type": "Polygon", "coordinates": [ [ [ -117.172015003248816, 33.424431251186519 ], [ -117.172018224101933, 33.42322595677004 ], [ -117.171746364942024, 33.423346304946705 ], [ -117.171636920960978, 33.423328030135281 ], [ -117.171485039327948, 33.423386413221273 ], [ -117.171495692101871, 33.423533295482912 ], [ -117.171376235378204, 33.423644878639678 ], [ -117.171132187530915, 33.423812733235522 ], [ -117.171140987500408, 33.424432003448239 ], [ -117.172015003248816, 33.424431251186519 ] ] ] } },
{ "type": "Feature", "properties": { "OBJECTID": 23, "Record_Num": "AWM2013-LCP-00040", "Business_N": "LASATER, ELAINE & TERREL", "PRODUCER_L": "1858 CANYON HEIGHTS RD, FALLBROOK, CA  92028, APN 102-330-27-00", "Area": 1, "Shape_Length": 1407.9345399482022, "Shape_Area": 64447.928449097693 }, "geometry": { "type": "Polygon", "coordinates": [ [ [ -117.156168484007011, 33.40583739247041 ], [ -117.155041582620825, 33.405841134814089 ], [ -117.154471107800433, 33.405842068612628 ], [ -117.154467603449689, 33.406016112681456 ], [ -117.154223115126399, 33.406029819757826 ], [ -117.154193648534388, 33.406041008587742 ], [ -117.154236553007038, 33.406118949008587 ], [ -117.154329066855851, 33.40615936707858 ], [ -117.154340658897567, 33.406173540314732 ], [ -117.156170369975897, 33.40615115068416 ], [ -117.156168484007011, 33.40583739247041 ] ] ] } },
{ "type": "Feature", "properties": { "OBJECTID": 24, "Record_Num": "AWM2010-LCP-00204", "Business_N": "RAY SUBTROPICAL", "PRODUCER_L": "END OF SUMAC SUMMIT RAINBOW GLEN FALLBROOK CA 92028 APN 102-370-37-00", "Area": 15, "Shape_Length": 3774.9850917993026, "Shape_Area": 655348.53949560621 }, "geometry": { "type": "Polygon", "coordinates": [ [ [ -117.182121592028679, 33.429981769614002 ], [ -117.181698866623165, 33.429361410408816 ], [ -117.180394328048948, 33.42869554033841 ], [ -117.179960813939729, 33.428800544480467 ], [ -117.17998677334468, 33.4288989898916 ], [ -117.179985974762687, 33.429465844627401 ], [ -117.179961006909906, 33.429510567662867 ], [ -117.179325720617328, 33.430814810067737 ], [ -117.17893060765671, 33.431683870994 ], [ -117.178938652738452, 33.431798326449808 ], [ -117.178651481307384, 33.432407399889577 ], [ -117.17912257855852, 33.43239815512829 ], [ -117.1792153775271, 33.432134077138571 ], [ -117.179932911374223, 33.431538961874821 ], [ -117.181309610357275, 33.431282451352409 ], [ -117.182089545226461, 33.430137184495756 ], [ -117.182121592028679, 33.429981769614002 ] ] ] } },
{ "type": "Feature", "properties": { "OBJECTID": 25, "Record_Num": "AWM2015-LCP-00055", "Business_N": "WALKER, STEVEN", "PRODUCER_L": "1033 PRIETO RD, FALLBROOK, CA  92028  APN 102-560-45-00", "Area": 6, "Shape_Length": 2092.9222472574902, "Shape_Area": 279777.48901025637 }, "geometry": { "type": "Polygon", "coordinates": [ [ [ -117.158191602036595, 33.404317716421637 ], [ -117.158338651428494, 33.403051889969596 ], [ -117.158124930877193, 33.402927851878395 ], [ -117.15619916901035, 33.40293314274264 ], [ -117.156211670151748, 33.403803481335963 ], [ -117.157484608379235, 33.404314116915749 ], [ -117.158191602036595, 33.404317716421637 ] ] ] } },
{ "type": "Feature", "properties": { "OBJECTID": 26, "Record_Num": "AWM2016-LCP-00039", "Business_N": "VENEGAS GROWERS", "PRODUCER_L": "1996 RAINBOW GLEN RD, FALLBROOK, CA  92028 APN  102-300-41-00", "Area": 3, "Shape_Length": 2203.8806024466362, "Shape_Area": 112661.6424181067 }, "geometry": { "type": "Polygon", "coordinates": [ [ [ -117.17351529825244, 33.414201618874998 ], [ -117.173566631853291, 33.41432147827377 ], [ -117.173642435179147, 33.414387716140048 ], [ -117.173862108213456, 33.414500598920469 ], [ -117.173999454569582, 33.414575921843003 ], [ -117.174683759895402, 33.414292180407436 ], [ -117.175109209047406, 33.413634370066745 ], [ -117.175112953377806, 33.413557998565913 ], [ -117.173412124005651, 33.413698518405745 ], [ -117.173403627144324, 33.413971509499142 ], [ -117.173470049843559, 33.414108380013552 ], [ -117.173556499018858, 33.414008545332855 ], [ -117.173742316225145, 33.413932730095524 ], [ -117.174102494292953, 33.413989219801117 ], [ -117.174381108778618, 33.413864998928794 ], [ -117.174478723794209, 33.414057040607958 ], [ -117.17423380090294, 33.414139022102873 ], [ -117.173998379903793, 33.414043434264855 ], [ -117.173882986161786, 33.414107275074315 ], [ -117.17378491102545, 33.414087008836233 ], [ -117.173804565196207, 33.414008611190269 ], [ -117.173740646143841, 33.413989999997497 ], [ -117.173629602713959, 33.414034723018951 ], [ -117.173501274612136, 33.414172720999403 ], [ -117.17351529825244, 33.414201618874998 ] ] ] } },
{ "type": "Feature", "properties": { "OBJECTID": 27, "Record_Num": "AWM2010-LCP-00012", "Business_N": "HOFSHI, ELI", "PRODUCER_L": "40491 GAVILAN MOUNTAIN RD FALLBROOK CA 92028 APN 102-620-16-00", "Area": 10, "Shape_Length": 3120.5539157609051, "Shape_Area": 422330.2753424698 }, "geometry": { "type": "Polygon", "coordinates": [ [ [ -117.226423835755639, 33.426298776818172 ], [ -117.22656874720893, 33.426331748099273 ], [ -117.228022342994507, 33.425694105043512 ], [ -117.228150522365439, 33.425309233420535 ], [ -117.228457310412253, 33.424960409966502 ], [ -117.228989686584711, 33.424619788811064 ], [ -117.228260335250766, 33.424443777202661 ], [ -117.228003334805408, 33.424359912448537 ], [ -117.227399591405856, 33.424410465904117 ], [ -117.226410134620608, 33.425385895732425 ], [ -117.225617947704848, 33.425377799597761 ], [ -117.224933222799919, 33.425821192007483 ], [ -117.22494640149263, 33.426084474631274 ], [ -117.225410572556683, 33.42637571101023 ], [ -117.225459846683947, 33.426385488370236 ], [ -117.225953375604746, 33.426232505109972 ], [ -117.226423835755639, 33.426298776818172 ] ] ] } },
{ "type": "Feature", "properties": { "OBJECTID": 28, "Record_Num": "AWM2016-LCP-00064", "Business_N": "RED MOUNTAIN OLIVE RANCH", "PRODUCER_L": "3018 Red Mtn Hgts Dr., Fallbrook, CA 92028 APN 102-6880-61-00", "Area": 1, "Shape_Length": 1157.9519898213621, "Shape_Area": 47516.791962749943 }, "geometry": { "type": "Polygon", "coordinates": [ [ [ -117.198535023174969, 33.405090376092218 ], [ -117.199058179845579, 33.404950527282779 ], [ -117.199148315061834, 33.404819890249392 ], [ -117.199078627608245, 33.40456347763444 ], [ -117.198680592563036, 33.404226876628016 ], [ -117.198313771772547, 33.404170608072405 ], [ -117.198219890163173, 33.404280598995648 ], [ -117.198285893082655, 33.404522273111297 ], [ -117.198447218088276, 33.404461974945526 ], [ -117.198645065462046, 33.404522486661008 ], [ -117.198777617348085, 33.404731164531526 ], [ -117.198416395752659, 33.404866823762212 ], [ -117.198535023174969, 33.405090376092218 ] ] ] } },
{ "type": "Feature", "properties": { "OBJECTID": 29, "Record_Num": "AWM2012-LCP-00072", "Business_N": "POOR, SCYMACK AMHAD", "PRODUCER_L": "2752 RAIBOW VALLEY BLVD RAINBOW CA 92028 APN 102-700-04-00", "Area": 2, "Shape_Length": 1336.8365565004597, "Shape_Area": 99904.501935307591 }, "geometry": { "type": "Polygon", "coordinates": [ [ [ -117.145301736065349, 33.423046592170785 ], [ -117.146116896495187, 33.423000066341139 ], [ -117.146165922522187, 33.422774918266896 ], [ -117.146155186654156, 33.422562159110285 ], [ -117.146152416989608, 33.422291947298987 ], [ -117.146173268939407, 33.422100482876274 ], [ -117.146077890938784, 33.421976815605134 ], [ -117.145731985738522, 33.421895608706045 ], [ -117.145327518717053, 33.421943958895746 ], [ -117.145216917606263, 33.422004540875356 ], [ -117.145491546070545, 33.422366060362094 ], [ -117.145210567688636, 33.422777017773072 ], [ -117.145257467899015, 33.42290103384591 ], [ -117.145301736065349, 33.423046592170785 ] ] ] } },
{ "type": "Feature", "properties": { "OBJECTID": 30, "Record_Num": "AWM2009-LCP-00038", "Business_N": "THYS' RANCH", "PRODUCER_L": "277 RAINBOW VALLEY BLVD FALLBROOK CA 92028 APN 102-700-17-018-00", "Area": 1, "Shape_Length": 1241.5443221473236, "Shape_Area": 64481.530713597582 }, "geometry": { "type": "Polygon", "coordinates": [ [ [ -117.144218566152958, 33.423641163683399 ], [ -117.144785286966894, 33.423638995534738 ], [ -117.144782348244618, 33.423129426225032 ], [ -117.144659391536493, 33.423124585279311 ], [ -117.144658700558878, 33.422389787549776 ], [ -117.144352148978271, 33.422682096996098 ], [ -117.144055673963493, 33.423069761656414 ], [ -117.144211098831747, 33.423133535828626 ], [ -117.144072185798237, 33.42357159876002 ], [ -117.144218566152958, 33.423641163683399 ] ] ] } },
{ "type": "Feature", "properties": { "OBJECTID": 31, "Record_Num": "AWM2014-LCP-00010", "Business_N": "SOL VISTA RANCH", "PRODUCER_L": "2172 Rainbow Glen Rd, Fallbrook, CA  92028, APN 102-770-09-00", "Area": 12, "Shape_Length": 4111.1841944738771, "Shape_Area": 543372.16132815403 }, "geometry": { "type": "Polygon", "coordinates": [ [ [ -117.182643335065237, 33.41847110299161 ], [ -117.182665073802909, 33.41730861097205 ], [ -117.181840964894221, 33.417500877202862 ], [ -117.18163758104123, 33.417636956489773 ], [ -117.181518015346612, 33.417949906593243 ], [ -117.1813723272884, 33.418054061520102 ], [ -117.181211885694267, 33.418055263299692 ], [ -117.180893077239119, 33.417931684236592 ], [ -117.180403709522693, 33.417820832324139 ], [ -117.180216904593308, 33.417910979204386 ], [ -117.179992057751505, 33.418276247160101 ], [ -117.17971680116267, 33.418395683592202 ], [ -117.179596805215368, 33.418347911980334 ], [ -117.179451819494545, 33.418197263614431 ], [ -117.179472458749089, 33.417890780914561 ], [ -117.179437348757844, 33.417799431418608 ], [ -117.178218897358249, 33.41782857416068 ], [ -117.178071462242571, 33.419054986372139 ], [ -117.182126052710672, 33.418852020473409 ], [ -117.182643481876326, 33.418611373718484 ], [ -117.182643335065237, 33.41847110299161 ] ] ] } },
{ "type": "Feature", "properties": { "OBJECTID": 32, "Record_Num": "AWM2010-LCP-00193", "Business_N": "HERB FRESH.COM", "PRODUCER_L": "1812 DAVIS DR FALLBROOK CA 92028 APN 105-380-02-00", "Area": 1, "Shape_Length": 1653.0770903779812, "Shape_Area": 58818.075731247336 }, "geometry": { "type": "Polygon", "coordinates": [ [ [ -117.225001945024133, 33.390310763649495 ], [ -117.2249306777409, 33.390875187680727 ], [ -117.225008175389462, 33.390869651976161 ], [ -117.225047731957176, 33.390706774957117 ], [ -117.225117262352398, 33.390693443363787 ], [ -117.225176415003986, 33.390725857982176 ], [ -117.225293988309147, 33.390724935455239 ], [ -117.225290632184368, 33.390814464599288 ], [ -117.225347994390333, 33.390881598742695 ], [ -117.225336030879745, 33.390980328755944 ], [ -117.225312080632634, 33.390980516695677 ], [ -117.225234003685841, 33.391008528415888 ], [ -117.225243690518113, 33.391096128367771 ], [ -117.225176194863366, 33.391096657949518 ], [ -117.225073454806079, 33.391060932495719 ], [ -117.225085072465063, 33.390931153360235 ], [ -117.224924219010845, 33.390926335011685 ], [ -117.224893899955262, 33.391166456745694 ], [ -117.226091492009772, 33.391164364009143 ], [ -117.226057116893799, 33.39081575423711 ], [ -117.225550846391599, 33.390717440022478 ], [ -117.225100084680946, 33.390324606710514 ], [ -117.225001945024133, 33.390310763649495 ] ] ] } },
{ "type": "Feature", "properties": { "OBJECTID": 33, "Record_Num": "AWM2018-LCP-00037", "Business_N": "HILLCREST HEALTHY GROVE", "PRODUCER_L": "744 HILLCREST LN, FALLBROOK, CA  92028", "Area": 2, "Shape_Length": 2215.8044258856003, "Shape_Area": 66579.252158504023 }, "geometry": { "type": "Polygon", "coordinates": [ [ [ -117.243502511919445, 33.391155879483797 ], [ -117.243416321551081, 33.391153977812607 ], [ -117.243385483780472, 33.392011654539765 ], [ -117.24317253963541, 33.39201123006147 ], [ -117.243280350828101, 33.391682892023354 ], [ -117.243092441295346, 33.391654622968062 ], [ -117.243025547770813, 33.391791252208812 ], [ -117.24296012738165, 33.391834303636429 ], [ -117.242850964180704, 33.391820290388026 ], [ -117.242864652342817, 33.391686213383515 ], [ -117.242947405549302, 33.391606873402786 ], [ -117.24330787072499, 33.391650775288355 ], [ -117.243373580603176, 33.391633238625452 ], [ -117.243383310020732, 33.39115324888369 ], [ -117.242795079641127, 33.391140267376855 ], [ -117.242783538971622, 33.392133420161848 ], [ -117.243546357345636, 33.392114565754369 ], [ -117.243502511919445, 33.391155879483797 ] ] ] } },
{ "type": "Feature", "properties": { "OBJECTID": 34, "Record_Num": "AWM2016-LCP-00008", "Business_N": "BAHUCHET, ANKE", "PRODUCER_L": "2454 E. Mission Rd, Fallbrook, CA  92028  APN 105-741-06-00", "Area": 1, "Shape_Length": 837.97701994579279, "Shape_Area": 39299.683709120887 }, "geometry": { "type": "Polygon", "coordinates": [ [ [ -117.212455154227712, 33.394203384169437 ], [ -117.211979806005374, 33.394815622462289 ], [ -117.21196971900757, 33.394829442420949 ], [ -117.212758922995164, 33.394839936821263 ], [ -117.212773938930667, 33.394839820512288 ], [ -117.21277760333713, 33.394242591430967 ], [ -117.212470506388456, 33.394187139306268 ], [ -117.212460506434525, 33.394197719730315 ], [ -117.212455154227712, 33.394203384169437 ] ] ] } },
{ "type": "Feature", "properties": { "OBJECTID": 35, "Record_Num": "AWM2013-LCP-00053", "Business_N": "Return of the Native, The", "PRODUCER_L": "2468 Gum Tree Lane, Fallbrook CA  92028, APN 105-742-28-00", "Area": 1, "Shape_Length": 1005.9241973452838, "Shape_Area": 31662.176409092477 }, "geometry": { "type": "Polygon", "coordinates": [ [ [ -117.210701168838128, 33.388433559708673 ], [ -117.210693881384074, 33.3884080411243 ], [ -117.210173290973714, 33.388405193039148 ], [ -117.210171747543015, 33.388418714229772 ], [ -117.210161721758908, 33.388595613214811 ], [ -117.21035026517859, 33.388592776915431 ], [ -117.210360077921237, 33.38865759372478 ], [ -117.210419331856542, 33.388666678550855 ], [ -117.21052523888261, 33.388780376901366 ], [ -117.210516536785718, 33.388816706912138 ], [ -117.210146287794856, 33.388825058146899 ], [ -117.210125586640714, 33.389112457224627 ], [ -117.210125245233328, 33.389132763434652 ], [ -117.210125007718716, 33.38914686695135 ], [ -117.210418954438538, 33.389146122454392 ], [ -117.210696702287478, 33.388747750069392 ], [ -117.210699847418766, 33.388727494319646 ], [ -117.210701168838128, 33.388433559708673 ] ] ] } },
{ "type": "Feature", "properties": { "OBJECTID": 36, "Record_Num": "AWM2014-LCP-00011", "Business_N": "RICK'S SEASONAL PRODUCE", "PRODUCER_L": "1397 Willow Glen Rd, Fallbrook, CA  92028, APN 129-250-15-00", "Area": 7, "Shape_Length": 3771.8128904255773, "Shape_Area": 284731.88856372773 }, "geometry": { "type": "Polygon", "coordinates": [ [ [ -117.199842446211406, 33.396586953813198 ], [ -117.199767312280656, 33.396553872966436 ], [ -117.199808744345404, 33.397150247588868 ], [ -117.199778865106182, 33.397541738707353 ], [ -117.199831664868853, 33.397689251521619 ], [ -117.19987745389065, 33.397715144626538 ], [ -117.199987697610965, 33.397652272546274 ], [ -117.200204724165914, 33.397731729511136 ], [ -117.200211604861153, 33.39784142071597 ], [ -117.200169229003876, 33.397867987652397 ], [ -117.200290182744354, 33.398005436612756 ], [ -117.200197158522684, 33.39808249177355 ], [ -117.200243492191063, 33.398158481597889 ], [ -117.200107807691452, 33.39823586280346 ], [ -117.199895249523806, 33.398044241835265 ], [ -117.199848320290911, 33.397913383633032 ], [ -117.199812585593122, 33.397765740433833 ], [ -117.199733801576997, 33.397582640481616 ], [ -117.199737831957606, 33.397429921635123 ], [ -117.199759184382856, 33.397300928446846 ], [ -117.199751398630951, 33.397107742419735 ], [ -117.199709432650195, 33.396528388695124 ], [ -117.199608098821017, 33.396483771432919 ], [ -117.199496096205451, 33.39638442589073 ], [ -117.199758125232705, 33.398512895498847 ], [ -117.201165880539648, 33.398497359485084 ], [ -117.201102913049283, 33.398199622880284 ], [ -117.201123148040594, 33.397968050977617 ], [ -117.201201276747113, 33.397829079520747 ], [ -117.201245146131114, 33.397678442535941 ], [ -117.201252173759713, 33.397540015135895 ], [ -117.201229203693444, 33.397258672789015 ], [ -117.20118298845091, 33.396932179058822 ], [ -117.201093994143434, 33.396856515996426 ], [ -117.199842446211406, 33.396586953813198 ] ] ] } },
{ "type": "Feature", "properties": { "OBJECTID": 37, "Record_Num": "AWM2016-LCP-00037", "Business_N": "MARISCAL CACTUS & SUCCULENTS", "PRODUCER_L": "425 GOLDEN RD., FALLBROOK, CA  92028  APN 105-842-04-00", "Area": 3, "Shape_Length": 1440.8048694796846, "Shape_Area": 130551.86430741377 }, "geometry": { "type": "Polygon", "coordinates": [ [ [ -117.244024952642604, 33.375048974291118 ], [ -117.244012835154933, 33.374783392939094 ], [ -117.243990370737976, 33.37477614709065 ], [ -117.242838604272364, 33.374772206729098 ], [ -117.242855638876648, 33.375812882965803 ], [ -117.243876799145781, 33.375813484719878 ], [ -117.243855160425539, 33.375747922614366 ], [ -117.243959141207839, 33.375475383930244 ], [ -117.243998262724162, 33.375470688727333 ], [ -117.244018456108606, 33.375278060148666 ], [ -117.244024952642604, 33.375048974291118 ] ] ] } },
{ "type": "Feature", "properties": { "OBJECTID": 38, "Record_Num": "AWM2013-LCP-00005", "Business_N": "WINTERWARM FARMS", "PRODUCER_L": "2210 WINTERWARM DR FALLBROOK CA 92028 APN 106-312-12-00", "Area": 1, "Shape_Length": 1551.4955440265137, "Shape_Area": 46074.133164142972 }, "geometry": { "type": "Polygon", "coordinates": [ [ [ -117.213008209696, 33.34567164660789 ], [ -117.213705378644534, 33.345674367232242 ], [ -117.213818356487934, 33.345089737487967 ], [ -117.213627624589265, 33.34506142026077 ], [ -117.212927144041572, 33.345050598726218 ], [ -117.212847955372638, 33.345055926652648 ], [ -117.21288726125313, 33.345206945516786 ], [ -117.213215422640957, 33.345144527228705 ], [ -117.213276351622497, 33.345108839527178 ], [ -117.21349744466248, 33.345109834542392 ], [ -117.213607539393223, 33.345289117262972 ], [ -117.213625884882688, 33.345343152205039 ], [ -117.213342800250402, 33.345427966670179 ], [ -117.213317717495812, 33.345348251026145 ], [ -117.213386759010305, 33.34531656345348 ], [ -117.213360195811873, 33.345249048569556 ], [ -117.213284490389242, 33.345261825811164 ], [ -117.213264412330787, 33.34519696934592 ], [ -117.212903612321526, 33.345269771431546 ], [ -117.213008209696, 33.34567164660789 ] ] ] } },
{ "type": "Feature", "properties": { "OBJECTID": 39, "Record_Num": "AWM2010-LCP-00166", "Business_N": "NEJELY, KARL", "PRODUCER_L": "1844 GREEN BRIAR CIR FALLBROOK CA 92028 APN 107-030-07-00", "Area": 2, "Shape_Length": 1427.5642346167006, "Shape_Area": 66705.342824460648 }, "geometry": { "type": "Polygon", "coordinates": [ [ [ -117.2114838085744, 33.358242063962649 ], [ -117.210194837224492, 33.358235237049172 ], [ -117.210198124383126, 33.358741947944161 ], [ -117.211216339092431, 33.358738845646158 ], [ -117.211391249546892, 33.35876039562946 ], [ -117.211470615309437, 33.358315949846904 ], [ -117.21138631739116, 33.358311528270484 ], [ -117.211335610697759, 33.35833329733412 ], [ -117.211298209429756, 33.358406877271548 ], [ -117.211389680854552, 33.358451976103694 ], [ -117.211334169161404, 33.358533330918398 ], [ -117.211198496372234, 33.358439713343365 ], [ -117.211324107449855, 33.358279945010878 ], [ -117.211477931623932, 33.358274975675307 ], [ -117.2114838085744, 33.358242063962649 ] ] ] } },
{ "type": "Feature", "properties": { "OBJECTID": 40, "Record_Num": "AWM2014-LCP-00041", "Business_N": "GOOD TASTE FARM", "PRODUCER_L": "1990 GREEN CANYON RD, FALLBROOK, CA  92028  APN 107-090-27/28/45/47/50/51/52/53-00", "Area": 48, "Shape_Length": 9149.5314768784519, "Shape_Area": 2107338.0352881341 }, "geometry": { "type": "Polygon", "coordinates": [ [ [ -117.215976018364117, 33.358175177828436 ], [ -117.215790795180908, 33.357466614297621 ], [ -117.215549193632015, 33.356595301583873 ], [ -117.214709937657318, 33.356593232318858 ], [ -117.21400052780244, 33.35661019036322 ], [ -117.213153948696288, 33.356600464141266 ], [ -117.213139811938106, 33.355898272604193 ], [ -117.215241047986098, 33.355876239782667 ], [ -117.215278950484603, 33.355601105519149 ], [ -117.215108329187871, 33.354978313842452 ], [ -117.214896584888791, 33.354957055202931 ], [ -117.214895511561437, 33.354859724436835 ], [ -117.211094346718255, 33.354786122880803 ], [ -117.211054548853056, 33.355817916423405 ], [ -117.209775487219261, 33.355844146431458 ], [ -117.209906408609186, 33.355339261357202 ], [ -117.20844604692499, 33.355316180911963 ], [ -117.20752979704281, 33.356382525332506 ], [ -117.209180731903103, 33.356388493752313 ], [ -117.209182522359342, 33.356524374950283 ], [ -117.209043957794009, 33.356954882394874 ], [ -117.209821149046277, 33.357163878673056 ], [ -117.209452103727202, 33.357464193386186 ], [ -117.209316719570197, 33.357562577812381 ], [ -117.209188151757729, 33.357763974294294 ], [ -117.209197080481388, 33.358059740190399 ], [ -117.209243091110778, 33.358146195666215 ], [ -117.215976018364117, 33.358175177828436 ] ] ] } },
{ "type": "Feature", "properties": { "OBJECTID": 41, "Record_Num": "AWM2010-LCP-00272", "Business_N": "QUINTOS, GILBERT & LEE", "PRODUCER_L": "3233 VIA DEL CIELO FALLBROOK CA 92028 APN 107-151-02-00", "Area": 7, "Shape_Length": 2461.4084792285475, "Shape_Area": 307070.6961188562 }, "geometry": { "type": "Polygon", "coordinates": [ [ [ -117.186619438532972, 33.351452831611674 ], [ -117.187055162175085, 33.351366521497241 ], [ -117.187194247666724, 33.351293899608883 ], [ -117.187118254773537, 33.351205722662058 ], [ -117.187052157851141, 33.351085978119833 ], [ -117.18704134234909, 33.351031664413846 ], [ -117.18723100987512, 33.350904265662678 ], [ -117.187450786419831, 33.351040027121698 ], [ -117.187557633089938, 33.351142286478741 ], [ -117.187715876255396, 33.350310846472794 ], [ -117.187699858369641, 33.350195496063989 ], [ -117.186850500652739, 33.349881257226571 ], [ -117.18630310355347, 33.349944551116899 ], [ -117.185857399071253, 33.349522289880952 ], [ -117.185390807404289, 33.349911342743368 ], [ -117.185346023387993, 33.350402193285575 ], [ -117.185283085612525, 33.350471376953941 ], [ -117.185968522077999, 33.350981539401523 ], [ -117.186619438532972, 33.351452831611674 ] ] ] } },
{ "type": "Feature", "properties": { "OBJECTID": 42, "Record_Num": "AWM2014-LCP-00006", "Business_N": "MCADAMS, EDWARD", "PRODUCER_L": "2252 Via Oeste Dr., Fallbrook, CA  92028, APN 107-162-05-00", "Area": 2, "Shape_Length": 2050.330543263527, "Shape_Area": 95826.824186880054 }, "geometry": { "type": "Polygon", "coordinates": [ [ [ -117.182673059181113, 33.352578238609517 ], [ -117.182370735896171, 33.352537541702475 ], [ -117.182202900345942, 33.352635208569282 ], [ -117.182007819155274, 33.352682478724375 ], [ -117.181942155505084, 33.352709691479248 ], [ -117.181997627183264, 33.352793254577044 ], [ -117.182040006957891, 33.353142212260245 ], [ -117.181883238833805, 33.353156747887205 ], [ -117.181805732684253, 33.352712623667507 ], [ -117.181941586373327, 33.352656255407794 ], [ -117.182157072996063, 33.352603106438536 ], [ -117.18228360713438, 33.35252581246808 ], [ -117.1817205356584, 33.352614014876309 ], [ -117.181973297006792, 33.353925242179137 ], [ -117.182530465028961, 33.353709205292702 ], [ -117.182522320745306, 33.353585207408592 ], [ -117.182557099441922, 33.353434166268187 ], [ -117.182645396777517, 33.353183475600801 ], [ -117.182662023655823, 33.353036387592091 ], [ -117.182602690186826, 33.352803982578912 ], [ -117.182600920540239, 33.352637947213914 ], [ -117.182673059181113, 33.352578238609517 ] ] ] } },
{ "type": "Feature", "properties": { "OBJECTID": 43, "Record_Num": "AWM2016-LCP-00076", "Business_N": "AINPOUR, MARJAN", "PRODUCER_L": "3775 RECHE RD, FALLBROOK, CA  92028  APN 107-190-91-00", "Area": 4, "Shape_Length": 2907.2622151304136, "Shape_Area": 168877.4143414865 }, "geometry": { "type": "Polygon", "coordinates": [ [ [ -117.18130523062851, 33.367567680790039 ], [ -117.181652544743656, 33.366860801879376 ], [ -117.181850031156642, 33.366609293739216 ], [ -117.181256873281555, 33.366230111054378 ], [ -117.181111696985937, 33.366267462729752 ], [ -117.181126246368748, 33.366621986402301 ], [ -117.181108814178813, 33.36663775342759 ], [ -117.180162716702824, 33.366650565158061 ], [ -117.180039486094458, 33.367254606429753 ], [ -117.179832046001692, 33.367212261401725 ], [ -117.179884778825866, 33.367679474376189 ], [ -117.180786197536861, 33.367608532351582 ], [ -117.180746104133462, 33.367394369445591 ], [ -117.180749150168694, 33.367253110519357 ], [ -117.180804935125096, 33.367151536238339 ], [ -117.180942518039942, 33.367041715320198 ], [ -117.180416008425723, 33.366940685542303 ], [ -117.180466676765064, 33.366785709515199 ], [ -117.180837630699301, 33.366803925462484 ], [ -117.181132777579606, 33.36696585432383 ], [ -117.181002039687883, 33.367077533071054 ], [ -117.180864436482011, 33.3671854453058 ], [ -117.180795228332684, 33.367308114466553 ], [ -117.180805807611421, 33.367447363328516 ], [ -117.18085691413998, 33.367602966610825 ], [ -117.18130523062851, 33.367567680790039 ] ] ] } },
{ "type": "Feature", "properties": { "OBJECTID": 44, "Record_Num": "AWM2010-LCP-00165", "Business_N": "NEJELY, KARL", "PRODUCER_L": "2344 CAMINO VERDE FALLBROOK CA 92028 APN 107-250-29-00", "Area": 2, "Shape_Length": 2051.6571730105929, "Shape_Area": 90005.449123904022 }, "geometry": { "type": "Polygon", "coordinates": [ [ [ -117.209058313309171, 33.358248280304075 ], [ -117.208808290523521, 33.358246123490154 ], [ -117.208558768962149, 33.358530792673953 ], [ -117.20845461961099, 33.358781624343344 ], [ -117.208486938975213, 33.358825272692059 ], [ -117.208518820398709, 33.358828844555042 ], [ -117.208570018621032, 33.35872729276258 ], [ -117.208562506032862, 33.35866436667385 ], [ -117.208694242804597, 33.358648080777463 ], [ -117.208706869230411, 33.358762500705467 ], [ -117.208624667915814, 33.358940635465075 ], [ -117.208503632343962, 33.358895762687879 ], [ -117.208438036065161, 33.358928714747499 ], [ -117.208427433675041, 33.358791376796106 ], [ -117.208444059020906, 33.358648102982052 ], [ -117.208515454299757, 33.358521584105858 ], [ -117.208638862750462, 33.358367942765774 ], [ -117.208760320851042, 33.35824570918642 ], [ -117.208007446748738, 33.35823921018266 ], [ -117.208005354057349, 33.359086649840826 ], [ -117.209056126192777, 33.359086177147361 ], [ -117.209058313309171, 33.358248280304075 ] ] ] } },
{ "type": "Feature", "properties": { "OBJECTID": 45, "Record_Num": "AWM2010-LCP-00225", "Business_N": "ATKINS NURSERY (GONZALEZ)", "PRODUCER_L": "3129 RECHE FALLBROOK CA 92028 APN 107-280-33-00", "Area": 9, "Shape_Length": 4008.041197652482, "Shape_Area": 389706.3647242462 }, "geometry": { "type": "Polygon", "coordinates": [ [ [ -117.194432144130303, 33.358835852954094 ], [ -117.193676554899127, 33.358863029454014 ], [ -117.193694209822169, 33.359478458317476 ], [ -117.193918969975982, 33.359493451420484 ], [ -117.194154344274693, 33.359701610152996 ], [ -117.194494506829699, 33.36013561857574 ], [ -117.194318113154168, 33.360387464165861 ], [ -117.194388220358533, 33.360561091631013 ], [ -117.194712302626058, 33.360558627904254 ], [ -117.194727624166021, 33.360661099055498 ], [ -117.194878670866345, 33.360958170685947 ], [ -117.19490951157843, 33.362234318152858 ], [ -117.195915586712914, 33.361935600505895 ], [ -117.195903061004742, 33.361565902999502 ], [ -117.195300272269648, 33.361560946923042 ], [ -117.195238835662337, 33.358242821320637 ], [ -117.194462868424424, 33.358258265113236 ], [ -117.194432144130303, 33.358835852954094 ] ] ] } },
{ "type": "Feature", "properties": { "OBJECTID": 46, "Record_Num": "AWM2009-LCP-00039", "Business_N": "THYS' RANCH", "PRODUCER_L": "3291 RECHE RD FALLBROOK 92028 APN 107-330-12/13-00", "Area": 7, "Shape_Length": 3245.5824550706143, "Shape_Area": 314605.09820326068 }, "geometry": { "type": "Polygon", "coordinates": [ [ [ -117.18984954391108, 33.361780545640002 ], [ -117.190002645712568, 33.360153254365507 ], [ -117.187642115589782, 33.360820971150268 ], [ -117.187655988656317, 33.361797118813257 ], [ -117.189191135741666, 33.361785524240844 ], [ -117.189079082511427, 33.361199474742143 ], [ -117.189013866357215, 33.361162749865173 ], [ -117.188857617486491, 33.361226914540026 ], [ -117.188520470391381, 33.361283856859366 ], [ -117.188481470957996, 33.361146731993315 ], [ -117.188821936800665, 33.36108117598247 ], [ -117.188921082532488, 33.361100467133419 ], [ -117.189102224921214, 33.36113059010129 ], [ -117.189151367365554, 33.361259049397425 ], [ -117.189213048994361, 33.36160213267523 ], [ -117.189259364348302, 33.361785008487367 ], [ -117.18984954391108, 33.361780545640002 ] ] ] } },
{ "type": "Feature", "properties": { "OBJECTID": 47, "Record_Num": "AWM2014-LCP-00036", "Business_N": "DO'S FARM", "PRODUCER_L": "405 RANGER RD, FALLBROOK, CA  92028  APN 108-081-06-00", "Area": 20, "Shape_Length": 4094.6480183506364, "Shape_Area": 870173.42605451727 }, "geometry": { "type": "Polygon", "coordinates": [ [ [ -117.183647129642495, 33.384059362283779 ], [ -117.18352982111891, 33.380315571575984 ], [ -117.181846610357709, 33.38033965559395 ], [ -117.181849990199979, 33.381083984451472 ], [ -117.180972123684683, 33.384102333130812 ], [ -117.183647129642495, 33.384059362283779 ] ] ] } },
{ "type": "Feature", "properties": { "OBJECTID": 48, "Record_Num": "AWM2012-LCP-00005", "Business_N": "VALENCIA, DORA", "PRODUCER_L": "801 RICE CANYON RD FALLBROOK CA  92028 APN 108-100-46-00", "Area": 4, "Shape_Length": 3275.8287680365593, "Shape_Area": 180507.5019622409 }, "geometry": { "type": "Polygon", "coordinates": [ [ [ -117.141244256266447, 33.383928724533256 ], [ -117.141223550341081, 33.383734464810075 ], [ -117.141080202397561, 33.383415795704558 ], [ -117.1391464670684, 33.383382631843233 ], [ -117.139129774094528, 33.384496985831184 ], [ -117.141213061644549, 33.384080093094155 ], [ -117.141240876632864, 33.383990922460676 ], [ -117.141130659351077, 33.3839678503318 ], [ -117.139994642067293, 33.384126435798585 ], [ -117.139871313449532, 33.384122617467035 ], [ -117.139789223684161, 33.384040930940493 ], [ -117.139687591726926, 33.38396643551269 ], [ -117.139485930911832, 33.383974931123568 ], [ -117.139465653923679, 33.383634223754711 ], [ -117.139908558482887, 33.383652209625239 ], [ -117.139921057249637, 33.383779058073202 ], [ -117.139864131459234, 33.383967522322401 ], [ -117.139887550686865, 33.384066084845941 ], [ -117.139999815292384, 33.384084086707844 ], [ -117.14114155545316, 33.383937212849688 ], [ -117.141244256266447, 33.383928724533256 ] ] ] } },
{ "type": "Feature", "properties": { "OBJECTID": 49, "Record_Num": "AWM2012-LCP-00008", "Business_N": "ARCO BALENO GROVES", "PRODUCER_L": "564 RICE CANYON RD FALLBROOK CA  92028 APN 108-100-75-00", "Area": 38, "Shape_Length": 5160.4905065559087, "Shape_Area": 1655696.5770405589 }, "geometry": { "type": "Polygon", "coordinates": [ [ [ -117.143400491085785, 33.387656374347607 ], [ -117.146110041833907, 33.387642593760745 ], [ -117.146541537602616, 33.387788352677774 ], [ -117.146854017016082, 33.387642953229133 ], [ -117.147543156908313, 33.387620801195077 ], [ -117.147738651839461, 33.384057955566362 ], [ -117.14354167586805, 33.384105378487988 ], [ -117.143400491085785, 33.387656374347607 ] ] ] } },
{ "type": "Feature", "properties": { "OBJECTID": 50, "Record_Num": "AWM2016-LCP-00017", "Business_N": "HERITAGE FAMILY FARMS", "PRODUCER_L": "350 SKYLINECIRCLE, FALLBROOK, CA  92028  APN 108-191-10-00", "Area": 2, "Shape_Length": 1398.8059516580142, "Shape_Area": 108611.80199737602 }, "geometry": { "type": "Polygon", "coordinates": [ [ [ -117.161936616306605, 33.370224873815275 ], [ -117.161805132599085, 33.369793602960165 ], [ -117.161757216576888, 33.369793954549955 ], [ -117.161653261135768, 33.369475063160131 ], [ -117.16046720884988, 33.369471697089523 ], [ -117.160291674405272, 33.370102238213626 ], [ -117.161936616306605, 33.370224873815275 ] ] ] } },
{ "type": "Feature", "properties": { "OBJECTID": 51, "Record_Num": "AWM2015-LCP-00041", "Business_N": "RAINBOW WATER GARDENS", "PRODUCER_L": "950 PRIETO RD, FALLBROOK, CA  92028  APN 108-300-26-00", "Area": 8, "Shape_Length": 3329.6498190539032, "Shape_Area": 362838.53342002293 }, "geometry": { "type": "Polygon", "coordinates": [ [ [ -117.158428140051768, 33.402840953002865 ], [ -117.158530074316076, 33.399072652705264 ], [ -117.157870325619854, 33.399085107684556 ], [ -117.157555847204904, 33.401232658261812 ], [ -117.157572435468708, 33.401953984025511 ], [ -117.157235888813489, 33.402853476928215 ], [ -117.158428140051768, 33.402840953002865 ] ] ] } },
{ "type": "Feature", "properties": { "OBJECTID": 52, "Record_Num": "AWM2014-LCP-00015", "Business_N": "VALENCIA, DORA", "PRODUCER_L": "1370 Rice Canyon Rd, Fallbrook, CA  92028, APN 108-310-34-00", "Area": 10, "Shape_Length": 2806.4319583937609, "Shape_Area": 416278.56184235739 }, "geometry": { "type": "Polygon", "coordinates": [ [ [ -117.146886689467962, 33.397193354600113 ], [ -117.146923392916705, 33.395114637048621 ], [ -117.144554417769911, 33.395080177029833 ], [ -117.144905242669012, 33.39534389930688 ], [ -117.145112556807263, 33.395591477783128 ], [ -117.145211102963316, 33.39588278157337 ], [ -117.145230657591952, 33.396125986204424 ], [ -117.14514425532137, 33.396687733258176 ], [ -117.1451874359242, 33.396905001826042 ], [ -117.145371480263535, 33.397212866923375 ], [ -117.146886689467962, 33.397193354600113 ] ] ] } },
{ "type": "Feature", "properties": { "OBJECTID": 53, "Record_Num": "AWM2012-LCP-00007", "Business_N": "ARCO BALENO GROVES", "PRODUCER_L": "1050 RICE CANYON RD FALLBROOK CA 92028 APN 108-320-14/26/53-00", "Area": 42, "Shape_Length": 8148.1651490873455, "Shape_Area": 1816272.9755676982 }, "geometry": { "type": "Polygon", "coordinates": [ [ [ -117.151637294514373, 33.389615536808272 ], [ -117.149123019361014, 33.389606856771735 ], [ -117.149207532758567, 33.390072115057926 ], [ -117.149114081442065, 33.390387708942463 ], [ -117.14886392457673, 33.390399061850843 ], [ -117.14868903158407, 33.389985207890888 ], [ -117.148805185174695, 33.389605755314307 ], [ -117.143161904810782, 33.389586072802992 ], [ -117.143155096312583, 33.389476378294162 ], [ -117.141266684228256, 33.389475619829604 ], [ -117.141496277327988, 33.389679146574103 ], [ -117.141709489794181, 33.389949590639134 ], [ -117.141746193406647, 33.390202215593696 ], [ -117.141728744921153, 33.390722431713975 ], [ -117.141744595176633, 33.391161293378978 ], [ -117.145829117066, 33.391208265246206 ], [ -117.151341393083626, 33.39125907174131 ], [ -117.15231507104248, 33.390254768413762 ], [ -117.151637294514373, 33.389615536808272 ] ] ] } },
{ "type": "Feature", "properties": { "OBJECTID": 54, "Record_Num": "AWM2016-LCP-00071", "Business_N": "SANTIAGO'S FARM", "PRODUCER_L": "1044 RICE CANYON RD, FALLBROOK, CA  92028  APN 108-320-18-00", "Area": 13, "Shape_Length": 3085.9136718571613, "Shape_Area": 576905.00610700145 }, "geometry": { "type": "Polygon", "coordinates": [ [ [ -117.143273974598927, 33.389498145680598 ], [ -117.146360618929734, 33.38951809669215 ], [ -117.146365331642585, 33.389311935280901 ], [ -117.146066401113501, 33.38778244570711 ], [ -117.143216496730588, 33.387754290857167 ], [ -117.143273974598927, 33.389498145680598 ] ] ] } },
{ "type": "Feature", "properties": { "OBJECTID": 55, "Record_Num": "AWM2010-LCP-00226", "Business_N": "BEATTY CITRUS FARMS", "PRODUCER_L": "4255 STERLING VIEW DRIVE FALLBROOK CA 92028 APN 108-370-05-00", "Area": 9, "Shape_Length": 2793.0537915083569, "Shape_Area": 409182.90076941112 }, "geometry": { "type": "Polygon", "coordinates": [ [ [ -117.16963190155225, 33.380330518047863 ], [ -117.169763169725641, 33.380157773139516 ], [ -117.169873874193698, 33.379976591621357 ], [ -117.169930056206454, 33.377531260654941 ], [ -117.16930288108729, 33.377272515658426 ], [ -117.168627265970244, 33.37727464880372 ], [ -117.168622771940932, 33.379771128102597 ], [ -117.168620381946369, 33.379868484065014 ], [ -117.169038094499953, 33.380326322070424 ], [ -117.16963190155225, 33.380330518047863 ] ] ] } },
{ "type": "Feature", "properties": { "OBJECTID": 56, "Record_Num": "AWM2010-LCP-00084", "Business_N": "HERITAGE FAMILY FARMS", "PRODUCER_L": "580 STEWART CANYON RD FALLBROOK CA 92028 APN 108-381-02-00", "Area": 7, "Shape_Length": 3146.8081028836914, "Shape_Area": 306662.3136903118 }, "geometry": { "type": "Polygon", "coordinates": [ [ [ -117.16122128700998, 33.382465094181178 ], [ -117.16122292492679, 33.382404007529281 ], [ -117.159879371142509, 33.381404204043164 ], [ -117.15980379415376, 33.381574622639327 ], [ -117.15959840660669, 33.381513142515736 ], [ -117.159630702824629, 33.381337315062993 ], [ -117.158722812221782, 33.381101565421488 ], [ -117.158944025398981, 33.380496831377954 ], [ -117.158672473462971, 33.380416747413811 ], [ -117.158317426586251, 33.381278211126755 ], [ -117.15767024417346, 33.382050194302472 ], [ -117.157859529898161, 33.382072312633547 ], [ -117.15944077837041, 33.382325449150841 ], [ -117.161196109156393, 33.382462152600183 ], [ -117.16122128700998, 33.382465094181178 ] ] ] } },
{ "type": "Feature", "properties": { "OBJECTID": 57, "Record_Num": "AWM2011-LCP-00032", "Business_N": "SERRATO FARMS", "PRODUCER_L": "1038 RICE CANYON RD FALLBROOK CA 92082 APN 108-390-29-00", "Area": 50, "Shape_Length": 6302.7626209436103, "Shape_Area": 2194619.6625387063 }, "geometry": { "type": "Polygon", "coordinates": [ [ [ -117.149927872201104, 33.380289663447201 ], [ -117.150339216432755, 33.380274326329079 ], [ -117.150738729285678, 33.380329118290732 ], [ -117.15186991644012, 33.380270813475661 ], [ -117.152398176572618, 33.380197539119919 ], [ -117.152469151123626, 33.380194891224171 ], [ -117.152629718672259, 33.376464805864501 ], [ -117.148341640637952, 33.376408601797124 ], [ -117.148275172325725, 33.376916249829492 ], [ -117.148126597147083, 33.377102107529169 ], [ -117.148082384271802, 33.377249261170007 ], [ -117.148118807046131, 33.377473258059304 ], [ -117.148211755138291, 33.377663445740403 ], [ -117.1479201077141, 33.378061587571764 ], [ -117.147722440163946, 33.378196616425136 ], [ -117.147406450261116, 33.378439859048768 ], [ -117.14733215978417, 33.378521032415556 ], [ -117.146433435222377, 33.37971406171274 ], [ -117.146006253338982, 33.380296121514846 ], [ -117.148679415096467, 33.380281997368286 ], [ -117.149515637597347, 33.380295875970724 ], [ -117.149927872201104, 33.380289663447201 ] ] ] } },
{ "type": "Feature", "properties": { "OBJECTID": 58, "Record_Num": "AWM2010-LCP-00239", "Business_N": "GRATEFUL DAVIS ORGANIC FARM", "PRODUCER_L": "481 SKYLINE CIR RAINBOW CA 92028 APN 108-440-06-00", "Area": 4, "Shape_Length": 2259.538523139136, "Shape_Area": 180583.38812831236 }, "geometry": { "type": "Polygon", "coordinates": [ [ [ -117.158704718297003, 33.374220107859969 ], [ -117.15844934864387, 33.373678789330846 ], [ -117.158521925669675, 33.372773295445192 ], [ -117.158448526454194, 33.372769537266514 ], [ -117.157526272554023, 33.372894609493294 ], [ -117.157397980267916, 33.372906066473774 ], [ -117.15739563810537, 33.373020098805135 ], [ -117.157526971928377, 33.373071626678978 ], [ -117.1575902156886, 33.3731379652939 ], [ -117.157584975438724, 33.373180947844148 ], [ -117.15737232600884, 33.373239758594487 ], [ -117.157319168313165, 33.373049286987332 ], [ -117.157326739681395, 33.372912427859127 ], [ -117.156996744399294, 33.372941895945665 ], [ -117.156976351624564, 33.373991773749431 ], [ -117.157708355062709, 33.373836126744401 ], [ -117.158704718297003, 33.374220107859969 ] ] ] } },
{ "type": "Feature", "properties": { "OBJECTID": 59, "Record_Num": "AWM2010-LCP-00192", "Business_N": "RAINBOW HEIGHTS NURSERY", "PRODUCER_L": "7632 RAINBOW HEIGHTS RD FALLBROOK CA 92028 APN 109-020-73-00", "Area": 11, "Shape_Length": 3518.1595424069815, "Shape_Area": 461412.68232021033 }, "geometry": { "type": "Polygon", "coordinates": [ [ [ -117.110586231017464, 33.423156055225753 ], [ -117.112348966085534, 33.423264082198088 ], [ -117.112267757295669, 33.421953454837961 ], [ -117.111329100855997, 33.42232068152979 ], [ -117.110338022038647, 33.422218754638756 ], [ -117.110391695376464, 33.421428233299807 ], [ -117.108806742115092, 33.421341853819804 ], [ -117.108838270337785, 33.421771065251264 ], [ -117.10909828228877, 33.421826526085908 ], [ -117.109226561020776, 33.423068120542673 ], [ -117.110586231017464, 33.423156055225753 ] ] ] } },
{ "type": "Feature", "properties": { "OBJECTID": 60, "Record_Num": "AWM2015-LCP-00037", "Business_N": "IMMANUEL ORGANIC FARM", "PRODUCER_L": "39291 VIA QUINCELEAGUAS, FALLBROOK, CA  92028 APN 109-021-24-00", "Area": 8, "Shape_Length": 2436.8041736921941, "Shape_Area": 365676.5089980833 }, "geometry": { "type": "Polygon", "coordinates": [ [ [ -117.110405726812502, 33.424980032847415 ], [ -117.110239109611243, 33.423245195918412 ], [ -117.1083171522518, 33.423117403914013 ], [ -117.108469404182316, 33.424820993453785 ], [ -117.110405726812502, 33.424980032847415 ] ] ] } },
{ "type": "Feature", "properties": { "OBJECTID": 61, "Record_Num": "AWM2009-LCP-00037", "Business_N": "THYS' RANCH", "PRODUCER_L": "6016 RAINBOW HEIGHTS RD FALLBROOK CA  92028 APN 109-320-03-00", "Area": 4, "Shape_Length": 2250.025765122853, "Shape_Area": 155891.75105980405 }, "geometry": { "type": "Polygon", "coordinates": [ [ [ -117.137046983016688, 33.396568064490211 ], [ -117.137071513832254, 33.396462917041376 ], [ -117.136950251389408, 33.396284852233279 ], [ -117.136675775871865, 33.396143666719382 ], [ -117.13620230351755, 33.396292572912579 ], [ -117.13558348467825, 33.396974531488468 ], [ -117.134822259794873, 33.39763841538452 ], [ -117.135239639711571, 33.397847773294707 ], [ -117.135885424591919, 33.397580742099045 ], [ -117.135948758896987, 33.397375117746016 ], [ -117.135987971461702, 33.397315194888023 ], [ -117.136157307741925, 33.397185158432713 ], [ -117.136325207483068, 33.397082183668545 ], [ -117.13670626789623, 33.396906883730722 ], [ -117.136979863031229, 33.396680672583273 ], [ -117.136780395990897, 33.396643924414533 ], [ -117.13667227509616, 33.396639923964351 ], [ -117.136610528559004, 33.396721479796099 ], [ -117.136530727450591, 33.396705348724183 ], [ -117.1365773825368, 33.396538014326623 ], [ -117.137003650638377, 33.396640764329526 ], [ -117.137046983016688, 33.396568064490211 ] ] ] } },
{ "type": "Feature", "properties": { "OBJECTID": 62, "Record_Num": "AWM2012-LCP-00052", "Business_N": "LOERA, BERNARDINO", "PRODUCER_L": "36872 MAGEE RD PALA CA 92059 APN 110-060-16-00", "Area": 7, "Shape_Length": 2341.5820789756508, "Shape_Area": 300276.47083851841 }, "geometry": { "type": "Polygon", "coordinates": [ [ [ -117.047498133573427, 33.383395015908697 ], [ -117.047356898546951, 33.381670397014787 ], [ -117.046644759512219, 33.381719121475129 ], [ -117.045034603777751, 33.383193410630895 ], [ -117.045161005362658, 33.383291106042883 ], [ -117.047498133573427, 33.383395015908697 ] ] ] } },
{ "type": "Feature", "properties": { "OBJECTID": 63, "Record_Num": "AWM2010-LCP-00095", "Business_N": "SAHU, RANAJIT & CATHERINE", "PRODUCER_L": "155 RICE CANYON FALLBROOK CA 92028 APN 110-071-01-00", "Area": 10, "Shape_Length": 2828.8656563982272, "Shape_Area": 442058.66791170696 }, "geometry": { "type": "Polygon", "coordinates": [ [ [ -117.137253849772165, 33.372466964910345 ], [ -117.137175954641165, 33.37268121777835 ], [ -117.137307241390033, 33.372965203946571 ], [ -117.139267227895658, 33.373049008578732 ], [ -117.139357372767719, 33.371287683785631 ], [ -117.136535753212911, 33.371163153576326 ], [ -117.137027931525836, 33.371779097097942 ], [ -117.13721622300227, 33.372121300287546 ], [ -117.137253849772165, 33.372466964910345 ] ] ] } },
{ "type": "Feature", "properties": { "OBJECTID": 64, "Record_Num": "AWM2010-LCP-00098", "Business_N": "SAHU, RANAJIT & CATHERINE", "PRODUCER_L": "10505 RAINBROOK FALLBROOK CA 92028 APN 110-280-07-00", "Area": 8, "Shape_Length": 3334.2456357296214, "Shape_Area": 361099.08464059775 }, "geometry": { "type": "Polygon", "coordinates": [ [ [ -117.124153559083723, 33.382409292217673 ], [ -117.12419188166588, 33.381804954200177 ], [ -117.122882724813621, 33.38192867124905 ], [ -117.122033590924246, 33.381986164131675 ], [ -117.121895485812985, 33.382167495376116 ], [ -117.121561342569606, 33.38219560505749 ], [ -117.12140589969701, 33.382691973971077 ], [ -117.120927775407779, 33.382311698868278 ], [ -117.120447900472897, 33.382441027469604 ], [ -117.120382088587533, 33.383371925594723 ], [ -117.121992407936858, 33.383332008759439 ], [ -117.122064824031625, 33.383065252955632 ], [ -117.122919878727771, 33.3829161053376 ], [ -117.122956283418773, 33.382460650995199 ], [ -117.124153559083723, 33.382409292217673 ] ] ] } },
{ "type": "Feature", "properties": { "OBJECTID": 65, "Record_Num": "AWM2015-LCP-00010", "Business_N": "RESENDIZ BROTHERS PROTEA GROWERS LLC", "PRODUCER_L": "Rainbow Crest Rd, Fallbrook, CA  92028  APN 110-290-17-00", "Area": 9, "Shape_Length": 3019.7239404124125, "Shape_Area": 405187.83192678314 }, "geometry": { "type": "Polygon", "coordinates": [ [ [ -117.116112235853279, 33.382851471737851 ], [ -117.116051405117688, 33.383600825176408 ], [ -117.116046206197254, 33.383627199871377 ], [ -117.12022604630296, 33.383642663532271 ], [ -117.120217884257229, 33.383624416299504 ], [ -117.120117720600561, 33.38350486411602 ], [ -117.11996495676965, 33.383412200680681 ], [ -117.119947447791631, 33.383404500146654 ], [ -117.119909956596587, 33.383375039139288 ], [ -117.119508008077091, 33.383142808328486 ], [ -117.11945544808529, 33.383084669641917 ], [ -117.119426075369844, 33.38303381310859 ], [ -117.119240700963076, 33.382827226985512 ], [ -117.119148553323981, 33.382765762779492 ], [ -117.119026207106856, 33.38271847690978 ], [ -117.11882244683359, 33.382678228851759 ], [ -117.118558216828404, 33.382626681963949 ], [ -117.118503551694815, 33.382599771523282 ], [ -117.118332440192845, 33.382555630919235 ], [ -117.118228715708497, 33.382517229292588 ], [ -117.118049358507406, 33.38249701103507 ], [ -117.117818579321437, 33.382529840271403 ], [ -117.117455717320979, 33.382416339066808 ], [ -117.117424754497193, 33.382376240451023 ], [ -117.116150305902622, 33.382836319459336 ], [ -117.116112235853279, 33.382851471737851 ] ] ] } },
{ "type": "Feature", "properties": { "OBJECTID": 66, "Record_Num": "AWM2010-LCP-00053", "Business_N": "LOERA, BERNARDINO", "PRODUCER_L": "9262 HUNTLEY RD FALLBROOK 92028 APN 110-350-16-00", "Area": 4, "Shape_Length": 1759.7149976895844, "Shape_Area": 169263.09235314903 }, "geometry": { "type": "Polygon", "coordinates": [ [ [ -117.13342833337326, 33.365496161268062 ], [ -117.135415672170211, 33.365580212483813 ], [ -117.13541556689006, 33.365120241885478 ], [ -117.135091682320819, 33.364806676559105 ], [ -117.135016718910322, 33.364478931195279 ], [ -117.134711530948763, 33.364664330469196 ], [ -117.133893487779019, 33.364630071936482 ], [ -117.133657984603602, 33.364959071372326 ], [ -117.13342833337326, 33.365496161268062 ] ] ] } },
{ "type": "Feature", "properties": { "OBJECTID": 67, "Record_Num": "AWM2010-LCP-00097", "Business_N": "SAHU, RANAJIT & CATHERINE", "PRODUCER_L": "HUNTLEY RD #1 FALLBROOK CA 92028 APN 110-350-25/6-00", "Area": 14, "Shape_Length": 3584.2666760066886, "Shape_Area": 598103.97480579442 }, "geometry": { "type": "Polygon", "coordinates": [ [ [ -117.134131837917479, 33.362184909087027 ], [ -117.134051806635924, 33.36216633639274 ], [ -117.130977754873115, 33.362347693494527 ], [ -117.130879772510681, 33.363567145445998 ], [ -117.130838144861357, 33.363586582695952 ], [ -117.130867218702448, 33.364208517295651 ], [ -117.130739785715136, 33.364391276807787 ], [ -117.130292541414093, 33.364531635850526 ], [ -117.130229160634627, 33.364656512804807 ], [ -117.130321530197733, 33.36476752462837 ], [ -117.130514176220885, 33.364641731669394 ], [ -117.130741616312278, 33.36457311999456 ], [ -117.1309203055404, 33.364571853272352 ], [ -117.131103215118998, 33.364612032649795 ], [ -117.1314519941171, 33.364510654411916 ], [ -117.13167189317042, 33.364448475834912 ], [ -117.131934128273471, 33.364437043284035 ], [ -117.132180382741595, 33.364349152376988 ], [ -117.132395547245395, 33.364194482023379 ], [ -117.132637226559368, 33.364030052321468 ], [ -117.132909384057285, 33.363871785985232 ], [ -117.133135371139019, 33.363659609183962 ], [ -117.133533504001605, 33.363175018722799 ], [ -117.133716185421918, 33.362816387481146 ], [ -117.134131837917479, 33.362184909087027 ] ] ] } },
{ "type": "Feature", "properties": { "OBJECTID": 68, "Record_Num": "AWM2012-LCP-00037", "Business_N": "POLITO FAMILY FARMS", "PRODUCER_L": "15560 ADAMS DR PAUMA VALLEY CA 92061 APN 111-130-49-00", "Area": 11, "Shape_Length": 2947.4655395669133, "Shape_Area": 461705.47168534668 }, "geometry": { "type": "Polygon", "coordinates": [ [ [ -116.99629383253756, 33.343573008880028 ], [ -116.995928819287585, 33.343968369389287 ], [ -116.995767080531678, 33.344360288657761 ], [ -116.996110444471938, 33.34446732791762 ], [ -116.995948807036896, 33.344712597492354 ], [ -116.99773050867509, 33.346179129779934 ], [ -116.997770460647914, 33.346064374502689 ], [ -116.998152523015293, 33.345535305130213 ], [ -116.998229020000153, 33.345439414793411 ], [ -116.998337580531853, 33.345370051987011 ], [ -116.998450393429877, 33.345266309017887 ], [ -116.998540337286727, 33.345147434500554 ], [ -116.998785035369579, 33.345042896461685 ], [ -116.997581256926324, 33.343614891540589 ], [ -116.997006369356285, 33.343931357702019 ], [ -116.99629383253756, 33.343573008880028 ] ] ] } },
{ "type": "Feature", "properties": { "OBJECTID": 69, "Record_Num": "AWM2016-LCP-00061", "Business_N": "MEZA RANCH", "PRODUCER_L": "31292 Chihuahua Valley Rd, Warner Springs, CA 92086 APN 115-210-24-00", "Area": 4, "Shape_Length": 1852.1244349018179, "Shape_Area": 185909.88781420689 }, "geometry": { "type": "Polygon", "coordinates": [ [ [ -116.654319176826675, 33.38734985275908 ], [ -116.654312059061297, 33.386548290706479 ], [ -116.652247499866604, 33.386557852431864 ], [ -116.652244426916681, 33.387373761508414 ], [ -116.654319176826675, 33.38734985275908 ] ] ] } },
{ "type": "Feature", "properties": { "OBJECTID": 70, "Record_Num": "AWM2014-LCP-00024", "Business_N": "PALMAS HEIGHTS RANCH  *", "PRODUCER_L": "37755 PALMAS HEIGHTS RD, WARNER SPRINGS, CA  92086  APN 115-220-34-00", "Area": 2, "Shape_Length": 1440.326811043474, "Shape_Area": 91880.769695141949 }, "geometry": { "type": "Polygon", "coordinates": [ [ [ -116.646577395953202, 33.388183241757829 ], [ -116.646455806291272, 33.388462275770912 ], [ -116.6467249731365, 33.388617916734106 ], [ -116.647066458536159, 33.388666448677256 ], [ -116.647426716797284, 33.388840881788887 ], [ -116.647483000966446, 33.389210957367212 ], [ -116.647838104839295, 33.389251809218223 ], [ -116.647828901120889, 33.388228864639601 ], [ -116.646577395953202, 33.388183241757829 ] ] ] } },
{ "type": "Feature", "properties": { "OBJECTID": 71, "Record_Num": "AWM2010-LCP-00187", "Business_N": "HOMESTEADER PANTRY  *", "PRODUCER_L": "37724 CRUCES DR WARNER SPRINGS CA 92086 APN 115-240-04-00", "Area": 4, "Shape_Length": 1839.3139869651957, "Shape_Area": 186714.19911586551 }, "geometry": { "type": "Polygon", "coordinates": [ [ [ -116.652184128331854, 33.388445185582526 ], [ -116.652185916497828, 33.388347628301041 ], [ -116.650164084432461, 33.388299750257048 ], [ -116.650150654452617, 33.388401756846889 ], [ -116.650146541002158, 33.388433000271391 ], [ -116.650143253520568, 33.389123377611867 ], [ -116.652174075296088, 33.389176855173993 ], [ -116.652184128331854, 33.388445185582526 ] ] ] } },
{ "type": "Feature", "properties": { "OBJECTID": 72, "Record_Num": "AWM2015-LCP-00049", "Business_N": "SMILEY & SAGE LLC/GOOD TASTE FARM", "PRODUCER_L": "3600 BLOCK OF OLIVE HILL RD, FALLBROOK, CA  92028  121-044-09/10/11-00", "Area": 23, "Shape_Length": 4460.4088100793879, "Shape_Area": 1009974.8399985192 }, "geometry": { "type": "Polygon", "coordinates": [ [ [ -117.245064741331433, 33.326242824019729 ], [ -117.245897968345872, 33.326207434945069 ], [ -117.247954537390882, 33.325857165382132 ], [ -117.247889865388984, 33.325434202991666 ], [ -117.247697774308392, 33.325084040514319 ], [ -117.24735558507291, 33.324692017400601 ], [ -117.24693895636041, 33.323769444325698 ], [ -117.246890506439343, 33.323644223766109 ], [ -117.246985018430877, 33.323309703364522 ], [ -117.24704018368287, 33.322523306932155 ], [ -117.246897148650959, 33.321975363445262 ], [ -117.245200567761458, 33.322021269812076 ], [ -117.245069487740736, 33.322147929624094 ], [ -117.245064741331433, 33.326242824019729 ] ] ] } },
{ "type": "Feature", "properties": { "OBJECTID": 73, "Record_Num": "AWM2012-LCP-00074", "Business_N": "BLUE HERON FARM", "PRODUCER_L": "1220 CAMINO BAJA CERRO FALLBROOK, CA 92028 APN 121-151-23-00", "Area": 4, "Shape_Length": 2811.8581829372615, "Shape_Area": 176738.78042168845 }, "geometry": { "type": "Polygon", "coordinates": [ [ [ -117.276943043559484, 33.293465050368319 ], [ -117.27665294846922, 33.293764525556121 ], [ -117.276671227621819, 33.293848774418507 ], [ -117.276635360125212, 33.293938644204303 ], [ -117.276537762172623, 33.294011798866052 ], [ -117.276407390094974, 33.294088668977153 ], [ -117.276359781618595, 33.294226867801122 ], [ -117.276459197200566, 33.294308728131995 ], [ -117.276329228403739, 33.294420046802863 ], [ -117.276192773839114, 33.294328156119001 ], [ -117.276281886200962, 33.294230956305015 ], [ -117.276362147629385, 33.294078707500638 ], [ -117.276492480416962, 33.293998392292821 ], [ -117.276586056855592, 33.293932161858542 ], [ -117.276630288442476, 33.293856002996733 ], [ -117.276614679117586, 33.293804032537395 ], [ -117.276570284157586, 33.293849862516588 ], [ -117.275757457795265, 33.294307020267901 ], [ -117.276477427400621, 33.294846941608078 ], [ -117.278637529313059, 33.293189539087585 ], [ -117.278075909884791, 33.293167469527809 ], [ -117.277704353307342, 33.293460659597294 ], [ -117.276943043559484, 33.293465050368319 ] ] ] } },
{ "type": "Feature", "properties": { "OBJECTID": 74, "Record_Num": "AWM2010-LCP-00182", "Business_N": "RUSSELL FAMILY FARMS", "PRODUCER_L": "205 CALLE LINDA, FALLBROOK, CA 92028  APN 121-270-35&69-00 APN 121-240-05-00", "Area": 2, "Shape_Length": 2170.5280829878961, "Shape_Area": 104390.04407196381 }, "geometry": { "type": "Polygon", "coordinates": [ [ [ -117.247048726880195, 33.314599102110819 ], [ -117.246856050971772, 33.314596869872453 ], [ -117.246768934258597, 33.31501878135721 ], [ -117.246923280153283, 33.31507246756658 ], [ -117.24682659962987, 33.315199572880502 ], [ -117.246462807292502, 33.315136581793894 ], [ -117.246464201771843, 33.314971794127381 ], [ -117.246630630129644, 33.314937503616655 ], [ -117.246676224782135, 33.314594785782269 ], [ -117.245648585061588, 33.314582873353885 ], [ -117.245686359599873, 33.315315825178217 ], [ -117.245833508268049, 33.315311898639166 ], [ -117.245848611897699, 33.315201926244548 ], [ -117.246417705422061, 33.315197361222623 ], [ -117.246441268155621, 33.315543203010634 ], [ -117.247069204478848, 33.315535416231143 ], [ -117.247048726880195, 33.314599102110819 ] ] ] } },
{ "type": "Feature", "properties": { "OBJECTID": 75, "Record_Num": "AWM2010-LCP-00049", "Business_N": "RANCHO SHIRAZ", "PRODUCER_L": "31258 VIA PUERTA DEL SOL BONSALL CA 92003 APN 122-040-27-00", "Area": 16, "Shape_Length": 4655.5762993845929, "Shape_Area": 689864.01167953911 }, "geometry": { "type": "Polygon", "coordinates": [ [ [ -117.247630739967676, 33.281050971131712 ], [ -117.247635181215074, 33.28115094864512 ], [ -117.247626008116512, 33.281203205718683 ], [ -117.24759361489609, 33.281258397839437 ], [ -117.247493678777744, 33.28133185960538 ], [ -117.246902055479296, 33.281593431606083 ], [ -117.246890887299358, 33.281649941815026 ], [ -117.250422897148425, 33.281710279303717 ], [ -117.251524006812673, 33.281721441016231 ], [ -117.251654111312163, 33.281771924478285 ], [ -117.251825934250121, 33.281893645048477 ], [ -117.252327348459787, 33.281923952847293 ], [ -117.252302211777135, 33.282110248025148 ], [ -117.252473054245513, 33.282146087811839 ], [ -117.252533649987157, 33.28178200197685 ], [ -117.252810408284574, 33.281244392556097 ], [ -117.251092022858828, 33.280608369561506 ], [ -117.249441315901535, 33.280524330552069 ], [ -117.248592575713715, 33.280224823947428 ], [ -117.247774956912892, 33.280262891216942 ], [ -117.247108327266702, 33.280765811604539 ], [ -117.247007909528094, 33.280841652882813 ], [ -117.246985950679488, 33.280858237821391 ], [ -117.247354694107699, 33.280873162152943 ], [ -117.247413810629681, 33.280878681786263 ], [ -117.247558903114253, 33.280947481115412 ], [ -117.247630739967676, 33.281050971131712 ] ] ] } },
{ "type": "Feature", "properties": { "OBJECTID": 76, "Record_Num": "AWM2009-LCP-00046", "Business_N": "RODNEY'S RANCH", "PRODUCER_L": "401 WILSHIRE RD, OCEANSIDE, CA 92057  APN 122-080-20-00", "Area": 15, "Shape_Length": 4099.7733420604172, "Shape_Area": 658629.93279662891 }, "geometry": { "type": "Polygon", "coordinates": [ [ [ -117.283599072490375, 33.26743273157966 ], [ -117.283603043914582, 33.266995385233443 ], [ -117.279434359866812, 33.267033867790047 ], [ -117.279425898368046, 33.268645089550581 ], [ -117.279566941323466, 33.268648461617211 ], [ -117.279670887365981, 33.268508795314503 ], [ -117.279710402978807, 33.268374204557148 ], [ -117.279789976104382, 33.268151052352877 ], [ -117.279912536835383, 33.268088657817664 ], [ -117.279886099372675, 33.267781991129091 ], [ -117.28015974340893, 33.267752867738061 ], [ -117.280227908265445, 33.268112892833713 ], [ -117.280359232022704, 33.268407180969206 ], [ -117.280446392888379, 33.268440981621048 ], [ -117.280470261267183, 33.268529013433209 ], [ -117.280444242754996, 33.2686694347355 ], [ -117.280434111067706, 33.268752215856281 ], [ -117.282522857825398, 33.26871910205341 ], [ -117.283599072490375, 33.26743273157966 ] ] ] } },
{ "type": "Feature", "properties": { "OBJECTID": 77, "Record_Num": "AWM2010-LCP-00086", "Business_N": "MARK WALL", "PRODUCER_L": "5959 LAS TUNAS DR OCEANSIDE CA 92057 APN 122-100-43-00", "Area": 8, "Shape_Length": 2343.7798694263447, "Shape_Area": 338529.23868386325 }, "geometry": { "type": "Polygon", "coordinates": [ [ [ -117.270710246013905, 33.268754301780241 ], [ -117.270700852867293, 33.267070950352355 ], [ -117.269480788163904, 33.267072389255432 ], [ -117.269153059829861, 33.267610456682917 ], [ -117.268802062820939, 33.267613338388188 ], [ -117.268737092003548, 33.268180740117195 ], [ -117.268707376180188, 33.268556033612931 ], [ -117.268778529615446, 33.268813117509673 ], [ -117.270710246013905, 33.268754301780241 ] ] ] } },
{ "type": "Feature", "properties": { "OBJECTID": 78, "Record_Num": "AWM2015-LCP-00050", "Business_N": "OLIVE CREST FARM", "PRODUCER_L": "3270 OLIVE HILL RD, FALLBROOK, CA  92028  APN 123-120-65-00", "Area": 9, "Shape_Length": 2424.0193775302641, "Shape_Area": 379057.80986210739 }, "geometry": { "type": "Polygon", "coordinates": [ [ [ -117.242495386794502, 33.332730836048142 ], [ -117.244303142567702, 33.332743098154779 ], [ -117.244691625534486, 33.332314363757291 ], [ -117.244749890477379, 33.332239460875577 ], [ -117.244792046266454, 33.332147509388101 ], [ -117.244808955177788, 33.33203476555456 ], [ -117.244806404579407, 33.331210259353696 ], [ -117.242491606056461, 33.331194422724607 ], [ -117.242495386794502, 33.332730836048142 ] ] ] } },
{ "type": "Feature", "properties": { "OBJECTID": 79, "Record_Num": "AWM2015-LCP-00029", "Business_N": "GOOD TASTE FARM", "PRODUCER_L": "3508 OLIVE HILL RD, FALLBROOK, CA  92028  APN 123-400-04/05/34-00", "Area": 12, "Shape_Length": 3602.3494507565465, "Shape_Area": 501567.46854385204 }, "geometry": { "type": "Polygon", "coordinates": [ [ [ -117.242012662776702, 33.325681318006936 ], [ -117.241345813322923, 33.325820246562607 ], [ -117.241219095254067, 33.326676322404147 ], [ -117.241202939206985, 33.326855863120429 ], [ -117.241539745123617, 33.326883712057338 ], [ -117.241555331165529, 33.327055364609116 ], [ -117.241810295402558, 33.327083866182953 ], [ -117.241907983191837, 33.327277766504736 ], [ -117.242419772161639, 33.327899707664976 ], [ -117.242858905112413, 33.328529862335834 ], [ -117.243201132127226, 33.329034820398384 ], [ -117.244701682401129, 33.329030446714654 ], [ -117.24469574672564, 33.328908342074619 ], [ -117.244622780719482, 33.328889839886067 ], [ -117.243243997127337, 33.327202195850013 ], [ -117.242012662776702, 33.325681318006936 ] ] ] } },
{ "type": "Feature", "properties": { "OBJECTID": 80, "Record_Num": "AWM2011-LCP-00047", "Business_N": "ATKINS NURSERY", "PRODUCER_L": "3975 MONSERATE TER FALLBROOK CA 92028 APN 123-480-36-00", "Area": 1, "Shape_Length": 944.53719632883781, "Shape_Area": 49831.905248384115 }, "geometry": { "type": "Polygon", "coordinates": [ [ [ -117.22305228105138, 33.319965310223651 ], [ -117.223324321534406, 33.319896376042522 ], [ -117.223520838000042, 33.31978222728987 ], [ -117.223609429838987, 33.319571583735041 ], [ -117.223690969278366, 33.319340000855632 ], [ -117.223799274992047, 33.319266623390064 ], [ -117.223608160688499, 33.319048629959198 ], [ -117.22278498429732, 33.319642937924414 ], [ -117.22305228105138, 33.319965310223651 ] ] ] } },
{ "type": "Feature", "properties": { "OBJECTID": 81, "Record_Num": "AWM2010-LCP-00211", "Business_N": "BAY PRODUCE", "PRODUCER_L": "3378 VIA LOMA FALLBROOK CA 92028 APN 124-220-33-00", "Area": 5, "Shape_Length": 2138.2661208470013, "Shape_Area": 197044.17668304339 }, "geometry": { "type": "Polygon", "coordinates": [ [ [ -117.191175912365566, 33.332079079605549 ], [ -117.191154137294006, 33.331957093069022 ], [ -117.191097314608584, 33.331747575580508 ], [ -117.190630442713399, 33.331464819281749 ], [ -117.19028741666645, 33.332127798792726 ], [ -117.190195496263797, 33.332460593255405 ], [ -117.190156463391105, 33.333060194586778 ], [ -117.190110914138884, 33.33347661747365 ], [ -117.189998346463327, 33.3340042473287 ], [ -117.190188710850649, 33.333945548164017 ], [ -117.190378583913613, 33.333841045728505 ], [ -117.190705115070074, 33.333758411432349 ], [ -117.190915465005602, 33.333443805100572 ], [ -117.19097896060785, 33.333428054585013 ], [ -117.190942001731443, 33.332951181109983 ], [ -117.190954561126276, 33.332853851313359 ], [ -117.191175912365566, 33.332079079605549 ] ] ] } },
{ "type": "Feature", "properties": { "OBJECTID": 82, "Record_Num": "AWM2010-LCP-00061", "Business_N": "ORGANIC ONLY", "PRODUCER_L": "4072 STAR TRACK WAY FALLBROOK CA 92028 APN 125-080-15-00", "Area": 2, "Shape_Length": 1305.5753373193495, "Shape_Area": 92261.305649004848 }, "geometry": { "type": "Polygon", "coordinates": [ [ [ -117.174881336702754, 33.319703284390989 ], [ -117.174024616126061, 33.319596244099316 ], [ -117.174078480375101, 33.320104768754966 ], [ -117.174225218954646, 33.320551530481531 ], [ -117.174389885434323, 33.320727702303316 ], [ -117.174650890903081, 33.320842084928408 ], [ -117.174853774480709, 33.320700982704771 ], [ -117.174728828362063, 33.320350028152646 ], [ -117.175008617940037, 33.320275240733942 ], [ -117.174881336702754, 33.319703284390989 ] ] ] } },
{ "type": "Feature", "properties": { "OBJECTID": 83, "Record_Num": "AWM2016-LCP-00066", "Business_N": "RESENDEZ, PRISCO", "PRODUCER_L": "30464 NORTH RIVER RD, BONSALL, CA  92003  APN 126-170-69-00", "Area": 4, "Shape_Length": 2169.0639288393645, "Shape_Area": 181360.61617817808 }, "geometry": { "type": "Polygon", "coordinates": [ [ [ -117.242112316532101, 33.270745621238092 ], [ -117.242119235421256, 33.270152932476655 ], [ -117.242125190113725, 33.268572527547896 ], [ -117.242036458036964, 33.268561784965222 ], [ -117.241817018879971, 33.269347991492559 ], [ -117.240579986748145, 33.270262567374004 ], [ -117.241055875096848, 33.270754061190871 ], [ -117.242112316532101, 33.270745621238092 ] ] ] } },
{ "type": "Feature", "properties": { "OBJECTID": 84, "Record_Num": "AWM2010-LCP-00223", "Business_N": "REY RIVER FARM, INC.", "PRODUCER_L": "30971 VIA PUERTA DEL SOL BONSALL CA 92003 APN 126-250-18-00", "Area": 8, "Shape_Length": 2398.9965911669733, "Shape_Area": 351662.31023118529 }, "geometry": { "type": "Polygon", "coordinates": [ [ [ -117.244841403801004, 33.272189461505889 ], [ -117.24482572692186, 33.270809311559155 ], [ -117.242571130864121, 33.27082051255104 ], [ -117.242587276776248, 33.272245182936224 ], [ -117.244841403801004, 33.272189461505889 ] ] ] } },
{ "type": "Feature", "properties": { "OBJECTID": 85, "Record_Num": "AWM2010-LCP-00199", "Business_N": "HILLSIDE FLOWER GROWER", "PRODUCER_L": "32246 LEPRECHAUN LN BONSALL CA 92003 APN 127-271-04-00", "Area": 1, "Shape_Length": 1061.16446814561, "Shape_Area": 44314.725220512533 }, "geometry": { "type": "Polygon", "coordinates": [ [ [ -117.167746960793522, 33.298966261763049 ], [ -117.168266689744968, 33.29899563077025 ], [ -117.168273520405265, 33.298641318291537 ], [ -117.168397248487892, 33.298622689951848 ], [ -117.168427225437739, 33.298212852056103 ], [ -117.168551961826708, 33.2980392256813 ], [ -117.168535540407348, 33.297981780202115 ], [ -117.168464123906588, 33.29796016704222 ], [ -117.168151365036977, 33.298055473648361 ], [ -117.168143210592916, 33.298283590816901 ], [ -117.167927543055043, 33.298586308785922 ], [ -117.167763582138804, 33.298791221628818 ], [ -117.167746960793522, 33.298966261763049 ] ] ] } },
{ "type": "Feature", "properties": { "OBJECTID": 86, "Record_Num": "AWM2010-LCP-00074", "Business_N": "ALFREDO HIDALGO FLOWERS", "PRODUCER_L": "29920 DISNEY LN VISTA 92084 APN 127-420-25-00", "Area": 7, "Shape_Length": 2488.5195974524249, "Shape_Area": 285926.59288811084 }, "geometry": { "type": "Polygon", "coordinates": [ [ [ -117.183358129238457, 33.257537790847437 ], [ -117.18536888020077, 33.257559869957134 ], [ -117.185487618508446, 33.257510304790493 ], [ -117.185490608779347, 33.256513973773899 ], [ -117.184584225760531, 33.25651794011705 ], [ -117.18459079973006, 33.255856548184966 ], [ -117.184096647605784, 33.255851678969421 ], [ -117.183960591291196, 33.256514046299621 ], [ -117.183360808203233, 33.256509969961101 ], [ -117.183358129238457, 33.257537790847437 ] ] ] } },
{ "type": "Feature", "properties": { "OBJECTID": 87, "Record_Num": "AWM2010-LCP-00025", "Business_N": "ACE RANCH", "PRODUCER_L": "30555 CAMINO DE LAS LOMAS ESCONDIDO 92026 APN127-521-[12,13,14,16]-00", "Area": 28, "Shape_Length": 5989.556090044819, "Shape_Area": 1216773.6355061899 }, "geometry": { "type": "Polygon", "coordinates": [ [ [ -117.149268031771115, 33.26705416116949 ], [ -117.148915113168741, 33.266980372454128 ], [ -117.148643373273813, 33.267068228405741 ], [ -117.148307689631281, 33.267013399724547 ], [ -117.148027383930611, 33.266819793560572 ], [ -117.14889949305487, 33.266011856864729 ], [ -117.147920026750327, 33.26521255070724 ], [ -117.147486080263917, 33.265544928213657 ], [ -117.147034456712476, 33.265815401317063 ], [ -117.146638257314962, 33.265951868312712 ], [ -117.146002003541895, 33.265942148571227 ], [ -117.145592200190862, 33.265859217379372 ], [ -117.145038458323796, 33.265586461078037 ], [ -117.144363697040021, 33.265142798243588 ], [ -117.14402743904823, 33.265030702540621 ], [ -117.143374299875063, 33.265035405694505 ], [ -117.142789655649011, 33.265073013940174 ], [ -117.143083540608387, 33.26548602625499 ], [ -117.143467391782082, 33.266366003800513 ], [ -117.143569606306755, 33.267477043877427 ], [ -117.143465392187935, 33.267840432971838 ], [ -117.144328504448239, 33.267815131033437 ], [ -117.14513014342181, 33.267420073922473 ], [ -117.148903564850528, 33.267653844185624 ], [ -117.148966077243401, 33.267510464580461 ], [ -117.149022787553818, 33.267371457892388 ], [ -117.149268031771115, 33.26705416116949 ] ] ] } },
{ "type": "Feature", "properties": { "OBJECTID": 88, "Record_Num": "AWM2010-LCP-00227", "Business_N": "MACIEL & FAMILY", "PRODUCER_L": "31796 CALLE DETALAR, BONSALL, CA 92003 APN 127-530-02-00", "Area": 22, "Shape_Length": 5770.2864619888469, "Shape_Area": 958422.96896625555 }, "geometry": { "type": "Polygon", "coordinates": [ [ [ -117.159674120034694, 33.284427116619476 ], [ -117.158614525309829, 33.284427995754605 ], [ -117.157501021159959, 33.284421550328197 ], [ -117.157493071752143, 33.28475084564483 ], [ -117.15752162338687, 33.284764951580875 ], [ -117.157760388300701, 33.284779906438636 ], [ -117.157845228317839, 33.284743499818283 ], [ -117.157980724829883, 33.284661391822503 ], [ -117.158039358759211, 33.284563146241432 ], [ -117.158166185834375, 33.284466786789956 ], [ -117.15831403245862, 33.2844800197539 ], [ -117.158394280817276, 33.284548620840511 ], [ -117.158388308100683, 33.28479439972606 ], [ -117.158264766723207, 33.284933679342132 ], [ -117.158083107010867, 33.284946937058763 ], [ -117.157954522965056, 33.284873918359182 ], [ -117.157928340749763, 33.284814465282487 ], [ -117.157843352307736, 33.284836558383574 ], [ -117.157502581217173, 33.284846207799063 ], [ -117.157540746102896, 33.285239582397622 ], [ -117.163733931364433, 33.285303898034222 ], [ -117.163752834011888, 33.283576452220075 ], [ -117.159667642758421, 33.283530110247881 ], [ -117.159674120034694, 33.284427116619476 ] ] ] } },
{ "type": "Feature", "properties": { "OBJECTID": 89, "Record_Num": "AWM2010-LCP-00250", "Business_N": "MARIA'S FLOWERS", "PRODUCER_L": "7217 W LILAC BONSALL CA 92003 APN 127-541-12-00", "Area": 2, "Shape_Length": 1197.307626249938, "Shape_Area": 89448.254151030647 }, "geometry": { "type": "Polygon", "coordinates": [ [ [ -117.17729567226128, 33.294361458059115 ], [ -117.177325311679112, 33.29351189867289 ], [ -117.176379559550227, 33.29348269507895 ], [ -117.176361395525632, 33.294343621183934 ], [ -117.17729567226128, 33.294361458059115 ] ] ] } },
{ "type": "Feature", "properties": { "OBJECTID": 90, "Record_Num": "AWM2013-LCP-00001", "Business_N": "MANCHOR, MICHAEL  *", "PRODUCER_L": "6052 VILLA SANTINI BONSALL CA 92003 APN 127-590-20-00", "Area": 2, "Shape_Length": 1751.4251112091372, "Shape_Area": 89233.018220024052 }, "geometry": { "type": "Polygon", "coordinates": [ [ [ -117.202304662587977, 33.274772081279828 ], [ -117.202271162577247, 33.274905588423316 ], [ -117.202126136603496, 33.275071198241946 ], [ -117.201945556775655, 33.275181375276325 ], [ -117.201936242722311, 33.275242567695194 ], [ -117.2019323688681, 33.275849498850668 ], [ -117.20191647270839, 33.276477561877329 ], [ -117.202286841060939, 33.276476629030022 ], [ -117.202270189391982, 33.275990054949176 ], [ -117.20220163800218, 33.275599389596465 ], [ -117.202219447993855, 33.275505359131714 ], [ -117.202352096249641, 33.275372937149911 ], [ -117.20250588999113, 33.275306864202634 ], [ -117.202749912348992, 33.275388970872683 ], [ -117.202889047080134, 33.275437527852162 ], [ -117.202895257188231, 33.274964138068732 ], [ -117.202805768128698, 33.274920251428725 ], [ -117.202716710165305, 33.27484335591631 ], [ -117.202639045721966, 33.274805779676086 ], [ -117.202566111856072, 33.274785344767629 ], [ -117.202486446041206, 33.274772595400336 ], [ -117.202336304558557, 33.274756569760932 ], [ -117.202304662587977, 33.274772081279828 ] ] ] } },
{ "type": "Feature", "properties": { "OBJECTID": 91, "Record_Num": "AWM2016-LCP-00059", "Business_N": "SAN GABRIEL RANCH", "PRODUCER_L": "11357 PALA LOMA DR. VALLEY CENTER, CA  92082  APN 128-101-24-00", "Area": 9, "Shape_Length": 2734.9316996190337, "Shape_Area": 379798.24879278126 }, "geometry": { "type": "Polygon", "coordinates": [ [ [ -117.088725667175552, 33.327758181463906 ], [ -117.089272549368985, 33.327512540316349 ], [ -117.091138746366425, 33.326481910480034 ], [ -117.091037843562006, 33.326167605518023 ], [ -117.089232372241213, 33.325590927971319 ], [ -117.088968240770797, 33.326400725197274 ], [ -117.087997785013499, 33.327274634796396 ], [ -117.087915109868007, 33.327727131835637 ], [ -117.088725667175552, 33.327758181463906 ] ] ] } },
{ "type": "Feature", "properties": { "OBJECTID": 92, "Record_Num": "AWM2011-LCP-00037", "Business_N": "MIKOLICH HONEY", "PRODUCER_L": "33314 LILAC RD VALLEY CENTER CA 92082 APN 128-121-05-00", "Area": 15, "Shape_Length": 3381.8871546612786, "Shape_Area": 633677.82010174543 }, "geometry": { "type": "Polygon", "coordinates": [ [ [ -117.086368447304054, 33.319113875634962 ], [ -117.086725200470639, 33.319334778782732 ], [ -117.087536750733591, 33.320400035006486 ], [ -117.088889705024982, 33.321023606219313 ], [ -117.090321992853518, 33.320673236997301 ], [ -117.090389855213118, 33.319013891861395 ], [ -117.090380354328232, 33.318937920185988 ], [ -117.086368447304054, 33.319113875634962 ] ] ] } },
{ "type": "Feature", "properties": { "OBJECTID": 93, "Record_Num": "AWM2011-LCP-00027", "Business_N": "SERRATO FARMS", "PRODUCER_L": "36929 MUUTANA RD VALLEY CENTER CA 92082 APN 128-150-20-00", "Area": 11, "Shape_Length": 2811.1370251023109, "Shape_Area": 491720.8759592225 }, "geometry": { "type": "Polygon", "coordinates": [ [ [ -117.038566278488091, 33.315751046034087 ], [ -117.038399481861561, 33.317675971915371 ], [ -117.038560766083108, 33.318167366087962 ], [ -117.038679741828261, 33.318504432609004 ], [ -117.039198701163073, 33.318575570942009 ], [ -117.039518086132645, 33.318447573672799 ], [ -117.040597227808064, 33.317868129192135 ], [ -117.040634214750227, 33.317432733271943 ], [ -117.040497101213603, 33.317353445159064 ], [ -117.040263273719958, 33.317137352663494 ], [ -117.040226798876915, 33.31687419870677 ], [ -117.040183504824483, 33.316611087218654 ], [ -117.040039056839433, 33.316474587426121 ], [ -117.039783689867022, 33.316138389574398 ], [ -117.039551004555875, 33.316048256626502 ], [ -117.03906409241543, 33.315747883927969 ], [ -117.038566278488091, 33.315751046034087 ] ] ] } },
{ "type": "Feature", "properties": { "OBJECTID": 94, "Record_Num": "AWM2015-LCP-00044", "Business_N": "FOGGY HILL RANCH, LLC", "PRODUCER_L": "32776 VIA DEL VENADO, VALLEY CENTER, CA  92082  APN 128-170-37-00", "Area": 11, "Shape_Length": 5505.3991870550799, "Shape_Area": 500306.81743661739 }, "geometry": { "type": "Polygon", "coordinates": [ [ [ -117.107160682066677, 33.309623554795458 ], [ -117.107110507952783, 33.310184811400106 ], [ -117.107714340603451, 33.31090872725364 ], [ -117.108915776771525, 33.310877436635515 ], [ -117.109090951524081, 33.310868015736162 ], [ -117.109080360563269, 33.309788760260112 ], [ -117.111573348558181, 33.309584517828874 ], [ -117.111552479728829, 33.309006754077409 ], [ -117.109133705257335, 33.309036260024868 ], [ -117.109099909138592, 33.309202218039282 ], [ -117.10698459030975, 33.309212585133672 ], [ -117.107124218421347, 33.309517573154139 ], [ -117.107317430226402, 33.309648315519809 ], [ -117.107672808643684, 33.310075298804996 ], [ -117.107810392352292, 33.310197453562232 ], [ -117.108113623322822, 33.310521731061812 ], [ -117.108297509387384, 33.31049755691199 ], [ -117.10825231645542, 33.310409119075771 ], [ -117.108270780489875, 33.310205724869576 ], [ -117.108635395425779, 33.310183162937278 ], [ -117.108602789071455, 33.310335123516928 ], [ -117.108294969998283, 33.310586324661926 ], [ -117.108042333397478, 33.310553715692322 ], [ -117.108012433893251, 33.310634083757343 ], [ -117.107835842198412, 33.31070687745337 ], [ -117.107714407410029, 33.31049299717975 ], [ -117.107832279640775, 33.310343311654542 ], [ -117.107190777075004, 33.309597657507268 ], [ -117.107147960453432, 33.309586578974681 ], [ -117.107160682066677, 33.309623554795458 ] ] ] } },
{ "type": "Feature", "properties": { "OBJECTID": 95, "Record_Num": "AWM2010-LCP-00013", "Business_N": "CRIMSON SKY RANCH", "PRODUCER_L": "12448 SANTA CATALINA RD VALLEY CENTER CA 92082 APN 128-190-60-00", "Area": 18, "Shape_Length": 4238.3706212309444, "Shape_Area": 782968.6481151511 }, "geometry": { "type": "Polygon", "coordinates": [ [ [ -117.082929067792833, 33.307803439320537 ], [ -117.08308334063743, 33.307294715243394 ], [ -117.0829546064504, 33.307142889980213 ], [ -117.08257527297792, 33.306931670103083 ], [ -117.081978580562094, 33.306809700792336 ], [ -117.081260639382975, 33.306845047071036 ], [ -117.080611499680671, 33.30694482179829 ], [ -117.080166013288604, 33.306947800967649 ], [ -117.07937381960987, 33.306823309159029 ], [ -117.078813714518887, 33.306723984429475 ], [ -117.078152700840278, 33.306529899471776 ], [ -117.077614822902419, 33.306376979919349 ], [ -117.077503668167381, 33.306641108853213 ], [ -117.077321586023828, 33.306615601116256 ], [ -117.07725538349635, 33.306825989114955 ], [ -117.07730708141132, 33.307005053652567 ], [ -117.077560094128017, 33.307320196939799 ], [ -117.077575282985293, 33.307484235249092 ], [ -117.078331800577203, 33.307681503143087 ], [ -117.078733096641272, 33.307812428016611 ], [ -117.078903930539724, 33.308089944356546 ], [ -117.079555213533624, 33.308215380664649 ], [ -117.080146281919596, 33.308222882159072 ], [ -117.080547293483846, 33.308323265147905 ], [ -117.081914976331674, 33.308249216891802 ], [ -117.082636312558719, 33.308091694137623 ], [ -117.082929067792833, 33.307803439320537 ] ] ] } },
{ "type": "Feature", "properties": { "OBJECTID": 96, "Record_Num": "AWM2010-LCP-00256", "Business_N": "VALLEY CENTER GROWERS, INC.", "PRODUCER_L": "12395 SANTA CATALINA RD VALLEY CENTER CA 92082  APN 128-190-67-00", "Area": 14, "Shape_Length": 3607.4457156258341, "Shape_Area": 629315.68847493152 }, "geometry": { "type": "Polygon", "coordinates": [ [ [ -117.081354069811979, 33.306733262395106 ], [ -117.081469276067438, 33.306747232039484 ], [ -117.081506896644058, 33.304605522084834 ], [ -117.081361605511532, 33.304600743000343 ], [ -117.081305696710032, 33.304598903643232 ], [ -117.081155728189785, 33.304603312424369 ], [ -117.081083640267011, 33.304631837901198 ], [ -117.080861851976138, 33.304722125471812 ], [ -117.080527639657291, 33.30469631842896 ], [ -117.080299886334743, 33.30474457955804 ], [ -117.079944739554918, 33.30485912659168 ], [ -117.079664059256132, 33.304608613987931 ], [ -117.079385814564631, 33.304615147277104 ], [ -117.07972931325061, 33.3050334993532 ], [ -117.079726246845652, 33.305092585870646 ], [ -117.07844170462694, 33.305676699700292 ], [ -117.078115340524448, 33.305975143662835 ], [ -117.077759335068066, 33.306257175887581 ], [ -117.078898489695561, 33.306642180578223 ], [ -117.080046925415175, 33.306830810419711 ], [ -117.080481198440495, 33.306841929045092 ], [ -117.081354069811979, 33.306733262395106 ] ] ] } },
{ "type": "Feature", "properties": { "OBJECTID": 97, "Record_Num": "AWM2009-LCP-00043", "Business_N": "QUINTA TERRA NOSSA/ BELLAVADO", "PRODUCER_L": "12927 SANTA VIRGINIA DR VALLEY CENTER CA  92082, APN 128-200-29-00", "Area": 38, "Shape_Length": 5488.5400697422747, "Shape_Area": 1645781.3732275686 }, "geometry": { "type": "Polygon", "coordinates": [ [ [ -117.070458363082068, 33.3045939501596 ], [ -117.072785518515943, 33.304567859823749 ], [ -117.072724922373681, 33.301022068679323 ], [ -117.068297526910712, 33.301039874856485 ], [ -117.068504196180484, 33.304276416783054 ], [ -117.06863674047915, 33.304259367357233 ], [ -117.068818209380169, 33.304219998148355 ], [ -117.068798348366258, 33.304040720187487 ], [ -117.068842412984992, 33.303891558606601 ], [ -117.069055985602418, 33.303882515265741 ], [ -117.069156417214472, 33.303927659198408 ], [ -117.069158774291807, 33.304179580085076 ], [ -117.069300796693838, 33.304296977007134 ], [ -117.069778911045802, 33.304381616433808 ], [ -117.069997923792698, 33.304467966292592 ], [ -117.070110898713963, 33.304427787829553 ], [ -117.070087263773331, 33.304299418935678 ], [ -117.070269197012962, 33.30430966880553 ], [ -117.070315082134684, 33.304355172135836 ], [ -117.070458363082068, 33.3045939501596 ] ] ] } },
{ "type": "Feature", "properties": { "OBJECTID": 98, "Record_Num": "AWM2011-LCP-00028", "Business_N": "SERRATO FARMS", "PRODUCER_L": "36446 CARNEY RD VALLEY CENTER CA 92082 APN 128-211-03-00", "Area": 43, "Shape_Length": 5950.0548603584712, "Shape_Area": 1890678.6196886823 }, "geometry": { "type": "Polygon", "coordinates": [ [ [ -117.045137970846511, 33.311040769022362 ], [ -117.045099447903809, 33.311304402982707 ], [ -117.044771236267593, 33.311379662536595 ], [ -117.042940592700887, 33.310871594645903 ], [ -117.041769177159793, 33.311039391389698 ], [ -117.041668285028123, 33.313456322915158 ], [ -117.041648464142725, 33.314280964450766 ], [ -117.046331053043858, 33.314754895390365 ], [ -117.046460761181152, 33.312521001133035 ], [ -117.046494278591368, 33.31170772204424 ], [ -117.046846159500973, 33.311407722476638 ], [ -117.046707172887366, 33.311122324686252 ], [ -117.045788222531257, 33.310555636185875 ], [ -117.044861571443619, 33.310641733175594 ], [ -117.045137970846511, 33.311040769022362 ] ] ] } },
{ "type": "Feature", "properties": { "OBJECTID": 99, "Record_Num": "AWM2010-LCP-00094", "Business_N": "MORNING STAR RANCH", "PRODUCER_L": "12458 KEYS CREEK RD VALLEY CENTER CA 92082 APN 128-380-08-00", "Area": 56, "Shape_Length": 6580.3894060884359, "Shape_Area": 2434005.3674053308 }, "geometry": { "type": "Polygon", "coordinates": [ [ [ -117.064265039330266, 33.297156065955576 ], [ -117.064143013458462, 33.29350426728238 ], [ -117.063907059513085, 33.293486728009057 ], [ -117.063906627175299, 33.291912128976094 ], [ -117.063970854626405, 33.291487041703419 ], [ -117.060024032354775, 33.29138163917446 ], [ -117.060480384512658, 33.297103530886446 ], [ -117.064265039330266, 33.297156065955576 ] ] ] } },
{ "type": "Feature", "properties": { "OBJECTID": 100, "Record_Num": "AWM2010-LCP-00018", "Business_N": "BEHNEMAN FAMILY FARMS", "PRODUCER_L": "33319 LILAC RD VALLEY CENTER CA 92082 APN 128-410-09-00", "Area": 12, "Shape_Length": 2989.0720943266442, "Shape_Area": 503983.45086386614 }, "geometry": { "type": "Polygon", "coordinates": [ [ [ -117.081936894640023, 33.320515558393851 ], [ -117.084975596246935, 33.320482360297838 ], [ -117.084806539152638, 33.31914858098088 ], [ -117.081451030084409, 33.319142280513177 ], [ -117.081473620891316, 33.319513473057796 ], [ -117.081485139073962, 33.319923153962719 ], [ -117.08159075979512, 33.320204155159601 ], [ -117.081733416418416, 33.320369664582188 ], [ -117.081936894640023, 33.320515558393851 ] ] ] } },
{ "type": "Feature", "properties": { "OBJECTID": 101, "Record_Num": "AWM2015-LCP-00021", "Business_N": "FOR HIS GLORY FARMS, INC.", "PRODUCER_L": "23840 LILAC RD, VALLEY CENTER, CA  92082  APN 128-430-06-00", "Area": 20, "Shape_Length": 3881.1186237648189, "Shape_Area": 852962.07764273195 }, "geometry": { "type": "Polygon", "coordinates": [ [ [ -117.088085243734412, 33.31345071568186 ], [ -117.087983875805989, 33.309985370042305 ], [ -117.085829870340305, 33.31008004875094 ], [ -117.085831393185941, 33.313572788630381 ], [ -117.088085243734412, 33.31345071568186 ] ] ] } },
{ "type": "Feature", "properties": { "OBJECTID": 102, "Record_Num": "AWM2010-LCP-00183", "Business_N": "PEADS AND BARNETT LLC", "PRODUCER_L": "13312 RICKS RANCH RD VALLEY CENTER CA 92082 APN 128-460-19-00", "Area": 6, "Shape_Length": 3645.3121369241808, "Shape_Area": 258553.19055006784 }, "geometry": { "type": "Polygon", "coordinates": [ [ [ -117.047774440916498, 33.286246366516444 ], [ -117.046201181117738, 33.286299102943268 ], [ -117.046386172041423, 33.286427730890459 ], [ -117.046417360304304, 33.286962569693429 ], [ -117.04650215705071, 33.28702393116636 ], [ -117.046503323371539, 33.287152156635649 ], [ -117.046818233183799, 33.287044011664165 ], [ -117.046930471974363, 33.286649750220889 ], [ -117.047118950102345, 33.286533573028002 ], [ -117.047356217063751, 33.286571845059555 ], [ -117.047123055487106, 33.286984571214646 ], [ -117.046868148631674, 33.287322266026862 ], [ -117.04658860195353, 33.287266576557478 ], [ -117.046503886423622, 33.28721405852324 ], [ -117.046403979926041, 33.287227964433875 ], [ -117.046376007471039, 33.287046849330224 ], [ -117.046327983570379, 33.286976408894411 ], [ -117.046307565430155, 33.286468030889765 ], [ -117.046145253726124, 33.286339772254472 ], [ -117.046229441659634, 33.287688348241964 ], [ -117.046430868948207, 33.287868954843965 ], [ -117.0468383777132, 33.288100695978827 ], [ -117.047154659072419, 33.288142884074269 ], [ -117.047448432973042, 33.288026030255466 ], [ -117.047578035139395, 33.28780410648509 ], [ -117.047781301103996, 33.287577288156797 ], [ -117.047774440916498, 33.286246366516444 ] ] ] } },
{ "type": "Feature", "properties": { "OBJECTID": 103, "Record_Num": "AWM2014-LCP-00043", "Business_N": "GARDEN TROPICAL WHOLESALE", "PRODUCER_L": "32130 Dowling Ln, Valley Center, CA  92082  APN 128-480-08-00", "Area": 3, "Shape_Length": 1718.8115041167032, "Shape_Area": 122940.73205746383 }, "geometry": { "type": "Polygon", "coordinates": [ [ [ -117.071923508383691, 33.291622788497058 ], [ -117.071176330434398, 33.291920304222259 ], [ -117.071060329411864, 33.293481451588363 ], [ -117.071239492877027, 33.293479243153939 ], [ -117.071223192536834, 33.293305644094694 ], [ -117.071396800007349, 33.293243543157054 ], [ -117.071788075169479, 33.293271215005184 ], [ -117.071923508383691, 33.291622788497058 ] ] ] } },
{ "type": "Feature", "properties": { "OBJECTID": 104, "Record_Num": "AWM2010-LCP-00028", "Business_N": "MARKOV FARMS", "PRODUCER_L": "32702 VIA DEL VENADO VALLEY CENTER CA 92082 APN 128-490-04/128-500-09-00", "Area": 55, "Shape_Length": 6459.2688927640156, "Shape_Area": 2386935.4888791651 }, "geometry": { "type": "Polygon", "coordinates": [ [ [ -117.108923110087019, 33.307264888926383 ], [ -117.108403095005571, 33.304071560147058 ], [ -117.101647960622074, 33.304199192179389 ], [ -117.102253149240326, 33.307411049298878 ], [ -117.102782035406165, 33.307399472344301 ], [ -117.104762152225049, 33.307312365991784 ], [ -117.107513047313603, 33.307295817492182 ], [ -117.108923110087019, 33.307264888926383 ] ] ] } },
{ "type": "Feature", "properties": { "OBJECTID": 105, "Record_Num": "AWM2011-LCP-00001", "Business_N": "PEOPLE PLUS, INC.", "PRODUCER_L": "11358 CALLE ORO VERDE VALLEY CENTER CA 92082 APN 128-500-15-00", "Area": 20, "Shape_Length": 4085.0952909168645, "Shape_Area": 850515.92894655536 }, "geometry": { "type": "Polygon", "coordinates": [ [ [ -117.096352100286936, 33.302479822299155 ], [ -117.101146117938754, 33.302394865796778 ], [ -117.100843899233439, 33.300811298759498 ], [ -117.096130803103776, 33.30085153541318 ], [ -117.096352100286936, 33.302479822299155 ] ] ] } },
{ "type": "Feature", "properties": { "OBJECTID": 106, "Record_Num": "AWM2010-LCP-00254", "Business_N": "VALLEY CENTER GROWERS, INC.", "PRODUCER_L": "31580 LAUREL RIDGE DR VALLEY CENTER CA 92082 APN 129-040-27-00", "Area": 14, "Shape_Length": 4025.6378039023562, "Shape_Area": 610960.92481489934 }, "geometry": { "type": "Polygon", "coordinates": [ [ [ -117.071693249446724, 33.282527149981775 ], [ -117.069461211838657, 33.282524449217576 ], [ -117.069906058681568, 33.282845744193295 ], [ -117.069961904259827, 33.283030957011988 ], [ -117.069886811439503, 33.283198097975024 ], [ -117.069634449140807, 33.283214913133641 ], [ -117.069507558611335, 33.28314757839221 ], [ -117.069416137970222, 33.283015624062131 ], [ -117.069374033442728, 33.282853045072578 ], [ -117.069271753475476, 33.282524218245385 ], [ -117.069225068808862, 33.282354094202013 ], [ -117.068233026205533, 33.282353062823923 ], [ -117.068236236266912, 33.284144469249547 ], [ -117.071699439997374, 33.284148105782712 ], [ -117.071693249446724, 33.282527149981775 ] ] ] } },
{ "type": "Feature", "properties": { "OBJECTID": 107, "Record_Num": "AWM2010-LCP-00254", "Business_N": "VALLEY CENTER GROWERS, INC.", "PRODUCER_L": "31580 LAUREL RIDGE DR VALLEY CENTER CA 92082 APN 129-040-27-00", "Area": 4, "Shape_Length": 1698.5166837783961, "Shape_Area": 162705.54227711854 }, "geometry": { "type": "Polygon", "coordinates": [ [ [ -117.08575610191231, 33.277725324084528 ], [ -117.085751089032641, 33.276485711271846 ], [ -117.084128649041119, 33.276479447063181 ], [ -117.084219879940662, 33.277111539883187 ], [ -117.08575610191231, 33.277725324084528 ] ] ] } },
{ "type": "Feature", "properties": { "OBJECTID": 108, "Record_Num": "AWM2010-LCP-00257", "Business_N": "VALLEY CENTER GROWERS, INC.", "PRODUCER_L": "30969 MESA CREST RD VALLEY CENTER CA 92082  APN 129-080-07&29-00", "Area": 10, "Shape_Length": 2707.1334144283069, "Shape_Area": 429849.88468629937 }, "geometry": { "type": "Polygon", "coordinates": [ [ [ -117.054918933066247, 33.279249781940521 ], [ -117.054908554052261, 33.277749679954177 ], [ -117.053412826394492, 33.277810903196887 ], [ -117.053357014145305, 33.278043160254761 ], [ -117.052798135087329, 33.278069623396888 ], [ -117.052726661116111, 33.278074025173801 ], [ -117.052630903983854, 33.278079922057486 ], [ -117.052561646750192, 33.279845453175959 ], [ -117.052606538043563, 33.279834475030256 ], [ -117.054918933066247, 33.279249781940521 ] ] ] } },
{ "type": "Feature", "properties": { "OBJECTID": 109, "Record_Num": "AWM2010-LCP-00215", "Business_N": "SCHANER, PETER", "PRODUCER_L": "30819 MESA CREST RD VALLEY CENTER CA 92082 APN 129-080-31/32/48-00", "Area": 40, "Shape_Length": 7406.594054736699, "Shape_Area": 1738033.0918050949 }, "geometry": { "type": "Polygon", "coordinates": [ [ [ -117.059406372151798, 33.275621917199722 ], [ -117.059394313471543, 33.274808926477775 ], [ -117.054857989258366, 33.274697187261992 ], [ -117.054830373886148, 33.274659193547436 ], [ -117.050426051638013, 33.274569339771013 ], [ -117.050459560604693, 33.277241179742504 ], [ -117.054882264003837, 33.277338548710631 ], [ -117.054870390602261, 33.275552164728715 ], [ -117.059406372151798, 33.275621917199722 ] ] ] } },
{ "type": "Feature", "properties": { "OBJECTID": 110, "Record_Num": "AWM2016-LCP-00012", "Business_N": "R & L FARMS", "PRODUCER_L": "11223 W LILAC RD, VALLYE CENTER, CA  92082  APN 129-170-70-00", "Area": 8, "Shape_Length": 2754.7160583653181, "Shape_Area": 364016.45453949989 }, "geometry": { "type": "Polygon", "coordinates": [ [ [ -117.09019609656319, 33.268724031290738 ], [ -117.090173646930126, 33.268776014343466 ], [ -117.089723373502551, 33.268929071494483 ], [ -117.08963267799524, 33.268970810171744 ], [ -117.089577462294159, 33.26902884701348 ], [ -117.089558123745334, 33.269095582489129 ], [ -117.089852145610948, 33.269822478134259 ], [ -117.089796819378975, 33.270094831045149 ], [ -117.090411999766587, 33.269918890875999 ], [ -117.090734622059855, 33.269444322763178 ], [ -117.090951186996676, 33.269282531928688 ], [ -117.091307719330317, 33.269145558347084 ], [ -117.09143727368533, 33.269150405960772 ], [ -117.091887597632535, 33.268488877990976 ], [ -117.092051163288929, 33.267777762376603 ], [ -117.090122236329023, 33.267779382404079 ], [ -117.090129485572547, 33.268535146029663 ], [ -117.09019609656319, 33.268724031290738 ] ] ] } },
{ "type": "Feature", "properties": { "OBJECTID": 111, "Record_Num": "AWM2010-LCP-00270", "Business_N": "BEN'S SUBTROPICALS", "PRODUCER_L": "10149 LA ROCA GRANDE ESCONDIDO CA 92026 APN 129-190-32-00", "Area": 1, "Shape_Length": 860.59932085241257, "Shape_Area": 34781.788380220729 }, "geometry": { "type": "Polygon", "coordinates": [ [ [ -117.112706804781681, 33.284123806252843 ], [ -117.113759024390063, 33.284131757937125 ], [ -117.113751581223283, 33.283837882741437 ], [ -117.11269476346466, 33.283824236227346 ], [ -117.112706804781681, 33.284123806252843 ] ] ] } },
{ "type": "Feature", "properties": { "OBJECTID": 112, "Record_Num": "AWM2010-LCP-00091", "Business_N": "ARCHI'S ACRES, INC.  *", "PRODUCER_L": "10085 W LILAC RD ESCONDIDO CA 92026 APN 129-211-15-00", "Area": 2, "Shape_Length": 1668.5066118264019, "Shape_Area": 89732.694903193886 }, "geometry": { "type": "Polygon", "coordinates": [ [ [ -117.113871746082467, 33.274323112639856 ], [ -117.113832057100225, 33.274294110365325 ], [ -117.11380464655673, 33.274183591087706 ], [ -117.113735626394345, 33.274182263467878 ], [ -117.113724398634602, 33.274138800771418 ], [ -117.113790598904089, 33.273959142544562 ], [ -117.113497329052862, 33.273962930609976 ], [ -117.113513273423976, 33.27486584520986 ], [ -117.114477952615374, 33.274861101505586 ], [ -117.114506078807622, 33.274856962441554 ], [ -117.114490085283421, 33.273950105064962 ], [ -117.113858723314067, 33.273958262670902 ], [ -117.113906207894431, 33.27400937739484 ], [ -117.114075099677976, 33.273998343399519 ], [ -117.114120609236977, 33.274090694324933 ], [ -117.114027386949047, 33.274158380844867 ], [ -117.114075554217393, 33.274282260478664 ], [ -117.113871746082467, 33.274323112639856 ] ] ] } },
{ "type": "Feature", "properties": { "OBJECTID": 113, "Record_Num": "AWM2010-LCP-00230", "Business_N": "RODRIGUEZ RANCH /J R ORGANICS", "PRODUCER_L": "31030 RODRIGUEZ RD ESCONDIDO CA 92026 APN-129-300-09-00", "Area": 91, "Shape_Length": 10413.992466095358, "Shape_Area": 3954104.7370085777 }, "geometry": { "type": "Polygon", "coordinates": [ [ [ -117.121282298034075, 33.278492586039214 ], [ -117.123532688271666, 33.278505780591225 ], [ -117.123559500002912, 33.282218814151115 ], [ -117.125542018526673, 33.282090330002688 ], [ -117.1255503209712, 33.27848870270023 ], [ -117.129337077421056, 33.278485411073362 ], [ -117.129452467593097, 33.27843592381668 ], [ -117.129843362007961, 33.277989398943063 ], [ -117.129915837792538, 33.275025747309051 ], [ -117.127108474172232, 33.275270643937482 ], [ -117.126330514604774, 33.275184525083773 ], [ -117.125500941554137, 33.275435828147053 ], [ -117.12494686333163, 33.275470272317406 ], [ -117.124187918405241, 33.275467985834673 ], [ -117.123959798103499, 33.275377977620757 ], [ -117.123138469129913, 33.275044023399779 ], [ -117.12119794697027, 33.275038572046611 ], [ -117.121282298034075, 33.278492586039214 ] ] ] } },
{ "type": "Feature", "properties": { "OBJECTID": 114, "Record_Num": "AWM2010-LCP-00019", "Business_N": "BEHNEMAN FAMILY FARMS", "PRODUCER_L": "11670 MESA VERDE DR VALLEY CENTER CA 92082 APN 129-340-30-00", "Area": 2, "Shape_Length": 1610.517884630324, "Shape_Area": 72656.632490186254 }, "geometry": { "type": "Polygon", "coordinates": [ [ [ -117.080245154162299, 33.276518639962525 ], [ -117.079786812653992, 33.276641926608704 ], [ -117.079318866183655, 33.27681167662989 ], [ -117.079307549512706, 33.276942519489957 ], [ -117.07944891564334, 33.277021723098017 ], [ -117.079624674669233, 33.277020548517214 ], [ -117.079649442677919, 33.276984526623352 ], [ -117.079935878389293, 33.277003703622348 ], [ -117.07993211598361, 33.277136605123914 ], [ -117.079805201469696, 33.277257675415505 ], [ -117.079623802155183, 33.277193504321957 ], [ -117.079550168575594, 33.277107521000467 ], [ -117.079288801436164, 33.277083958351668 ], [ -117.079302319460368, 33.277450859779336 ], [ -117.080249049841441, 33.277459295618328 ], [ -117.080245154162299, 33.276518639962525 ] ] ] } },
{ "type": "Feature", "properties": { "OBJECTID": 115, "Record_Num": "AWM2012-LCP-00115", "Business_N": "SILVERA, TIM", "PRODUCER_L": "9627 CIRCLE R DR VALLEY CENTER CA 92082 APN 129-390-68-00", "Area": 2, "Shape_Length": 1673.2958136815651, "Shape_Area": 104376.14275805152 }, "geometry": { "type": "Polygon", "coordinates": [ [ [ -117.124400899237244, 33.266586514408729 ], [ -117.125413486500307, 33.266583772233567 ], [ -117.125404607545107, 33.266218951228318 ], [ -117.12494311444577, 33.266121092979127 ], [ -117.124887687146241, 33.266073124951539 ], [ -117.124873573949287, 33.265969913613674 ], [ -117.124978207007175, 33.265966978534898 ], [ -117.125060986356033, 33.265871876677586 ], [ -117.125399288864102, 33.265948622436674 ], [ -117.125387288101564, 33.265533266284436 ], [ -117.124372163194039, 33.265542620421904 ], [ -117.124400899237244, 33.266586514408729 ] ] ] } },
{ "type": "Feature", "properties": { "OBJECTID": 116, "Record_Num": "AWM2017-LCP-00001", "Business_N": "SWEET STRAWBERRIES", "PRODUCER_L": "15235 Hwy 76, Pauma Valley, CA  92061", "Area": 4, "Shape_Length": 1861.2904333637653, "Shape_Area": 173939.24025348059 }, "geometry": { "type": "Polygon", "coordinates": [ [ [ -117.001599750223704, 33.330312283556466 ], [ -117.003494553654107, 33.329383773943157 ], [ -117.003032358689936, 33.328759662447624 ], [ -117.001157796854741, 33.329731393480181 ], [ -117.001599750223704, 33.330312283556466 ] ] ] } },
{ "type": "Feature", "properties": { "OBJECTID": 117, "Record_Num": "AWM2012-LCP-00105", "Business_N": "INTERNATIONAL RESCUE COMMITTEE", "PRODUCER_L": "0 COLE GRADE RD PAUMA VALLEY CA 92061 APN 130-090-53/55-00", "Area": 78, "Shape_Length": 7502.1309727158941, "Shape_Area": 3416640.1357312482 }, "geometry": { "type": "Polygon", "coordinates": [ [ [ -117.004829812892766, 33.308023776172135 ], [ -117.003079541148622, 33.307492362647416 ], [ -117.002981342265926, 33.307350926426672 ], [ -117.002577244527942, 33.307277032224754 ], [ -117.002345296209242, 33.307397725114527 ], [ -117.002116775452052, 33.307255965059447 ], [ -117.001763778194729, 33.30717698690583 ], [ -117.001209793305847, 33.306826409053009 ], [ -117.001164804371456, 33.306797938718638 ], [ -117.000882221183886, 33.306315341787993 ], [ -117.000779696121384, 33.306287332845848 ], [ -116.999694024632205, 33.310895992627088 ], [ -116.999807334883087, 33.311054676134965 ], [ -117.002501703381185, 33.312724621599394 ], [ -117.004068966807765, 33.312978500909864 ], [ -117.007668323899154, 33.311158695129954 ], [ -117.005644970263162, 33.308713547150731 ], [ -117.004829812892766, 33.308023776172135 ] ] ] } },
{ "type": "Feature", "properties": { "OBJECTID": 118, "Record_Num": "AWM2014-LCP-00065", "Business_N": "Loera, Bernardino & Veronica", "PRODUCER_L": "34509 CITRACADO DR, PAUMA VALLEY, CA  92061  APN 131-060-29-00", "Area": 1, "Shape_Length": 1264.7298499804408, "Shape_Area": 52056.195891780626 }, "geometry": { "type": "Polygon", "coordinates": [ [ [ -116.991321467602205, 33.340116648923086 ], [ -116.991636620762065, 33.339400384301499 ], [ -116.992403038687641, 33.339281291210455 ], [ -116.992234266962683, 33.339087624471333 ], [ -116.991250057968841, 33.339265273793906 ], [ -116.991061535627793, 33.339558412451751 ], [ -116.991168478888113, 33.340041218299717 ], [ -116.991321467602205, 33.340116648923086 ] ] ] } },
{ "type": "Feature", "properties": { "OBJECTID": 119, "Record_Num": "AWM2016-LCP-00073", "Business_N": "VILLALOBOS, LYNNE V", "PRODUCER_L": "(no address) HWY 76, PAUMA VALLEY, CA  92061  APN  132-190-39/40-00", "Area": 2, "Shape_Length": 1444.4423718857515, "Shape_Area": 84340.454491627723 }, "geometry": { "type": "Polygon", "coordinates": [ [ [ -116.945524441089034, 33.299404511334451 ], [ -116.945557085650165, 33.300058282625088 ], [ -116.945970765334323, 33.299775402157223 ], [ -116.946571401729372, 33.299480782865579 ], [ -116.94714441924701, 33.299057676297949 ], [ -116.946011715639315, 33.299065557673259 ], [ -116.946012662339371, 33.29918464913321 ], [ -116.9455168366988, 33.299254610191625 ], [ -116.945519204474337, 33.299299637488538 ], [ -116.945524441089034, 33.299404511334451 ] ] ] } },
{ "type": "Feature", "properties": { "OBJECTID": 120, "Record_Num": "AWM2016-LCP-00014", "Business_N": "H&H Avocado", "PRODUCER_L": "32757 Rincon Ranch Rd, Pauma Valley, CA 92061", "Area": 33, "Shape_Length": 6991.3891722102508, "Shape_Area": 1428457.392067096 }, "geometry": { "type": "Polygon", "coordinates": [ [ [ -116.945528021521923, 33.311428858914162 ], [ -116.94477153104512, 33.312177210568088 ], [ -116.944031710707378, 33.312051637239961 ], [ -116.943393906267204, 33.312334012742447 ], [ -116.942947966614611, 33.31285754611546 ], [ -116.942783445559357, 33.312749674819337 ], [ -116.942233582171681, 33.313067658322204 ], [ -116.941728418119141, 33.313001764294519 ], [ -116.941647874182451, 33.313464066251939 ], [ -116.941346981897965, 33.314047725742142 ], [ -116.94148782928157, 33.314202341943172 ], [ -116.941486397849886, 33.314208750127797 ], [ -116.941365241326139, 33.315496241771847 ], [ -116.941141243632458, 33.316061475540572 ], [ -116.941001406372365, 33.316379617834222 ], [ -116.94098505394868, 33.316452809012539 ], [ -116.940987494456223, 33.316761986595736 ], [ -116.941442172392172, 33.316693132806073 ], [ -116.941489741863379, 33.316599824121042 ], [ -116.941969155108936, 33.31649695317909 ], [ -116.942490942910908, 33.316362829484611 ], [ -116.942788614551802, 33.31627528303521 ], [ -116.943154035499575, 33.315775329380635 ], [ -116.943816455457778, 33.315007333076395 ], [ -116.944425343416086, 33.313605861435413 ], [ -116.945323073487586, 33.313223920510687 ], [ -116.945600748524498, 33.312552450802379 ], [ -116.945798276293615, 33.312522715428329 ], [ -116.946058304375157, 33.312336565286493 ], [ -116.946102547162326, 33.31226339195441 ], [ -116.94615963134207, 33.312090217375747 ], [ -116.946208143717612, 33.311753165707152 ], [ -116.946384258461421, 33.311408700702039 ], [ -116.946347109057768, 33.311219890675659 ], [ -116.946410500813471, 33.311044899732074 ], [ -116.946500553423135, 33.310792460651193 ], [ -116.946571446909431, 33.31070331382697 ], [ -116.946673231846859, 33.310639759541601 ], [ -116.946860716249063, 33.31037988728179 ], [ -116.946890576821318, 33.310303484230907 ], [ -116.946888884976886, 33.3101770213013 ], [ -116.946822207692009, 33.310091227851593 ], [ -116.946729042907336, 33.310056044456097 ], [ -116.946577142692078, 33.310101608016438 ], [ -116.946045988723782, 33.310532737498555 ], [ -116.945623073712653, 33.31051793007277 ], [ -116.945582023296737, 33.310500982766854 ], [ -116.945528021521923, 33.311428858914162 ] ] ] } },
{ "type": "Feature", "properties": { "OBJECTID": 121, "Record_Num": "AWM2012-LCP-00102", "Business_N": "CACTUS GUY, A", "PRODUCER_L": "13917 McNally RD, VALLEY CENTER, CA  92082  APN 132-351-11-00", "Area": 2, "Shape_Length": 1452.8420925335511, "Shape_Area": 80486.564474792001 }, "geometry": { "type": "Polygon", "coordinates": [ [ [ -117.029862329521535, 33.290919741243286 ], [ -117.030065046879471, 33.290715677778088 ], [ -117.030111308902008, 33.289212361025903 ], [ -117.02965671584613, 33.289203288168061 ], [ -117.029634316993437, 33.290835285402338 ], [ -117.029862329521535, 33.290919741243286 ] ] ] } },
{ "type": "Feature", "properties": { "OBJECTID": 122, "Record_Num": "AWM2014-LCP-00061", "Business_N": "BERNARD RANCHES TOO", "PRODUCER_L": "32562 RINCON RANCH RD, PAUMA VALLEY, CA  92061  APN 132-440-06-00", "Area": 5, "Shape_Length": 2913.627863396267, "Shape_Area": 206418.00327945963 }, "geometry": { "type": "Polygon", "coordinates": [ [ [ -116.948779216626647, 33.304366539421729 ], [ -116.948754235592148, 33.304383154862265 ], [ -116.945435007492051, 33.306294155724899 ], [ -116.945456556817774, 33.306860885786151 ], [ -116.947078799593967, 33.305918489228112 ], [ -116.94844311162386, 33.30512925575831 ], [ -116.948421456960261, 33.30495578969672 ], [ -116.948750243996912, 33.3048566020138 ], [ -116.948816449118752, 33.304608112912014 ], [ -116.948735925148668, 33.304486416245126 ], [ -116.948779216626647, 33.304366539421729 ] ] ] } },
{ "type": "Feature", "properties": { "OBJECTID": 123, "Record_Num": "AWM2011-LCP-00052", "Business_N": "BERNARD, VINCENT& VICKI", "PRODUCER_L": "RINCADO RD, PAUMA VALLEY CA 92061 APN 132-440-12-00", "Area": 13, "Shape_Length": 4161.0923935098072, "Shape_Area": 547804.71647654078 }, "geometry": { "type": "Polygon", "coordinates": [ [ [ -116.949503996783676, 33.303325485476734 ], [ -116.949341589961591, 33.303557433376461 ], [ -116.949332451322363, 33.303759702461583 ], [ -116.949127645632174, 33.303862985316165 ], [ -116.9490771476909, 33.303868457083816 ], [ -116.948874753689608, 33.304224157993076 ], [ -116.948794835825694, 33.304463181685023 ], [ -116.948884573459821, 33.304600094845831 ], [ -116.948782445423035, 33.304904135755777 ], [ -116.948476294702829, 33.304991744673579 ], [ -116.948516303268974, 33.305163292366039 ], [ -116.947388401516534, 33.306811019332457 ], [ -116.948050134659468, 33.307702429755288 ], [ -116.9490754358022, 33.306015194371582 ], [ -116.949269429389773, 33.30526020903222 ], [ -116.950216401609552, 33.304584956840813 ], [ -116.950920597549413, 33.30424888963374 ], [ -116.951046287589435, 33.304049686434759 ], [ -116.950829815107866, 33.303697819281744 ], [ -116.949974606712203, 33.303340010644433 ], [ -116.949503996783676, 33.303325485476734 ] ] ] } },
{ "type": "Feature", "properties": { "OBJECTID": 124, "Record_Num": "AWM2016-LCP-00074", "Business_N": "VILLALOBOS, LYNNE V", "PRODUCER_L": "32486 RINCANDO RD, PAUMA VALLEY, CA  92061  APN 132-440-14-00", "Area": 4, "Shape_Length": 1908.9398446423515, "Shape_Area": 187443.56117748754 }, "geometry": { "type": "Polygon", "coordinates": [ [ [ -116.951320236935089, 33.302311191445249 ], [ -116.951310518657593, 33.30223299365494 ], [ -116.950042638246202, 33.301713377449573 ], [ -116.949491189322089, 33.303243358250654 ], [ -116.949895886671541, 33.303258255014654 ], [ -116.949964860928787, 33.303268712689203 ], [ -116.95003706031936, 33.303005524798955 ], [ -116.950669630663256, 33.303283966326418 ], [ -116.951320236935089, 33.302311191445249 ] ] ] } },
{ "type": "Feature", "properties": { "OBJECTID": 125, "Record_Num": "AWM2011-LCP-00006", "Business_N": "VILLALOBOS, LYNNE V", "PRODUCER_L": "17166 HWY 76 PAUMA VALLEY CA 92061 APN 133-030-13-00", "Area": 6, "Shape_Length": 1946.4414297931944, "Shape_Area": 253733.02531769354 }, "geometry": { "type": "Polygon", "coordinates": [ [ [ -116.955931064717532, 33.290290526336449 ], [ -116.956236107194059, 33.290232665315045 ], [ -116.957329684963156, 33.28969457453276 ], [ -116.957335527918772, 33.28884195255344 ], [ -116.957106409837763, 33.288843257768988 ], [ -116.956631702318191, 33.288776471413094 ], [ -116.955775886868125, 33.288805393388877 ], [ -116.955785433228016, 33.288805339116912 ], [ -116.955487448695749, 33.288948685809082 ], [ -116.955536461740039, 33.289897211396422 ], [ -116.955564159674623, 33.290175013714155 ], [ -116.955931064717532, 33.290290526336449 ] ] ] } },
{ "type": "Feature", "properties": { "OBJECTID": 126, "Record_Num": "AWM2010-LCP-00001", "Business_N": "MI RANCHITO", "PRODUCER_L": "31532 COLE GRAD RD VALLEY CENTER CA  92082 APN 133-081-23-00", "Area": 3, "Shape_Length": 1784.0259949967465, "Shape_Area": 122886.53180365088 }, "geometry": { "type": "Polygon", "coordinates": [ [ [ -117.02476971478157, 33.284782583913355 ], [ -117.025672921470772, 33.284387587903019 ], [ -117.025658727772154, 33.283811278147006 ], [ -117.024924691444497, 33.283806318877716 ], [ -117.024913540275534, 33.284086953893286 ], [ -117.024506078378437, 33.284265088713539 ], [ -117.023683351048689, 33.284253041589075 ], [ -117.023680787086562, 33.284449506794708 ], [ -117.023803214433215, 33.284445062976303 ], [ -117.024003009206254, 33.284424732007331 ], [ -117.02399924089957, 33.284512551485797 ], [ -117.024078737633346, 33.284508237999304 ], [ -117.024049157565955, 33.284775756234602 ], [ -117.02476971478157, 33.284782583913355 ] ] ] } },
{ "type": "Feature", "properties": { "OBJECTID": 127, "Record_Num": "AWM2014-LCP-00064", "Business_N": "BERNARD, VINCENT& VICKI", "PRODUCER_L": "30066 COLE GRADE RD, VALLEY CENTER, CA  92082  APN 133-230-12-00", "Area": 14, "Shape_Length": 3488.4371768085575, "Shape_Area": 591091.71215307468 }, "geometry": { "type": "Polygon", "coordinates": [ [ [ -117.025062634150331, 33.259836783399436 ], [ -117.025051144491499, 33.256291605932716 ], [ -117.023600128722066, 33.256295888755069 ], [ -117.023555034587858, 33.256334341738835 ], [ -117.023560447079888, 33.259841384055804 ], [ -117.025062634150331, 33.259836783399436 ] ] ] } },
{ "type": "Feature", "properties": { "OBJECTID": 128, "Record_Num": "AWM2011-LCP-00008", "Business_N": "VILLALOBOS, LYNNE V", "PRODUCER_L": "17576 HWY 76 PAUMA VALLEY CA 92061 APN 133-260-06-00", "Area": 5, "Shape_Length": 3805.14577099908, "Shape_Area": 229177.58456578729 }, "geometry": { "type": "Polygon", "coordinates": [ [ [ -116.947025115099862, 33.298802977074054 ], [ -116.947020622057366, 33.29395613189989 ], [ -116.946574030629492, 33.294811779438078 ], [ -116.946573328935273, 33.299008777133373 ], [ -116.946788144435416, 33.299013297538977 ], [ -116.946984889226485, 33.298889089342431 ], [ -116.947025115099862, 33.298802977074054 ] ] ] } },
{ "type": "Feature", "properties": { "OBJECTID": 129, "Record_Num": "AWM2010-LCP-00249", "Business_N": "DUEL GROWERS", "PRODUCER_L": "30422 MILLER RD VALLEY CENTER CA 92082 APN 133-361-20-00", "Area": 1, "Shape_Length": 1009.3846432855283, "Shape_Area": 45484.301054968855 }, "geometry": { "type": "Polygon", "coordinates": [ [ [ -117.016804174662909, 33.256304680375678 ], [ -117.016426031941023, 33.256297580897019 ], [ -117.016414086935995, 33.256630160092278 ], [ -117.016153743702645, 33.256654717838089 ], [ -117.015914288869581, 33.256665023621252 ], [ -117.015904213382967, 33.256954612350206 ], [ -117.016807790938657, 33.256957860157193 ], [ -117.016804174662909, 33.256304680375678 ] ] ] } },
{ "type": "Feature", "properties": { "OBJECTID": 130, "Record_Num": "AWM2015-LCP-00024", "Business_N": "STROZYK, DAVID", "PRODUCER_L": "APN 135-030-33-00", "Area": 11, "Shape_Length": 3060.1003397775357, "Shape_Area": 498780.36371398787 }, "geometry": { "type": "Polygon", "coordinates": [ [ [ -116.873461175843019, 33.313953011625536 ], [ -116.873441469798081, 33.311345514982619 ], [ -116.872147925800007, 33.31164544643476 ], [ -116.872222393292674, 33.31172857334667 ], [ -116.87229278473221, 33.311893789680262 ], [ -116.872290330500903, 33.312060230347107 ], [ -116.872225919402254, 33.312208659148936 ], [ -116.872088575396944, 33.312329968912401 ], [ -116.871870946833155, 33.312413510295144 ], [ -116.871495611599329, 33.312568075041384 ], [ -116.871343815591999, 33.312703198936291 ], [ -116.871163522885709, 33.31343546799917 ], [ -116.871145241907954, 33.31367833104612 ], [ -116.871195922433571, 33.313900999357344 ], [ -116.871194429343447, 33.313946812616898 ], [ -116.872067375164349, 33.313953130550857 ], [ -116.873461175843019, 33.313953011625536 ] ] ] } },
{ "type": "Feature", "properties": { "OBJECTID": 131, "Record_Num": "AWM2012-LCP-00089", "Business_N": "NAGATA BROS FARMS", "PRODUCER_L": "4617 N RIVER RD OCEANSIDE CA 92057 APN 157-060-17-00", "Area": 15, "Shape_Length": 3524.4833044866941, "Shape_Area": 645504.39181567798 }, "geometry": { "type": "Polygon", "coordinates": [ [ [ -117.313814184923046, 33.245123130895081 ], [ -117.313793261125952, 33.241716346749264 ], [ -117.311987281637727, 33.241697461715376 ], [ -117.31221605708329, 33.245111055358862 ], [ -117.313814184923046, 33.245123130895081 ] ] ] } },
{ "type": "Feature", "properties": { "OBJECTID": 132, "Record_Num": "AWM2010-LCP-00044", "Business_N": "WILLIAMSON PRODUCE", "PRODUCER_L": "2216 IVY RD OCEANSIDE CA 92054 APN 165-210-70-00, 165-210-71-00,165-210-72-00", "Area": 1, "Shape_Length": 876.29900951919717, "Shape_Area": 31037.384141691018 }, "geometry": { "type": "Polygon", "coordinates": [ [ [ -117.339874946945642, 33.183917834327012 ], [ -117.339298684356891, 33.183667134707875 ], [ -117.339096597308085, 33.183844508034881 ], [ -117.339469289575376, 33.183920281160681 ], [ -117.339471299976609, 33.184406186578862 ], [ -117.339800898307971, 33.184443372370033 ], [ -117.339874946945642, 33.183917834327012 ] ] ] } },
{ "type": "Feature", "properties": { "OBJECTID": 133, "Record_Num": "AWM2016-LCP-00032", "Business_N": "LOMIGLIO, KARLA", "PRODUCER_L": "2396 LAFAYETTE CT., CARLSBAD, CA  92010  APN  167-370-17-00", "Area": 0, "Shape_Length": 322.07375707216721, "Shape_Area": 6179.2149327506622 }, "geometry": { "type": "Polygon", "coordinates": [ [ [ -117.320360459630578, 33.169721262170015 ], [ -117.32036393343742, 33.16972695821152 ], [ -117.320524979790818, 33.169533745516574 ], [ -117.320412854923788, 33.169384118086526 ], [ -117.320404830974738, 33.169387844815247 ], [ -117.320215331917481, 33.169489740545444 ], [ -117.32020722528982, 33.169494688927671 ], [ -117.320360459630578, 33.169721262170015 ] ] ] } },
{ "type": "Feature", "properties": { "OBJECTID": 134, "Record_Num": "AWM2010-LCP-00047", "Business_N": "VENEGAS, IGNACIO & LEONILA", "PRODUCER_L": "1292 NAVAL PLACE VISTA 92083 APN 169-120-14-00", "Area": 2, "Shape_Length": 1405.9211187641299, "Shape_Area": 100131.57895120888 }, "geometry": { "type": "Polygon", "coordinates": [ [ [ -117.251851962306134, 33.177047592494084 ], [ -117.25140505929393, 33.176173215375997 ], [ -117.251361583491885, 33.175844321069967 ], [ -117.251191156720822, 33.175826611392438 ], [ -117.251157768715089, 33.175884140927309 ], [ -117.251061752066505, 33.175923089205696 ], [ -117.25096505554572, 33.175902397899158 ], [ -117.25080368325149, 33.175932330585944 ], [ -117.250935874638586, 33.177074078496986 ], [ -117.250977334013712, 33.177226436582771 ], [ -117.251851962306134, 33.177047592494084 ] ] ] } },
{ "type": "Feature", "properties": { "OBJECTID": 135, "Record_Num": "AWM2010-LCP-00130", "Business_N": "CAROL'S GARDEN", "PRODUCER_L": "3597 KELLINGTON CT. OCEANSIDE, CA 92056, APN 169-271-30-00", "Area": 0, "Shape_Length": 313.5022672893765, "Shape_Area": 6135.7861742649302 }, "geometry": { "type": "Polygon", "coordinates": [ [ [ -117.270935605536991, 33.177674654459551 ], [ -117.270942058942211, 33.177390770182704 ], [ -117.270786717881151, 33.177390681305802 ], [ -117.270677218139724, 33.177485965330625 ], [ -117.270722039823255, 33.177563563737216 ], [ -117.270866560282698, 33.177682061724148 ], [ -117.270935605536991, 33.177674654459551 ] ] ] } },
{ "type": "Feature", "properties": { "OBJECTID": 136, "Record_Num": "AWM2015-LCP-00056", "Business_N": "GoSPIRAL LLC", "PRODUCER_L": "3472 FAIRVIEW DR., VISTA, CA  92084  APN 170-061-71-00", "Area": 6, "Shape_Length": 3281.3242369909335, "Shape_Area": 273185.18411362654 }, "geometry": { "type": "Polygon", "coordinates": [ [ [ -117.226587834259263, 33.255974769727658 ], [ -117.226557350657174, 33.25597285991585 ], [ -117.226392256260766, 33.256178503155127 ], [ -117.226391129896513, 33.256262613632799 ], [ -117.228651636417325, 33.256273437120228 ], [ -117.228742508880401, 33.256070404209993 ], [ -117.229285459292782, 33.255867621545349 ], [ -117.229204889459211, 33.255772825564172 ], [ -117.22925092584758, 33.255217046799906 ], [ -117.229164608742892, 33.255217727905396 ], [ -117.228912289061086, 33.255406765087486 ], [ -117.228704012419072, 33.25547139392863 ], [ -117.228572327925121, 33.255478158332039 ], [ -117.228374322076448, 33.2554453631261 ], [ -117.228171239868857, 33.255364893095205 ], [ -117.228024520074712, 33.255245804219378 ], [ -117.226932978326985, 33.255145609543121 ], [ -117.22640600764781, 33.255151665895035 ], [ -117.226395605362129, 33.255928392888208 ], [ -117.226511746113687, 33.255874209928926 ], [ -117.226500469417232, 33.255677708373689 ], [ -117.226701523263557, 33.255372651357263 ], [ -117.226785697423296, 33.255383440678855 ], [ -117.226734877556765, 33.255511719916434 ], [ -117.226922015216914, 33.255588501730159 ], [ -117.226793757726597, 33.255902529025022 ], [ -117.226926172142726, 33.256164879105825 ], [ -117.226803807077772, 33.256192563905351 ], [ -117.226587834259263, 33.255974769727658 ] ] ] } },
{ "type": "Feature", "properties": { "OBJECTID": 137, "Record_Num": "AWM2010-LCP-00253", "Business_N": "MARIA'S FLOWERS", "PRODUCER_L": "2738 E VISTA WAY VISTA CA 92084 APN 170-151-19-00", "Area": 1, "Shape_Length": 951.22675772914715, "Shape_Area": 53294.165743885096 }, "geometry": { "type": "Polygon", "coordinates": [ [ [ -117.228020823970468, 33.244373682122173 ], [ -117.228072245297213, 33.244349144027254 ], [ -117.228099351779392, 33.244333244007628 ], [ -117.227926584795128, 33.244164469857203 ], [ -117.22770371177937, 33.244009362734474 ], [ -117.227441307752628, 33.243914899012225 ], [ -117.227140611383263, 33.243992078716587 ], [ -117.226882708326897, 33.244043582409113 ], [ -117.227085126975382, 33.244553603712234 ], [ -117.228020823970468, 33.244373682122173 ] ] ] } },
{ "type": "Feature", "properties": { "OBJECTID": 138, "Record_Num": "AWM2010-LCP-00251", "Business_N": "MARIA'S FLOWERS", "PRODUCER_L": "2525 PRUETT DR VISTA CA 92084 APN 171-011-40-00", "Area": 0, "Shape_Length": 422.93348052407976, "Shape_Area": 10904.436352190367 }, "geometry": { "type": "Polygon", "coordinates": [ [ [ -117.243034894030046, 33.24087000163864 ], [ -117.242911954725287, 33.240627864721993 ], [ -117.242541879079269, 33.240729146896548 ], [ -117.242675221040585, 33.240950642557003 ], [ -117.243039249684529, 33.240878904658167 ], [ -117.243034894030046, 33.24087000163864 ] ] ] } },
{ "type": "Feature", "properties": { "OBJECTID": 139, "Record_Num": "AWM2012-LCP-00100", "Business_N": "RIVERA'S GARDEN TREASURES", "PRODUCER_L": "2562 HUTCHISON ST., VISTA CA 92084 APN 171-011-57-00", "Area": 1, "Shape_Length": 1157.0253600632966, "Shape_Area": 58914.487993719587 }, "geometry": { "type": "Polygon", "coordinates": [ [ [ -117.241966304643569, 33.240643262874912 ], [ -117.24227876210378, 33.240475856384421 ], [ -117.241960169539411, 33.239940928200149 ], [ -117.241943875033442, 33.239464659157917 ], [ -117.241375052351117, 33.239456989848883 ], [ -117.241381450612366, 33.239701246195999 ], [ -117.241430520272786, 33.239862708005084 ], [ -117.241554525601572, 33.24004304998013 ], [ -117.241875337390994, 33.240456185537283 ], [ -117.241884584324794, 33.240466068441982 ], [ -117.24194026578374, 33.24056566677308 ], [ -117.241966304643569, 33.240643262874912 ] ] ] } },
{ "type": "Feature", "properties": { "OBJECTID": 140, "Record_Num": "AWM2014-LCP-00056", "Business_N": "MARIA'S FLOWERS", "PRODUCER_L": "2435 PRUETT DR., VISTA CA  92084  APN 171-011-58-00", "Area": 1, "Shape_Length": 1047.5440712932796, "Shape_Area": 58550.631207081235 }, "geometry": { "type": "Polygon", "coordinates": [ [ [ -117.242536963547977, 33.23932935287673 ], [ -117.24272410221073, 33.239247692492718 ], [ -117.242863407973857, 33.239043874004686 ], [ -117.242774354839455, 33.239012867579376 ], [ -117.242704084149125, 33.23897378196007 ], [ -117.242824947426101, 33.238814222469159 ], [ -117.241949164035589, 33.238805367877333 ], [ -117.241993547237485, 33.239558326189659 ], [ -117.242502756226855, 33.239527293282414 ], [ -117.242515549688221, 33.23952420714032 ], [ -117.242535027995501, 33.239340551532976 ], [ -117.242536963547977, 33.23932935287673 ] ] ] } },
{ "type": "Feature", "properties": { "OBJECTID": 141, "Record_Num": "AWM2010-LCP-00234", "Business_N": "KORAL'S TROPICAL FRUIT FARM", "PRODUCER_L": "2344 WARMLANDS VISTA CA 92084 APN 171-240-19-00", "Area": 1, "Shape_Length": 749.68139005527837, "Shape_Area": 31389.644668522829 }, "geometry": { "type": "Polygon", "coordinates": [ [ [ -117.223223018450867, 33.232542093217781 ], [ -117.223252937299151, 33.23198800697979 ], [ -117.222610607725784, 33.232117806629205 ], [ -117.222607388292744, 33.232327712296403 ], [ -117.222729485900445, 33.232327920965083 ], [ -117.222720781466592, 33.232543700174915 ], [ -117.223223018450867, 33.232542093217781 ] ] ] } },
{ "type": "Feature", "properties": { "OBJECTID": 142, "Record_Num": "AWM2015-LCP-00051", "Business_N": "CALGRO", "PRODUCER_L": "844 OSBORNE ST., VISTA, CA  92084  APN 171-340-40-00", "Area": 1, "Shape_Length": 753.76781569336868, "Shape_Area": 30382.565886253076 }, "geometry": { "type": "Polygon", "coordinates": [ [ [ -117.232735913173443, 33.238723242513608 ], [ -117.232733453876762, 33.2382922710472 ], [ -117.232353444651011, 33.238283308231942 ], [ -117.23234256109113, 33.238159684373159 ], [ -117.232166869378588, 33.238161075298095 ], [ -117.232163746848116, 33.238729768650821 ], [ -117.232735913173443, 33.238723242513608 ] ] ] } },
{ "type": "Feature", "properties": { "OBJECTID": 143, "Record_Num": "AWM2010-LCP-00076", "Business_N": "ALFREDO HIDALGO FLOWERS", "PRODUCER_L": "3002 GOPHER CANYON RD VISTA CA 92084 APN 172-013-12-00", "Area": 3, "Shape_Length": 2317.2698275051739, "Shape_Area": 143723.9431418282 }, "geometry": { "type": "Polygon", "coordinates": [ [ [ -117.186731153773977, 33.252850658541561 ], [ -117.186712659796612, 33.253970932818056 ], [ -117.186913780561596, 33.253996371349722 ], [ -117.187052995015932, 33.254056396205343 ], [ -117.187135952841516, 33.254166470854479 ], [ -117.187188753585318, 33.254005746804097 ], [ -117.187366135030146, 33.254023493699499 ], [ -117.187342802041044, 33.254178269344138 ], [ -117.187365925765022, 33.254216267067896 ], [ -117.187525073720948, 33.25422842556317 ], [ -117.187543776393213, 33.254277909363687 ], [ -117.187469429738286, 33.254335730069918 ], [ -117.187118863322226, 33.254267758137729 ], [ -117.18670903766224, 33.254190338902333 ], [ -117.186703579975855, 33.254520925213164 ], [ -117.187637373892855, 33.25453295891716 ], [ -117.187653727689806, 33.253301764205588 ], [ -117.18765598235818, 33.253087979768097 ], [ -117.187457813433866, 33.253037942945497 ], [ -117.186881355834146, 33.252876245216534 ], [ -117.186731153773977, 33.252850658541561 ] ] ] } },
{ "type": "Feature", "properties": { "OBJECTID": 144, "Record_Num": "AWM2010-LCP-00242", "Business_N": "RANCHO GARCIA NURSERY", "PRODUCER_L": "1640 BONAIR RD VISTA CA 92084 APN 173-070-30-00", "Area": 1, "Shape_Length": 1138.2030294630115, "Shape_Area": 63995.332985027148 }, "geometry": { "type": "Polygon", "coordinates": [ [ [ -117.220522160499556, 33.224830182735133 ], [ -117.220510331562764, 33.223966519964797 ], [ -117.219710809961413, 33.2239252092226 ], [ -117.21969369091525, 33.224423809332855 ], [ -117.220065065642075, 33.224436125985378 ], [ -117.220067203487019, 33.224833741250208 ], [ -117.220522160499556, 33.224830182735133 ] ] ] } },
{ "type": "Feature", "properties": { "OBJECTID": 145, "Record_Num": "AWM2010-LCP-00048", "Business_N": "VIERECK, LUISA & ALBERT", "PRODUCER_L": "1774 QUEENS WAY VISTA CA 92084 APN 174-020-45-00", "Area": 0, "Shape_Length": 542.56133215526938, "Shape_Area": 13950.898392594139 }, "geometry": { "type": "Polygon", "coordinates": [ [ [ -117.216933961199373, 33.224188339212049 ], [ -117.217108553850906, 33.224164073539839 ], [ -117.216938903063095, 33.223607115843521 ], [ -117.216681063795704, 33.223701695344197 ], [ -117.216933961199373, 33.224188339212049 ] ] ] } },
{ "type": "Feature", "properties": { "OBJECTID": 146, "Record_Num": "AWM2010-LCP-00202", "Business_N": "WEAMER,  JOSEFINA", "PRODUCER_L": "1663 VALE TERRACE DR VISTA CA 92084 APN 177-022-10-00", "Area": 0, "Shape_Length": 618.94440848880754, "Shape_Area": 21084.589989932068 }, "geometry": { "type": "Polygon", "coordinates": [ [ [ -117.214784228136224, 33.20637846354083 ], [ -117.214782861678657, 33.206170420997481 ], [ -117.214086667314277, 33.206179715687362 ], [ -117.21409186528011, 33.206232464957552 ], [ -117.214156113617733, 33.20653240038213 ], [ -117.214784228136224, 33.20637846354083 ] ] ] } },
{ "type": "Feature", "properties": { "OBJECTID": 147, "Record_Num": "AWM2010-LCP-00238", "Business_N": "WHOLE EARTH ACRE NURSERY", "PRODUCER_L": "2704 OLEANDER AVE VISTA CA 92083 APN 217-180-13-00", "Area": 1, "Shape_Length": 630.14674497693545, "Shape_Area": 23412.253039280065 }, "geometry": { "type": "Polygon", "coordinates": [ [ [ -117.216235735665435, 33.157168357038302 ], [ -117.215919136816709, 33.156978430500864 ], [ -117.215541390717434, 33.157417694495194 ], [ -117.215872891047582, 33.157600634699946 ], [ -117.216235735665435, 33.157168357038302 ] ] ] } },
{ "type": "Feature", "properties": { "OBJECTID": 148, "Record_Num": "AWM2010-LCP-00101", "Business_N": "TRIPLE R NURSERY", "PRODUCER_L": "2053 EDGEHILL RD VISTA CA 92084 APN 178-010-45-00", "Area": 1, "Shape_Length": 837.67198634876672, "Shape_Area": 38107.900099573359 }, "geometry": { "type": "Polygon", "coordinates": [ [ [ -117.206621991015169, 33.211932459682259 ], [ -117.206651525084027, 33.211146446483482 ], [ -117.206214075555195, 33.211132957477332 ], [ -117.206186488185622, 33.21191389596499 ], [ -117.206621991015169, 33.211932459682259 ] ] ] } },
{ "type": "Feature", "properties": { "OBJECTID": 149, "Record_Num": "AWM2010-LCP-00026", "Business_N": "DUBOS, GISELE", "PRODUCER_L": "2128 DON'S WAY VISTA CA 92084 APN 178-060-32-00", "Area": 0, "Shape_Length": 518.02331495345902, "Shape_Area": 14671.718417683269 }, "geometry": { "type": "Polygon", "coordinates": [ [ [ -117.203750893215982, 33.197877012547956 ], [ -117.203836237863982, 33.197634938250971 ], [ -117.203266444906319, 33.197600281062044 ], [ -117.203197902790734, 33.197814488752691 ], [ -117.203750893215982, 33.197877012547956 ] ] ] } },
{ "type": "Feature", "properties": { "OBJECTID": 150, "Record_Num": "AWM2010-LCP-00133", "Business_N": "RIVAS FARMS", "PRODUCER_L": "804 VALLEY DR VISTA CA 92084 APN 181-012-08-00", "Area": 1, "Shape_Length": 1131.1396010892497, "Shape_Area": 60463.660509577188 }, "geometry": { "type": "Polygon", "coordinates": [ [ [ -117.211769767145057, 33.195513667823889 ], [ -117.211824450528724, 33.195518165331535 ], [ -117.211810098219686, 33.195277126312284 ], [ -117.211458537167033, 33.195245402050844 ], [ -117.211469089588121, 33.194784346277089 ], [ -117.211193870423443, 33.194774996319602 ], [ -117.210926941862681, 33.194809874280871 ], [ -117.210664641729792, 33.195445130795399 ], [ -117.211769767145057, 33.195513667823889 ] ] ] } },
{ "type": "Feature", "properties": { "OBJECTID": 151, "Record_Num": "AWM2012-LCP-00103", "Business_N": "SOLUTIONS FARMS", "PRODUCER_L": "948 LA RUEDA DR VISTA CA 92084 APN 181-041-09/10/13/14-00", "Area": 2, "Shape_Length": 1124.3545225086846, "Shape_Area": 71243.869596036515 }, "geometry": { "type": "Polygon", "coordinates": [ [ [ -117.197709640126462, 33.193934527949089 ], [ -117.197702108184998, 33.193867782126802 ], [ -117.196821312461495, 33.1938687843057 ], [ -117.196819977073318, 33.193905313453378 ], [ -117.196818595302233, 33.193943108976526 ], [ -117.196814870901164, 33.19411314138555 ], [ -117.196599523055042, 33.194117138896381 ], [ -117.196621508364601, 33.194496348303083 ], [ -117.197711166694134, 33.194495660535146 ], [ -117.197714612667653, 33.194394475106428 ], [ -117.197709640126462, 33.193934527949089 ] ] ] } },
{ "type": "Feature", "properties": { "OBJECTID": 152, "Record_Num": "AWM2012-LCP-00058", "Business_N": "JOSE ZAMORA", "PRODUCER_L": "1049 VIA CONCA DORO ST VISTA CA 92084 APN 181-270-55-00", "Area": 3, "Shape_Length": 1433.9070851003382, "Shape_Area": 113294.04330863479 }, "geometry": { "type": "Polygon", "coordinates": [ [ [ -117.178154159062203, 33.192156859424799 ], [ -117.178135181025709, 33.191436485580823 ], [ -117.177397533276121, 33.191179565007772 ], [ -117.176672903143654, 33.19108000626224 ], [ -117.176572637121254, 33.191526903029086 ], [ -117.177140372459107, 33.191816114667887 ], [ -117.177163223001529, 33.191830258681321 ], [ -117.178154159062203, 33.192156859424799 ] ] ] } },
{ "type": "Feature", "properties": { "OBJECTID": 153, "Record_Num": "AWM2016-LCP-00003", "Business_N": "SAINT MUSHROOM", "PRODUCER_L": "2705 Sarver Ln, San Marcos, CA  92069  APN 182-020-37-00", "Area": 2, "Shape_Length": 1108.4244697203137, "Shape_Area": 66667.599494577589 }, "geometry": { "type": "Polygon", "coordinates": [ [ [ -117.150930789215565, 33.196220700317241 ], [ -117.150540367080012, 33.196067542845725 ], [ -117.150052232009543, 33.196391175885644 ], [ -117.149965173245576, 33.196539938812194 ], [ -117.149863953045511, 33.196702227449244 ], [ -117.150624091337093, 33.197044343537698 ], [ -117.150801906017975, 33.196832980843304 ], [ -117.150618129670036, 33.196729135281991 ], [ -117.151007648094193, 33.196318985875848 ], [ -117.150930789215565, 33.196220700317241 ] ] ] } },
{ "type": "Feature", "properties": { "OBJECTID": 154, "Record_Num": "AWM2010-LCP-00046", "Business_N": "VENEGAS, IGNACIO & LEONILA", "PRODUCER_L": "581 SYCAMORE DR SAN MARCOS, CA  92069 APN 182-074-08-00", "Area": 5, "Shape_Length": 1952.0964604817714, "Shape_Area": 206722.66971499531 }, "geometry": { "type": "Polygon", "coordinates": [ [ [ -117.14980936927293, 33.183542737429057 ], [ -117.147957691460789, 33.184479469421241 ], [ -117.148490138575411, 33.185215213792368 ], [ -117.150355767688851, 33.184254514028751 ], [ -117.14980936927293, 33.183542737429057 ] ] ] } },
{ "type": "Feature", "properties": { "OBJECTID": 155, "Record_Num": "AWM2016-LCP-00056", "Business_N": "ELI'S FARMS", "PRODUCER_L": "2075 N. TWIN OAKS VALLEY RD, FALLBROOK, CA  92028  APN 182-082-01-00", "Area": 4, "Shape_Length": 1705.3706953729134, "Shape_Area": 162415.28519321655 }, "geometry": { "type": "Polygon", "coordinates": [ [ [ -117.154678914838343, 33.180198976859067 ], [ -117.156391443789303, 33.18074938562485 ], [ -117.156734219917851, 33.180004183258475 ], [ -117.154986748625376, 33.179462875714115 ], [ -117.154678914838343, 33.180198976859067 ] ] ] } },
{ "type": "Feature", "properties": { "OBJECTID": 156, "Record_Num": "AWM2010-LCP-00135", "Business_N": "RIVAS FARMS", "PRODUCER_L": "2108 LOW CHAPARRAL DR, SAN MARCOS CA 92069 APN 182-140-78-00", "Area": 10, "Shape_Length": 3432.5439196487832, "Shape_Area": 429831.23131251667 }, "geometry": { "type": "Polygon", "coordinates": [ [ [ -117.140421200568042, 33.182510046171878 ], [ -117.140355789488567, 33.182327286042238 ], [ -117.140105701974392, 33.18228709113032 ], [ -117.139900039603916, 33.182151144971279 ], [ -117.140145127348291, 33.181698944156331 ], [ -117.140784852329858, 33.181663811248491 ], [ -117.140815897058147, 33.179804564997646 ], [ -117.140500601040983, 33.179600696248315 ], [ -117.14037641618296, 33.179441261028082 ], [ -117.140345499038091, 33.179078840209989 ], [ -117.139920061374383, 33.179204048089154 ], [ -117.139531012244262, 33.179336627417783 ], [ -117.139395922586033, 33.179444481229289 ], [ -117.139275176567295, 33.181861695686948 ], [ -117.139561189645931, 33.18186346194264 ], [ -117.139339336184321, 33.182368936356447 ], [ -117.139883896410467, 33.182349759526552 ], [ -117.140421200568042, 33.182510046171878 ] ] ] } },
{ "type": "Feature", "properties": { "OBJECTID": 157, "Record_Num": "AWM2014-LCP-00004", "Business_N": "R & L FARMS", "PRODUCER_L": "2480 Tamara Ln, San Marcos, CA  92069, APN 182-170-04-00", "Area": 1, "Shape_Length": 1229.3221795243817, "Shape_Area": 42113.406787591666 }, "geometry": { "type": "Polygon", "coordinates": [ [ [ -117.170904756899418, 33.193211722511627 ], [ -117.170894308267762, 33.19286537982336 ], [ -117.170576384603919, 33.193071011234991 ], [ -117.170352549505907, 33.193119918453796 ], [ -117.16985082612878, 33.192721386175563 ], [ -117.169642649340133, 33.192677122684337 ], [ -117.16947378719621, 33.192705104631031 ], [ -117.169525228504554, 33.193135436488816 ], [ -117.170264218431015, 33.19317639514383 ], [ -117.170904756899418, 33.193211722511627 ] ] ] } },
{ "type": "Feature", "properties": { "OBJECTID": 158, "Record_Num": "AWM2014-LCP-00055", "Business_N": "MARIA'S FLOWERS", "PRODUCER_L": "720 Buena Creek Rd, San Marcos, CA  92069  APN 182-200-27-00", "Area": 1, "Shape_Length": 953.95089060314103, "Shape_Area": 56708.936659332947 }, "geometry": { "type": "Polygon", "coordinates": [ [ [ -117.169821861198372, 33.184244540335122 ], [ -117.169783981977048, 33.183663064341403 ], [ -117.169174053630542, 33.183682856163557 ], [ -117.16889309417553, 33.183730746177034 ], [ -117.168918572677143, 33.184255818605749 ], [ -117.169821861198372, 33.184244540335122 ] ] ] } },
{ "type": "Feature", "properties": { "OBJECTID": 159, "Record_Num": "AWM2013-LCP-00045", "Business_N": "ROWE FAMILY FARMS", "PRODUCER_L": "265 W LA CIENEGA RD, SAN MARCOS, CA  92069, APN 182-210-22-00", "Area": 3, "Shape_Length": 1360.0491666035837, "Shape_Area": 113421.99955798278 }, "geometry": { "type": "Polygon", "coordinates": [ [ [ -117.165076369871315, 33.17222546627395 ], [ -117.165092182604795, 33.173434462044355 ], [ -117.165980357198521, 33.173430590379304 ], [ -117.165964144908799, 33.172490288979915 ], [ -117.165619642129656, 33.172237577135363 ], [ -117.165076369871315, 33.17222546627395 ] ] ] } },
{ "type": "Feature", "properties": { "OBJECTID": 160, "Record_Num": "AWM2012-LCP-00014", "Business_N": "WONDERLAND PRODUCE", "PRODUCER_L": "805 MAR VISTA DR VISTA CA 92081 APN 183-012-19-00", "Area": 2, "Shape_Length": 1491.3947653578164, "Shape_Area": 87456.399793512624 }, "geometry": { "type": "Polygon", "coordinates": [ [ [ -117.240262130656703, 33.181892946343773 ], [ -117.241142435648513, 33.180827447898459 ], [ -117.24064475964127, 33.180714646706278 ], [ -117.240534257767777, 33.180872062597416 ], [ -117.240454478977867, 33.18113358923388 ], [ -117.240248420454918, 33.181202321075553 ], [ -117.239746181618827, 33.181208815466974 ], [ -117.23983672424599, 33.181377049746644 ], [ -117.239530295986569, 33.18145403531009 ], [ -117.239577333281915, 33.181694671467305 ], [ -117.240262130656703, 33.181892946343773 ] ] ] } },
{ "type": "Feature", "properties": { "OBJECTID": 161, "Record_Num": "AWM2016-LCP-00035", "Business_N": "VENEGAS, IGNACIO & LEONILA", "PRODUCER_L": "2158 BUENA CREEK RD, VISTA, CA  92084  APN 184-050-35-00", "Area": 1, "Shape_Length": 617.2780451549728, "Shape_Area": 22186.257016056592 }, "geometry": { "type": "Polygon", "coordinates": [ [ [ -117.20431387350142, 33.180726939792343 ], [ -117.204507615547044, 33.180548750589764 ], [ -117.204001009662832, 33.180216924969315 ], [ -117.203903090065566, 33.180511437481108 ], [ -117.203862218209451, 33.180738145743291 ], [ -117.20431387350142, 33.180726939792343 ] ] ] } },
{ "type": "Feature", "properties": { "OBJECTID": 162, "Record_Num": "AWM2014-LCP-00070", "Business_N": "ACE ASSOCIATION LLC", "PRODUCER_L": "9362 OLD CASTLE RD, VALLEY CENTER, CA  92082  APN 185-240-11-00", "Area": 4, "Shape_Length": 3238.3544293862215, "Shape_Area": 163903.27917672144 }, "geometry": { "type": "Polygon", "coordinates": [ [ [ -117.131403475008554, 33.251688447687037 ], [ -117.131181625696755, 33.251651851027766 ], [ -117.13101520982211, 33.25176277925226 ], [ -117.13078568153999, 33.251809738646038 ], [ -117.130635726213796, 33.251863289834269 ], [ -117.130516307534364, 33.251847436621034 ], [ -117.130331991554328, 33.251872602759356 ], [ -117.130346811214935, 33.251934527369201 ], [ -117.130577227320302, 33.251975836596642 ], [ -117.130830142606115, 33.251995514103449 ], [ -117.130955456430584, 33.252032796757973 ], [ -117.131081226253812, 33.252115406970276 ], [ -117.131197949889611, 33.252145593476214 ], [ -117.131195878300332, 33.252221953530452 ], [ -117.130499309572556, 33.252133852036401 ], [ -117.130438964147885, 33.252062706730143 ], [ -117.130350633636212, 33.252032318085405 ], [ -117.130262710699071, 33.252042484638586 ], [ -117.130182491260456, 33.251971480185908 ], [ -117.13008006043097, 33.251950734191325 ], [ -117.129997695635808, 33.25194893327766 ], [ -117.129982948097393, 33.251894164111278 ], [ -117.130940146922654, 33.251621570061687 ], [ -117.130911531602692, 33.2516179814982 ], [ -117.130479430524545, 33.251568561267135 ], [ -117.12973519775835, 33.251540438418921 ], [ -117.128945752540119, 33.251534103853508 ], [ -117.128963180193324, 33.251856061475429 ], [ -117.129196722234397, 33.251925980506527 ], [ -117.129624320208322, 33.252092341515826 ], [ -117.129826749840788, 33.252174408664168 ], [ -117.129983703195094, 33.25225202701764 ], [ -117.130295036004597, 33.252433524846793 ], [ -117.130607745686973, 33.252469478352715 ], [ -117.131287641213959, 33.252593483951742 ], [ -117.131382762989702, 33.252452047356996 ], [ -117.131412730373214, 33.252043864326751 ], [ -117.131403475008554, 33.251688447687037 ] ] ] } },
{ "type": "Feature", "properties": { "OBJECTID": 163, "Record_Num": "AWM2010-LCP-00088", "Business_N": "MOUNTAIN MEADOW MUSHROOM CORP.", "PRODUCER_L": "26948 N BROADWAY ESCONDIDO CA 92026 APN 186-121-31-00", "Area": 7, "Shape_Length": 2434.0899158688412, "Shape_Area": 322180.83855592815 }, "geometry": { "type": "Polygon", "coordinates": [ [ [ -117.090676869875537, 33.20077917718136 ], [ -117.090653888389198, 33.200157081156632 ], [ -117.091347648106051, 33.200198866363813 ], [ -117.091304013453367, 33.199641281320815 ], [ -117.091231118836234, 33.199137536013417 ], [ -117.089257024025912, 33.199097268815741 ], [ -117.089370706560061, 33.200752263128607 ], [ -117.090676869875537, 33.20077917718136 ] ] ] } },
{ "type": "Feature", "properties": { "OBJECTID": 164, "Record_Num": "AWM2013-LCP-00060", "Business_N": "BEHNEMAN FAMILY FARMS", "PRODUCER_L": "12717 Mirar De Valle Rd, VCntr, CA  92028 APN 186-140-42-00", "Area": 6, "Shape_Length": 2988.2370658309856, "Shape_Area": 244147.71020557647 }, "geometry": { "type": "Polygon", "coordinates": [ [ [ -117.056841351702531, 33.210642433668944 ], [ -117.057106427396704, 33.209397824125773 ], [ -117.055838081412958, 33.209399872740256 ], [ -117.054645365926092, 33.209206150957918 ], [ -117.054746331438054, 33.210163230252135 ], [ -117.055092816747973, 33.210151683245108 ], [ -117.055428839224035, 33.210205291542188 ], [ -117.055769545974229, 33.210367349952307 ], [ -117.056117257704727, 33.21048906977304 ], [ -117.056556630846984, 33.210554401834514 ], [ -117.056519712043752, 33.210148611459061 ], [ -117.056389500454344, 33.210022380606688 ], [ -117.056286266410325, 33.210023051734296 ], [ -117.056208214486546, 33.209955370671608 ], [ -117.056192155710008, 33.209812899829906 ], [ -117.056328228683668, 33.20977482144778 ], [ -117.05673192755188, 33.209970562361896 ], [ -117.056688739712627, 33.210085523094421 ], [ -117.056578303552897, 33.210104838230976 ], [ -117.056609284453671, 33.210570681602924 ], [ -117.056841351702531, 33.210642433668944 ] ] ] } },
{ "type": "Feature", "properties": { "OBJECTID": 165, "Record_Num": "AWM2010-LCP-00164", "Business_N": "ROOTS N' FRUITS", "PRODUCER_L": "12909 MIRAR DE VALLE VALLEY CENTER CA 92082 APN 186-140-58-00", "Area": 3, "Shape_Length": 1524.6576881262408, "Shape_Area": 114893.05954617677 }, "geometry": { "type": "Polygon", "coordinates": [ [ [ -117.05263932027097, 33.208772244715483 ], [ -117.053757891966754, 33.208787341890428 ], [ -117.054484656552532, 33.208341394046769 ], [ -117.054465419730107, 33.208175822766798 ], [ -117.052454279547916, 33.208155339605334 ], [ -117.05248647711349, 33.208285454027333 ], [ -117.05263932027097, 33.208772244715483 ] ] ] } },
{ "type": "Feature", "properties": { "OBJECTID": 166, "Record_Num": "AWM2010-LCP-00120", "Business_N": "RANCHO MEXICO LINDO", "PRODUCER_L": "12912 RANCHO VISTA CT VALLEY CENTER CA 92082 APN 186-210-26-00", "Area": 9, "Shape_Length": 2554.3883878390393, "Shape_Area": 407189.53267336154 }, "geometry": { "type": "Polygon", "coordinates": [ [ [ -117.046561057715095, 33.214866439316161 ], [ -117.04664477192361, 33.213187534859664 ], [ -117.044445493339339, 33.213147383648376 ], [ -117.044435118820971, 33.214851136719737 ], [ -117.046561057715095, 33.214866439316161 ] ] ] } },
{ "type": "Feature", "properties": { "OBJECTID": 167, "Record_Num": "AWM2010-LCP-00205", "Business_N": "CARRANZA, EMILIO", "PRODUCER_L": "13056 MIRAR DE VALLE VALLEY CENTER CA 92082 APN 186-210-61-00", "Area": 5, "Shape_Length": 2171.2990648547157, "Shape_Area": 209576.05995139561 }, "geometry": { "type": "Polygon", "coordinates": [ [ [ -117.047156522077429, 33.212200711078182 ], [ -117.047125186635327, 33.212250536375663 ], [ -117.046763674047924, 33.212056154289876 ], [ -117.046743881561284, 33.213016437769788 ], [ -117.046791961201791, 33.213060026960193 ], [ -117.047863703423374, 33.213062681348951 ], [ -117.048023827351116, 33.211446951964305 ], [ -117.046776970180261, 33.211411069793257 ], [ -117.046766313734906, 33.211928101450468 ], [ -117.047039340515312, 33.212048773638806 ], [ -117.047122782374331, 33.212177139850468 ], [ -117.047156522077429, 33.212200711078182 ] ] ] } },
{ "type": "Feature", "properties": { "OBJECTID": 168, "Record_Num": "AWM2016-LCP-00015", "Business_N": "PATEL, MARGI", "PRODUCER_L": "11544 TURNER HEIGHTS DR, ESCONDIDO, CA  92026  APN 186-601-09-00", "Area": 22, "Shape_Length": 4432.7069835419434, "Shape_Area": 972918.49851398496 }, "geometry": { "type": "Polygon", "coordinates": [ [ [ -117.083211896010155, 33.22238776899357 ], [ -117.083173114434217, 33.217950462970357 ], [ -117.082097403801484, 33.218014942436355 ], [ -117.081378385256585, 33.217979682433743 ], [ -117.081218254342318, 33.217975029696063 ], [ -117.0811850029244, 33.222369874238026 ], [ -117.083211896010155, 33.22238776899357 ] ] ] } },
{ "type": "Feature", "properties": { "OBJECTID": 169, "Record_Num": "AWM2016-LCP-00041", "Business_N": "HISTORIC FOODS", "PRODUCER_L": "30353 MILLER RD, VALLEY CENTER, CA  92082  APN 188-120-27-00", "Area": 6, "Shape_Length": 2353.8589497338603, "Shape_Area": 257570.95595142533 }, "geometry": { "type": "Polygon", "coordinates": [ [ [ -117.01788870196927, 33.254997003509175 ], [ -117.017960421292941, 33.252683320783184 ], [ -117.016955262963265, 33.252686674276099 ], [ -117.016884443296561, 33.255106278484035 ], [ -117.017121728506396, 33.254964529154364 ], [ -117.01788870196927, 33.254997003509175 ] ] ] } },
{ "type": "Feature", "properties": { "OBJECTID": 170, "Record_Num": "AWM2010-LCP-00106", "Business_N": "BURNS, BRUCE", "PRODUCER_L": "14555 FRUITVALE RD VALLEY CENTER CA 92082, APN 188-240-11/46-00", "Area": 3, "Shape_Length": 1388.8698802013869, "Shape_Area": 109178.56149783834 }, "geometry": { "type": "Polygon", "coordinates": [ [ [ -117.015936919277152, 33.241986631064947 ], [ -117.016039718654426, 33.240721707369417 ], [ -117.01521772835315, 33.240750113919795 ], [ -117.015178412910132, 33.241969961311746 ], [ -117.015936919277152, 33.241986631064947 ] ] ] } },
{ "type": "Feature", "properties": { "OBJECTID": 171, "Record_Num": "AWM2016-LCP-00034", "Business_N": "DEEP ROOTS", "PRODUCER_L": "15821 FRUITVALE RD., VALLEY CENTER, CA  92082  APN 188-331-28-00", "Area": 2, "Shape_Length": 1614.1310056273815, "Shape_Area": 78623.449557043568 }, "geometry": { "type": "Polygon", "coordinates": [ [ [ -116.987382982088874, 33.24129602747432 ], [ -116.987359878330878, 33.241905012044526 ], [ -116.987917694843802, 33.241776723187002 ], [ -116.987952784127501, 33.241921202042072 ], [ -116.987597181426082, 33.241928060338104 ], [ -116.987357513125332, 33.241967341108335 ], [ -116.987341398178998, 33.2423921073092 ], [ -116.987375388859931, 33.242406136918881 ], [ -116.988033068549541, 33.242404599111566 ], [ -116.988066096805511, 33.241299082150199 ], [ -116.987382982088874, 33.24129602747432 ] ] ] } },
{ "type": "Feature", "properties": { "OBJECTID": 172, "Record_Num": "AWM2012-LCP-00031", "Business_N": "FOXY TREATS", "PRODUCER_L": "27264 N LAKE WOHLFORD RD VALLEY CENTER CA 92082 APN 189-181-02-00", "Area": 6, "Shape_Length": 2327.682738632981, "Shape_Area": 240507.07499650397 }, "geometry": { "type": "Polygon", "coordinates": [ [ [ -116.974946465211247, 33.209292626019014 ], [ -116.974929090339486, 33.208921476462486 ], [ -116.974828006492288, 33.208709733987121 ], [ -116.974806592945356, 33.208512696209262 ], [ -116.972178964640747, 33.208574882670575 ], [ -116.972192969754985, 33.208896880262515 ], [ -116.971907212950811, 33.209349455286656 ], [ -116.97194705303437, 33.209348954688707 ], [ -116.974946465211247, 33.209292626019014 ] ] ] } },
{ "type": "Feature", "properties": { "OBJECTID": 173, "Record_Num": "AWM2013-LCP-00012", "Business_N": "HARMONY HILL RANCH", "PRODUCER_L": "26464 EAGLE GAP RD,  SANTA YSABEL CA 92070 APN 194-240-01-00", "Area": 11, "Shape_Length": 4128.2335110219628, "Shape_Area": 465129.61495156121 }, "geometry": { "type": "Polygon", "coordinates": [ [ [ -116.73632098915779, 33.205790269754011 ], [ -116.7370791033659, 33.206165196571632 ], [ -116.737095049755382, 33.20535779849493 ], [ -116.737143301359296, 33.20239737951313 ], [ -116.736859134062016, 33.20151099871255 ], [ -116.736693665994906, 33.201682649511056 ], [ -116.736675014203357, 33.201708150547525 ], [ -116.736623379482964, 33.201778745001256 ], [ -116.736623803303303, 33.201855087281253 ], [ -116.736643357266615, 33.201904949216633 ], [ -116.736662371704398, 33.202005416475998 ], [ -116.736645067062383, 33.202139313276263 ], [ -116.736601934920927, 33.202215624471911 ], [ -116.736455392220094, 33.202394353834251 ], [ -116.736439842088501, 33.202501998036837 ], [ -116.736389593540167, 33.202583029493894 ], [ -116.736295966721954, 33.202637346943369 ], [ -116.736170915560791, 33.202678895052699 ], [ -116.735952600805163, 33.20279122287495 ], [ -116.735921932177774, 33.202815499485112 ], [ -116.735812314574233, 33.20290226995494 ], [ -116.735615880579715, 33.203302317621173 ], [ -116.735524705385529, 33.20344161967877 ], [ -116.735516268910729, 33.203558077030884 ], [ -116.735536184854368, 33.203614661661987 ], [ -116.735521434017542, 33.203680181659266 ], [ -116.73550426287548, 33.203705714585418 ], [ -116.735486039150956, 33.20384582296488 ], [ -116.735548062945682, 33.203969636439794 ], [ -116.73570303459654, 33.204281085082165 ], [ -116.735935110843783, 33.20437178836012 ], [ -116.736191262551316, 33.204505340113485 ], [ -116.736406121122769, 33.204561756279652 ], [ -116.736617082920546, 33.204529436105517 ], [ -116.736750068828997, 33.204560406906936 ], [ -116.736835458542643, 33.204605877929446 ], [ -116.7368498752531, 33.204748965620453 ], [ -116.736370657823215, 33.205114957946542 ], [ -116.736255364859502, 33.205181245557085 ], [ -116.736005747570331, 33.205267265616214 ], [ -116.736253228260381, 33.205688783531755 ], [ -116.73632098915779, 33.205790269754011 ] ] ] } },
{ "type": "Feature", "properties": { "OBJECTID": 174, "Record_Num": "AWM2010-LCP-00080", "Business_N": "MALDONADO GROWERS", "PRODUCER_L": "1590 BASSWOOD  CARLSBAD 92008 APN 205-060-76-00", "Area": 0, "Shape_Length": 253.01656456829102, "Shape_Area": 3968.8046538977942 }, "geometry": { "type": "Polygon", "coordinates": [ [ [ -117.333572409041935, 33.162347526793916 ], [ -117.333567322286996, 33.162375764144123 ], [ -117.333640958607972, 33.162469606530237 ], [ -117.333842647637809, 33.162368785370532 ], [ -117.333734844121153, 33.162222665887896 ], [ -117.333572409041935, 33.162347526793916 ] ] ] } },
{ "type": "Feature", "properties": { "OBJECTID": 175, "Record_Num": "AWM2014-LCP-00025", "Business_N": "VALDIVIA FARMS", "PRODUCER_L": "2807 Eden Valley Ln, Escondido, CA  92029  APN 232-492-22-00", "Area": 1, "Shape_Length": 872.24890808371958, "Shape_Area": 47319.105360278474 }, "geometry": { "type": "Polygon", "coordinates": [ [ [ -117.128352847923551, 33.117560104422978 ], [ -117.128326120864671, 33.116989868625971 ], [ -117.127572126758395, 33.116995211428851 ], [ -117.127593418544009, 33.117547798479109 ], [ -117.128352847923551, 33.117560104422978 ] ] ] } },
{ "type": "Feature", "properties": { "OBJECTID": 176, "Record_Num": "AWM2018-LCP-00027", "Business_N": "REY RIVER FARM, INC.", "PRODUCER_L": "CARLSBAD BLVD & CANNON RD CARLSBAD CA 92008 ", "Area": 3, "Shape_Length": 1933.3648768282483, "Shape_Area": 112089.63352037077 }, "geometry": { "type": "Polygon", "coordinates": [ [ [ -117.332352274825638, 33.133368889468557 ], [ -117.332265757151148, 33.133218939643186 ], [ -117.331651124274288, 33.132219380247456 ], [ -117.331471761275168, 33.132023396551169 ], [ -117.331078816165842, 33.131339695910285 ], [ -117.330777092701354, 33.131431081796507 ], [ -117.33181621164178, 33.133523811455134 ], [ -117.332352274825638, 33.133368889468557 ] ] ] } },
{ "type": "Feature", "properties": { "OBJECTID": 177, "Record_Num": "AWM2010-LCP-00058", "Business_N": "CARLSBAD STRAWBERRY CO.", "PRODUCER_L": "N/OF CANNON E OF I-5 FIELDS CARLSBAD 92008 APN 211-010-24-00", "Area": 42, "Shape_Length": 6822.5165273383009, "Shape_Area": 1814204.5686653033 }, "geometry": { "type": "Polygon", "coordinates": [ [ [ -117.326423484420843, 33.135800426980808 ], [ -117.328080065263194, 33.139068973081656 ], [ -117.328469188919001, 33.139809975717384 ], [ -117.328571740874338, 33.139847257556326 ], [ -117.329380524916374, 33.140121747762741 ], [ -117.329569581676324, 33.140735653041887 ], [ -117.330023640055018, 33.140760327181823 ], [ -117.330598030718789, 33.14088415650621 ], [ -117.331071397533321, 33.141094756228334 ], [ -117.331631191167631, 33.141414349025418 ], [ -117.331887520403839, 33.141502774503749 ], [ -117.331944940627068, 33.141559533808525 ], [ -117.332366310239848, 33.142152320337331 ], [ -117.332662049207528, 33.142216540868766 ], [ -117.332669504739187, 33.141901541659514 ], [ -117.329825260024847, 33.13662497074116 ], [ -117.328566636867563, 33.135280761662614 ], [ -117.328469995141006, 33.135262515578951 ], [ -117.32815914744657, 33.135351111289566 ], [ -117.328084544928586, 33.135280184584019 ], [ -117.327102130422176, 33.135641834826622 ], [ -117.326423484420843, 33.135800426980808 ] ] ] } },
{ "type": "Feature", "properties": { "OBJECTID": 178, "Record_Num": "AWM2010-LCP-00085", "Business_N": "PEACEFIELD FARMS", "PRODUCER_L": "562 MIMOSA AVE VISTA CA 92081 APN 217-140-04-00", "Area": 1, "Shape_Length": 1042.8321005504681, "Shape_Area": 55749.87351127596 }, "geometry": { "type": "Polygon", "coordinates": [ [ [ -117.210581259685085, 33.157553631011936 ], [ -117.211683318917707, 33.157836987474589 ], [ -117.211885237466404, 33.157516677382311 ], [ -117.210727828145338, 33.157096189278086 ], [ -117.210581259685085, 33.157553631011936 ] ] ] } },
{ "type": "Feature", "properties": { "OBJECTID": 179, "Record_Num": "AWM2010-LCP-00231", "Business_N": "RODRIGUEZ RANCH /J R ORGANICS", "PRODUCER_L": "DEADWOOD DR, ESCONDIDO CA 92026 APN 222-510-10-00", "Area": 1, "Shape_Length": 799.25121907473226, "Shape_Area": 40177.605605616387 }, "geometry": { "type": "Polygon", "coordinates": [ [ [ -117.202159512443203, 33.117183825936827 ], [ -117.202850111595978, 33.117037177396945 ], [ -117.202693381348581, 33.116508716598688 ], [ -117.20221657769244, 33.116658004595436 ], [ -117.202032708825669, 33.11675507157203 ], [ -117.202159512443203, 33.117183825936827 ] ] ] } },
{ "type": "Feature", "properties": { "OBJECTID": 180, "Record_Num": "AWM2011-LCP-00015", "Business_N": "R & L FARMS", "PRODUCER_L": "441 S CEDAR ST ESCONDIDO CA 92025 APN 230-322-09-00", "Area": 0, "Shape_Length": 355.54939540369384, "Shape_Area": 6464.1203562431238 }, "geometry": { "type": "Polygon", "coordinates": [ [ [ -117.067089707161685, 33.122787280511588 ], [ -117.067244230215863, 33.122739807415186 ], [ -117.067097739216806, 33.12240174040069 ], [ -117.066962622810053, 33.122453160248931 ], [ -117.066957054649464, 33.122479276571283 ], [ -117.067089707161685, 33.122787280511588 ] ] ] } },
{ "type": "Feature", "properties": { "OBJECTID": 181, "Record_Num": "AWM2010-LCP-00173", "Business_N": "LAURA KAPUSNIK", "PRODUCER_L": "1811 CITRUS GLEN DR ESCONDIDO, CA 92027 APN 234-141-03-00", "Area": 9, "Shape_Length": 2526.348201211149, "Shape_Area": 398474.07715106651 }, "geometry": { "type": "Polygon", "coordinates": [ [ [ -117.041699858011739, 33.11601399261442 ], [ -117.042485463650749, 33.114350355910837 ], [ -117.040642768819239, 33.113730366700054 ], [ -117.039834419797018, 33.115390318731698 ], [ -117.041699858011739, 33.11601399261442 ] ] ] } },
{ "type": "Feature", "properties": { "OBJECTID": 182, "Record_Num": "AWM2014-LCP-00035", "Business_N": "LAURA KAPUSNIK", "PRODUCER_L": "1980 SUMMIT DR., ESCONDIDO, CA  92027  APN 234-440-02-00", "Area": 5, "Shape_Length": 1893.754688309846, "Shape_Area": 205847.82303217045 }, "geometry": { "type": "Polygon", "coordinates": [ [ [ -117.042838711926123, 33.107679872950293 ], [ -117.04324930210997, 33.107942546509918 ], [ -117.043911896299946, 33.107984109607003 ], [ -117.044491461436195, 33.108373575603451 ], [ -117.044909825677962, 33.107741038229314 ], [ -117.044861961335357, 33.107714623709398 ], [ -117.044953416284983, 33.107546075844056 ], [ -117.043797779876968, 33.106650695438894 ], [ -117.042838711926123, 33.107679872950293 ] ] ] } },
{ "type": "Feature", "properties": { "OBJECTID": 183, "Record_Num": "AWM2010-LCP-00174", "Business_N": "LAURA KAPUSNIK", "PRODUCER_L": "2115 MILLER AVE ESCONDIDO CA 92027 APN 236-333-45-00", "Area": 4, "Shape_Length": 1855.8814786731341, "Shape_Area": 194226.06473514531 }, "geometry": { "type": "Polygon", "coordinates": [ [ [ -117.081808776841669, 33.093613359224314 ], [ -117.081953698222193, 33.093054103236277 ], [ -117.08052373578397, 33.092302623212731 ], [ -117.080324937973131, 33.092261011331637 ], [ -117.080126208041563, 33.092226555673918 ], [ -117.079832742617555, 33.093263968150517 ], [ -117.081808776841669, 33.093613359224314 ] ] ] } },
{ "type": "Feature", "properties": { "OBJECTID": 184, "Record_Num": "AWM2014-LCP-00038", "Business_N": "BAIAMONTE FLORAL & GOURD FARM", "PRODUCER_L": "652 Eldorado Dr., Escondido, CA  92025  APN 237-030-37-00", "Area": 3, "Shape_Length": 2442.5504125508492, "Shape_Area": 114340.70215880811 }, "geometry": { "type": "Polygon", "coordinates": [ [ [ -117.056916237330185, 33.105248434544535 ], [ -117.055781793386572, 33.105102357080803 ], [ -117.055241471148577, 33.105831523729591 ], [ -117.054907737812087, 33.106081422844646 ], [ -117.055569975923845, 33.106147271470562 ], [ -117.056101321886402, 33.105858815762602 ], [ -117.056612244943807, 33.105899336450697 ], [ -117.056806346144072, 33.105483733508549 ], [ -117.056660973704467, 33.105532904324946 ], [ -117.056507700441983, 33.105577748540995 ], [ -117.056372739684576, 33.105631242624526 ], [ -117.056183625176558, 33.105744280778886 ], [ -117.055942737151952, 33.105892732490688 ], [ -117.055906634193249, 33.105932428554354 ], [ -117.055828372725088, 33.105919784215871 ], [ -117.055874391223227, 33.10582521515451 ], [ -117.055798915462972, 33.105832283274758 ], [ -117.055746499309137, 33.105797547184018 ], [ -117.055830702843906, 33.105606268870126 ], [ -117.055987347138384, 33.1056447119377 ], [ -117.056008728384057, 33.105703764625197 ], [ -117.056159800478085, 33.105702781630313 ], [ -117.056310166493134, 33.105625072738611 ], [ -117.056471032676725, 33.105556063661076 ], [ -117.056658006548574, 33.10549346244558 ], [ -117.056823508572506, 33.105446985632206 ], [ -117.056916237330185, 33.105248434544535 ] ] ] } },
{ "type": "Feature", "properties": { "OBJECTID": 185, "Record_Num": "AWM2013-LCP-00063", "Business_N": "SUMMIT FARMS", "PRODUCER_L": "1603 Summit Ln, Escondido, CA  92025, APN 237-090-34-00", "Area": 2, "Shape_Length": 1493.2928044266341, "Shape_Area": 75695.364610506236 }, "geometry": { "type": "Polygon", "coordinates": [ [ [ -117.033117696606993, 33.09514064078774 ], [ -117.032338277021452, 33.095718160432568 ], [ -117.03300937902651, 33.096215894351779 ], [ -117.033194218816234, 33.096092573107455 ], [ -117.033138624288796, 33.095961227178272 ], [ -117.033115065155187, 33.095862126268152 ], [ -117.033066580760433, 33.09576509187162 ], [ -117.033061142657459, 33.095663968348937 ], [ -117.033117334590258, 33.095608261793643 ], [ -117.033180771530539, 33.095602134784933 ], [ -117.033408823530706, 33.096001509107282 ], [ -117.033786257336502, 33.095861699003379 ], [ -117.033117696606993, 33.09514064078774 ] ] ] } },
{ "type": "Feature", "properties": { "OBJECTID": 186, "Record_Num": "AWM2012-LCP-00112", "Business_N": "R & L FARMS (CERVANTES)", "PRODUCER_L": "2628 ANAHEIM ST ESCONDIDO CA 92025 APN 239-350-20-00", "Area": 1, "Shape_Length": 1592.4646952236226, "Shape_Area": 57833.835711991022 }, "geometry": { "type": "Polygon", "coordinates": [ [ [ -117.044312225276983, 33.085253735395007 ], [ -117.044582250887359, 33.084426321021638 ], [ -117.043829484437779, 33.084522763251321 ], [ -117.043797217360535, 33.084715361842669 ], [ -117.043455428627112, 33.085279840703258 ], [ -117.043888253418913, 33.085266654014141 ], [ -117.043784190884139, 33.084929596604951 ], [ -117.043784308418793, 33.084792172251383 ], [ -117.044014770055583, 33.084703660620669 ], [ -117.044074380975331, 33.084826958878423 ], [ -117.04402908445347, 33.084932607589103 ], [ -117.043852888635101, 33.085004738783809 ], [ -117.04395336281496, 33.085264670361745 ], [ -117.044312225276983, 33.085253735395007 ] ] ] } },
{ "type": "Feature", "properties": { "OBJECTID": 187, "Record_Num": "AWM2010-LCP-00125", "Business_N": "HILLEBRECHT, MARY", "PRODUCER_L": "1990 BIRCH AVE ESCONDIDO CA 92027 APN 241-041-09-00", "Area": 17, "Shape_Length": 3626.9382370220064, "Shape_Area": 738214.56860807491 }, "geometry": { "type": "Polygon", "coordinates": [ [ [ -117.031913541100295, 33.118494334670437 ], [ -117.032666391268862, 33.117036234478796 ], [ -117.032967569131117, 33.116633182319404 ], [ -117.03014367630584, 33.115440969707159 ], [ -117.028863438090042, 33.115593700861119 ], [ -117.028839829001129, 33.116455334756886 ], [ -117.031913541100295, 33.118494334670437 ] ] ] } },
{ "type": "Feature", "properties": { "OBJECTID": 188, "Record_Num": "AWM2013-LCP-00059", "Business_N": "BEHNEMAN FAMILY FARMS", "PRODUCER_L": "17050 Rockwood Rd, Escondido, CA  92027, APN 242-020-56-00", "Area": 15, "Shape_Length": 3373.5880522209563, "Shape_Area": 646644.60334382614 }, "geometry": { "type": "Polygon", "coordinates": [ [ [ -116.980817430195742, 33.113607607678844 ], [ -116.980834478376352, 33.112025252585298 ], [ -116.980245897601336, 33.111764166462841 ], [ -116.979718024693881, 33.111533245851682 ], [ -116.979385204673306, 33.11149450396929 ], [ -116.979083329349763, 33.111542070034552 ], [ -116.978774604850045, 33.111493009732989 ], [ -116.977238263685706, 33.111257499824674 ], [ -116.977518112280606, 33.112527487523955 ], [ -116.978255538321335, 33.113250822940195 ], [ -116.97996840796776, 33.113314702579601 ], [ -116.98025681280842, 33.113563511829653 ], [ -116.980817430195742, 33.113607607678844 ] ] ] } },
{ "type": "Feature", "properties": { "OBJECTID": 189, "Record_Num": "AWM2010-LCP-00039", "Business_N": "DRAGON ORGANICS (NEW ALTERNATIVES, INC.)", "PRODUCER_L": "17701 SAN PASQUAL VALLEY RD ESCONDIDO CA 92025 APN 242-130-26-00", "Area": 136, "Shape_Length": 12006.613764130698, "Shape_Area": 5905559.9953582454 }, "geometry": { "type": "Polygon", "coordinates": [ [ [ -116.946642953068732, 33.087001195013599 ], [ -116.946588915070535, 33.089595583203923 ], [ -116.944941497683288, 33.090386106696833 ], [ -116.950582172991929, 33.090308523448542 ], [ -116.950532968154803, 33.087552726099482 ], [ -116.954750253283123, 33.087559340136437 ], [ -116.954700798957589, 33.085918190767508 ], [ -116.953711817785887, 33.085862737736633 ], [ -116.95363205702202, 33.08383239718593 ], [ -116.950308706956164, 33.082179263878125 ], [ -116.948773664380298, 33.081874917200686 ], [ -116.946544890631955, 33.081762774404481 ], [ -116.946470441498477, 33.083809255001043 ], [ -116.945546177978088, 33.083906063546536 ], [ -116.945606894997937, 33.086990083787086 ], [ -116.946642953068732, 33.087001195013599 ] ] ] } },
{ "type": "Feature", "properties": { "OBJECTID": 190, "Record_Num": "AWM2014-LCP-00039", "Business_N": "MESA GRANDE CORAZON WINERY", "PRODUCER_L": "22950 CRESCENT HEIGHTS RD., SANTA YSABEL, CA  92070  APN 247-010-20-00", "Area": 102, "Shape_Length": 9612.0815400407555, "Shape_Area": 4436485.4385464611 }, "geometry": { "type": "Polygon", "coordinates": [ [ [ -116.697238971519681, 33.159031559566735 ], [ -116.694428446193825, 33.163248223219242 ], [ -116.694381255105199, 33.163306198507634 ], [ -116.694502935523758, 33.164479551478273 ], [ -116.694571926447438, 33.164569868910796 ], [ -116.694588526480359, 33.164610389432625 ], [ -116.694559892648272, 33.164737048249819 ], [ -116.694511779677498, 33.165362652561107 ], [ -116.694530234429308, 33.165421753153112 ], [ -116.69530999439128, 33.165813603842992 ], [ -116.695475788857692, 33.16609576106633 ], [ -116.695610379786615, 33.166417503889093 ], [ -116.695733070912496, 33.166557822490788 ], [ -116.695971868596516, 33.166659550837331 ], [ -116.696105335286177, 33.166687699570488 ], [ -116.696232765323799, 33.16664429755776 ], [ -116.696907364017591, 33.165983400233557 ], [ -116.696940819568468, 33.165868763881214 ], [ -116.696928998265875, 33.165775762005943 ], [ -116.696861345826491, 33.165563966002701 ], [ -116.696881406137749, 33.16534032288304 ], [ -116.696903816822299, 33.165304411290037 ], [ -116.697014294431312, 33.165206127256525 ], [ -116.69714481953018, 33.165167836582398 ], [ -116.697238556579123, 33.165158432768372 ], [ -116.69831458844439, 33.165321524568014 ], [ -116.698585501210118, 33.16553165842285 ], [ -116.698639372127573, 33.165665425272515 ], [ -116.698649875887455, 33.165850295936465 ], [ -116.698578947459524, 33.16601959047717 ], [ -116.698322411788951, 33.166359593276148 ], [ -116.698056972102307, 33.166687818157108 ], [ -116.697995322428071, 33.166835957415813 ], [ -116.698027049278139, 33.166938429924983 ], [ -116.698146614498896, 33.167021499576123 ], [ -116.698592174650329, 33.167060445633261 ], [ -116.699525209210591, 33.167014122554946 ], [ -116.699930567070041, 33.166957780085582 ], [ -116.700327779988243, 33.166699455587526 ], [ -116.700572972973063, 33.166661521994044 ], [ -116.700899870592025, 33.166683236613331 ], [ -116.701017481774869, 33.166606464657058 ], [ -116.701089504901418, 33.16649073285965 ], [ -116.701101500670035, 33.1661757699761 ], [ -116.701168121005963, 33.165892100131643 ], [ -116.701527654680916, 33.165641719365304 ], [ -116.701588187845203, 33.165498354164058 ], [ -116.701560042638334, 33.165320956338562 ], [ -116.700150049767203, 33.159427554658585 ], [ -116.697238971519681, 33.159031559566735 ] ] ] } },
{ "type": "Feature", "properties": { "OBJECTID": 191, "Record_Num": "AWM2010-LCP-00011", "Business_N": "KG GROWERS", "PRODUCER_L": "30315 Lilac Rd, Valley Center, CA  92082, APN 129-250-15-00", "Area": 0, "Shape_Length": 229.65889202537147, "Shape_Area": 3267.0008202255494 }, "geometry": { "type": "Polygon", "coordinates": [ [ [ -117.292629749924004, 33.077141116609894 ], [ -117.292640304536235, 33.076999021216274 ], [ -117.292434788579328, 33.076989299182877 ], [ -117.292425607368699, 33.077132528209724 ], [ -117.292629749924004, 33.077141116609894 ] ] ] } },
{ "type": "Feature", "properties": { "OBJECTID": 192, "Record_Num": "AWM2010-LCP-00184", "Business_N": "COSGROVE CYMBIDIUM COMPANY", "PRODUCER_L": "1200 SAXONY RD LEUCADIA CA 92024 APN 254-351-05-00", "Area": 4, "Shape_Length": 1860.1254765439098, "Shape_Area": 164262.12936202268 }, "geometry": { "type": "Polygon", "coordinates": [ [ [ -117.2864244882674, 33.07077202724458 ], [ -117.285783378000318, 33.071206484085572 ], [ -117.285832112229855, 33.071774514563742 ], [ -117.286545752603089, 33.071697764392297 ], [ -117.286645079911764, 33.072322877939968 ], [ -117.287509337068059, 33.072320063087354 ], [ -117.287495393159631, 33.071807038426343 ], [ -117.2864244882674, 33.07077202724458 ] ] ] } },
{ "type": "Feature", "properties": { "OBJECTID": 193, "Record_Num": "AWM2015-LCP-00005", "Business_N": "DRAMM & ECHTER", "PRODUCER_L": "1150 Quail Gardens Dr, Encinitas, CA  92024  APN 254-612-12-00", "Area": 18, "Shape_Length": 3649.1210130889781, "Shape_Area": 805052.81812872819 }, "geometry": { "type": "Polygon", "coordinates": [ [ [ -117.280462929194854, 33.065408300375417 ], [ -117.278546776503347, 33.065542571012259 ], [ -117.278554708080904, 33.06583262648229 ], [ -117.278390287619928, 33.066116478417513 ], [ -117.27814978532426, 33.066484944779511 ], [ -117.278115502243026, 33.06820305208506 ], [ -117.278411225251389, 33.068677769805277 ], [ -117.279036819225581, 33.068678438458306 ], [ -117.279219370552966, 33.068774124659122 ], [ -117.28043929347109, 33.068802153532353 ], [ -117.280446926802682, 33.068679933612799 ], [ -117.280462929194854, 33.065408300375417 ] ] ] } },
{ "type": "Feature", "properties": { "OBJECTID": 194, "Record_Num": "AWM2010-LCP-00269", "Business_N": "MALDONADO GROWERS", "PRODUCER_L": "556 UNION ST ENCINITAS CA 92024 APN 256-171-20-00", "Area": 3, "Shape_Length": 1610.3864004099876, "Shape_Area": 132278.62035152884 }, "geometry": { "type": "Polygon", "coordinates": [ [ [ -117.289927131019638, 33.059770692930037 ], [ -117.290002489325758, 33.059052390515866 ], [ -117.289728525737999, 33.05831220861748 ], [ -117.289011662655966, 33.058260965613577 ], [ -117.288976903576909, 33.059154527000409 ], [ -117.289305875805042, 33.059180396433923 ], [ -117.289251548871519, 33.05976109602134 ], [ -117.289927131019638, 33.059770692930037 ] ] ] } },
{ "type": "Feature", "properties": { "OBJECTID": 195, "Record_Num": "AWM2014-LCP-00067", "Business_N": "PACIFIC MICROFARMS", "PRODUCER_L": "441 SAXONY RD, ENCINITAS, CA  92024  APN 256-172-05-00", "Area": 17, "Shape_Length": 3697.8050728173394, "Shape_Area": 755549.83007776702 }, "geometry": { "type": "Polygon", "coordinates": [ [ [ -117.284836687499791, 33.059745459293538 ], [ -117.284973329903977, 33.058069437831193 ], [ -117.280906727055921, 33.058046103396727 ], [ -117.280824434244678, 33.05972453029171 ], [ -117.284836687499791, 33.059745459293538 ] ] ] } },
{ "type": "Feature", "properties": { "OBJECTID": 196, "Record_Num": "AWM2012-LCP-00026", "Business_N": "WILLIAMSON PRODUCE", "PRODUCER_L": "3111 MANCHESTER AVE CARDIFF CA 92007 APN 261-210-01-00", "Area": 15, "Shape_Length": 3883.2858369688815, "Shape_Area": 674488.97964578005 }, "geometry": { "type": "Polygon", "coordinates": [ [ [ -117.262727830451482, 33.014523159273324 ], [ -117.2627319229466, 33.014518484501515 ], [ -117.262741347250397, 33.014450825205557 ], [ -117.262468623736154, 33.013969106525721 ], [ -117.262470766900492, 33.013922898011515 ], [ -117.262536700272065, 33.013814296159246 ], [ -117.262639160504534, 33.013748937036262 ], [ -117.262689347877071, 33.013688201419185 ], [ -117.262702598716402, 33.013643217647513 ], [ -117.262721118462736, 33.013624120431402 ], [ -117.262782438793053, 33.013428856122012 ], [ -117.262918506270452, 33.013264038785366 ], [ -117.262656636091265, 33.011494868037552 ], [ -117.262651088908697, 33.011455785811989 ], [ -117.262181707217181, 33.011810825861879 ], [ -117.261466651810792, 33.012472309546325 ], [ -117.260398232926931, 33.013434432546845 ], [ -117.259811989539614, 33.013971743916912 ], [ -117.259557737337573, 33.014419498415293 ], [ -117.259592703616988, 33.014505105235962 ], [ -117.260061701475166, 33.014656359333181 ], [ -117.260254073009804, 33.01472222513312 ], [ -117.260316594695212, 33.014726533646389 ], [ -117.260551453237483, 33.014674378042706 ], [ -117.261129991197521, 33.014468694993688 ], [ -117.261322348097835, 33.014450421961975 ], [ -117.261709122404355, 33.014592799488803 ], [ -117.261999715597042, 33.015064368817683 ], [ -117.262044413230967, 33.015107198671011 ], [ -117.262171142773354, 33.015101946566439 ], [ -117.262243154830827, 33.015076858960825 ], [ -117.262544689564066, 33.014732382911397 ], [ -117.262674145651161, 33.014631592457505 ], [ -117.262727830451482, 33.014523159273324 ] ] ] } },
{ "type": "Feature", "properties": { "OBJECTID": 197, "Record_Num": "AWM2009-LCP-00050", "Business_N": "BAIRD, GLADYS & CHARLES", "PRODUCER_L": "640 CERRO ST ENCINITAS, CA 92024, APN 262-110-28-00", "Area": 0, "Shape_Length": 329.14463530757882, "Shape_Area": 5618.3897778849559 }, "geometry": { "type": "Polygon", "coordinates": [ [ [ -117.255932657649169, 33.035188463142241 ], [ -117.255882203129673, 33.035047707086065 ], [ -117.255577698999943, 33.035050988250191 ], [ -117.255580038891807, 33.035088075065509 ], [ -117.255545574944463, 33.035089162099361 ], [ -117.255541030357136, 33.035194064517583 ], [ -117.255932657649169, 33.035188463142241 ] ] ] } },
{ "type": "Feature", "properties": { "OBJECTID": 198, "Record_Num": "AWM2016-LCP-00040", "Business_N": "VENEGAS GROWERS", "PRODUCER_L": "20303 ELFIN FOREST RD., ESCONDIDO, CA  92029  APN 264-042-79-00", "Area": 2, "Shape_Length": 1234.4815257234541, "Shape_Area": 81709.540714810399 }, "geometry": { "type": "Polygon", "coordinates": [ [ [ -117.17519117137509, 33.080353635272999 ], [ -117.175577168076572, 33.079853142991134 ], [ -117.175585874407318, 33.079691880430317 ], [ -117.174896800724085, 33.079674250656261 ], [ -117.174833560816481, 33.079795621036716 ], [ -117.174598510742612, 33.079807888486322 ], [ -117.174290128550822, 33.079971387870344 ], [ -117.174132003929401, 33.079976072023349 ], [ -117.174106760933043, 33.080345962053741 ], [ -117.17519117137509, 33.080353635272999 ] ] ] } },
{ "type": "Feature", "properties": { "OBJECTID": 199, "Record_Num": "AWM2015-LCP-00047", "Business_N": "LONE JACK ORCHARD", "PRODUCER_L": "3554 LONE JACK RD, ENCINITAS, CA  92024  APN 264-223-20-00", "Area": 2, "Shape_Length": 1273.7604011356786, "Shape_Area": 90611.130140031921 }, "geometry": { "type": "Polygon", "coordinates": [ [ [ -117.216862328172709, 33.070663511488711 ], [ -117.216826622297816, 33.069728803025875 ], [ -117.216097569426992, 33.069751609822923 ], [ -117.215773300230964, 33.070304006101857 ], [ -117.215775176646446, 33.070413138661884 ], [ -117.215966199972883, 33.070514317825747 ], [ -117.216253230853155, 33.070503520091798 ], [ -117.216355575277817, 33.070566908035687 ], [ -117.216237833429034, 33.070693084442503 ], [ -117.216862328172709, 33.070663511488711 ] ] ] } },
{ "type": "Feature", "properties": { "OBJECTID": 200, "Record_Num": "AWM2016-LCP-00051", "Business_N": "DEEP ROOTS", "PRODUCER_L": "16251 Bandy Canyon Rd., Escondido, CA 92025 APN 276-041-04-00", "Area": 27, "Shape_Length": 4656.9520317310999, "Shape_Area": 1185622.7680724571 }, "geometry": { "type": "Polygon", "coordinates": [ [ [ -116.977889849006075, 33.073442312219001 ], [ -116.978201032777761, 33.073383005300059 ], [ -116.978507716284113, 33.073393836445334 ], [ -116.978659690355443, 33.073432471949914 ], [ -116.978849809331152, 33.073513520626342 ], [ -116.978934999644451, 33.073398500704833 ], [ -116.97891898967795, 33.072815565890586 ], [ -116.978914026657378, 33.072660785914394 ], [ -116.978860339718224, 33.070986603105652 ], [ -116.978790528272469, 33.070857618864508 ], [ -116.978246267172182, 33.06907756162714 ], [ -116.975655760244976, 33.069413421865775 ], [ -116.975853372039296, 33.07012657339444 ], [ -116.975107924074223, 33.070558335397671 ], [ -116.975692454513336, 33.07130687226261 ], [ -116.977408230265553, 33.072835360886934 ], [ -116.977800101202803, 33.073353872356307 ], [ -116.977889849006075, 33.073442312219001 ] ] ] } },
{ "type": "Feature", "properties": { "OBJECTID": 201, "Record_Num": "AWM2016-LCP-00011", "Business_N": "SGG FARMS", "PRODUCER_L": "20323 CAMINO DEL AGUILA, ESCONDIDO, CA  92025  APN 276-080-08-00", "Area": 26, "Shape_Length": 5196.5081445845599, "Shape_Area": 1127300.4792624346 }, "geometry": { "type": "Polygon", "coordinates": [ [ [ -117.005415426340164, 33.062774605112864 ], [ -117.005417990241767, 33.061491976937212 ], [ -117.003632804107312, 33.061602104322958 ], [ -117.003156796123534, 33.06160118362088 ], [ -117.003128869089437, 33.059402587795972 ], [ -117.000953787979427, 33.059503596775258 ], [ -117.000995923381808, 33.062839662175769 ], [ -117.005415426340164, 33.062774605112864 ] ] ] } },
{ "type": "Feature", "properties": { "OBJECTID": 202, "Record_Num": "AWM2016-LCP-00031", "Business_N": "MOUNT WOODSON ACRES", "PRODUCER_L": "16319 SALIDA DEL SOL, RAMONA, CA 92065 APN 278-080-17-00", "Area": 13, "Shape_Length": 3196.8927663690702, "Shape_Area": 565848.34881639283 }, "geometry": { "type": "Polygon", "coordinates": [ [ [ -116.97224919695617, 33.019873763703593 ], [ -116.971745718201717, 33.020109574606728 ], [ -116.971601441629602, 33.020105652996584 ], [ -116.971012558503801, 33.019597738393735 ], [ -116.97021018311419, 33.01965652000672 ], [ -116.970204733665838, 33.022307669224091 ], [ -116.972257218005595, 33.022284256693467 ], [ -116.97224919695617, 33.019873763703593 ] ] ] } },
{ "type": "Feature", "properties": { "OBJECTID": 203, "Record_Num": "AWM2014-LCP-00027", "Business_N": "QUISENBERRY FARMS", "PRODUCER_L": "2077 & 2065 JACK & JILL LN, RAMONA, CA 92065  APN 279-092-06/07-00", "Area": 7, "Shape_Length": 2572.6674548969481, "Shape_Area": 292147.34178671712 }, "geometry": { "type": "Polygon", "coordinates": [ [ [ -116.874168650075219, 33.078190068243934 ], [ -116.874344036730534, 33.077859372264818 ], [ -116.874357774705757, 33.077750893501076 ], [ -116.874141437030218, 33.077423698640217 ], [ -116.8720031716134, 33.077426822543977 ], [ -116.872044278801155, 33.079388689259282 ], [ -116.872496232902307, 33.079181813170464 ], [ -116.872474859679897, 33.078725375519689 ], [ -116.872476142379924, 33.078650551144342 ], [ -116.873851678890276, 33.078290246155234 ], [ -116.874168650075219, 33.078190068243934 ] ] ] } },
{ "type": "Feature", "properties": { "OBJECTID": 204, "Record_Num": "AWM2010-LCP-00212", "Business_N": "TOM KING FARMS", "PRODUCER_L": "2055 ORANGE AVE RAMONA CA 92065 APN 279-130-21-00", "Area": 10, "Shape_Length": 4195.3025756986226, "Shape_Area": 449619.72389553458 }, "geometry": { "type": "Polygon", "coordinates": [ [ [ -116.837010607753427, 33.077312304899863 ], [ -116.834984136761634, 33.076413882736908 ], [ -116.834880874698072, 33.076431166659567 ], [ -116.834677416678645, 33.07665352843285 ], [ -116.833918799148009, 33.07793817843887 ], [ -116.836072533257692, 33.078878769646806 ], [ -116.836547535538656, 33.078085584807511 ], [ -116.83518894579494, 33.077469035878977 ], [ -116.835029166744548, 33.077442306569488 ], [ -116.834926860927879, 33.077603114267141 ], [ -116.834764993857632, 33.07753516818962 ], [ -116.834807797619021, 33.07742655590161 ], [ -116.834745993844194, 33.077405471737599 ], [ -116.834778200902193, 33.077339662380112 ], [ -116.834850855601118, 33.077356115488179 ], [ -116.834902849496004, 33.077265782559785 ], [ -116.835241163366263, 33.077412294144231 ], [ -116.836065244382567, 33.077787068532508 ], [ -116.836191207213957, 33.077638363413215 ], [ -116.836265666522564, 33.077653279650718 ], [ -116.836373392563459, 33.077761179820662 ], [ -116.836325311911992, 33.077894247731919 ], [ -116.836582594073619, 33.078027041900135 ], [ -116.837010607753427, 33.077312304899863 ] ] ] } },
{ "type": "Feature", "properties": { "OBJECTID": 205, "Record_Num": "AWM2016-LCP-00027", "Business_N": "RAHER, AARON", "PRODUCER_L": "1642 PAMO RD, RAMONA, CA  92065  APN 279-190-18-00", "Area": 1, "Shape_Length": 1181.9698918607826, "Shape_Area": 55760.774938774579 }, "geometry": { "type": "Polygon", "coordinates": [ [ [ -116.859938516755008, 33.071233932425876 ], [ -116.859922162019956, 33.070405720054531 ], [ -116.859364649589651, 33.070419175279071 ], [ -116.859463587242757, 33.070622191731324 ], [ -116.859491531656658, 33.070982646949261 ], [ -116.859054887475196, 33.070999075698339 ], [ -116.859063080682901, 33.071263233102698 ], [ -116.859938516755008, 33.071233932425876 ] ] ] } },
{ "type": "Feature", "properties": { "OBJECTID": 206, "Record_Num": "AWM2010-LCP-00156", "Business_N": "RAMONA DUCK FARM", "PRODUCER_L": "1415 PAMO RD RAMONA CA 92065 APN 280-200-16-00", "Area": 4, "Shape_Length": 1746.2159894904266, "Shape_Area": 179457.04331326636 }, "geometry": { "type": "Polygon", "coordinates": [ [ [ -116.858640449958997, 33.069253041391939 ], [ -116.858593390432418, 33.067751483923509 ], [ -116.857500226447698, 33.067782566784473 ], [ -116.857571517032213, 33.069257547593573 ], [ -116.858640449958997, 33.069253041391939 ] ] ] } },
{ "type": "Feature", "properties": { "OBJECTID": 207, "Record_Num": "AWM2016-LCP-00063", "Business_N": "THREE SONS FARM", "PRODUCER_L": "2148 ROBERTSON ST., RAMONA, CA  92065  APN 282-141-02-00", "Area": 1, "Shape_Length": 623.58346851777469, "Shape_Area": 22115.648616681079 }, "geometry": { "type": "Polygon", "coordinates": [ [ [ -116.888223766183899, 33.031924601967994 ], [ -116.888672133832628, 33.032318195001636 ], [ -116.888944745263174, 33.032129154968629 ], [ -116.888485090337142, 33.03171498171092 ], [ -116.888223766183899, 33.031924601967994 ] ] ] } },
{ "type": "Feature", "properties": { "OBJECTID": 208, "Record_Num": "AWM2010-LCP-00216", "Business_N": "KIEFER, MARK & DAPHNY", "PRODUCER_L": "1332 KEYSER RD RAMONA CA 92065 APN 282-342-34-00", "Area": 1, "Shape_Length": 878.76532552438061, "Shape_Area": 37892.007806225673 }, "geometry": { "type": "Polygon", "coordinates": [ [ [ -116.868725500099941, 33.023862652449544 ], [ -116.869736164830215, 33.023866921509885 ], [ -116.869737979839115, 33.02349670860152 ], [ -116.869052824995606, 33.023502002209419 ], [ -116.86899379586167, 33.02360767036982 ], [ -116.868723588653666, 33.023591303596902 ], [ -116.868725500099941, 33.023862652449544 ] ] ] } },
{ "type": "Feature", "properties": { "OBJECTID": 209, "Record_Num": "AWM2010-LCP-00033", "Business_N": "S L WHITE FARMS", "PRODUCER_L": "16642 ADRIENNE WAY RAMONA CA 92065 APN 283-011-33-00", "Area": 2, "Shape_Length": 1146.4582320294869, "Shape_Area": 82075.611364422643 }, "geometry": { "type": "Polygon", "coordinates": [ [ [ -116.924419071248622, 33.017555661904467 ], [ -116.925341309717126, 33.017557508396898 ], [ -116.925324871569501, 33.016746267323619 ], [ -116.924429190289032, 33.016747713393009 ], [ -116.924419071248622, 33.017555661904467 ] ] ] } },
{ "type": "Feature", "properties": { "OBJECTID": 210, "Record_Num": "AWM2015-LCP-00032", "Business_N": "HUKAMA PRODUCE", "PRODUCER_L": "3154 Rancho Maria Ln, Ramona, CA  92065 ", "Area": 18, "Shape_Length": 3627.7599455357217, "Shape_Area": 790339.52265885915 }, "geometry": { "type": "Polygon", "coordinates": [ [ [ -116.905453455516664, 33.015425427701608 ], [ -116.902578859919331, 33.014108384653774 ], [ -116.90111391397987, 33.016456983742316 ], [ -116.902973650294811, 33.01721930190822 ], [ -116.903073544219566, 33.017265981647753 ], [ -116.905201080504654, 33.015607999923901 ], [ -116.905453455516664, 33.015425427701608 ] ] ] } },
{ "type": "Feature", "properties": { "OBJECTID": 211, "Record_Num": "AWM2014-LCP-00046", "Business_N": "EBEN-HAEZER'S HAPPY HENS", "PRODUCER_L": "2232 Ramona St., Ramona, CA  92065- APN 283-101-23-00", "Area": 20, "Shape_Length": 4516.1928355001728, "Shape_Area": 854368.18331535871 }, "geometry": { "type": "Polygon", "coordinates": [ [ [ -116.879725084565536, 33.006314002693927 ], [ -116.880481832824344, 33.006336869965288 ], [ -116.880639926844566, 33.006271170330898 ], [ -116.880700637968275, 33.005892950347203 ], [ -116.880637022326482, 33.005866553021093 ], [ -116.880636693515299, 33.005820747355394 ], [ -116.880589692695082, 33.005584315313016 ], [ -116.880429655048417, 33.005378997720975 ], [ -116.880020565306296, 33.005190216113107 ], [ -116.87876080453816, 33.004513329650599 ], [ -116.878686436195949, 33.004250315306713 ], [ -116.878711759629098, 33.00399061050792 ], [ -116.875659029959905, 33.004090064196234 ], [ -116.875322242575777, 33.005782823549424 ], [ -116.876360043965818, 33.005788730829941 ], [ -116.876400433959105, 33.005788953792241 ], [ -116.878562061732708, 33.005800834835803 ], [ -116.879653282491816, 33.005806126635576 ], [ -116.879709158493526, 33.005844796575573 ], [ -116.879725084565536, 33.006314002693927 ] ] ] } },
{ "type": "Feature", "properties": { "OBJECTID": 212, "Record_Num": "AWM2010-LCP-00030", "Business_N": "S L WHITE FARMS", "PRODUCER_L": "1603 GRIFFITH RD RAMONA 92065 APN 284-090-17-00", "Area": 23, "Shape_Length": 4080.0462817153975, "Shape_Area": 1021190.1531736775 }, "geometry": { "type": "Polygon", "coordinates": [ [ [ -116.840632156977861, 33.026959884101458 ], [ -116.838958323549775, 33.026958316397078 ], [ -116.838951956192219, 33.026853371624817 ], [ -116.837337599205242, 33.026851499891187 ], [ -116.837404875085141, 33.029711748762523 ], [ -116.840667503940978, 33.029689064540868 ], [ -116.840632156977861, 33.026959884101458 ] ] ] } },
{ "type": "Feature", "properties": { "OBJECTID": 213, "Record_Num": "AWM2012-LCP-00028", "Business_N": "VARELA, CATHERINE & TONY", "PRODUCER_L": "15717 ROSEMONT LN RAMONA CA 92065 APN 285-030-27-00", "Area": 2, "Shape_Length": 1114.8364203898889, "Shape_Area": 65579.927655741631 }, "geometry": { "type": "Polygon", "coordinates": [ [ [ -116.923178138194714, 32.996028717430256 ], [ -116.923333142101484, 32.996057406295641 ], [ -116.923610575540508, 32.99605589618735 ], [ -116.923639454223448, 32.995632441712374 ], [ -116.923774086536909, 32.995289624980522 ], [ -116.923683684002313, 32.994925884587452 ], [ -116.923129051564644, 32.994958435577175 ], [ -116.923178138194714, 32.996028717430256 ] ] ] } },
{ "type": "Feature", "properties": { "OBJECTID": 214, "Record_Num": "AWM2016-LCP-00004", "Business_N": "THE GILMORE RANCH", "PRODUCER_L": "19304 STARVALE LN, RAMONA, CA  92065  APN 286-101-07-00", "Area": 9, "Shape_Length": 2625.7280617529486, "Shape_Area": 392621.13987097767 }, "geometry": { "type": "Polygon", "coordinates": [ [ [ -116.78493135533131, 33.063804552125518 ], [ -116.784949405149348, 33.062011068152621 ], [ -116.782935896787095, 33.062076684744667 ], [ -116.782932996980918, 33.063898519552708 ], [ -116.783930589214151, 33.063634004429048 ], [ -116.784025269448932, 33.063878526991324 ], [ -116.78493135533131, 33.063804552125518 ] ] ] } },
{ "type": "Feature", "properties": { "OBJECTID": 215, "Record_Num": "AWM2012-LCP-00025", "Business_N": "DEWEERD, KATHRYN & JAMES", "PRODUCER_L": "23259 VISTA RAMONA RD RAMONA CA 92065 APN 287-071-07-00", "Area": 1, "Shape_Length": 875.08670517364112, "Shape_Area": 36695.96729834193 }, "geometry": { "type": "Polygon", "coordinates": [ [ [ -116.822140865984807, 33.030746573030108 ], [ -116.823079085827487, 33.031291919084005 ], [ -116.823254172770405, 33.031039168268009 ], [ -116.823240092263973, 33.030964796906339 ], [ -116.822806985443577, 33.030740629284836 ], [ -116.822286075571185, 33.030602753590884 ], [ -116.822140865984807, 33.030746573030108 ] ] ] } },
{ "type": "Feature", "properties": { "OBJECTID": 216, "Record_Num": "AWM2016-LCP-00055", "Business_N": "McGRATH, ROBERT", "PRODUCER_L": "2772 Williams Ranch Rd, Santa Ysabel, CA 92070 APN 289-450-23-00", "Area": 11, "Shape_Length": 3079.0120148659794, "Shape_Area": 478519.18144899473 }, "geometry": { "type": "Polygon", "coordinates": [ [ [ -116.647208124155753, 33.078591478278923 ], [ -116.648018275559892, 33.076685694179432 ], [ -116.646017958995884, 33.076506016555619 ], [ -116.645645249879337, 33.078313709097408 ], [ -116.645530224290297, 33.078445771367221 ], [ -116.645319778089132, 33.078532330653765 ], [ -116.645137193028305, 33.078764809202262 ], [ -116.645148863846259, 33.079091144825178 ], [ -116.645193522206213, 33.079191204245099 ], [ -116.645593885254996, 33.078989522219274 ], [ -116.645947014394423, 33.078871014357247 ], [ -116.646660820152761, 33.078800019427973 ], [ -116.646919055570621, 33.078753385481328 ], [ -116.647085397303769, 33.07868986819112 ], [ -116.647208124155753, 33.078591478278923 ] ] ] } },
{ "type": "Feature", "properties": { "OBJECTID": 217, "Record_Num": "AWM2015-LCP-00045", "Business_N": "REY RIVER FARM, INC.", "PRODUCER_L": "EL CAMINO REAL, SAN DIEGO, CA  92130 APN 304-020-24-00", "Area": 16, "Shape_Length": 4750.0701750492799, "Shape_Area": 710439.33034037612 }, "geometry": { "type": "Polygon", "coordinates": [ [ [ -117.238192780802848, 32.973264054044769 ], [ -117.23869058686806, 32.972828710111244 ], [ -117.238697270453372, 32.970202288918436 ], [ -117.237162436811744, 32.970185063491002 ], [ -117.237337664697264, 32.970868064115614 ], [ -117.237871560139297, 32.971632969036875 ], [ -117.237541787043014, 32.972310604452005 ], [ -117.237445722693778, 32.972476001147427 ], [ -117.237184403629485, 32.972596426580154 ], [ -117.236695976900691, 32.97265758449791 ], [ -117.236000226503322, 32.972808193484326 ], [ -117.234984751540026, 32.973121675154026 ], [ -117.234890821825132, 32.974034780412893 ], [ -117.236971057117714, 32.973762434129164 ], [ -117.237508315743867, 32.973613085144585 ], [ -117.23778322277029, 32.973492551448182 ], [ -117.238192780802848, 32.973264054044769 ] ] ] } },
{ "type": "Feature", "properties": { "OBJECTID": 218, "Record_Num": "AWM2016-LCP-00001", "Business_N": "EARTH EQUALS, INC.  *", "PRODUCER_L": "11680 TIERRA DEL SUR, SAN DIEGO, CA  92130, APN 307-060-37-00", "Area": 5, "Shape_Length": 2676.7497808297258, "Shape_Area": 222514.97272599273 }, "geometry": { "type": "Polygon", "coordinates": [ [ [ -117.232151215396854, 32.929371142162211 ], [ -117.232050133372027, 32.930214352845191 ], [ -117.232998675087245, 32.930269130802294 ], [ -117.232982192091583, 32.930414323074963 ], [ -117.232342987771773, 32.930329695155116 ], [ -117.232021211234851, 32.930232720300204 ], [ -117.231932169382262, 32.930226071081307 ], [ -117.231825125886729, 32.930977040565971 ], [ -117.233251009737117, 32.930975252097312 ], [ -117.233240363619373, 32.929213606717532 ], [ -117.232151215396854, 32.929371142162211 ] ] ] } },
{ "type": "Feature", "properties": { "OBJECTID": 219, "Record_Num": "AWM2017-LCP-00002", "Business_N": "MYERS, JULIA", "PRODUCER_L": "14708 High Valley Rd, Poway, CA 92064 APN 321-060-40-00", "Area": 2, "Shape_Length": 2014.3904021937349, "Shape_Area": 70894.226225988168 }, "geometry": { "type": "Polygon", "coordinates": [ [ [ -117.012967425432677, 32.992384568296359 ], [ -117.012962839233168, 32.992335513736727 ], [ -117.012203892760539, 32.992297740978124 ], [ -117.012040545104071, 32.992248820330438 ], [ -117.012054543660298, 32.992155121254157 ], [ -117.011958005469722, 32.992124511546997 ], [ -117.011996471581398, 32.992005698360451 ], [ -117.012261618573419, 32.992122641342355 ], [ -117.012257060743366, 32.992166355422967 ], [ -117.012299095738385, 32.992174417580394 ], [ -117.012398355196623, 32.992234134253451 ], [ -117.012961194949582, 32.992317931169296 ], [ -117.012951097728688, 32.992209924076704 ], [ -117.012881621268193, 32.992168746776613 ], [ -117.012762072624028, 32.992046747002661 ], [ -117.012698954288922, 32.991884873826685 ], [ -117.012651435745042, 32.991529436975945 ], [ -117.012486197461456, 32.991547097721813 ], [ -117.012384867416372, 32.99153316016789 ], [ -117.012243646283324, 32.991473702017721 ], [ -117.012109776351863, 32.991407957567745 ], [ -117.01207565537328, 32.99174309374807 ], [ -117.01168860833549, 32.992371644966084 ], [ -117.012967425432677, 32.992384568296359 ] ] ] } },
{ "type": "Feature", "properties": { "OBJECTID": 220, "Record_Num": "AWM2010-LCP-00221", "Business_N": "RANDOL RIDGE RANCH@GMAIL.COM", "PRODUCER_L": "14902 SHOEN LN RAMONA CA 92065 APN 331-090-05-00", "Area": 8, "Shape_Length": 2352.4144853903408, "Shape_Area": 344752.2476487399 }, "geometry": { "type": "Polygon", "coordinates": [ [ [ -116.777682564442969, 32.976674271410552 ], [ -116.779502645286399, 32.976673645499709 ], [ -116.779475377099047, 32.974964443245248 ], [ -116.777676565522015, 32.974968553481418 ], [ -116.777682564442969, 32.976674271410552 ] ] ] } },
{ "type": "Feature", "properties": { "OBJECTID": 221, "Record_Num": "AWM2013-LCP-00009", "Business_N": "COMMUNITY CROPS", "PRODUCER_L": "7139 RUANE ST SAN DIEGO CA 92119 APN 317-173-04-00", "Area": 0, "Shape_Length": 338.2018073659799, "Shape_Area": 5970.1620432849777 }, "geometry": { "type": "Polygon", "coordinates": [ [ [ -117.044337424665414, 32.81506373974765 ], [ -117.044397774518245, 32.814820564873763 ], [ -117.044219304566084, 32.814697955332868 ], [ -117.044179531137445, 32.8150489894958 ], [ -117.044337424665414, 32.81506373974765 ] ] ] } },
{ "type": "Feature", "properties": { "OBJECTID": 222, "Record_Num": "AWM2013-LCP-00069", "Business_N": "FARMERS NURSERY", "PRODUCER_L": "11416 OAK CREEK DR., LAKESIDE, CA  92040  APN 377-100-44-00", "Area": 2, "Shape_Length": 1449.6827694023723, "Shape_Area": 87260.058710721758 }, "geometry": { "type": "Polygon", "coordinates": [ [ [ -116.956318714165604, 32.885162130481241 ], [ -116.956327445992798, 32.883909773087986 ], [ -116.956186485329496, 32.883902652548414 ], [ -116.956084114016051, 32.884022127700227 ], [ -116.956076098814393, 32.884193903122771 ], [ -116.95539588702961, 32.884189419910115 ], [ -116.955399774113729, 32.884674197425419 ], [ -116.955734595300527, 32.884678011636758 ], [ -116.955752690885561, 32.884677908288729 ], [ -116.955788279370296, 32.885166322655003 ], [ -116.956318714165604, 32.885162130481241 ] ] ] } },
{ "type": "Feature", "properties": { "OBJECTID": 223, "Record_Num": "AWM2011-LCP-00013", "Business_N": "HILLIKER'S EGG RANCH", "PRODUCER_L": "11329 EL NOPAL LAKESIDE CA 92040 APN 379-024-02-00", "Area": 5, "Shape_Length": 1909.7866509344547, "Shape_Area": 198901.27281395701 }, "geometry": { "type": "Polygon", "coordinates": [ [ [ -116.953721027467608, 32.859350451538546 ], [ -116.95259206584295, 32.859344662699392 ], [ -116.952604938418602, 32.859824044806238 ], [ -116.952717585481395, 32.860110467524315 ], [ -116.952682581716047, 32.860484763998471 ], [ -116.952663103693325, 32.86076430329225 ], [ -116.952684218080279, 32.861142861337363 ], [ -116.953289075609447, 32.860989780299917 ], [ -116.95352566618466, 32.860938044600324 ], [ -116.953720965249161, 32.860926244065531 ], [ -116.953721027467608, 32.859350451538546 ] ] ] } },
{ "type": "Feature", "properties": { "OBJECTID": 224, "Record_Num": "AWM2016-LCP-00065", "Business_N": "SAN DIEGO HOMETOWN HARVEST", "PRODUCER_L": "8721 N. MAGNOLIA AVE, SANTEE, CA  92071  APN 384-141-17-00", "Area": 1, "Shape_Length": 774.9042073973344, "Shape_Area": 35585.702455994382 }, "geometry": { "type": "Polygon", "coordinates": [ [ [ -116.962571188351092, 32.834016585942514 ], [ -116.963396457873387, 32.834026136491659 ], [ -116.963412622262709, 32.833579893579511 ], [ -116.962855755394983, 32.833561636268556 ], [ -116.962780153504355, 32.833647962348515 ], [ -116.962571188351092, 32.834016585942514 ] ] ] } },
{ "type": "Feature", "properties": { "OBJECTID": 225, "Record_Num": "AWM2010-LCP-00102", "Business_N": "McFADDEN RANCH", "PRODUCER_L": "8790 GOLDEN RIDGE RD LAKESIDE CA 92040 APN 385-070-46-00", "Area": 0, "Shape_Length": 540.39573263569127, "Shape_Area": 13742.48253132173 }, "geometry": { "type": "Polygon", "coordinates": [ [ [ -116.942844811423925, 32.837189630382539 ], [ -116.942961099924332, 32.83691260369924 ], [ -116.942793136545291, 32.83682880158949 ], [ -116.942723417790162, 32.836933023944468 ], [ -116.94242144770007, 32.836828595621093 ], [ -116.942356748101886, 32.836996157667741 ], [ -116.942844811423925, 32.837189630382539 ] ] ] } },
{ "type": "Feature", "properties": { "OBJECTID": 226, "Record_Num": "AWM2016-LCP-00006", "Business_N": "EL CAPITAN FARM", "PRODUCER_L": "10204 El Capitan Real Rd, El Cajon, CA 92021 APN 393-152-01-00", "Area": 1, "Shape_Length": 601.11058817441676, "Shape_Area": 22273.348139603098 }, "geometry": { "type": "Polygon", "coordinates": [ [ [ -116.838883806849566, 32.870144329407196 ], [ -116.83933978919903, 32.870012366732027 ], [ -116.839235740718749, 32.869673123836485 ], [ -116.838733761578283, 32.869690785707903 ], [ -116.838883806849566, 32.870144329407196 ] ] ] } },
{ "type": "Feature", "properties": { "OBJECTID": 227, "Record_Num": "AWM2016-LCP-00036", "Business_N": "DARBY, MILO", "PRODUCER_L": "1510 Peutz Valley Rd, Alpine, CA 91901 APN 402-270-28-00", "Area": 10, "Shape_Length": 2974.2393493760642, "Shape_Area": 423251.04990607628 }, "geometry": { "type": "Polygon", "coordinates": [ [ [ -116.77684242893362, 32.859053656718579 ], [ -116.776758838191384, 32.855856081217141 ], [ -116.776236842144655, 32.855918428138885 ], [ -116.775437554342929, 32.856691968314834 ], [ -116.775488553178263, 32.856711792099233 ], [ -116.775580844965077, 32.859101974923973 ], [ -116.77684242893362, 32.859053656718579 ] ] ] } },
{ "type": "Feature", "properties": { "OBJECTID": 228, "Record_Num": "AWM2016-LCP-00013", "Business_N": "FLORES, JOSIE", "PRODUCER_L": "2036 SOUTH GRADE RD, ALPINE, CA  91901  APN 404-170-48-00", "Area": 1, "Shape_Length": 646.65792577586717, "Shape_Area": 24839.253063507957 }, "geometry": { "type": "Polygon", "coordinates": [ [ [ -116.770611011662368, 32.816576664996504 ], [ -116.770716452067603, 32.816059931813854 ], [ -116.770273300003964, 32.816037942164392 ], [ -116.770175667174001, 32.816537463407123 ], [ -116.770324817577347, 32.816532063984546 ], [ -116.770611011662368, 32.816576664996504 ] ] ] } },
{ "type": "Feature", "properties": { "OBJECTID": 229, "Record_Num": "AWM2012-LCP-00085", "Business_N": "HAWORTH, DIANE & VARBAEK, MICHAEL", "PRODUCER_L": "434 ALPINE HEIGHTS RD ALPINE CA 91901 APN 404-340-02-00", "Area": 1, "Shape_Length": 1025.8072155174273, "Shape_Area": 57444.445923254396 }, "geometry": { "type": "Polygon", "coordinates": [ [ [ -116.805753172760362, 32.822665494387429 ], [ -116.805762642721248, 32.821712814946252 ], [ -116.805222347513578, 32.82170570165728 ], [ -116.805217880032714, 32.822664085369276 ], [ -116.805753172760362, 32.822665494387429 ] ] ] } },
{ "type": "Feature", "properties": { "OBJECTID": 230, "Record_Num": "AWM2010-LCP-00143", "Business_N": "DESCANSO VALLEY RANCH", "PRODUCER_L": "9727 RIVER DR DESCANSO CA 91916 APN 407-070-01-00", "Area": 10, "Shape_Length": 3797.582194537255, "Shape_Area": 453939.40465842548 }, "geometry": { "type": "Polygon", "coordinates": [ [ [ -116.615156728797842, 32.860120064960377 ], [ -116.61495753731451, 32.864819244238916 ], [ -116.616151533866812, 32.864651759999589 ], [ -116.616148888757152, 32.863880242880398 ], [ -116.61610564800678, 32.863815000408408 ], [ -116.616082132037619, 32.863734430760815 ], [ -116.616038267272856, 32.86202375961745 ], [ -116.616015973059092, 32.861829145731171 ], [ -116.61599040692235, 32.861663170034944 ], [ -116.615927196771551, 32.861418098427144 ], [ -116.615843682813235, 32.861184538676497 ], [ -116.615652119900446, 32.860799561982979 ], [ -116.615385933308644, 32.860414806631212 ], [ -116.615156728797842, 32.860120064960377 ] ] ] } },
{ "type": "Feature", "properties": { "OBJECTID": 231, "Record_Num": "AWM2016-LCP-00047", "Business_N": "BORROW MY GUY", "PRODUCER_L": "3951 Broadlawn St, San Diego, CA 92111 ", "Area": 0, "Shape_Length": 318.78418912518998, "Shape_Area": 1863.7204709993789 }, "geometry": { "type": "Polygon", "coordinates": [ [ [ -117.168325950943213, 32.816295289792507 ], [ -117.168325415932102, 32.816189838496641 ], [ -117.168030485071057, 32.816194417681174 ], [ -117.168029834187877, 32.816294628745069 ], [ -117.168132658220401, 32.816294297040827 ], [ -117.1681351537175, 32.816206522629088 ], [ -117.16828318209194, 32.816203990753131 ], [ -117.168289195976044, 32.816294554098114 ], [ -117.168325950943213, 32.816295289792507 ] ] ] } },
{ "type": "Feature", "properties": { "OBJECTID": 232, "Record_Num": "AWM2014-LCP-00050", "Business_N": "BAYSIDE COMMUNITY CENTER", "PRODUCER_L": "2202 COMSTOCK ST., SAN DIEGO, CA  92111   APN 431-370-07-00", "Area": 1, "Shape_Length": 935.47406251069049, "Shape_Area": 39799.562356914794 }, "geometry": { "type": "Polygon", "coordinates": [ [ [ -117.173342167032885, 32.783260388836197 ], [ -117.17338617435378, 32.783255287588844 ], [ -117.173224832988481, 32.782790773671955 ], [ -117.172838680436286, 32.782920112070464 ], [ -117.17249076049643, 32.783140304538023 ], [ -117.172292335903336, 32.783395643543813 ], [ -117.172291933043127, 32.783413239571416 ], [ -117.172509670753698, 32.783491777378657 ], [ -117.172593904726654, 32.783335449120216 ], [ -117.173342167032885, 32.783260388836197 ] ] ] } },
{ "type": "Feature", "properties": { "OBJECTID": 233, "Record_Num": "AWM2013-LCP-00035", "Business_N": "LATH HOUSE GARDENS", "PRODUCER_L": "7907 DEERFIELD ST, SAN DIEGO CA  92120, APN 456-460-07-00", "Area": 0, "Shape_Length": 370.74855157186431, "Shape_Area": 6619.5676698329389 }, "geometry": { "type": "Polygon", "coordinates": [ [ [ -117.059506877749754, 32.811651209442495 ], [ -117.059459662768987, 32.811530891126267 ], [ -117.059037631830009, 32.811648941434065 ], [ -117.059086766272912, 32.811781463140974 ], [ -117.059506877749754, 32.811651209442495 ] ] ] } },
{ "type": "Feature", "properties": { "OBJECTID": 234, "Record_Num": "AWM2016-LCP-00009", "Business_N": "TRUE VINE AQUAPONICS", "PRODUCER_L": "6401 GLENROY ST., SAN DIEGO, CA  92120  APN 458-600-03-00", "Area": 0, "Shape_Length": 375.63586976000761, "Shape_Area": 2983.6544471505977 }, "geometry": { "type": "Polygon", "coordinates": [ [ [ -117.084245626866874, 32.789880010514786 ], [ -117.084279580056545, 32.789893115928884 ], [ -117.084374035345292, 32.789864855480964 ], [ -117.084360034526128, 32.789815420398945 ], [ -117.084469797555386, 32.789736575352329 ], [ -117.084493232836223, 32.78982976024912 ], [ -117.084532671134241, 32.789826636016421 ], [ -117.084531551134248, 32.789589474075179 ], [ -117.084245626866874, 32.789880010514786 ] ] ] } },
{ "type": "Feature", "properties": { "OBJECTID": 235, "Record_Num": "AWM2010-LCP-00154", "Business_N": "INTEGRITY FIRST PROMOTIONS INC", "PRODUCER_L": "4129 HIGHLAND AVE #4 SAN DIEGO CA 92105 APN 471-382-11-04", "Area": 0, "Shape_Length": 331.1139379850772, "Shape_Area": 5441.5038929885823 }, "geometry": { "type": "Polygon", "coordinates": [ [ [ -117.098590303928546, 32.75200728921218 ], [ -117.098591817508776, 32.751883022933519 ], [ -117.098200793490577, 32.751878840395655 ], [ -117.098198601789861, 32.752003111327433 ], [ -117.098590303928546, 32.75200728921218 ] ] ] } },
{ "type": "Feature", "properties": { "OBJECTID": 236, "Record_Num": "AWM2010-LCP-00267", "Business_N": "INTERNATIONAL RESCUE COMMITTEE", "PRODUCER_L": "3800 43RD ST SAN DIEGO CA 92105 APN 471-551-16-00", "Area": 0, "Shape_Length": 389.70099781773843, "Shape_Area": 8963.5152293527408 }, "geometry": { "type": "Polygon", "coordinates": [ [ [ -117.102576678440784, 32.748061296988844 ], [ -117.102576155514285, 32.747890473538583 ], [ -117.102179749038953, 32.747888441073663 ], [ -117.102186203823436, 32.748088807770401 ], [ -117.102574771580464, 32.74809757536579 ], [ -117.102576678440784, 32.748061296988844 ] ] ] } },
{ "type": "Feature", "properties": { "OBJECTID": 237, "Record_Num": "AWM2013-LCP-00070", "Business_N": "HAMPTON, WAYNE", "PRODUCER_L": "10997 SKYWOOD DR, EL CAJON, CA  92020, APN 497-040-05-00", "Area": 1, "Shape_Length": 1002.1253186381166, "Shape_Area": 40036.189854734468 }, "geometry": { "type": "Polygon", "coordinates": [ [ [ -116.955378023364659, 32.773131422610327 ], [ -116.955379602935452, 32.77265157570028 ], [ -116.955367782061302, 32.772021784753406 ], [ -116.955051978232419, 32.772025879717781 ], [ -116.955052672222678, 32.77312870094741 ], [ -116.955378023364659, 32.773131422610327 ] ] ] } },
{ "type": "Feature", "properties": { "OBJECTID": 238, "Record_Num": "AWM2014-LCP-00022", "Business_N": "MOODY, CHRISTOPHER", "PRODUCER_L": "12044 FUERTE DR, EL CAJON, CA  92020  APN 498-200-02-00", "Area": 0, "Shape_Length": 592.0703905329126, "Shape_Area": 20026.090672006358 }, "geometry": { "type": "Polygon", "coordinates": [ [ [ -116.941717960844045, 32.768597976256046 ], [ -116.941715689938917, 32.768308777753482 ], [ -116.941092940035574, 32.768322954947671 ], [ -116.941095929170459, 32.768609005102604 ], [ -116.941717960844045, 32.768597976256046 ] ] ] } },
{ "type": "Feature", "properties": { "OBJECTID": 239, "Record_Num": "AWM2013-LCP-00036", "Business_N": "GEROCHE, VINCENT", "PRODUCER_L": "11780 SHADOW VALLEY RD, EL CAJON, CA  92020, APN 498-200-06-00", "Area": 0, "Shape_Length": 784.02500567285767, "Shape_Area": 20232.072074907148 }, "geometry": { "type": "Polygon", "coordinates": [ [ [ -116.941948523249764, 32.767588766374523 ], [ -116.941902741553847, 32.767579328588027 ], [ -116.942069524967962, 32.767462879307573 ], [ -116.941955814496851, 32.767366557738825 ], [ -116.941880020618314, 32.767380725035999 ], [ -116.941729269722529, 32.767400656104648 ], [ -116.941728583919982, 32.76754342784119 ], [ -116.94173726926698, 32.768189270711062 ], [ -116.942098656940516, 32.767835287415799 ], [ -116.942103054607472, 32.767819992889748 ], [ -116.941952553321713, 32.767756705953786 ], [ -116.941971037108203, 32.767693998040066 ], [ -116.941927382650462, 32.767658360348918 ], [ -116.941948523249764, 32.767588766374523 ] ] ] } },
{ "type": "Feature", "properties": { "OBJECTID": 240, "Record_Num": "AWM2013-LCP-00056", "Business_N": "AUSACHICA NURSERY", "PRODUCER_L": "4827 Sunrise Hills Dr, El Cajon, CA  92020, APN 498-300-33-00", "Area": 1, "Shape_Length": 985.84812435963988, "Shape_Area": 30964.658543656413 }, "geometry": { "type": "Polygon", "coordinates": [ [ [ -116.946202563131095, 32.767598159311305 ], [ -116.946793084754475, 32.767426100468455 ], [ -116.946792266606465, 32.767208517144709 ], [ -116.947073781102304, 32.767041255462196 ], [ -116.947019408689215, 32.767021712833433 ], [ -116.946991258144408, 32.767004312473823 ], [ -116.94674669492457, 32.767159149634701 ], [ -116.946453960690505, 32.767164619067714 ], [ -116.946441419418647, 32.767178432183911 ], [ -116.946395764795156, 32.767232896320714 ], [ -116.945746600937539, 32.767416735842858 ], [ -116.946202563131095, 32.767598159311305 ] ] ] } },
{ "type": "Feature", "properties": { "OBJECTID": 241, "Record_Num": "AWM2015-LCP-00002", "Business_N": "RUBY RANCH & GARDENS, LLC", "PRODUCER_L": "4235 ALTA MIRA DR, LA MESA, CA  91941  APN 501-041-10-00", "Area": 2, "Shape_Length": 1101.475641072828, "Shape_Area": 65742.84644829249 }, "geometry": { "type": "Polygon", "coordinates": [ [ [ -116.97029203784021, 32.756037016733217 ], [ -116.970169128432843, 32.755646457472253 ], [ -116.969217116942801, 32.755654873226675 ], [ -116.969233217295994, 32.75638198093506 ], [ -116.969630912312454, 32.756399703112898 ], [ -116.969673865570044, 32.756265846038623 ], [ -116.969770038606285, 32.756148856463248 ], [ -116.969836241505334, 32.756095982394477 ], [ -116.970107300879931, 32.75609630885176 ], [ -116.970165808032476, 32.756069246438827 ], [ -116.97029203784021, 32.756037016733217 ] ] ] } },
{ "type": "Feature", "properties": { "OBJECTID": 242, "Record_Num": "AWM2010-LCP-00034", "Business_N": "BOYCE, KATHLEEN & JONATHAN", "PRODUCER_L": "4336 POINT VIEW CT LA MESA CA 91941 APN 501-350-06-00", "Area": 1, "Shape_Length": 1016.5226911424413, "Shape_Area": 48255.093917494552 }, "geometry": { "type": "Polygon", "coordinates": [ [ [ -116.98225511566136, 32.75880863445429 ], [ -116.983393705878981, 32.758820161403747 ], [ -116.983392550421982, 32.75850804061119 ], [ -116.982827065147006, 32.758352898625816 ], [ -116.982822980286144, 32.758382184936863 ], [ -116.982603205513158, 32.758328623276249 ], [ -116.982470964140589, 32.758563503841948 ], [ -116.982371547418708, 32.758581163697329 ], [ -116.982293215679505, 32.758531639365152 ], [ -116.982200811138313, 32.75852487197556 ], [ -116.98225511566136, 32.75880863445429 ] ] ] } },
{ "type": "Feature", "properties": { "OBJECTID": 243, "Record_Num": "AWM2013-LCP-00037", "Business_N": "DARBY, MILO", "PRODUCER_L": "1325 PEERLESS DR, EL CAJON, CA  92021, APN 507-012-01-00", "Area": 0, "Shape_Length": 435.21573906937482, "Shape_Area": 7945.2290296582678 }, "geometry": { "type": "Polygon", "coordinates": [ [ [ -116.928918457317636, 32.815333078459986 ], [ -116.929158007330372, 32.815327467041364 ], [ -116.929160619074267, 32.815153286717504 ], [ -116.929333548316521, 32.815155198392816 ], [ -116.929337501415588, 32.815081693968231 ], [ -116.928910398206838, 32.815094063098059 ], [ -116.928918457317636, 32.815333078459986 ] ] ] } },
{ "type": "Feature", "properties": { "OBJECTID": 244, "Record_Num": "AWM2012-LCP-00060", "Business_N": "OUTBACK FARM", "PRODUCER_L": "355 AL BAHR RD EL CAJON CA   92021  APN 510-010-10-00", "Area": 3, "Shape_Length": 1582.5084692453454, "Shape_Area": 134701.00805164239 }, "geometry": { "type": "Polygon", "coordinates": [ [ [ -116.854368798121882, 32.808127475089229 ], [ -116.854372016075231, 32.806949821049628 ], [ -116.853698077187715, 32.807216511695046 ], [ -116.852857350787076, 32.808211209830333 ], [ -116.85297757812566, 32.808275517051314 ], [ -116.854272061384663, 32.808192842020858 ], [ -116.854368798121882, 32.808127475089229 ] ] ] } },
{ "type": "Feature", "properties": { "OBJECTID": 245, "Record_Num": "AWM2012-LCP-00009", "Business_N": "S & J GARDENS", "PRODUCER_L": "890 HORN WAY EL CAJON CA 92019 APN 514-340-22-00", "Area": 1, "Shape_Length": 1417.7215805016342, "Shape_Area": 50826.815618793458 }, "geometry": { "type": "Polygon", "coordinates": [ [ [ -116.911971228129673, 32.781652654642734 ], [ -116.911440034583109, 32.781577220856285 ], [ -116.911737206299733, 32.781720330713675 ], [ -116.911840895466526, 32.781807954584934 ], [ -116.911825152992961, 32.781877895747265 ], [ -116.911793939423617, 32.781873482342313 ], [ -116.911752904811053, 32.782005400406568 ], [ -116.911636200225416, 32.781989993364235 ], [ -116.911602727792825, 32.781865345895675 ], [ -116.911391096980338, 32.7816391693055 ], [ -116.911238273318972, 32.782436461441684 ], [ -116.911305266370206, 32.782511685232706 ], [ -116.911777747714012, 32.782605349036871 ], [ -116.911971228129673, 32.781652654642734 ] ] ] } },
{ "type": "Feature", "properties": { "OBJECTID": 246, "Record_Num": "AWM2016-LCP-00028", "Business_N": "GREEN PLANET REVOLUTION", "PRODUCER_L": "1434 KOALA WAY, EL CAJON, CA  92019  APN 514-431-06-00", "Area": 0, "Shape_Length": 325.63096345389863, "Shape_Area": 6437.7242423724256 }, "geometry": { "type": "Polygon", "coordinates": [ [ [ -116.930814584296584, 32.781068521656543 ], [ -116.930875046937757, 32.780910723963537 ], [ -116.930589135914815, 32.780840153636937 ], [ -116.930529921311432, 32.781071810215707 ], [ -116.930814584296584, 32.781068521656543 ] ] ] } },
{ "type": "Feature", "properties": { "OBJECTID": 247, "Record_Num": "AWM2012-LCP-00054", "Business_N": "GEROCHE, VICTOR", "PRODUCER_L": "1520 VISTA VEREDA EL CAJON CA 92019 APN 517-111-59-00", "Area": 0, "Shape_Length": 906.71416775003593, "Shape_Area": 20619.591958063404 }, "geometry": { "type": "Polygon", "coordinates": [ [ [ -116.912999609116611, 32.770912801544846 ], [ -116.91312564571119, 32.770910753755487 ], [ -116.91311735858396, 32.770754595818779 ], [ -116.913006394794493, 32.770750385799751 ], [ -116.912933909883876, 32.770756783393928 ], [ -116.912943148088871, 32.770850454705609 ], [ -116.912766836520589, 32.770856207892372 ], [ -116.912768415162688, 32.771255116874713 ], [ -116.913486645432201, 32.771256063830499 ], [ -116.913486845306323, 32.771093852082977 ], [ -116.913333278713452, 32.771098282693416 ], [ -116.913326439906314, 32.771134365966745 ], [ -116.912990727786394, 32.771125355520802 ], [ -116.912999609116611, 32.770912801544846 ] ] ] } },
{ "type": "Feature", "properties": { "OBJECTID": 248, "Record_Num": "AWM2012-LCP-00017", "Business_N": "WALTHER, JAMES", "PRODUCER_L": "3871 ALTA LOMA CT JAMUL CA 91935 APN 519-140-40-00", "Area": 1, "Shape_Length": 1494.1157496641199, "Shape_Area": 51924.946255160823 }, "geometry": { "type": "Polygon", "coordinates": [ [ [ -116.870894958381896, 32.740749654008525 ], [ -116.870810178552503, 32.740019158689563 ], [ -116.87005456507741, 32.740015133577387 ], [ -116.870126496736503, 32.740762909676818 ], [ -116.870641380197199, 32.740754028278047 ], [ -116.870614763404916, 32.74067124146211 ], [ -116.87057213687693, 32.740666760613038 ], [ -116.870483191581357, 32.740659381931543 ], [ -116.870480954762968, 32.740604613462452 ], [ -116.870377172305268, 32.740594179443562 ], [ -116.870304663097187, 32.740553850150995 ], [ -116.870325012860931, 32.740287673495537 ], [ -116.870584427954881, 32.740308280718835 ], [ -116.870591394248805, 32.740508584351772 ], [ -116.870632433098223, 32.740550637189969 ], [ -116.870655196038527, 32.740627214282263 ], [ -116.870674783597451, 32.740753452650559 ], [ -116.870894958381896, 32.740749654008525 ] ] ] } },
{ "type": "Feature", "properties": { "OBJECTID": 249, "Record_Num": "AWM2015-LCP-00036", "Business_N": "WILLOUGHBY, LESLIE", "PRODUCER_L": "3898 HIDDEN TRAIL DR., JAMUL, CA  91935   APN 519-311-15-00", "Area": 2, "Shape_Length": 1282.444301220225, "Shape_Area": 72179.904335533443 }, "geometry": { "type": "Polygon", "coordinates": [ [ [ -116.86008640920636, 32.740966809474131 ], [ -116.859396339102247, 32.74124201205921 ], [ -116.858966897341176, 32.741845739741485 ], [ -116.858877850575098, 32.742032463539424 ], [ -116.859030677172768, 32.742185928213274 ], [ -116.859084771986645, 32.74217039228072 ], [ -116.859155233499934, 32.742170044393227 ], [ -116.859222259690441, 32.742195670434199 ], [ -116.859240378907245, 32.742203215848939 ], [ -116.859378236978444, 32.742020831452244 ], [ -116.85933770915284, 32.741908039395319 ], [ -116.859906938050528, 32.741662445762692 ], [ -116.86008640920636, 32.740966809474131 ] ] ] } },
{ "type": "Feature", "properties": { "OBJECTID": 250, "Record_Num": "AWM2010-LCP-00109", "Business_N": "HIDDEN HAVEN FARMS", "PRODUCER_L": "18540 W BOUNDARY TRUCK TR JAMUL CA 91935 APN 521-120-22-00", "Area": 9, "Shape_Length": 2878.1559642171364, "Shape_Area": 391294.135893656 }, "geometry": { "type": "Polygon", "coordinates": [ [ [ -116.753680689678859, 32.768655979378686 ], [ -116.753384266952594, 32.766199812451347 ], [ -116.751334487335626, 32.766251101020075 ], [ -116.752026176285611, 32.76771317159028 ], [ -116.752852053072871, 32.767943618482192 ], [ -116.752901456389637, 32.768683015842491 ], [ -116.753680689678859, 32.768655979378686 ] ] ] } },
{ "type": "Feature", "properties": { "OBJECTID": 251, "Record_Num": "AWM2016-LCP-00042", "Business_N": "LAGUNA, SHARON  *", "PRODUCER_L": "17762 Lawson Valley Rd, Jamul, CA  91935 APN 522-050-72-00", "Area": 2, "Shape_Length": 1306.76337296683, "Shape_Area": 99820.061079899184 }, "geometry": { "type": "Polygon", "coordinates": [ [ [ -116.764368478089054, 32.75501184193044 ], [ -116.763620089568562, 32.754687757165435 ], [ -116.762894665073432, 32.755564438431406 ], [ -116.762894881080115, 32.755601543268199 ], [ -116.762896187360354, 32.755622276472458 ], [ -116.764262179857823, 32.755603993912892 ], [ -116.764267733898023, 32.755575593667864 ], [ -116.764270482957684, 32.755561539740263 ], [ -116.764368478089054, 32.75501184193044 ] ] ] } },
{ "type": "Feature", "properties": { "OBJECTID": 252, "Record_Num": "AWM2013-LCP-00041", "Business_N": "PAPA'S GARDEN", "PRODUCER_L": "3650 CARVEACRE RD, ALPINE, CA  91901, APN 524-160-21-00", "Area": 3, "Shape_Length": 1610.9362013247369, "Shape_Area": 134345.31418082214 }, "geometry": { "type": "Polygon", "coordinates": [ [ [ -116.692326241448399, 32.751811223937715 ], [ -116.694167090704539, 32.751819880607982 ], [ -116.694159417979748, 32.751193875552872 ], [ -116.692271150200895, 32.751185388794966 ], [ -116.69223576909593, 32.751336297871482 ], [ -116.692207270124726, 32.751508177830146 ], [ -116.692255687597907, 32.751704593732178 ], [ -116.692326241448399, 32.751811223937715 ] ] ] } },
{ "type": "Feature", "properties": { "OBJECTID": 253, "Record_Num": "AWM2010-LCP-00008", "Business_N": "B STREET GROWERS", "PRODUCER_L": "2643 B ST SAN DIEGO CA 92102 APN 534-301-08-00", "Area": 0, "Shape_Length": 365.22778364446708, "Shape_Area": 6337.0839499335525 }, "geometry": { "type": "Polygon", "coordinates": [ [ [ -117.137306576495533, 32.717427866703332 ], [ -117.13730035720296, 32.717428137782981 ], [ -117.137155876456376, 32.717428950783514 ], [ -117.137158507314552, 32.717802557896327 ], [ -117.137170222754108, 32.717803713518968 ], [ -117.137310194724989, 32.717802325170581 ], [ -117.137306576495533, 32.717427866703332 ] ] ] } },
{ "type": "Feature", "properties": { "OBJECTID": 254, "Record_Num": "AWM2016-LCP-00005", "Business_N": "GRANT HILL GARDENS", "PRODUCER_L": "2585 J STREET, SAN DIEGO, CA 92102  APN 535-482-03-00", "Area": 0, "Shape_Length": 161.69877124624637, "Shape_Area": 1284.8685423776844 }, "geometry": { "type": "Polygon", "coordinates": [ [ [ -117.1383889035762, 32.709394348166903 ], [ -117.138387303935303, 32.709347596363166 ], [ -117.138326885363895, 32.709344930500002 ], [ -117.138328107762092, 32.709298158368171 ], [ -117.138237526296095, 32.709298810809983 ], [ -117.138235931683198, 32.709392587007194 ], [ -117.1383889035762, 32.709394348166903 ] ] ] } },
{ "type": "Feature", "properties": { "OBJECTID": 255, "Record_Num": "AWM2016-LCP-00002", "Business_N": "DICKINSON FARM  *", "PRODUCER_L": "1430 E 24th St., National City, CA  91950  APN 563-040-12-00", "Area": 0, "Shape_Length": 453.90799207761722, "Shape_Area": 12781.278269110266 }, "geometry": { "type": "Polygon", "coordinates": [ [ [ -117.086080446226873, 32.665667162857936 ], [ -117.086185818746529, 32.665928318161477 ], [ -117.08656679230576, 32.665840988135812 ], [ -117.086462111680717, 32.665557688163972 ], [ -117.086080446226873, 32.665667162857936 ] ] ] } },
{ "type": "Feature", "properties": { "OBJECTID": 256, "Record_Num": "AWM2013-LCP-00013", "Business_N": "HONEYMOON RANCH", "PRODUCER_L": "2094 MOTHER GRUNDY TRUCK TR JAMUL CA 91935 APN 600-131-12-00", "Area": 6, "Shape_Length": 2326.2048654902078, "Shape_Area": 279222.13682505232 }, "geometry": { "type": "Polygon", "coordinates": [ [ [ -116.722071815997566, 32.667482384802732 ], [ -116.722081973009097, 32.66685058813367 ], [ -116.722075476424877, 32.666058530336826 ], [ -116.721379288524162, 32.665412259194618 ], [ -116.720490764268121, 32.665509176062308 ], [ -116.720416296161048, 32.665931268979115 ], [ -116.720856623427636, 32.665990663642319 ], [ -116.720821627445716, 32.667466171595258 ], [ -116.722071815997566, 32.667482384802732 ] ] ] } },
{ "type": "Feature", "properties": { "OBJECTID": 257, "Record_Num": "AWM2013-LCP-00015", "Business_N": "WOMACH RANCH FARMS", "PRODUCER_L": "38730 HI PASS RD BOULEVARD CA 91905 APN 611-080-29-00", "Area": 9, "Shape_Length": 2955.9078859960264, "Shape_Area": 403828.05692387139 }, "geometry": { "type": "Polygon", "coordinates": [ [ [ -116.310698461113816, 32.684362781650897 ], [ -116.310673584641165, 32.687569269729423 ], [ -116.311851525259499, 32.68727094001234 ], [ -116.311881906329177, 32.685537901477566 ], [ -116.311863797638054, 32.685461565774276 ], [ -116.311876613291531, 32.684427089117349 ], [ -116.311835946137208, 32.684366034231083 ], [ -116.310698461113816, 32.684362781650897 ] ] ] } },
{ "type": "Feature", "properties": { "OBJECTID": 258, "Record_Num": "AWM2016-LCP-00016", "Business_N": "WRIGHT RANCH", "PRODUCER_L": "1942 Jewel Valley Rd, Boulevard, CA 91905", "Area": 7, "Shape_Length": 2392.6954044147856, "Shape_Area": 322828.04844905529 }, "geometry": { "type": "Polygon", "coordinates": [ [ [ -116.290725907048071, 32.657199934920001 ], [ -116.293267300074632, 32.657223332982873 ], [ -116.293338448850363, 32.656082870621056 ], [ -116.290782755789138, 32.656078889782414 ], [ -116.290725907048071, 32.657199934920001 ] ] ] } },
{ "type": "Feature", "properties": { "OBJECTID": 259, "Record_Num": "AWM2013-LCP-00017", "Business_N": "BEE SAFE, INC.", "PRODUCER_L": "COMPOST FIELD BETWEEN LEON & SUNSET ON SATURN BLVD IMPERIAL BEACH 92154 APN 636-020-68-00", "Area": 117, "Shape_Length": 9680.5198419501994, "Shape_Area": 5085906.4557481352 }, "geometry": { "type": "Polygon", "coordinates": [ [ [ -117.099277732788664, 32.559727696645325 ], [ -117.098191603996739, 32.559650626213489 ], [ -117.098190191343065, 32.559237762651328 ], [ -117.096062978888028, 32.559157920663708 ], [ -117.09572721675822, 32.559045707010149 ], [ -117.093569756637578, 32.558276047937014 ], [ -117.093032351770077, 32.55828831798356 ], [ -117.092911312744405, 32.558357858532347 ], [ -117.092900826638058, 32.561951209318572 ], [ -117.092869335346833, 32.562706082564105 ], [ -117.092871003612728, 32.5638033104443 ], [ -117.092871452834572, 32.56409844175829 ], [ -117.093905225006338, 32.564111205712209 ], [ -117.093917178585528, 32.564560810212413 ], [ -117.097154619463339, 32.564587127505042 ], [ -117.097162305829485, 32.56490922315799 ], [ -117.0998069058775, 32.564959292753016 ], [ -117.099750500763676, 32.564719189643284 ], [ -117.10127154614068, 32.564692931159513 ], [ -117.101275004296241, 32.564606296032913 ], [ -117.101286762125625, 32.562454767034325 ], [ -117.101319564007071, 32.561615461196546 ], [ -117.101333964630143, 32.560231281382215 ], [ -117.101335562194237, 32.560077815687997 ], [ -117.099268856146466, 32.560057532285903 ], [ -117.099277732788664, 32.559727696645325 ] ] ] } },
{ "type": "Feature", "properties": { "OBJECTID": 260, "Record_Num": "AWM2014-LCP-00037", "Business_N": "SUZIE'S FARM", "PRODUCER_L": "2570 Sunset Ave., San Diego, CA  92154  APN 367-010-67/09/10/11-00", "Area": 57, "Shape_Length": 6972.4113262090468, "Shape_Area": 2462849.8909878824 }, "geometry": { "type": "Polygon", "coordinates": [ [ [ -117.075855555790667, 32.560960706516049 ], [ -117.083984286302993, 32.56111204833028 ], [ -117.084012037654517, 32.558323302212585 ], [ -117.075905398337895, 32.558337869971737 ], [ -117.075855555790667, 32.560960706516049 ] ] ] } },
{ "type": "Feature", "properties": { "OBJECTID": 261, "Record_Num": "AWM2011-LCP-00044", "Business_N": "SUZIE'S FARM", "PRODUCER_L": "2325 HOLLISTER ST SAN DIEGO CA 92154 APN 637-010-34-00/664-010-43-00", "Area": 9, "Shape_Length": 3098.0554488465959, "Shape_Area": 399795.09004541865 }, "geometry": { "type": "Polygon", "coordinates": [ [ [ -117.079770549298175, 32.555323047938231 ], [ -117.079771396599696, 32.555465108636078 ], [ -117.079769817130213, 32.555489079107389 ], [ -117.083818073557325, 32.555460582019805 ], [ -117.083816113517855, 32.555417072458098 ], [ -117.0838154560183, 32.555364694590253 ], [ -117.083795289862636, 32.554648325696057 ], [ -117.083793736736283, 32.554621972375038 ], [ -117.083791348095801, 32.554581442324917 ], [ -117.079955317014551, 32.554589308649753 ], [ -117.079803211836492, 32.554705312468315 ], [ -117.079770549298175, 32.555323047938231 ] ] ] } },
{ "type": "Feature", "properties": { "OBJECTID": 262, "Record_Num": "AWM2014-LCP-00066", "Business_N": "ECDAO, FISTO", "PRODUCER_L": "1827 DEEP HAVEN LN, SAN DIEGO, CA  92154  APN 637-181-59-00", "Area": 0, "Shape_Length": 303.77817140229769, "Shape_Area": 5295.0585799726377 }, "geometry": { "type": "Polygon", "coordinates": [ [ [ -117.073253787547372, 32.563661367495627 ], [ -117.073555461422416, 32.563624039203859 ], [ -117.07357868518254, 32.563576645006954 ], [ -117.07358071033353, 32.563491695846963 ], [ -117.073255070053591, 32.563496736658337 ], [ -117.073253787547372, 32.563661367495627 ] ] ] } },
{ "type": "Feature", "properties": { "OBJECTID": 263, "Record_Num": "AWM2016-LCP-00033", "Business_N": "DULZURA VINEYARD & WINERY", "PRODUCER_L": "17323 HIGHWAY 94, DULZURA, CA  91917  APN 649-050-14-00", "Area": 4, "Shape_Length": 1739.1855145822349, "Shape_Area": 169087.45794590449 }, "geometry": { "type": "Polygon", "coordinates": [ [ [ -116.77533810328363, 32.638952745390057 ], [ -116.774872900514353, 32.638677020838493 ], [ -116.77465375215418, 32.638809650601573 ], [ -116.774553146263358, 32.638961815159817 ], [ -116.774474459485646, 32.63938586734433 ], [ -116.77429229010194, 32.639478256888673 ], [ -116.774023421179933, 32.639785736906276 ], [ -116.774179442311208, 32.639848058205089 ], [ -116.774066406496118, 32.640186367787706 ], [ -116.774175890105084, 32.640389171474624 ], [ -116.77439303792552, 32.640488450815653 ], [ -116.774619759352504, 32.64049034876836 ], [ -116.774738033209559, 32.640464078655853 ], [ -116.77484872217407, 32.640300419202475 ], [ -116.774908843831568, 32.640168467489772 ], [ -116.774972706690065, 32.640096621729626 ], [ -116.775087289569072, 32.640018833027675 ], [ -116.775205171707768, 32.639926716316033 ], [ -116.775275784318609, 32.639851978681698 ], [ -116.775315825036301, 32.639757330695701 ], [ -116.775324782491538, 32.63955688521051 ], [ -116.77533810328363, 32.638952745390057 ] ] ] } },
{ "type": "Feature", "properties": { "OBJECTID": 264, "Record_Num": "AWM2012-LCP-00113", "Business_N": "HOFSHI, ELI", "PRODUCER_L": "1283 CAPRA WAY FALLBROOK CA 92028 APN 105-680-14-00", "Area": 1, "Shape_Length": 1131.5204388813661, "Shape_Area": 47289.619123310702 }, "geometry": { "type": "Polygon", "coordinates": [ [ [ -116.767200811654135, 32.623207458107608 ], [ -116.766835415767702, 32.622895212680348 ], [ -116.765805498763427, 32.622913652322502 ], [ -116.765628550504573, 32.623123387958081 ], [ -116.765536706498239, 32.623230656169284 ], [ -116.766590990179438, 32.623212879475886 ], [ -116.767200811654135, 32.623207458107608 ] ] ] } },
{ "type": "Feature", "properties": { "OBJECTID": 265, "Record_Num": "AWM2016-LCP-00049", "Business_N": "EVERGREEN ORGANIC FARM", "PRODUCER_L": "31782 & 31806 HWY 94, CAMPO, CA  91906  APN 655-040-12/13-00", "Area": 71, "Shape_Length": 7558.5984793260213, "Shape_Area": 3080440.3427162808 }, "geometry": { "type": "Polygon", "coordinates": [ [ [ -116.466253936709208, 32.637598352898465 ], [ -116.46660916903862, 32.637580551473768 ], [ -116.466845813877939, 32.637497110646855 ], [ -116.467102295643187, 32.637224680923026 ], [ -116.467050305260756, 32.631221222541562 ], [ -116.467062472074204, 32.630665794284191 ], [ -116.466882425757561, 32.630368367050259 ], [ -116.466652390885997, 32.630380223402511 ], [ -116.466432518773544, 32.630397787308723 ], [ -116.4643686924924, 32.630392806408388 ], [ -116.464346762264114, 32.631114301433669 ], [ -116.46428803252968, 32.631200053043862 ], [ -116.463102315542912, 32.63121443483022 ], [ -116.463117794688245, 32.637622584785049 ], [ -116.466253936709208, 32.637598352898465 ] ] ] } },
{ "type": "Feature", "properties": { "OBJECTID": 266, "Record_Num": "AWM2016-LCP-00050", "Business_N": "EVERGREEN ORGANIC FARM", "PRODUCER_L": "32905 HWY 94, CAMPO, CA  91906  APN 655-130-25-00", "Area": 54, "Shape_Length": 6503.6829009701132, "Shape_Area": 2347193.838959577 }, "geometry": { "type": "Polygon", "coordinates": [ [ [ -116.437567134561974, 32.625908999460925 ], [ -116.436862012186197, 32.625467232514303 ], [ -116.436826317509642, 32.629898181001124 ], [ -116.436827582790897, 32.630382482475518 ], [ -116.436830987339533, 32.630659226108129 ], [ -116.437019838499154, 32.630635082285991 ], [ -116.437270872108172, 32.630684802483323 ], [ -116.437392583279731, 32.630908878857745 ], [ -116.437556074744322, 32.630891929616951 ], [ -116.438069184748656, 32.630879218854353 ], [ -116.440922940606853, 32.631106250156378 ], [ -116.440909087251484, 32.629915773004065 ], [ -116.441000728976022, 32.625779664326195 ], [ -116.439286578977146, 32.625763224168978 ], [ -116.43870076429495, 32.626040871487916 ], [ -116.437567134561974, 32.625908999460925 ] ] ] } },
{ "type": "Feature", "properties": { "OBJECTID": 267, "Record_Num": "AWM2010-LCP-00023", "Business_N": "SUZIE'S FARM", "PRODUCER_L": "1801 SATURN BLVDSAN DIEGO CA 92154 APN 663-011-12-00", "Area": 146, "Shape_Length": 13863.10900653532, "Shape_Area": 6343622.9460705267 }, "geometry": { "type": "Polygon", "coordinates": [ [ [ -117.084260028606408, 32.550831127949841 ], [ -117.101536399527603, 32.550905801820008 ], [ -117.101509426123087, 32.547407406018152 ], [ -117.092950489428802, 32.547386148981921 ], [ -117.092945331369535, 32.548262260717628 ], [ -117.088406546455786, 32.548214810955159 ], [ -117.088424997726278, 32.54730997930352 ], [ -117.084266836415622, 32.547258066473589 ], [ -117.084260028606408, 32.550831127949841 ] ] ] } },
{ "type": "Feature", "properties": { "OBJECTID": 268, "Record_Num": "AWM2013-LCP-00051", "Business_N": "WILD WILLOW FARM & EDUCATION CENTER", "PRODUCER_L": "2323 HOLISTER ST, SAN DIEGO, CA  92154, APN 664-010-55-00", "Area": 8, "Shape_Length": 2588.5045305684512, "Shape_Area": 332614.64252345264 }, "geometry": { "type": "Polygon", "coordinates": [ [ [ -117.079942636892639, 32.554131386467681 ], [ -117.082327498105883, 32.554183997473395 ], [ -117.082353064991153, 32.554027314305827 ], [ -117.08310584429114, 32.554033674329744 ], [ -117.082641809529491, 32.553578734706967 ], [ -117.082438824057377, 32.553083855606438 ], [ -117.080022228882797, 32.553008557026558 ], [ -117.079942636892639, 32.554131386467681 ] ] ] } },
{ "type": "Feature", "properties": { "OBJECTID": 269, "Record_Num": "AWM2016-LCP-00030", "Business_N": "FRESH FARMS ON MARKET", "PRODUCER_L": "4261 MARKET ST., SAN DIEGO, CA  92102  APN 760-227-27-00", "Area": 0, "Shape_Length": 279.65507073277172, "Shape_Area": 4262.1241921542123 }, "geometry": { "type": "Polygon", "coordinates": [ [ [ -117.103541190820351, 32.711098045512962 ], [ -117.103396004460848, 32.711096286430752 ], [ -117.10339265074991, 32.711357800851303 ], [ -117.103537789142564, 32.711359628804495 ], [ -117.103541208984879, 32.711160504226896 ], [ -117.103541190820351, 32.711098045512962 ] ] ] } },
{ "type": "Feature", "properties": { "OBJECTID": 270, "Record_Num": "AWM2014-LCP-00011", "Business_N": "RICK'S SEASONAL PRODUCE", "PRODUCER_L": "1397 Willow Glen Rd, Fallbrook, CA  92028, APN 129-250-15-00", "Area": 2, "Shape_Length": 1067.654190593579, "Shape_Area": 68878.720730610294 }, "geometry": { "type": "Polygon", "coordinates": [ [ [ -117.072135015737302, 33.260986094007713 ], [ -117.072744026902157, 33.260809519018409 ], [ -117.072706453322155, 33.260292150778973 ], [ -117.072665252314295, 33.260162637464802 ], [ -117.071680140171651, 33.260156948263941 ], [ -117.072135015737302, 33.260986094007713 ] ] ] } },
{ "type": "Feature", "properties": { "OBJECTID": 271, "Record_Num": "AWM2010-LCP-00054", "Business_N": "LOERA, BERNARDINO", "PRODUCER_L": "NEAR PALA RD/ SAGE RD FALLBROOK CA 92028 APN 125-080-19/090-36-00", "Area": 37, "Shape_Length": 6967.5766494163327, "Shape_Area": 1616722.0551949572 }, "geometry": { "type": "Polygon", "coordinates": [ [ [ -117.170510382136456, 33.320226798627075 ], [ -117.17015904421531, 33.317297766354613 ], [ -117.169927928354426, 33.317280233464245 ], [ -117.169739282657901, 33.317446248255763 ], [ -117.16948845707978, 33.317797489296943 ], [ -117.169221630150886, 33.318027047427663 ], [ -117.16917401138511, 33.318052804590174 ], [ -117.169031344101413, 33.317952502262195 ], [ -117.16890664593754, 33.317984440140592 ], [ -117.168819512608593, 33.318075743391695 ], [ -117.168855659329481, 33.318251492801842 ], [ -117.168662888097643, 33.318350948058161 ], [ -117.168403883851269, 33.318546429614727 ], [ -117.168493258057012, 33.318648234120793 ], [ -117.16850866068755, 33.318877006826519 ], [ -117.168133504751879, 33.318777462458655 ], [ -117.167966033497535, 33.318795400996962 ], [ -117.167652509612424, 33.318915041001034 ], [ -117.167254298648984, 33.318127872865233 ], [ -117.167208234204253, 33.318161295824332 ], [ -117.166084288298066, 33.318942581067191 ], [ -117.165749360038248, 33.319523362722308 ], [ -117.165924703204695, 33.319985863418218 ], [ -117.165742489186712, 33.320170433956498 ], [ -117.166706482975513, 33.322674106825573 ], [ -117.168179855144118, 33.322365478289363 ], [ -117.168677266202451, 33.322645229664289 ], [ -117.16920601388216, 33.322661357733338 ], [ -117.169047988919601, 33.322315898596734 ], [ -117.168201230271521, 33.320378509619438 ], [ -117.170533343173005, 33.320320469086298 ], [ -117.170510382136456, 33.320226798627075 ] ] ] } },
{ "type": "Feature", "properties": { "OBJECTID": 272, "Record_Num": "AWM2012-LCP-00051", "Business_N": "LOERA, BERNARDINO", "PRODUCER_L": "4474 VALLE DEL SOL BONSALL CA 92003 APN 126-080-47-00", "Area": 2, "Shape_Length": 1324.9226277803091, "Shape_Area": 70162.268029670377 }, "geometry": { "type": "Polygon", "coordinates": [ [ [ -117.243280321409458, 33.28104355964453 ], [ -117.244270541516585, 33.281195958599206 ], [ -117.244283264543824, 33.281115693940379 ], [ -117.244507643780651, 33.280863864450517 ], [ -117.244693273401126, 33.281001707915443 ], [ -117.244930182510359, 33.280852843646045 ], [ -117.244940828570122, 33.280789773291737 ], [ -117.243317886527251, 33.280548921808816 ], [ -117.243280321409458, 33.28104355964453 ] ] ] } },
{ "type": "Feature", "properties": { "OBJECTID": 273, "Record_Num": "AWM2010-LCP-00258", "Business_N": "VALLEY CENTER GROWERS, INC.", "PRODUCER_L": "31257 VIA MARIA ELENA BONSALL CA 92003 APN 127-480-70-00", "Area": 83, "Shape_Length": 8358.6367048703032, "Shape_Area": 3597198.473192146 }, "geometry": { "type": "Polygon", "coordinates": [ [ [ -117.200326359338717, 33.274757354280368 ], [ -117.199131064844593, 33.274747413398487 ], [ -117.19899111437536, 33.275252362923126 ], [ -117.19840245247093, 33.275867625420659 ], [ -117.197441989494067, 33.276142169125272 ], [ -117.196936894236828, 33.275661229841134 ], [ -117.196690686688527, 33.275586763270596 ], [ -117.196486614958602, 33.275626491841628 ], [ -117.19514495500988, 33.278056862690647 ], [ -117.1952776442089, 33.278139831688229 ], [ -117.19520264109002, 33.281664693318525 ], [ -117.1954601958209, 33.281841666300863 ], [ -117.195575172226015, 33.281967237019948 ], [ -117.195921736560777, 33.281969368507909 ], [ -117.195918864404405, 33.282229441165732 ], [ -117.196753829791263, 33.282215918939727 ], [ -117.198441678796229, 33.28226983625364 ], [ -117.200141131376, 33.282607552038897 ], [ -117.200326359338717, 33.274757354280368 ] ] ] } },
{ "type": "Feature", "properties": { "OBJECTID": 274, "Record_Num": "AWM2014-LCP-00045", "Business_N": "EBEN-HAEZER'S HAPPY HENS", "PRODUCER_L": "2006 Dye Rd, Ramona, CA  92065  APN 283-062-09-00", "Area": 8, "Shape_Length": 3065.658916475817, "Shape_Area": 357343.89423313213 }, "geometry": { "type": "Polygon", "coordinates": [ [ [ -116.866508618611917, 33.008030036149485 ], [ -116.866527496069324, 33.008299060876354 ], [ -116.866745114898109, 33.008320880115136 ], [ -116.866737976504865, 33.008756085919131 ], [ -116.867601039816691, 33.008754644472738 ], [ -116.867985757489279, 33.00886151614683 ], [ -116.8705374521507, 33.008840157945485 ], [ -116.870552318135182, 33.008058494409255 ], [ -116.868010517264707, 33.008033996318701 ], [ -116.867992662423546, 33.007910978363149 ], [ -116.867126028641493, 33.00788667378216 ], [ -116.866508618611917, 33.008030036149485 ] ] ] } },
{ "type": "Feature", "properties": { "OBJECTID": 275, "Record_Num": "AWM2016-LCP-00075", "Business_N": "QUANTUM GREENS", "PRODUCER_L": "3732 MYRTLE AVE, SAN DIEGO, CA  92105  APN 447-691-26-00", "Area": 0, "Shape_Length": 249.35857798757223, "Shape_Area": 2767.959957130236 }, "geometry": { "type": "Polygon", "coordinates": [ [ [ -117.112412104727028, 32.742906407408725 ], [ -117.112097748393481, 32.742903448333685 ], [ -117.112101457409821, 32.742982745661038 ], [ -117.112409845275025, 32.742986036810279 ], [ -117.112412104727028, 32.742906407408725 ] ] ] } },
{ "type": "Feature", "properties": { "OBJECTID": 276, "Record_Num": "AWM2015-LCP-00054", "Business_N": "FEEDBACK ART FARM PRODUCE GROWER INC.", "PRODUCER_L": "1046 N. ORANGE AVE., FALLBROOK, CA  92028  APN 103-020-06-00", "Area": 3, "Shape_Length": 1849.170332358563, "Shape_Area": 109822.18330295464 }, "geometry": { "type": "Polygon", "coordinates": [ [ [ -117.250518770782406, 33.391220278364294 ], [ -117.250240404221827, 33.391213540590599 ], [ -117.250214763294494, 33.391257080058395 ], [ -117.250281976892509, 33.391285168208668 ], [ -117.250213722500561, 33.391404814375349 ], [ -117.250204360589535, 33.391541164929329 ], [ -117.250269352010392, 33.391733029174553 ], [ -117.250147833669573, 33.391850813610034 ], [ -117.249992933684467, 33.391675704971362 ], [ -117.249860336553127, 33.391421399628207 ], [ -117.249789449037692, 33.391202623490763 ], [ -117.249205131456137, 33.391188474933848 ], [ -117.249189569723967, 33.392096715436637 ], [ -117.250523292182251, 33.392092857445306 ], [ -117.250518770782406, 33.391220278364294 ] ] ] } },
{ "type": "Feature", "properties": { "OBJECTID": 277, "Record_Num": "AWM2016-LCP-00069", "Business_N": "URBAN HARVEST, INC.", "PRODUCER_L": "2365 Marconi Ct, Ste. F, San Diego, CA 92154 APN 646-160-11-02", "Area": 0, "Shape_Length": 641.55888783796661, "Shape_Area": 17792.720894119317 }, "geometry": { "type": "Polygon", "coordinates": [ [ [ -116.93395636098937, 32.554998241326757 ], [ -116.933748962671089, 32.554990231907929 ], [ -116.933736295257475, 32.555032656914264 ], [ -116.93316869537901, 32.555025518432892 ], [ -116.933165234870728, 32.555216510939417 ], [ -116.933900377572854, 32.555228006516117 ], [ -116.933952418931781, 32.555187600821085 ], [ -116.93395636098937, 32.554998241326757 ] ] ] } },
{ "type": "Feature", "properties": { "OBJECTID": 278, "Record_Num": "AWM2012-LCP-00015", "Business_N": "AFRICAN SISTERS PRODUCE", "PRODUCER_L": "1732 GAMMA ST NATIONAL CITY CA 91950 APN 552-373-02-00", "Area": 0, "Shape_Length": 395.66607418374269, "Shape_Area": 7820.1674162743202 }, "geometry": { "type": "Polygon", "coordinates": [ [ [ -117.091410918927807, 32.689890449994607 ], [ -117.091404905004012, 32.689496826498875 ], [ -117.091228284123034, 32.689496599713905 ], [ -117.091232603994939, 32.689890234771049 ], [ -117.091410918927807, 32.689890449994607 ] ] ] } },
{ "type": "Feature", "properties": { "OBJECTID": 279, "Record_Num": "AWM2015-LCP-00015", "Business_N": "DANIAL, FAHEEMA", "PRODUCER_L": "203 Travelodge Dr., El Cajon, CA  92020  ", "Area": 6, "Shape_Length": 2489.5763959063252, "Shape_Area": 272359.50287108665 }, "geometry": { "type": "Polygon", "coordinates": [ [ [ -116.979457639312173, 32.794447544824259 ], [ -116.979891496227921, 32.794444980314154 ], [ -116.979825169023755, 32.794303713322762 ], [ -116.979759299321458, 32.794082611593218 ], [ -116.979745670094516, 32.793915495109665 ], [ -116.979758741802684, 32.793743878948263 ], [ -116.979860500860269, 32.793431661840593 ], [ -116.980074926860851, 32.793128824530562 ], [ -116.980186216190745, 32.792923938761234 ], [ -116.980227470969524, 32.792721376165019 ], [ -116.980235570858284, 32.792444570939224 ], [ -116.980212213815406, 32.791971360131456 ], [ -116.97866643338692, 32.791955681570798 ], [ -116.978673763200447, 32.792295381449811 ], [ -116.979345176873622, 32.794044964512267 ], [ -116.979457639312173, 32.794447544824259 ] ] ] } },
{ "type": "Feature", "properties": { "OBJECTID": 280, "Record_Num": "AWM2013-LCP-00004", "Business_N": "SEEDS @ CITY URBAN FARM", "PRODUCER_L": "1400 PARK BLVD (FRONT & BACK OF BLDGS), SAN DIEGO CA 92101 APN 534-440-11-00", "Area": 0, "Shape_Length": 490.53252616016243, "Shape_Area": 12552.126491528265 }, "geometry": { "type": "Polygon", "coordinates": [ [ [ -117.154483124860008, 32.721306945056931 ], [ -117.154062345727709, 32.721283784812314 ], [ -117.15401468648696, 32.72131515042895 ], [ -117.154137387672051, 32.721445473340921 ], [ -117.154020249539428, 32.721582326264439 ], [ -117.154316901093281, 32.721611167920052 ], [ -117.154462285068405, 32.721476493595482 ], [ -117.154483124860008, 32.721306945056931 ] ] ] } },
{ "type": "Feature", "properties": { "OBJECTID": 281, "Record_Num": "AWM2013-LCP-00002", "Business_N": "SDCCD; SEEDS@CITY URBAN FARM", "PRODUCER_L": "14TH & C ST SAN DIEGO CA 92101 APN 534-203-24-00", "Area": 0, "Shape_Length": 521.18164442764737, "Shape_Area": 15308.854370487541 }, "geometry": { "type": "Polygon", "coordinates": [ [ [ -117.152533721343374, 32.717700276181773 ], [ -117.152497022136799, 32.717455932125013 ], [ -117.152312648389113, 32.717432819594464 ], [ -117.15226461955946, 32.717366458351023 ], [ -117.151998841051295, 32.717357283908051 ], [ -117.152009576337875, 32.717635174294315 ], [ -117.152533721343374, 32.717700276181773 ] ] ] } },
{ "type": "Feature", "properties": { "OBJECTID": 282, "Record_Num": "AWM2016-LCP-00029", "Business_N": "ENCINITAS UNION SCHOOL DISTRICT", "PRODUCER_L": "185 Union St., Encinitas, CA  92024  APN 256-301-01-00", "Area": 2, "Shape_Length": 1329.4945183904113, "Shape_Area": 77430.670865898661 }, "geometry": { "type": "Polygon", "coordinates": [ [ [ -117.297368990531396, 33.056485729258021 ], [ -117.296762453954315, 33.056466999409551 ], [ -117.296893373364512, 33.057229372118663 ], [ -117.297267468685831, 33.057238137596407 ], [ -117.29728944984366, 33.057180690852398 ], [ -117.297448237632963, 33.057191276806471 ], [ -117.297435752149312, 33.057332149355688 ], [ -117.297575364989314, 33.057397772162595 ], [ -117.297750227477408, 33.057568074987714 ], [ -117.297922726239747, 33.057540370734301 ], [ -117.297972666283158, 33.057451670800923 ], [ -117.297942684294867, 33.057313544559477 ], [ -117.297893783647297, 33.057251925587138 ], [ -117.297828426214082, 33.057235777501958 ], [ -117.297368990531396, 33.056485729258021 ] ] ] } },
{ "type": "Feature", "properties": { "OBJECTID": 283, "Record_Num": "AWM2010-LCP-00127", "Business_N": "VALDIVIA FARMS", "PRODUCER_L": "SUNNY CREEK PROPERTY CARLSBAD 92008 APN 209-070-07-00", "Area": 156, "Shape_Length": 12900.533240267723, "Shape_Area": 6785651.5172697371 }, "geometry": { "type": "Polygon", "coordinates": [ [ [ -117.273430832459837, 33.146085964334773 ], [ -117.273031864806612, 33.145922249484322 ], [ -117.271357938198619, 33.145869251084321 ], [ -117.27048444158423, 33.145871675231369 ], [ -117.270482498642963, 33.14570468167873 ], [ -117.270633310745978, 33.145016315460481 ], [ -117.270902253701479, 33.14403495424456 ], [ -117.270756603015144, 33.143913039035908 ], [ -117.27090418893026, 33.142947940812853 ], [ -117.270942779010099, 33.142852189507103 ], [ -117.270928437512282, 33.142594635703453 ], [ -117.27075623905381, 33.142419501410423 ], [ -117.27031831410045, 33.142318130114653 ], [ -117.269893953959155, 33.142407513379261 ], [ -117.269539257738813, 33.142634701594865 ], [ -117.268870632390005, 33.142692689326815 ], [ -117.268790455164634, 33.142626544248266 ], [ -117.268443830302104, 33.142572132934973 ], [ -117.268206127154258, 33.142617031218627 ], [ -117.267956913983141, 33.142647708530049 ], [ -117.267672453921733, 33.142573697407798 ], [ -117.267318331980249, 33.142361878926629 ], [ -117.26715853497501, 33.142277300201918 ], [ -117.266534090231517, 33.142721419143605 ], [ -117.265661694354137, 33.143305946515554 ], [ -117.265560490955849, 33.143383123076681 ], [ -117.265499650226133, 33.143517229035915 ], [ -117.265409845453874, 33.14359908315317 ], [ -117.265081944104836, 33.143692431496319 ], [ -117.26464326074823, 33.144015726730515 ], [ -117.263630041528543, 33.144687283492303 ], [ -117.262329755350947, 33.145552043522521 ], [ -117.262314667734913, 33.145719175280611 ], [ -117.262951612974433, 33.146844862196879 ], [ -117.262215329603237, 33.146941539782773 ], [ -117.261866597551887, 33.147197286990327 ], [ -117.261875021936959, 33.147435802796927 ], [ -117.261888402923546, 33.147612245996598 ], [ -117.262008446539269, 33.147692384127332 ], [ -117.262305528266296, 33.14787605445089 ], [ -117.262507567559695, 33.14817979191151 ], [ -117.262709882643748, 33.148507385789543 ], [ -117.262523317347586, 33.148561398203142 ], [ -117.262291981978962, 33.148668265068565 ], [ -117.262267700388847, 33.148757167019831 ], [ -117.262353404140867, 33.148875131703967 ], [ -117.26248868128603, 33.149000676237371 ], [ -117.262611466167641, 33.149040423444688 ], [ -117.267951465063064, 33.14898699727204 ], [ -117.267980642082932, 33.1502831757848 ], [ -117.269485008654883, 33.150299820817004 ], [ -117.269504595817125, 33.151930434871083 ], [ -117.270140100111291, 33.151945055940246 ], [ -117.270164534037619, 33.151899810468407 ], [ -117.272440261398941, 33.148287974468076 ], [ -117.272536870912901, 33.148108715887261 ], [ -117.272770084059687, 33.148010266252115 ], [ -117.273597548726528, 33.146179067836947 ], [ -117.273533535380338, 33.146137605363883 ], [ -117.273430832459837, 33.146085964334773 ] ] ] } },
{ "type": "Feature", "properties": { "OBJECTID": 284, "Record_Num": "AWM2010-LCP-00273", "Business_N": "ATTN: DON FREEBURG, SIERRA DEL ORO", "PRODUCER_L": "15133 OLD COLE GRADE PAUMA VALLEY 92064 APN 130-070-10/030-01/040-04/080-39", "Area": 473, "Shape_Length": 27775.1131924523, "Shape_Area": 20592213.505146857 }, "geometry": { "type": "Polygon", "coordinates": [ [ [ -117.017492058051872, 33.32039674465959 ], [ -117.020828810393994, 33.324980562581175 ], [ -117.020316905176529, 33.325234355990588 ], [ -117.019782385267789, 33.325190158862 ], [ -117.019281790446058, 33.325747536512374 ], [ -117.018533819055975, 33.326696136005239 ], [ -117.017582603575676, 33.326589914181007 ], [ -117.017444065422225, 33.327071612891906 ], [ -117.01761769037104, 33.327226664872612 ], [ -117.018083992939864, 33.32725241085992 ], [ -117.018663549598585, 33.327229739218076 ], [ -117.019688855033948, 33.327481049868872 ], [ -117.02120489094392, 33.327948793062163 ], [ -117.021198820016963, 33.328550037985579 ], [ -117.020779322850757, 33.328676699970025 ], [ -117.01999816922114, 33.329044178186784 ], [ -117.019818725145413, 33.329322036106575 ], [ -117.019046748780326, 33.329441333723523 ], [ -117.018210395112334, 33.33012692309579 ], [ -117.017990839389611, 33.330368762897855 ], [ -117.017803155138409, 33.330744961595471 ], [ -117.017513586534548, 33.331170458572501 ], [ -117.017191540763875, 33.331392890005063 ], [ -117.016942615877198, 33.331786642838992 ], [ -117.016777492161168, 33.33201383077219 ], [ -117.016221306925303, 33.33237226109641 ], [ -117.015829364735467, 33.332792658775844 ], [ -117.015892404379045, 33.332981221045074 ], [ -117.015587028890351, 33.33371253109474 ], [ -117.016396996851043, 33.335746252210484 ], [ -117.016729580778147, 33.335499826193931 ], [ -117.016898547267047, 33.335188915911147 ], [ -117.017436709446827, 33.334460389161713 ], [ -117.017752792899088, 33.333945979502808 ], [ -117.017985297481161, 33.333623898721456 ], [ -117.018204179151553, 33.333084046025135 ], [ -117.019166974614649, 33.331738533599896 ], [ -117.021435531339876, 33.331674841610095 ], [ -117.021647494001328, 33.33147503123287 ], [ -117.021873839695743, 33.330843789938129 ], [ -117.022138680921515, 33.330452790945102 ], [ -117.0226002516591, 33.330197986127438 ], [ -117.022849022455134, 33.330047568545339 ], [ -117.023181526216106, 33.330110391440215 ], [ -117.023614630525287, 33.329722158515168 ], [ -117.024167977658095, 33.329562206154257 ], [ -117.024316628466352, 33.328516215324939 ], [ -117.022760090604507, 33.326969471096682 ], [ -117.024315896474135, 33.324551691277037 ], [ -117.027794658404972, 33.319465828437075 ], [ -117.029117778645244, 33.317681425464329 ], [ -117.028248922508723, 33.316810319802812 ], [ -117.027997397076874, 33.316525172235188 ], [ -117.022608077432238, 33.310414872687723 ], [ -117.020590410791016, 33.311028617874875 ], [ -117.016678505430917, 33.312083474765458 ], [ -117.016877648114104, 33.312759796752182 ], [ -117.014898152069264, 33.313850362169127 ], [ -117.010789519721172, 33.316023230918312 ], [ -117.010656814241898, 33.31658391528088 ], [ -117.010601059137429, 33.317492747405865 ], [ -117.010460078159113, 33.31815059116515 ], [ -117.017492058051872, 33.32039674465959 ] ] ] } },
{ "type": "Feature", "properties": { "OBJECTID": 285, "Record_Num": "AWM2012-LCP-00082", "Business_N": "HERITAGE FAMILY FARMS", "PRODUCER_L": "33734 PAUMA RIDGE RD PAUMA VALLEY CA 92061 APN 130-010-38/39/40/41-00", "Area": 88, "Shape_Length": 8841.2008139969876, "Shape_Area": 3833808.2042797175 }, "geometry": { "type": "Polygon", "coordinates": [ [ [ -117.027427103470956, 33.334808744016101 ], [ -117.027485874875481, 33.335281707341061 ], [ -117.027416170655286, 33.335625689334655 ], [ -117.027545596421007, 33.335861544338883 ], [ -117.027792982658113, 33.336066123827784 ], [ -117.028622221745877, 33.336244152946151 ], [ -117.029691847141976, 33.336296730821793 ], [ -117.030179172155172, 33.336432877268741 ], [ -117.030990468470577, 33.335618536576611 ], [ -117.033090423563749, 33.335506068424841 ], [ -117.033317445495442, 33.335466464608317 ], [ -117.033371882878768, 33.334435481838199 ], [ -117.033401427659228, 33.333671858885488 ], [ -117.033298049156144, 33.332283054868 ], [ -117.033047246840539, 33.33169679021092 ], [ -117.023253175864809, 33.331796320943056 ], [ -117.023249747806744, 33.332437628668004 ], [ -117.023579838552806, 33.332740948496415 ], [ -117.023952163340255, 33.332677553667267 ], [ -117.023682845261817, 33.333076218932362 ], [ -117.023647817391648, 33.333229124711124 ], [ -117.023651656288081, 33.333303344551275 ], [ -117.024261311836256, 33.333594423416002 ], [ -117.024552039678412, 33.334073575749983 ], [ -117.024755102893081, 33.334281299633176 ], [ -117.025018795029325, 33.334402759376935 ], [ -117.025336496539595, 33.334460897161271 ], [ -117.025947600257766, 33.334485585471036 ], [ -117.026561810474604, 33.334624868492668 ], [ -117.026903350305389, 33.334617153949601 ], [ -117.027258211990073, 33.334663703863342 ], [ -117.027427103470956, 33.334808744016101 ] ] ] } },
{ "type": "Feature", "properties": { "OBJECTID": 286, "Record_Num": "AWM2016-LCP-00058", "Business_N": "SAN GABRIEL RANCH", "PRODUCER_L": "10833 SAN GABRIEL WAY, VALLEY CNTR, CA  92082  APN 128-430-03/04/24-00, 128-500-18-00", "Area": 55, "Shape_Length": 9225.5832376442158, "Shape_Area": 2410926.5324377432 }, "geometry": { "type": "Polygon", "coordinates": [ [ [ -117.098525832043975, 33.313773397237348 ], [ -117.098505497880367, 33.31362150279481 ], [ -117.098452159345712, 33.313528141553483 ], [ -117.098313780642968, 33.313407025245461 ], [ -117.098135063822411, 33.312973108596694 ], [ -117.09812569150391, 33.312956703909215 ], [ -117.098040772282772, 33.31291456028552 ], [ -117.0978304890223, 33.312795754100726 ], [ -117.0976827785517, 33.312565821093486 ], [ -117.097546599890407, 33.312352986639496 ], [ -117.09742178766993, 33.312140073565388 ], [ -117.097269829259815, 33.311940707017484 ], [ -117.097162258361735, 33.311865096454618 ], [ -117.096821216516375, 33.311623120670447 ], [ -117.096662109145356, 33.311389447250768 ], [ -117.096550052537253, 33.311084833307333 ], [ -117.096377584678791, 33.310879879665009 ], [ -117.096066429881944, 33.310672052982198 ], [ -117.095915919498353, 33.310386786796649 ], [ -117.095828127209501, 33.310240422572953 ], [ -117.095707720252008, 33.310012209212047 ], [ -117.095692775608256, 33.309861452473037 ], [ -117.095674780357982, 33.309837796217707 ], [ -117.095565386049358, 33.309690624014209 ], [ -117.095366179602777, 33.309658579460553 ], [ -117.095269740811986, 33.309675936406848 ], [ -117.095216610248428, 33.30976457117702 ], [ -117.09540569541835, 33.309925515694935 ], [ -117.095457221033882, 33.310259171899965 ], [ -117.095451814103626, 33.310523073139073 ], [ -117.095341997938149, 33.310920811692938 ], [ -117.095553951838355, 33.311213293990917 ], [ -117.095739221185681, 33.311567033604192 ], [ -117.095885652448487, 33.311665283936549 ], [ -117.09594977636371, 33.311714470524144 ], [ -117.095883761198834, 33.311940135821104 ], [ -117.095925782954893, 33.312054366717263 ], [ -117.096173039210825, 33.312235908112086 ], [ -117.095689193255552, 33.31250640933083 ], [ -117.095322412995301, 33.312188260288451 ], [ -117.095095332124572, 33.31221270913845 ], [ -117.095406872051697, 33.314990475988353 ], [ -117.095204456931441, 33.316098845645328 ], [ -117.095779388932144, 33.316195132947151 ], [ -117.095522034154854, 33.316616778348276 ], [ -117.095434842128668, 33.317003864904414 ], [ -117.095066007645642, 33.317063633397119 ], [ -117.094688570757953, 33.317409750561495 ], [ -117.095421663188446, 33.317404762052121 ], [ -117.095979071199082, 33.317451067401635 ], [ -117.096346858469488, 33.317870840178088 ], [ -117.096745819470186, 33.317693960441176 ], [ -117.097023567235951, 33.317618107850286 ], [ -117.097363178243469, 33.317475031742347 ], [ -117.097691978260215, 33.317389285673343 ], [ -117.098026321131272, 33.31728918725824 ], [ -117.098225383026815, 33.317304528193525 ], [ -117.098478618504231, 33.31733858411868 ], [ -117.098864734523616, 33.317595993652105 ], [ -117.099236599428551, 33.317848726736173 ], [ -117.099613385673052, 33.318022695624911 ], [ -117.099819452908704, 33.318173974497093 ], [ -117.099886288740962, 33.318326205947912 ], [ -117.099917221505393, 33.318292593402759 ], [ -117.099962530151942, 33.316813112917302 ], [ -117.099720122689391, 33.316430664623667 ], [ -117.0997429622347, 33.316148988738412 ], [ -117.099644641631727, 33.315973115345685 ], [ -117.099347446824751, 33.315800988125275 ], [ -117.099266082034276, 33.315615454842906 ], [ -117.099286660969639, 33.315393438487945 ], [ -117.099190465200664, 33.315143591652827 ], [ -117.099023607157022, 33.31493240054413 ], [ -117.09881030203961, 33.314678582207364 ], [ -117.098544109193568, 33.314420830992354 ], [ -117.098438024428646, 33.314171101625824 ], [ -117.098437467493241, 33.314119732727946 ], [ -117.098482417012818, 33.313919288205454 ], [ -117.098518912709764, 33.313823273507978 ], [ -117.098525832043975, 33.313773397237348 ] ] ] } },
{ "type": "Feature", "properties": { "OBJECTID": 287, "Record_Num": "AWM2011-LCP-00025", "Business_N": "SERRATO FARMS", "PRODUCER_L": "36437 CARNEY RD VALELY CENTER CA 92082 APN 128-212-26-00", "Area": 4, "Shape_Length": 1834.4724753757996, "Shape_Area": 186232.04296526956 }, "geometry": { "type": "Polygon", "coordinates": [ [ [ -117.045096597366353, 33.307379531867234 ], [ -117.043268555569412, 33.3065695713547 ], [ -117.042883302618151, 33.307324974759197 ], [ -117.044581617275426, 33.308115731741388 ], [ -117.045096597366353, 33.307379531867234 ] ] ] } },
{ "type": "Feature", "properties": { "OBJECTID": 288, "Record_Num": "AWM2011-LCP-00026", "Business_N": "SERRATO FARMS", "PRODUCER_L": "36275 MUUTANA RD VALLEY CENTER CA 92082 APN 128-211-23-00", "Area": 9, "Shape_Length": 3464.3060351782897, "Shape_Area": 377354.93640468514 }, "geometry": { "type": "Polygon", "coordinates": [ [ [ -117.051965988719317, 33.311379794569746 ], [ -117.051993060826547, 33.310459173504235 ], [ -117.047811728733009, 33.310400398069376 ], [ -117.047806734982316, 33.311313423556406 ], [ -117.050344816273309, 33.311354543848836 ], [ -117.050355240775318, 33.311003431426698 ], [ -117.051587520230385, 33.311029837703515 ], [ -117.051593129107346, 33.31137474946776 ], [ -117.051965988719317, 33.311379794569746 ] ] ] } },
{ "type": "Feature", "properties": { "OBJECTID": 289, "Record_Num": "AWM2009-LCP-00047", "Business_N": "RODNEY'S RANCH", "PRODUCER_L": "961 MASON RD VISTA CA 92084 APN 171-350-07-00", "Area": 5, "Shape_Length": 1934.9412497488415, "Shape_Area": 217085.37722931878 }, "geometry": { "type": "Polygon", "coordinates": [ [ [ -117.230564271958215, 33.240349085253165 ], [ -117.230555259566586, 33.239543814800697 ], [ -117.229103042368038, 33.23967349808683 ], [ -117.228504181588775, 33.239848157379775 ], [ -117.228499100151808, 33.240705258117252 ], [ -117.229460434019799, 33.240707524294066 ], [ -117.229462042875753, 33.240589296729524 ], [ -117.22991901729705, 33.240568448452038 ], [ -117.230564271958215, 33.240349085253165 ] ] ] } },
{ "type": "Feature", "properties": { "OBJECTID": 290, "Record_Num": "AWM2016-LCP-00053", "Business_N": "VEGETABLES FRIUTS AND MORE", "PRODUCER_L": "445 Moss St, Chula Vista, CA 91911 APN 618-191-06-00", "Area": 0, "Shape_Length": 593.72234213459456, "Shape_Area": 17547.383483878366 }, "geometry": { "type": "Polygon", "coordinates": [ [ [ -117.07588860204757, 32.614698852187779 ], [ -117.076021351604382, 32.615003349840208 ], [ -117.076154594257261, 32.614974971582754 ], [ -117.076208198621345, 32.615112036010011 ], [ -117.076251681694643, 32.615131594200619 ], [ -117.076428364684986, 32.615118194214162 ], [ -117.076225000872867, 32.614594292334317 ], [ -117.07588860204757, 32.614698852187779 ] ] ] } },
{ "type": "Feature", "properties": { "OBJECTID": 291, "Record_Num": "AWM2013-LCP-00014", "Business_N": "KOLEE, JOSEPH B.", "PRODUCER_L": "5326 1/2 CHOLLAS PKWY, PLOT 33B & 81, SAN DIEGO CA 92105 (NO APN)", "Area": 2, "Shape_Length": 1754.2299012461924, "Shape_Area": 85777.873062614512 }, "geometry": { "type": "Polygon", "coordinates": [ [ [ -117.081485207870358, 32.743611822142611 ], [ -117.08136405593936, 32.743458035875513 ], [ -117.080616271069047, 32.7439135206983 ], [ -117.079717070591713, 32.74411998225824 ], [ -117.079689598557877, 32.745040150970311 ], [ -117.079838725139282, 32.745046782110457 ], [ -117.080103752112294, 32.744649902480788 ], [ -117.080594450867423, 32.744234325994213 ], [ -117.080813864036685, 32.74403052781846 ], [ -117.081485207870358, 32.743611822142611 ] ] ] } },
{ "type": "Feature", "properties": { "OBJECTID": 292, "Record_Num": "AWM2015-LCP-00008", "Business_N": "RESENDIZ BROTHERS PROTEA GROWERS LLC", "PRODUCER_L": "10096 Gomez Creek, Fallbrook, CA  92028  APN 110-310-06-00", "Area": 17, "Shape_Length": 4141.9499708955354, "Shape_Area": 727894.57366566523 }, "geometry": { "type": "Polygon", "coordinates": [ [ [ -117.113158698046675, 33.385747595153468 ], [ -117.112810221659245, 33.385502318894503 ], [ -117.112785322717286, 33.385456848049564 ], [ -117.112789704091711, 33.385357942492327 ], [ -117.11285716079874, 33.385277313677747 ], [ -117.112928950601813, 33.385261238499922 ], [ -117.11299288465132, 33.385271550871217 ], [ -117.113402102047033, 33.385514011578806 ], [ -117.113579743506406, 33.385532817502643 ], [ -117.113777774503291, 33.385542892841059 ], [ -117.113951156523029, 33.385475841577467 ], [ -117.11398775950461, 33.385381111339086 ], [ -117.113881575902184, 33.385201061798938 ], [ -117.113634619603076, 33.384685054799036 ], [ -117.113543117851691, 33.384588321272439 ], [ -117.113499915109557, 33.384573941882529 ], [ -117.113311218625427, 33.384477356855243 ], [ -117.113090823539792, 33.384333357936676 ], [ -117.11270930570906, 33.383999618485937 ], [ -117.112508794630145, 33.383853094630453 ], [ -117.112305910814115, 33.383754301813866 ], [ -117.112025827936947, 33.383613100110686 ], [ -117.111718626614731, 33.383605687886181 ], [ -117.109796833592441, 33.383378038559968 ], [ -117.109785531333728, 33.383828806371675 ], [ -117.109754067776791, 33.384658503981697 ], [ -117.109600484123661, 33.384656703460642 ], [ -117.109483216936155, 33.384877955835314 ], [ -117.109569053669148, 33.385320778640377 ], [ -117.10959566101927, 33.385374349029107 ], [ -117.112196298078629, 33.385312285300252 ], [ -117.112792078115092, 33.385569303578123 ], [ -117.113158698046675, 33.385747595153468 ] ] ] } },
{ "type": "Feature", "properties": { "OBJECTID": 293, "Record_Num": "AWM2015-LCP-00009", "Business_N": "RESENDIZ BROTHERS PROTEA GROWERS LLC", "PRODUCER_L": "5505 Rainbow Creek Rd, Fallbrook, CA  92028  APN 102-240-13-00", "Area": 3, "Shape_Length": 1377.2444989335909, "Shape_Area": 112871.14646602343 }, "geometry": { "type": "Polygon", "coordinates": [ [ [ -117.14241506410248, 33.421261548710696 ], [ -117.14328914587206, 33.421270541144033 ], [ -117.143286296963311, 33.42010060251156 ], [ -117.142396646463922, 33.420126076251137 ], [ -117.14241506410248, 33.421261548710696 ] ] ] } },
{ "type": "Feature", "properties": { "OBJECTID": 294, "Record_Num": "AWM2010-LCP-00200", "Business_N": "HILLSIDE FLOWER GROWER", "PRODUCER_L": "00000 AQUADUCT RD BONSALL CA 92003 APN 127-221-10-00", "Area": 31, "Shape_Length": 4797.9482135053477, "Shape_Area": 1336975.4016456746 }, "geometry": { "type": "Polygon", "coordinates": [ [ [ -117.157366426391988, 33.278157144344135 ], [ -117.155735434512891, 33.27818088909423 ], [ -117.155558282884314, 33.278628800245869 ], [ -117.155389197191766, 33.278538419757432 ], [ -117.154880554493957, 33.278572666961978 ], [ -117.154464333434291, 33.27875511125464 ], [ -117.153536953802188, 33.279609295187718 ], [ -117.153297611743199, 33.281519662925113 ], [ -117.153121048587039, 33.281585840145745 ], [ -117.153103934061647, 33.281689031126575 ], [ -117.157302003955039, 33.281638564405803 ], [ -117.157308231122997, 33.278955375392236 ], [ -117.157366426391988, 33.278157144344135 ] ] ] } },
{ "type": "Feature", "properties": { "OBJECTID": 295, "Record_Num": "AWM2014-LCP-00031", "Business_N": "RFB FAMILY FARM", "PRODUCER_L": "10110 W LILAC RD ESCONDIDO CA 92026 ", "Area": 3, "Shape_Length": 2429.5747683103905, "Shape_Area": 124577.87885267321 }, "geometry": { "type": "Polygon", "coordinates": [ [ [ -117.112060317388284, 33.274029306698623 ], [ -117.111408381361699, 33.274045725433453 ], [ -117.111430191824013, 33.274189539110836 ], [ -117.111525039891546, 33.27430339785225 ], [ -117.111549497170557, 33.274479775482675 ], [ -117.111451690409012, 33.274642687075954 ], [ -117.111133534985271, 33.274637737873647 ], [ -117.111133395141039, 33.274334744833574 ], [ -117.11090748148068, 33.27446752951699 ], [ -117.110732996075257, 33.274342293871356 ], [ -117.110800500478291, 33.274275024450397 ], [ -117.111226202045145, 33.274241056300085 ], [ -117.111330767362844, 33.27418784316319 ], [ -117.111320767108992, 33.274047931266509 ], [ -117.110993110303369, 33.27405618194242 ], [ -117.110462785172473, 33.274056423937033 ], [ -117.110481954910512, 33.274866328525405 ], [ -117.11217854658436, 33.274867897180769 ], [ -117.112063765175478, 33.274102573658034 ], [ -117.112060317388284, 33.274029306698623 ] ] ] } },
{ "type": "Feature", "properties": { "OBJECTID": 296, "Record_Num": "AWM2015-LCP-00046", "Business_N": "PEADS AND BARNETT LLC", "PRODUCER_L": "14364 FRUITVALE RD, VALLEY CENTER, CA  92082  APN 188-130-57-00", "Area": 3, "Shape_Length": 1779.2150294005201, "Shape_Area": 152160.58048369049 }, "geometry": { "type": "Polygon", "coordinates": [ [ [ -117.02028228454725, 33.241506530446784 ], [ -117.019563603723142, 33.241606038893742 ], [ -117.019507837245015, 33.243040709703855 ], [ -117.019967768630593, 33.243167642724217 ], [ -117.019911792352204, 33.243259603455797 ], [ -117.020106727022039, 33.243472158613258 ], [ -117.020158983171669, 33.24347374318662 ], [ -117.020413994885004, 33.243027452813578 ], [ -117.02028228454725, 33.241506530446784 ] ] ] } },
{ "type": "Feature", "properties": { "OBJECTID": 297, "Record_Num": "AWM2016-LCP-00048", "Business_N": "JESSI FOLIAGE AND PLANTS", "PRODUCER_L": "748 Requeza St, Encinitas, CA 92024 APN 258-141-36-00", "Area": 1, "Shape_Length": 720.92756420761214, "Shape_Area": 31350.060166741045 }, "geometry": { "type": "Polygon", "coordinates": [ [ [ -117.27614369328596, 33.044125713220353 ], [ -117.275447492750956, 33.044125373717982 ], [ -117.275437554104414, 33.044516357607911 ], [ -117.275436463689275, 33.044526495029906 ], [ -117.276133936142315, 33.044531964019434 ], [ -117.27614369328596, 33.044125713220353 ] ] ] } },
{ "type": "Feature", "properties": { "OBJECTID": 298, "Record_Num": "AWM2011-LCP-00016", "Business_N": "R & L FARMS", "PRODUCER_L": "731 OAK ST RAMONA CA 92065 APN 280-087-15-00", "Area": 4, "Shape_Length": 2773.0289589632898, "Shape_Area": 158996.94471405042 }, "geometry": { "type": "Polygon", "coordinates": [ [ [ -116.866925099452644, 33.055728347363598 ], [ -116.866941179834186, 33.055724903839938 ], [ -116.866927750509731, 33.054974876875796 ], [ -116.866913596376591, 33.054972346854008 ], [ -116.866346963437991, 33.054970397010912 ], [ -116.866338330779655, 33.056223204146143 ], [ -116.864985756359332, 33.056218652925764 ], [ -116.864980225818286, 33.056703593164599 ], [ -116.866939914352514, 33.056701916169587 ], [ -116.866958999951493, 33.056700509073131 ], [ -116.866948169332304, 33.056320362829958 ], [ -116.866934110981461, 33.05632052305134 ], [ -116.866770035159107, 33.056322395496281 ], [ -116.866752928148514, 33.056403788395698 ], [ -116.866629575200648, 33.056460516541172 ], [ -116.866571020879491, 33.056449356357341 ], [ -116.866547904175988, 33.056255936283257 ], [ -116.866510522631742, 33.055774001307313 ], [ -116.866563267198941, 33.055732512230023 ], [ -116.866925099452644, 33.055728347363598 ] ] ] } },
{ "type": "Feature", "properties": { "OBJECTID": 299, "Record_Num": "AWM2016-LCP-00018", "Business_N": "SOMCHAY-LORENZ, SONY", "PRODUCER_L": "4035 Fairmount Ave, San Diego, CA  92105  APN 471-461-07-00", "Area": 0, "Shape_Length": 352.1888355962185, "Shape_Area": 6268.1944945203413 }, "geometry": { "type": "Polygon", "coordinates": [ [ [ -117.100422348023827, 32.75029169826383 ], [ -117.100422705364537, 32.750422249422115 ], [ -117.100833948843984, 32.750439264159091 ], [ -117.100833480310882, 32.750297261692154 ], [ -117.100422348023827, 32.75029169826383 ] ] ] } },
{ "type": "Feature", "properties": { "OBJECTID": 300, "Record_Num": "AWM2010-LCP-00266", "Business_N": "INTERNATIONAL RESCUE COMMITTEE", "PRODUCER_L": "4021 FAIRMOUNT AVE SAN DIEGO CA 92105 APN 471-461-07-00", "Area": 0, "Shape_Length": 335.57282314000281, "Shape_Area": 5245.8633940901391 }, "geometry": { "type": "Polygon", "coordinates": [ [ [ -117.100833157270486, 32.750076620358122 ], [ -117.100832150293215, 32.750065938100164 ], [ -117.100583662161512, 32.750064031833993 ], [ -117.100540290695051, 32.750061842931217 ], [ -117.100425150623934, 32.75005725683603 ], [ -117.100421999113976, 32.750161909918049 ], [ -117.100422745497298, 32.750175006124223 ], [ -117.100831632269234, 32.75018069865142 ], [ -117.100833157270486, 32.750076620358122 ] ] ] } },
{ "type": "Feature", "properties": { "OBJECTID": 301, "Record_Num": "AWM2014-LCP-00009", "Business_N": "CAMPO CREEK RANCH", "PRODUCER_L": "30496 Highway 94, Campo, CA  91906, APN 656-070-11-00", "Area": 33, "Shape_Length": 4998.511593552701, "Shape_Area": 1426246.4939699091 }, "geometry": { "type": "Polygon", "coordinates": [ [ [ -116.497316133639714, 32.593360488657751 ], [ -116.49725549576155, 32.593369419157312 ], [ -116.493913420252269, 32.593523780465084 ], [ -116.493510455005719, 32.593913256744003 ], [ -116.49403608254795, 32.594712893279926 ], [ -116.493328220200496, 32.595848233545077 ], [ -116.493022230548576, 32.596212868537407 ], [ -116.493028494748529, 32.596850332671615 ], [ -116.497321197654728, 32.596776894913262 ], [ -116.497321047906297, 32.596723453865046 ], [ -116.497316133639714, 32.593360488657751 ] ] ] } },
{ "type": "Feature", "properties": { "OBJECTID": 302, "Record_Num": "AWM2016-LCP-00054", "Business_N": "Nick Stehly Farms", "PRODUCER_L": "13268 McNally Rd, Valley Center, CA 92082 APN 128-200-24/28/39-00, 128/140/01/02-00", "Area": 717, "Shape_Length": 44713.42482359126, "Shape_Area": 31216827.410195049 }, "geometry": { "type": "Polygon", "coordinates": [ [ [ -117.072636904340527, 33.315761784554887 ], [ -117.072626864461853, 33.315567349731637 ], [ -117.072622714189336, 33.315486960856752 ], [ -117.068449957614035, 33.315463029717961 ], [ -117.06854186760863, 33.312074126137752 ], [ -117.068566964716155, 33.311832975740273 ], [ -117.065067498519156, 33.311873143898815 ], [ -117.064498042942063, 33.31183587278074 ], [ -117.064505800508428, 33.311043656235135 ], [ -117.06453839890392, 33.308233118418592 ], [ -117.062613335789521, 33.308248822363993 ], [ -117.060486735380451, 33.308240543710191 ], [ -117.060555147563747, 33.305209006578714 ], [ -117.060613440397063, 33.301370324349556 ], [ -117.060613184310569, 33.301298476620062 ], [ -117.06061290948513, 33.301221589400846 ], [ -117.057903403561397, 33.301201823131755 ], [ -117.057836092563079, 33.301192752648845 ], [ -117.057715709704453, 33.301176531542943 ], [ -117.055989470108315, 33.298392387446142 ], [ -117.055391270737147, 33.298428795458719 ], [ -117.055008311658739, 33.293812787864539 ], [ -117.054991509964722, 33.293106760076064 ], [ -117.055103770066225, 33.292728826515336 ], [ -117.055157116555648, 33.291115706853489 ], [ -117.055103265864346, 33.289584397401867 ], [ -117.055085609688135, 33.288281887285436 ], [ -117.054991536025042, 33.286082824566449 ], [ -117.054920537620291, 33.285157609636187 ], [ -117.05486885102107, 33.281388439587985 ], [ -117.054857484187252, 33.279409920011929 ], [ -117.05241786752714, 33.279998297275036 ], [ -117.052438208784267, 33.279242355576827 ], [ -117.050529235080489, 33.279216509464227 ], [ -117.050512528028065, 33.281366221634386 ], [ -117.050486040585085, 33.29313563546625 ], [ -117.052256986606309, 33.301138918550173 ], [ -117.052163961788821, 33.308095902940742 ], [ -117.05232757676086, 33.308091840504538 ], [ -117.05469795777546, 33.308093440410993 ], [ -117.054679305765262, 33.308266734656762 ], [ -117.054546249351034, 33.311146610224732 ], [ -117.054136350815398, 33.311047078328542 ], [ -117.053881701594534, 33.31084259758024 ], [ -117.05382895500685, 33.310605628716985 ], [ -117.053222203180539, 33.311601191299253 ], [ -117.053109682009335, 33.311727553812894 ], [ -117.056347190145544, 33.311744497957875 ], [ -117.056615961110367, 33.312091727464505 ], [ -117.056870117077068, 33.31253720409741 ], [ -117.057824785388917, 33.314008255082612 ], [ -117.060185911043618, 33.315647631201387 ], [ -117.062661015833058, 33.315597103964869 ], [ -117.063154418847958, 33.318055969972633 ], [ -117.064235790364165, 33.319199771670711 ], [ -117.06851046181275, 33.319039978242316 ], [ -117.06837653150032, 33.322951584220554 ], [ -117.072536462787042, 33.322901199554963 ], [ -117.072636904340527, 33.315761784554887 ] ] ] } },
{ "type": "Feature", "properties": { "OBJECTID": 303, "Record_Num": "AWM2011-LCP-00031", "Business_N": "SERRATO FARMS", "PRODUCER_L": "36588 CARNEY RD VALLEY CENTER CA 92082 APN 128-211-05-00", "Area": 8, "Shape_Length": 2764.7627826009998, "Shape_Area": 333608.67754952813 }, "geometry": { "type": "Polygon", "coordinates": [ [ [ -117.047471512377655, 33.309127841489143 ], [ -117.047536711346822, 33.308799143589134 ], [ -117.047347408947587, 33.308479713900269 ], [ -117.047302293568137, 33.30832025752845 ], [ -117.047744193971937, 33.308120257241576 ], [ -117.047790167981645, 33.307248099075736 ], [ -117.047794889277114, 33.307198076683875 ], [ -117.047541761457268, 33.307360606628166 ], [ -117.045986550057648, 33.308279831167269 ], [ -117.045257390309416, 33.308111396623275 ], [ -117.045087144046263, 33.308387325836534 ], [ -117.045077550362791, 33.30840723638201 ], [ -117.046275035729948, 33.309510751239301 ], [ -117.047322325944151, 33.309172426444732 ], [ -117.047471512377655, 33.309127841489143 ] ] ] } },
{ "type": "Feature", "properties": { "OBJECTID": 304, "Record_Num": "AWM2010-LCP-00132", "Business_N": "STEHLY FARMS ORGANICS", "PRODUCER_L": "12630 SANTA CATALINA RD VALLEY CENTER CA 92082 APN 128-200-[10/8/33/34/35/36]-00 & 128-201-01-00", "Area": 253, "Shape_Length": 15987.113567864737, "Shape_Area": 11031347.036745293 }, "geometry": { "type": "Polygon", "coordinates": [ [ [ -117.069824782010244, 33.311894386697709 ], [ -117.07033622670177, 33.312135310538451 ], [ -117.070162680879562, 33.313022049768712 ], [ -117.069449614667789, 33.313584068722534 ], [ -117.069381021531271, 33.314027317674451 ], [ -117.069529142529035, 33.314308813290594 ], [ -117.069856107914802, 33.314268483382719 ], [ -117.07055808198038, 33.31349277107298 ], [ -117.071035030257832, 33.313932414985452 ], [ -117.070985345069261, 33.314451883227797 ], [ -117.071458290172856, 33.314464024115942 ], [ -117.071855592020739, 33.314167311959736 ], [ -117.072054307260913, 33.314146910367796 ], [ -117.072186016741668, 33.31425339761126 ], [ -117.072319654838736, 33.314565046738466 ], [ -117.072875400855494, 33.314740296205791 ], [ -117.07296616767357, 33.314722995222205 ], [ -117.073070400854007, 33.314626873816728 ], [ -117.073232934205137, 33.314384834942715 ], [ -117.073450595645824, 33.314264104009929 ], [ -117.07380197987176, 33.314161571967261 ], [ -117.074104240467065, 33.314274082463974 ], [ -117.074392093099377, 33.314365216575347 ], [ -117.074821811785128, 33.314433935618759 ], [ -117.074997180063804, 33.314649875027953 ], [ -117.074843490414338, 33.314925257390904 ], [ -117.074671379585965, 33.315055230970977 ], [ -117.074621358595508, 33.315174850944999 ], [ -117.07466503597135, 33.315286691907801 ], [ -117.074899288318221, 33.315418738387969 ], [ -117.075160975393487, 33.315432218738451 ], [ -117.075281843615016, 33.315382198912225 ], [ -117.075458542318998, 33.3155993857876 ], [ -117.075566621923826, 33.315612478678212 ], [ -117.075604175142658, 33.315624721183774 ], [ -117.075897942814777, 33.315598149558532 ], [ -117.075980750747235, 33.315747487635839 ], [ -117.076100205274216, 33.31578643010765 ], [ -117.077006982620389, 33.315651461391511 ], [ -117.077026388828301, 33.315647764122978 ], [ -117.077074870039667, 33.31563852792943 ], [ -117.077044640273456, 33.309496714791024 ], [ -117.077158336614843, 33.308930370427092 ], [ -117.077129829225072, 33.308511430346336 ], [ -117.077122470714826, 33.308165639697918 ], [ -117.07752861570556, 33.307534926164955 ], [ -117.077448991859626, 33.307287338123196 ], [ -117.077292270341573, 33.307059349139024 ], [ -117.077208571041496, 33.306861411459799 ], [ -117.077247318875393, 33.306632120970711 ], [ -117.077157055178901, 33.306220463139994 ], [ -117.077011523115942, 33.30623670013599 ], [ -117.077011022429303, 33.304717453171982 ], [ -117.076863083344861, 33.304616487435446 ], [ -117.074755529467026, 33.30468299053652 ], [ -117.068556341210098, 33.304719240575885 ], [ -117.068427080228361, 33.304872781417927 ], [ -117.067287131087227, 33.306936812475506 ], [ -117.065027414935187, 33.308244745345355 ], [ -117.064681912789709, 33.308245103714547 ], [ -117.064645491835037, 33.311659357976069 ], [ -117.067567711552385, 33.311706121374108 ], [ -117.067893268925502, 33.311479596486713 ], [ -117.068756654548721, 33.311435735113754 ], [ -117.069824782010244, 33.311894386697709 ] ] ] } },
{ "type": "Feature", "properties": { "OBJECTID": 305, "Record_Num": "AWM2015-LCP-00003", "Business_N": "FRULLA, INC", "PRODUCER_L": "** is address 4103 NE Mission Rd, Fallbrook, CA  92028  APN 108-370-20/108-350-13-00", "Area": 37, "Shape_Length": 7971.6231418112793, "Shape_Area": 1632466.487916813 }, "geometry": { "type": "Polygon", "coordinates": [ [ [ -117.171635172750058, 33.38854683765917 ], [ -117.171837584458856, 33.388755282222881 ], [ -117.171335838564943, 33.389050372395353 ], [ -117.171403530295237, 33.390055772692513 ], [ -117.171315624821943, 33.390350348544466 ], [ -117.171156787085735, 33.39082294807308 ], [ -117.170988143684738, 33.391228820538011 ], [ -117.170925180583424, 33.391515575647119 ], [ -117.172556605433257, 33.391522563353789 ], [ -117.172871067147682, 33.390705259351151 ], [ -117.172890676601753, 33.390623044031528 ], [ -117.172900500818344, 33.390476008967561 ], [ -117.172893756089749, 33.390268022311403 ], [ -117.172614914137441, 33.388853914659265 ], [ -117.172403705005266, 33.3878114805133 ], [ -117.172235542570817, 33.386967220635931 ], [ -117.171914184328898, 33.385402647098353 ], [ -117.171794423260025, 33.385048536257713 ], [ -117.171559004841413, 33.38472963851698 ], [ -117.171498367027056, 33.38480452325426 ], [ -117.171281979615387, 33.384650576562287 ], [ -117.17134264997371, 33.384535611237233 ], [ -117.171079199838914, 33.384406252504355 ], [ -117.170783298722682, 33.384306143955186 ], [ -117.169882649662824, 33.383986061756566 ], [ -117.169840237646454, 33.386183552122588 ], [ -117.169749449351215, 33.38931966452904 ], [ -117.169770128043965, 33.389382113589107 ], [ -117.170738325048447, 33.389370364311588 ], [ -117.170711607065172, 33.389252992719335 ], [ -117.170808585300406, 33.389128596670368 ], [ -117.170822864278918, 33.38842842978525 ], [ -117.170848606908407, 33.388374659336833 ], [ -117.171032525438164, 33.388356628682864 ], [ -117.171081883473988, 33.388722713375373 ], [ -117.171354521576333, 33.388686337949999 ], [ -117.17136233350783, 33.388546006678339 ], [ -117.171327726892159, 33.388518580223398 ], [ -117.171366000276777, 33.38848012407059 ], [ -117.171635172750058, 33.38854683765917 ] ] ] } },
{ "type": "Feature", "properties": { "OBJECTID": 306, "Record_Num": "AWM2021-LCP-00095", "Business_N": "NOLKEMPER , TRAVIS", "PRODUCER_L": "13736 CRYSTALLITE LN, VALLEY CENTER, CA 92082", "Area": 1, "Shape_Length": 1371.3039349446653, "Shape_Area": 59198.399455180937 }, "geometry": { "type": "Polygon", "coordinates": [ [ [ -117.033825103561455, 33.277665297543969 ], [ -117.033832188751418, 33.277623921435762 ], [ -117.033538453950001, 33.277625775918196 ], [ -117.033536660390894, 33.277591969764643 ], [ -117.033533443045741, 33.277565687392332 ], [ -117.033527063327867, 33.277519386432068 ], [ -117.033520505399096, 33.277453045341488 ], [ -117.033533018741252, 33.27718493418061 ], [ -117.03377456563112, 33.277183409237963 ], [ -117.033774061250824, 33.277127050560949 ], [ -117.03394254852239, 33.277125986582625 ], [ -117.033942200991646, 33.277087162337601 ], [ -117.032682243543533, 33.27709135589118 ], [ -117.03267995956783, 33.277670018435153 ], [ -117.033825103561455, 33.277665297543969 ] ] ] } },
{ "type": "Feature", "properties": { "OBJECTID": 307, "Record_Num": "AWM2021-LCP-00099", "Business_N": "BONDAVENTURE", "PRODUCER_L": "2465 VIA OESTE, FALLBROOK, CA  92028", "Area": 2, "Shape_Length": 1320.7411190368157, "Shape_Area": 100835.88726547497 }, "geometry": { "type": "Polygon", "coordinates": [ [ [ -117.183313818962077, 33.347505335225087 ], [ -117.183057359533805, 33.347604166935426 ], [ -117.182904776215508, 33.347700806022331 ], [ -117.182860316911942, 33.34773503493706 ], [ -117.182855997398846, 33.347749096985417 ], [ -117.18282167940059, 33.347784358828562 ], [ -117.182825642665861, 33.347879789763738 ], [ -117.182855882603775, 33.348014670406286 ], [ -117.182940260829838, 33.348206378337117 ], [ -117.183355257317885, 33.3481573057636 ], [ -117.183545018716273, 33.348152490409824 ], [ -117.183702871569423, 33.348185199151189 ], [ -117.184366266981911, 33.348285285111665 ], [ -117.184157190368936, 33.347615742567392 ], [ -117.183678967683221, 33.347468282437674 ], [ -117.183674941802053, 33.3474291958698 ], [ -117.183313818962077, 33.347505335225087 ] ] ] } },
{ "type": "Feature", "properties": { "OBJECTID": 308, "Record_Num": "AWM2021-LCP-00107", "Business_N": "PAPA JOE'S FARM  *", "PRODUCER_L": "2831 ECHO VALLEY RD, JAMUL, CA  91935", "Area": 1, "Shape_Length": 931.03836673811566, "Shape_Area": 44579.628055468609 }, "geometry": { "type": "Polygon", "coordinates": [ [ [ -116.901685492213048, 32.703975735005614 ], [ -116.901673155098408, 32.703603123743427 ], [ -116.901147759658215, 32.703607247156306 ], [ -116.900607941586969, 32.703604695015095 ], [ -116.900607507857984, 32.70397872632438 ], [ -116.901685492213048, 32.703975735005614 ] ] ] } },
{ "type": "Feature", "properties": { "OBJECTID": 309, "Record_Num": "AWM2021-LCP-00115", "Business_N": "BROWN, RANDOLPH", "PRODUCER_L": "1461 LAKE DR., ENCINITAS, CA 92024", "Area": 2, "Shape_Length": 1585.7389269909704, "Shape_Area": 106340.49424695458 }, "geometry": { "type": "Polygon", "coordinates": [ [ [ -117.266283011713028, 33.031708066703594 ], [ -117.26628447368094, 33.031502844783624 ], [ -117.266277608554475, 33.031241138345713 ], [ -117.264253717086078, 33.031228654312294 ], [ -117.264247657360428, 33.031700523473702 ], [ -117.266283011713028, 33.031708066703594 ] ] ] } },
{ "type": "Feature", "properties": { "OBJECTID": 310, "Record_Num": "AWM2021-LCP-00110", "Business_N": "GATSON GREENS LLC", "PRODUCER_L": "31710 1/2 Rancho Amigos Road, Bonsall, CA 92003", "Area": 3, "Shape_Length": 1483.4499643433282, "Shape_Area": 130176.02198234988 }, "geometry": { "type": "Polygon", "coordinates": [ [ [ -117.16126770596901, 33.281722776881743 ], [ -117.161060680232154, 33.280806229598795 ], [ -117.160785648987712, 33.280870657123089 ], [ -117.159792603890821, 33.280896005079001 ], [ -117.15977369329633, 33.281710742662277 ], [ -117.16126770596901, 33.281722776881743 ] ] ] } },
{ "type": "Feature", "properties": { "OBJECTID": 311, "Record_Num": "AWM2021-LCP-00113", "Business_N": "TIERRA SANA FARM", "PRODUCER_L": "31770 Bobritt Rd, Bonsall CA 92003", "Area": 11, "Shape_Length": 4854.4817569485976, "Shape_Area": 497314.34063806589 }, "geometry": { "type": "MultiPolygon", "coordinates": [ [ [ [ -117.18660307549554, 33.289169649394118 ], [ -117.187069342967092, 33.289180751161773 ], [ -117.187114159688093, 33.285596866332305 ], [ -117.18584136948509, 33.285585349808677 ], [ -117.18580873715041, 33.288142487195927 ], [ -117.18597895074457, 33.288142828874037 ], [ -117.185977179800204, 33.287977147116521 ], [ -117.186683191984329, 33.287979944760266 ], [ -117.186633858514995, 33.288792543672962 ], [ -117.18660307549554, 33.289169649394118 ] ] ], [ [ [ -117.186647064561328, 33.28800732282712 ], [ -117.186542442607589, 33.288005885815501 ], [ -117.186013575977867, 33.288007336162821 ], [ -117.186008329232834, 33.288174388233443 ], [ -117.185817892479662, 33.288170747287097 ], [ -117.185816252644315, 33.28830020951122 ], [ -117.185799082228826, 33.289146070470402 ], [ -117.18657675827852, 33.28916406435556 ], [ -117.186647064561328, 33.28800732282712 ] ] ] ] } },
{ "type": "Feature", "properties": { "OBJECTID": 312, "Record_Num": "AWM2021-LCP-00116", "Business_N": "OAK GROVE FARMS", "PRODUCER_L": "40911 VIA RANCHITOS, FALLBROOK, CA 92028", "Area": 9, "Shape_Length": 3804.6249129672378, "Shape_Area": 401903.11470198724 }, "geometry": { "type": "MultiPolygon", "coordinates": [ [ [ [ -117.22344037152169, 33.415300747178705 ], [ -117.223681107166456, 33.415376783057916 ], [ -117.224166776152273, 33.415534921412025 ], [ -117.224604998403265, 33.415681469721903 ], [ -117.224771892105537, 33.415735317196251 ], [ -117.224813940800217, 33.415741881882546 ], [ -117.225122797329419, 33.414195114912054 ], [ -117.223396458866489, 33.414201748836348 ], [ -117.22344037152169, 33.415300747178705 ] ] ], [ [ [ -117.224625957366726, 33.415971116086645 ], [ -117.224602731184291, 33.415912150476913 ], [ -117.224603442805687, 33.415722874294943 ], [ -117.223439809839718, 33.415336443428608 ], [ -117.223449600539567, 33.416611728833495 ], [ -117.225226586835248, 33.41665694968281 ], [ -117.225274294888891, 33.416333928630173 ], [ -117.225005778683268, 33.416304834182348 ], [ -117.224942910206622, 33.416296158745503 ], [ -117.224836043408942, 33.416231639055454 ], [ -117.224727700215084, 33.416145393652506 ], [ -117.224654830860871, 33.416062124288743 ], [ -117.224625957366726, 33.415971116086645 ] ] ] ] } },
{ "type": "Feature", "properties": { "OBJECTID": 313, "Record_Num": "AWM2022-LCP-00001", "Business_N": "SUBURBAN MOM GARDENER", "PRODUCER_L": "1787 MONTGOMERY DR., VISTA, CA  92084", "Area": 1, "Shape_Length": 681.06314677700243, "Shape_Area": 25245.422394771362 }, "geometry": { "type": "Polygon", "coordinates": [ [ [ -117.21368839816391, 33.178601456255976 ], [ -117.213356024736214, 33.178198592659804 ], [ -117.213005992636141, 33.178461564915409 ], [ -117.212837950588366, 33.178486612480796 ], [ -117.212836391010782, 33.178542327916183 ], [ -117.213285896314886, 33.178734254305908 ], [ -117.21368839816391, 33.178601456255976 ] ] ] } },
{ "type": "Feature", "properties": { "OBJECTID": 314, "Record_Num": "AWM2022-LCP-00003", "Business_N": "GREEN ADAPTOGENICS", "PRODUCER_L": "10370 LA DUENA WAY, SAN DIEGO, CA  92124", "Area": 0, "Shape_Length": 340.6110546101267, "Shape_Area": 6478.4720524207032 }, "geometry": { "type": "Polygon", "coordinates": [ [ [ -117.103501533439214, 32.836833269489858 ], [ -117.10373473466413, 32.83660488307202 ], [ -117.10358815670547, 32.836503110672304 ], [ -117.10334658118623, 32.836745930189558 ], [ -117.103501533439214, 32.836833269489858 ] ] ] } },
{ "type": "Feature", "properties": { "OBJECTID": 315, "Record_Num": "AWM2022-LCP-00004", "Business_N": "BECKSTEAD FARMS", "PRODUCER_L": "383 W. LA CIENEGA RD., SAN MARCOS, CA  92069 ", "Area": 2, "Shape_Length": 1343.6534433903812, "Shape_Area": 100946.1426328977 }, "geometry": { "type": "Polygon", "coordinates": [ [ [ -117.166910066442128, 33.173388291987891 ], [ -117.167673506656016, 33.173018979724219 ], [ -117.167629486301919, 33.172955391302757 ], [ -117.167583965037949, 33.172911183020794 ], [ -117.167554305213002, 33.172811420200979 ], [ -117.167555224171821, 33.172676992395267 ], [ -117.167641785103001, 33.172574283707242 ], [ -117.167779995976943, 33.172486910578414 ], [ -117.167681877146904, 33.172307112495901 ], [ -117.167413798595177, 33.172138352233873 ], [ -117.16728412130206, 33.172092744887948 ], [ -117.166804363195524, 33.172105163860628 ], [ -117.166818846634243, 33.173238179297158 ], [ -117.166827521028992, 33.173311291003422 ], [ -117.166910066442128, 33.173388291987891 ] ] ] } },
{ "type": "Feature", "properties": { "OBJECTID": 316, "Record_Num": "AWM2022-LCP-00006", "Business_N": "SANTUARIO FARMS", "PRODUCER_L": "18738 OLMEDA PL, SAN DIEGO, CA  92128 ", "Area": 1, "Shape_Length": 825.74308528325651, "Shape_Area": 40311.082358864303 }, "geometry": { "type": "Polygon", "coordinates": [ [ [ -117.050949991940328, 33.046794245318488 ], [ -117.051246025450325, 33.046108436519276 ], [ -117.050605558574603, 33.046072644383351 ], [ -117.050507310434284, 33.046673558438123 ], [ -117.05056665865834, 33.046681910599766 ], [ -117.050655778260193, 33.04670504517378 ], [ -117.050949991940328, 33.046794245318488 ] ] ] } },
{ "type": "Feature", "properties": { "OBJECTID": 317, "Record_Num": "AWM2022-LCP-00007", "Business_N": "ASSET TRADE, LLC", "PRODUCER_L": "17436 N. MESA DR., PAUMA VALLEY, CA  92061 ", "Area": 14, "Shape_Length": 3784.715118176598, "Shape_Area": 594156.57202434237 }, "geometry": { "type": "Polygon", "coordinates": [ [ [ -116.950071377378151, 33.315212450057892 ], [ -116.950070382622812, 33.315210133806389 ], [ -116.950092727788302, 33.314879554498432 ], [ -116.950141964291461, 33.314786609925314 ], [ -116.95021345179714, 33.314674307658706 ], [ -116.950260543556652, 33.314563261917755 ], [ -116.950274711142015, 33.314501636968053 ], [ -116.950294923846144, 33.314383609486313 ], [ -116.950318807562837, 33.314245348944283 ], [ -116.950372290907552, 33.314162870614915 ], [ -116.950425957082359, 33.314103121109717 ], [ -116.950526998230544, 33.31397841326919 ], [ -116.950584786788696, 33.313913395288424 ], [ -116.950620115727133, 33.313904454056498 ], [ -116.950688959322264, 33.313919801077006 ], [ -116.950789206301579, 33.313955952344358 ], [ -116.950920810190524, 33.313747146606559 ], [ -116.951176555215, 33.313437979284451 ], [ -116.951337464360108, 33.313248240723553 ], [ -116.951442654819857, 33.313121759389361 ], [ -116.951496290532717, 33.31305851280964 ], [ -116.951601788807807, 33.312970495833461 ], [ -116.951715770079147, 33.31290166304759 ], [ -116.951877742400086, 33.312844797599453 ], [ -116.952023461945046, 33.31283872874468 ], [ -116.952121289436391, 33.312832930511817 ], [ -116.952216837235326, 33.312802666822414 ], [ -116.952270598418991, 33.312755154643042 ], [ -116.948740237181653, 33.312778293091753 ], [ -116.948594561202498, 33.314273131580379 ], [ -116.94830780132844, 33.315290677306223 ], [ -116.950071377378151, 33.315212450057892 ] ] ] } },
{ "type": "Feature", "properties": { "OBJECTID": 318, "Record_Num": "AWM2022-LCP-00009", "Business_N": "SOUL FUNGI", "PRODUCER_L": "925 E. OLD JULIAN HWY, RAMONA, CA  92065 ", "Area": 8, "Shape_Length": 3709.0672020228048, "Shape_Area": 339947.71390478523 }, "geometry": { "type": "MultiPolygon", "coordinates": [ [ [ [ -116.823828616546507, 33.042547361935362 ], [ -116.823926776050513, 33.041995924294113 ], [ -116.823304258765191, 33.041836575975857 ], [ -116.82296150192731, 33.041663684740925 ], [ -116.822829730464278, 33.041520426943094 ], [ -116.822745364609503, 33.041401438443458 ], [ -116.822537355870907, 33.041270777411903 ], [ -116.821986992148965, 33.041028440342416 ], [ -116.821986038026608, 33.042555889153007 ], [ -116.821989632792636, 33.042549749904282 ], [ -116.822738313520659, 33.042549349711415 ], [ -116.823828616546507, 33.042547361935362 ] ] ], [ [ [ -116.823922488063801, 33.041874346194469 ], [ -116.823961146220753, 33.041862303109696 ], [ -116.824022418796474, 33.041538724662104 ], [ -116.824028582325241, 33.040865413914354 ], [ -116.823785702283132, 33.04088136951021 ], [ -116.822067178381189, 33.040877459181104 ], [ -116.822071067648821, 33.040933795646502 ], [ -116.822169879511975, 33.040965964804222 ], [ -116.822593783203587, 33.041168658777885 ], [ -116.82284515750446, 33.04137511553273 ], [ -116.822972722839253, 33.041496131260033 ], [ -116.823149742343233, 33.041640645609647 ], [ -116.823552309527003, 33.041810809273045 ], [ -116.823922488063801, 33.041874346194469 ] ] ] ] } },
{ "type": "Feature", "properties": { "OBJECTID": 319, "Record_Num": "AWM2022-LCP-00011", "Business_N": "KISLING FARM", "PRODUCER_L": "40479 VIA DEL GAVILAN, FALLBROOK, CA  92028 ", "Area": 14, "Shape_Length": 3648.764594982852, "Shape_Area": 601122.12715732667 }, "geometry": { "type": "Polygon", "coordinates": [ [ [ -117.223315882589077, 33.413088282839041 ], [ -117.22229363660071, 33.413081218873778 ], [ -117.221878167510383, 33.413079314240989 ], [ -117.218999629473345, 33.413023840823037 ], [ -117.219023754767548, 33.414349234866492 ], [ -117.220467185534758, 33.414314233413691 ], [ -117.220627596061291, 33.414312981162581 ], [ -117.221926595768082, 33.415103624970705 ], [ -117.222183838717342, 33.414534008387072 ], [ -117.222338277322223, 33.414128930738727 ], [ -117.222580290734896, 33.413835451573419 ], [ -117.222781550142258, 33.413685642542738 ], [ -117.223223180051377, 33.41335142939154 ], [ -117.223315882589077, 33.413088282839041 ] ] ] } },
{ "type": "Feature", "properties": { "OBJECTID": 320, "Record_Num": "AWM2022-LCP-00012", "Business_N": "KISLING FARM", "PRODUCER_L": "", "Area": 11, "Shape_Length": 2777.278012361423, "Shape_Area": 461813.17741352675 }, "geometry": { "type": "Polygon", "coordinates": [ [ [ -117.225390602513968, 33.409479712874493 ], [ -117.224781487402254, 33.4105744281119 ], [ -117.225288001320436, 33.411886196938497 ], [ -117.225854748026435, 33.411634233675521 ], [ -117.226079504085575, 33.411505018846057 ], [ -117.226147722340087, 33.411440869379241 ], [ -117.226276040734518, 33.411339987069873 ], [ -117.226634330565034, 33.410968070307341 ], [ -117.226879687870962, 33.410683887818095 ], [ -117.226977231465924, 33.410609301125547 ], [ -117.227175990355121, 33.410325483305058 ], [ -117.227583471922372, 33.409723031281089 ], [ -117.227585930984972, 33.409479838480287 ], [ -117.225390602513968, 33.409479712874493 ] ] ] } },
{ "type": "Feature", "properties": { "OBJECTID": 321, "Record_Num": "AWM2022-LCP-00013", "Business_N": "WILLIAMSON PRODUCE", "PRODUCER_L": "0 WILSHIRE RD, FALLBROOK, CA  92028 ", "Area": 17, "Shape_Length": 4649.5816483360459, "Shape_Area": 747977.43873680953 }, "geometry": { "type": "MultiPolygon", "coordinates": [ [ [ [ -117.277490705670331, 33.288626879412654 ], [ -117.277606415502987, 33.288019842243301 ], [ -117.279271493867853, 33.287948019765714 ], [ -117.27927660780928, 33.28511745701762 ], [ -117.277197226728731, 33.285205605328564 ], [ -117.277147804347948, 33.285573530266525 ], [ -117.2770553497066, 33.286199717632876 ], [ -117.277132526061109, 33.286888977164793 ], [ -117.27710178248239, 33.287540444827634 ], [ -117.276888470094008, 33.288335270502664 ], [ -117.276692967098313, 33.288685060531556 ], [ -117.277268543911461, 33.288667403558605 ], [ -117.277490705670331, 33.288626879412654 ] ] ], [ [ [ -117.276977326139686, 33.286037189621261 ], [ -117.277105536447777, 33.285278673859374 ], [ -117.277028233126728, 33.285182071900223 ], [ -117.276787439008913, 33.285173828386938 ], [ -117.276977326139686, 33.286037189621261 ] ] ] ] } },
{ "type": "Feature", "properties": { "OBJECTID": 322, "Record_Num": "AWM2022-LCP-00016", "Business_N": "MORRIS, GAVON & WHALEY, COLIN", "PRODUCER_L": "3251 REED RD., ESCONDIDO, CA  92027", "Area": 1, "Shape_Length": 755.29327561352807, "Shape_Area": 30754.863320938111 }, "geometry": { "type": "Polygon", "coordinates": [ [ [ -117.02285935267291, 33.133899484126317 ], [ -117.022882799259719, 33.133576636362726 ], [ -117.022853920155029, 33.133458406429234 ], [ -117.022800777404782, 33.133394978244596 ], [ -117.022704357408443, 33.133334422252901 ], [ -117.022432875544354, 33.133239824751826 ], [ -117.02240707877462, 33.13329593806786 ], [ -117.022363434274254, 33.133959828759146 ], [ -117.022420653937033, 33.133959472120914 ], [ -117.022557660817213, 33.133887051404798 ], [ -117.022670566130756, 33.133887648666025 ], [ -117.022738245176598, 33.133845588020698 ], [ -117.022827998521464, 33.133851534220241 ], [ -117.02285935267291, 33.133899484126317 ] ] ] } },
{ "type": "Feature", "properties": { "OBJECTID": 323, "Record_Num": "AWM2022-LCP-00018", "Business_N": "LE VINE, GARY", "PRODUCER_L": "15632 HIGHLAND VALLEY RD, ESCONDIDO, CA  92025 ", "Area": 5, "Shape_Length": 1988.2713426165328, "Shape_Area": 239214.11418780027 }, "geometry": { "type": "Polygon", "coordinates": [ [ [ -116.992453941817871, 33.067411499274542 ], [ -116.992616443161765, 33.067771805082948 ], [ -116.992327017773405, 33.068515629463654 ], [ -116.994318996805347, 33.068542730246186 ], [ -116.994283156679501, 33.06773494699857 ], [ -116.994332046582272, 33.067688272168787 ], [ -116.994028727556866, 33.067475279631445 ], [ -116.993921050213757, 33.067427105538265 ], [ -116.993816251170685, 33.067376472199882 ], [ -116.993476261116925, 33.067283311991361 ], [ -116.993179983111048, 33.06721673998868 ], [ -116.992806320077975, 33.067255598239456 ], [ -116.992453941817871, 33.067411499274542 ] ] ] } },
{ "type": "Feature", "properties": { "OBJECTID": 324, "Record_Num": "AWM2022-LCP-00019", "Business_N": "EBEN-HAEZER'S HAPPY HENS", "PRODUCER_L": "2176 RAMONA ST., RAMONA, CA  92065 ", "Area": 8, "Shape_Length": 2494.1593611192156, "Shape_Area": 359727.51344462391 }, "geometry": { "type": "Polygon", "coordinates": [ [ [ -116.879407606815889, 33.009850008853597 ], [ -116.879405682538604, 33.00958143170557 ], [ -116.879391626195101, 33.008246135682363 ], [ -116.879449990913656, 33.008245838816691 ], [ -116.879446575842096, 33.007769209254569 ], [ -116.877879583521974, 33.007758254674258 ], [ -116.877854154890542, 33.009854117541884 ], [ -116.879407606815889, 33.009850008853597 ] ] ] } },
{ "type": "Feature", "properties": { "OBJECTID": 325, "Record_Num": "AWM2022-LCP-00020", "Business_N": "HERITAGE FAMILY FARMS", "PRODUCER_L": "0 PALO VISTA RD, FALLBROOK, CA  92028", "Area": 4, "Shape_Length": 1762.3318881800315, "Shape_Area": 177167.40333978232 }, "geometry": { "type": "Polygon", "coordinates": [ [ [ -117.203807470786998, 33.349139999699823 ], [ -117.202583248854452, 33.347974163231271 ], [ -117.201753053150497, 33.348540064300032 ], [ -117.203065265680863, 33.349667128649031 ], [ -117.203807470786998, 33.349139999699823 ] ] ] } },
{ "type": "Feature", "properties": { "OBJECTID": 326, "Record_Num": "AWM2022-LCP-00022", "Business_N": "EBEN-HAEZER'S HAPPY HENS", "PRODUCER_L": "1505 DYE RD, RAMONA, CA  92065 ", "Area": 22, "Shape_Length": 4278.1076353450289, "Shape_Area": 975641.63207877241 }, "geometry": { "type": "Polygon", "coordinates": [ [ [ -116.899118702845129, 33.011158162718083 ], [ -116.899127275354118, 33.009905166934352 ], [ -116.89808944988269, 33.009895583884678 ], [ -116.898076197744572, 33.008582609118044 ], [ -116.895184101331324, 33.008585702574941 ], [ -116.895159998880189, 33.011130789184222 ], [ -116.899118702845129, 33.011158162718083 ] ] ] } },
{ "type": "Feature", "properties": { "OBJECTID": 327, "Record_Num": "AWM2022-LCP-00023", "Business_N": "D'VINE PATH", "PRODUCER_L": "4735 OLIVE HILL RD, FALLBROOK, CA  92028", "Area": 2, "Shape_Length": 1273.8893773401826, "Shape_Area": 89202.988243483429 }, "geometry": { "type": "Polygon", "coordinates": [ [ [ -117.245612393732884, 33.306329818664338 ], [ -117.245321270016547, 33.306468324187243 ], [ -117.245577126118889, 33.307228500726026 ], [ -117.246819165184547, 33.307231821022221 ], [ -117.24624249450585, 33.306608731975629 ], [ -117.245612393732884, 33.306329818664338 ] ] ] } },
{ "type": "Feature", "properties": { "OBJECTID": 328, "Record_Num": "AWM2022-LCP-00025", "Business_N": "RANCHO PIFE", "PRODUCER_L": "707 MORRO RD, FALLBROOK, CA  92028 ", "Area": 1, "Shape_Length": 1011.8124954794905, "Shape_Area": 57295.30643007336 }, "geometry": { "type": "Polygon", "coordinates": [ [ [ -117.241320304135215, 33.37642864901661 ], [ -117.24132882019731, 33.375508628052906 ], [ -117.240764891061914, 33.375509907221073 ], [ -117.24076284118587, 33.376429742192137 ], [ -117.241320304135215, 33.37642864901661 ] ] ] } },
{ "type": "Feature", "properties": { "OBJECTID": 329, "Record_Num": "AWM2022-LCP-00029", "Business_N": "BLACK MOUNTAIN FARM", "PRODUCER_L": "680 RANCHO TRAIL, RAMONA, CA  92065  ", "Area": 5, "Shape_Length": 2308.2364917885693, "Shape_Area": 200871.7786245411 }, "geometry": { "type": "Polygon", "coordinates": [ [ [ -116.867520436705163, 33.076450785128976 ], [ -116.867522224507297, 33.076322931193808 ], [ -116.867518916037298, 33.074897417008735 ], [ -116.867509509625492, 33.074897463912478 ], [ -116.867499342628619, 33.074025225135983 ], [ -116.866789810706138, 33.074023104581194 ], [ -116.866823448661492, 33.075941746852088 ], [ -116.866638072084896, 33.075951720526383 ], [ -116.866644273003899, 33.076451756810862 ], [ -116.867520436705163, 33.076450785128976 ] ] ] } },
{ "type": "Feature", "properties": { "OBJECTID": 330, "Record_Num": "AWM2022-LCP-00031", "Business_N": "KJ FARMS", "PRODUCER_L": "0 COUSER CYN/PFAU RD, VALLEY CENTER, CA  92082", "Area": 19, "Shape_Length": 3882.5386894920139, "Shape_Area": 806073.02784561412 }, "geometry": { "type": "Polygon", "coordinates": [ [ [ -117.104601515230485, 33.32204201334622 ], [ -117.104611009286913, 33.322250526096376 ], [ -117.104601604316684, 33.32300811144178 ], [ -117.104592895578023, 33.324351323679636 ], [ -117.104838669408153, 33.324582530971107 ], [ -117.105677053959525, 33.324892464051842 ], [ -117.106289000363503, 33.325372158121809 ], [ -117.107277434206864, 33.325264416397495 ], [ -117.107361669965869, 33.325367345770466 ], [ -117.108054282236324, 33.324653722212972 ], [ -117.107007418700604, 33.322918993180394 ], [ -117.106965169836229, 33.322988181056601 ], [ -117.106815545841499, 33.323051750942568 ], [ -117.106697111930416, 33.323076946375423 ], [ -117.10657211606943, 33.323076749039913 ], [ -117.10641406744584, 33.323053459692161 ], [ -117.106324077942077, 33.323018041885867 ], [ -117.106277169564663, 33.322998226701863 ], [ -117.106104703627381, 33.322606692024607 ], [ -117.106058259169615, 33.322511063869392 ], [ -117.106056665031389, 33.322477874191037 ], [ -117.106045997299816, 33.322448427803216 ], [ -117.106033054002239, 33.322424510105272 ], [ -117.105997795595798, 33.322401101484708 ], [ -117.105928818964358, 33.322353507152187 ], [ -117.105890214581393, 33.322331822171272 ], [ -117.105821810628186, 33.322308953911566 ], [ -117.105787371812255, 33.322301252642454 ], [ -117.105783203611125, 33.322300177681335 ], [ -117.105773125199065, 33.322298039762288 ], [ -117.105756991883794, 33.32229454051582 ], [ -117.105718029214373, 33.322285858689618 ], [ -117.105698107840112, 33.322281715571478 ], [ -117.105682719195485, 33.32227847087475 ], [ -117.105592961572356, 33.322259960561389 ], [ -117.105555154670142, 33.322252162505137 ], [ -117.105510038982985, 33.322241636640854 ], [ -117.105471567814021, 33.322233566312612 ], [ -117.105434036227621, 33.322223934064837 ], [ -117.105408046611416, 33.322217940025432 ], [ -117.105391699653751, 33.322214337605764 ], [ -117.105382396531581, 33.322212288993931 ], [ -117.105313399335571, 33.322197933902729 ], [ -117.105287048598655, 33.322194881873536 ], [ -117.105269343950212, 33.322194348262641 ], [ -117.105257283428585, 33.322194358280441 ], [ -117.105237943731979, 33.322195220037365 ], [ -117.105221247362806, 33.322196967995779 ], [ -117.105187621685687, 33.322202456467849 ], [ -117.105159216935945, 33.322208486971931 ], [ -117.10512786387423, 33.32221759453963 ], [ -117.105104455661149, 33.322226925121242 ], [ -117.105087643081902, 33.322233709867135 ], [ -117.105067655130298, 33.322242208066037 ], [ -117.105054019679315, 33.322249658931369 ], [ -117.105043241076231, 33.322256434589093 ], [ -117.105019800629549, 33.322272693152428 ], [ -117.105017210800142, 33.322274095094791 ], [ -117.104991355044135, 33.32228730178938 ], [ -117.104944084893347, 33.322311090391487 ], [ -117.10492787757515, 33.322312877323633 ], [ -117.104911059894675, 33.322314304167655 ], [ -117.104889805287399, 33.322314523514557 ], [ -117.104875485823044, 33.32231418565879 ], [ -117.104858470326747, 33.322313063844305 ], [ -117.104839620190063, 33.322310717520601 ], [ -117.104830757002958, 33.322309394414468 ], [ -117.104812498729274, 33.322305513824645 ], [ -117.104806325172589, 33.322304099166409 ], [ -117.104798583643515, 33.322302040664326 ], [ -117.104787185971929, 33.32229876838764 ], [ -117.10477578225256, 33.32229498668989 ], [ -117.104760805484432, 33.322289481182786 ], [ -117.104749043845516, 33.32228446300757 ], [ -117.104731873807552, 33.322276423480687 ], [ -117.104710845199932, 33.322264258169284 ], [ -117.104686211188493, 33.322247164617941 ], [ -117.104681138306802, 33.322242975055509 ], [ -117.10467448925877, 33.322237412227388 ], [ -117.104660311304158, 33.322224835474707 ], [ -117.104651633731663, 33.322215790706743 ], [ -117.104643300206789, 33.32220645141917 ], [ -117.104630826177967, 33.322190731326678 ], [ -117.104623426815422, 33.322179273823487 ], [ -117.104601515230485, 33.32204201334622 ] ] ] } },
{ "type": "Feature", "properties": { "OBJECTID": 331, "Record_Num": "AWM2022-LCP-00032", "Business_N": "GREENMAX FARMS LLC", "PRODUCER_L": "3940 TIERRA VISTA PL, ESCONDIDO, CA  92025  ", "Area": 2, "Shape_Length": 1209.562574910542, "Shape_Area": 84070.335145865116 }, "geometry": { "type": "Polygon", "coordinates": [ [ [ -117.046453930489477, 33.067269428778872 ], [ -117.046484435023913, 33.067202026089916 ], [ -117.046505035733958, 33.067086843359661 ], [ -117.046460176230781, 33.067063210934762 ], [ -117.046478619629596, 33.06700841529419 ], [ -117.046496246804537, 33.067012858330664 ], [ -117.046515134553857, 33.067007041541814 ], [ -117.046615884386497, 33.066332043594564 ], [ -117.045879442401215, 33.066426768607911 ], [ -117.045417700964364, 33.067126867368287 ], [ -117.046405416358354, 33.067290245136832 ], [ -117.046453930489477, 33.067269428778872 ] ] ] } },
{ "type": "Feature", "properties": { "OBJECTID": 332, "Record_Num": "AWM2022-LCP-00034", "Business_N": "DK RANCH", "PRODUCER_L": "1586 AVOHILL DR., VISTA, CA  92084", "Area": 6, "Shape_Length": 2290.2463115627788, "Shape_Area": 281787.73323269171 }, "geometry": { "type": "Polygon", "coordinates": [ [ [ -117.172695747527854, 33.256447273961065 ], [ -117.172691453965953, 33.2560396537381 ], [ -117.170895086713813, 33.254528730599269 ], [ -117.170643004228168, 33.254629855573185 ], [ -117.170670515884581, 33.256444592249188 ], [ -117.172695747527854, 33.256447273961065 ] ] ] } },
{ "type": "Feature", "properties": { "OBJECTID": 333, "Record_Num": "AWM2022-LCP-00037", "Business_N": "ST. CLAIR, PETER & RAYDENE", "PRODUCER_L": "2453 SAN PASQUAL VALLEY RD, ESCONDIDO, CA  92027  ", "Area": 1, "Shape_Length": 954.17250860825379, "Shape_Area": 56549.764388194446 }, "geometry": { "type": "Polygon", "coordinates": [ [ [ -117.035899153095556, 33.100294999484198 ], [ -117.035930677573603, 33.099558268410263 ], [ -117.035210483423057, 33.099631383632762 ], [ -117.03513971618176, 33.099662460077091 ], [ -117.035312281769066, 33.100357060055465 ], [ -117.035899153095556, 33.100294999484198 ] ] ] } },
{ "type": "Feature", "properties": { "OBJECTID": 334, "Record_Num": "AWM2022-LCP-00038", "Business_N": "MORRIS, GAVON & WHALEY, COLIN", "PRODUCER_L": "0 REED RD/3251 REED RD, ESCONDIDO, CA  92027 ", "Area": 14, "Shape_Length": 4598.9523447541524, "Shape_Area": 602829.00464598055 }, "geometry": { "type": "Polygon", "coordinates": [ [ [ -117.0228530231647, 33.133920312715603 ], [ -117.022821884275686, 33.133872345234607 ], [ -117.022739452200028, 33.133865811445517 ], [ -117.022674875008875, 33.133904978073225 ], [ -117.022557566007578, 33.133901598514903 ], [ -117.022419320775342, 33.133978227152944 ], [ -117.022361340627015, 33.13397388967644 ], [ -117.022328835735053, 33.134469477315164 ], [ -117.023136352498824, 33.134508492781457 ], [ -117.02321459262258, 33.132744908144517 ], [ -117.022120883283222, 33.132529915641548 ], [ -117.021706970524761, 33.131490649403389 ], [ -117.018947874389013, 33.131456268494446 ], [ -117.020322122691681, 33.133168063087439 ], [ -117.022385699165525, 33.133279810638015 ], [ -117.022420300218641, 33.133212613532187 ], [ -117.02275355647987, 33.13332952482137 ], [ -117.022851457848603, 33.133408593732504 ], [ -117.022912232424943, 33.133518598543667 ], [ -117.022881270588229, 33.133930701078313 ], [ -117.0228530231647, 33.133920312715603 ] ] ] } },
{ "type": "Feature", "properties": { "OBJECTID": 335, "Record_Num": "AWM2022-LCP-00040", "Business_N": "ATKINS NURSERY", "PRODUCER_L": "3606 LAKE RIDGE RD, FALLBROOK, CA  92028 ", "Area": 2, "Shape_Length": 1966.2333720890465, "Shape_Area": 77694.617967775906 }, "geometry": { "type": "Polygon", "coordinates": [ [ [ -117.251250638594101, 33.325893498660008 ], [ -117.251193149579265, 33.325911807004189 ], [ -117.251029150874757, 33.325910579799675 ], [ -117.251243387633366, 33.326586971417115 ], [ -117.251831199168265, 33.327218692488877 ], [ -117.251829692398829, 33.32708705190695 ], [ -117.251863927371318, 33.327087443920583 ], [ -117.251866302053386, 33.325834384137217 ], [ -117.251308742666026, 33.325806803047008 ], [ -117.251293771226401, 33.325820289836884 ], [ -117.251737218627284, 33.326171574829552 ], [ -117.251857536000529, 33.326181296839664 ], [ -117.251857880192674, 33.326211367082813 ], [ -117.251788560469919, 33.326205911817226 ], [ -117.251763225514438, 33.326218145015517 ], [ -117.251756979993985, 33.326228887899774 ], [ -117.251754699511579, 33.326238262464365 ], [ -117.251815194563676, 33.326307276717017 ], [ -117.251795448001744, 33.326320802083636 ], [ -117.251704644036423, 33.32624668602449 ], [ -117.251687147367122, 33.326248163479114 ], [ -117.251672849406646, 33.326250952373108 ], [ -117.25157598237864, 33.326342620806223 ], [ -117.251536382738081, 33.32629081303984 ], [ -117.251625020873931, 33.32624532278296 ], [ -117.251662364602595, 33.326239007185599 ], [ -117.25167562858023, 33.32621551068538 ], [ -117.251677044395166, 33.326200128672504 ], [ -117.251673700394178, 33.326186121386542 ], [ -117.251656012560559, 33.326170893446395 ], [ -117.25127311332426, 33.325893299437368 ], [ -117.251250638594101, 33.325893498660008 ] ] ] } },
{ "type": "Feature", "properties": { "OBJECTID": 336, "Record_Num": "AWM2022-LCP-00042", "Business_N": "BARNETT, LYNNE", "PRODUCER_L": "636 GEORGINE RD, FALLBROOK, CA  92028 ", "Area": 2, "Shape_Length": 1538.6021039133973, "Shape_Area": 81245.718924109562 }, "geometry": { "type": "Polygon", "coordinates": [ [ [ -117.26103943996398, 33.312167711302713 ], [ -117.261050130668849, 33.312115131797341 ], [ -117.261050137978984, 33.312115764742074 ], [ -117.261072001992119, 33.31211748393288 ], [ -117.261143552599052, 33.31211690133555 ], [ -117.261187871625921, 33.312106421398596 ], [ -117.261262896006642, 33.312080512817879 ], [ -117.261329394526399, 33.312033804325516 ], [ -117.261373260522021, 33.311984116913635 ], [ -117.261402759001243, 33.31192948698191 ], [ -117.261414956076209, 33.311876896073798 ], [ -117.261453382189728, 33.311877848195962 ], [ -117.261443943054445, 33.311778000573774 ], [ -117.26141532315242, 33.311713092854177 ], [ -117.261379311237462, 33.311660261594675 ], [ -117.261333347350444, 33.311593598808081 ], [ -117.261303872553896, 33.311519844079697 ], [ -117.261291962089444, 33.311466816507732 ], [ -117.261286719077646, 33.311404248587309 ], [ -117.261287758137854, 33.311363763917228 ], [ -117.261299136686574, 33.311305487151422 ], [ -117.261313658839697, 33.311258568941042 ], [ -117.261332729991423, 33.311214143893935 ], [ -117.261345738204326, 33.311166605004608 ], [ -117.261348948925303, 33.311118513806754 ], [ -117.261308243270278, 33.311050543075019 ], [ -117.261379046472314, 33.311050598524446 ], [ -117.261378573444958, 33.310814072448579 ], [ -117.261062191515535, 33.310811589372456 ], [ -117.260240511559516, 33.311145245304317 ], [ -117.260596071293023, 33.311213816680819 ], [ -117.260882194796238, 33.311400585622522 ], [ -117.260946134818397, 33.311719443704519 ], [ -117.260829712534729, 33.312008780807147 ], [ -117.26084551356729, 33.312007387075461 ], [ -117.260868891457093, 33.312009726080873 ], [ -117.260909721983666, 33.312023308062663 ], [ -117.260939300511836, 33.312040775152127 ], [ -117.26097052334481, 33.31207024510767 ], [ -117.260987450689143, 33.312101096549476 ], [ -117.260997636422331, 33.312135165192373 ], [ -117.260997189308497, 33.312161730663973 ], [ -117.26103943996398, 33.312167711302713 ] ] ] } },
{ "type": "Feature", "properties": { "OBJECTID": 337, "Record_Num": "AWM2022-LCP-00043", "Business_N": "JP'S HERBS & SPICES  *", "PRODUCER_L": "621 BLACK CANYON PL, RAMONA, CA  92065 ", "Area": 2, "Shape_Length": 1157.3340425797198, "Shape_Area": 83338.027739232042 }, "geometry": { "type": "Polygon", "coordinates": [ [ [ -116.83483812703787, 33.087811038065233 ], [ -116.834403017241982, 33.08844963070495 ], [ -116.835279678480831, 33.088832864763518 ], [ -116.83573527028345, 33.08814550681177 ], [ -116.83483812703787, 33.087811038065233 ] ] ] } },
{ "type": "Feature", "properties": { "OBJECTID": 338, "Record_Num": "AWM2022-LCP-00044", "Business_N": "MINDFUL MUSHROOMS", "PRODUCER_L": "1235 PIERRE WAY, #150, EL CAJON, CA  92021", "Area": 0, "Shape_Length": 496.65619019547319, "Shape_Area": 11646.336353355806 }, "geometry": { "type": "Polygon", "coordinates": [ [ [ -116.952553497255593, 32.812013263443603 ], [ -116.952552350439717, 32.811869540705537 ], [ -116.951971682133774, 32.811867120135801 ], [ -116.951978522821932, 32.811969471646755 ], [ -116.951967984679825, 32.811970168181034 ], [ -116.951968598167326, 32.812047116425219 ], [ -116.952382827440189, 32.812049212517216 ], [ -116.952382130462141, 32.812056212094312 ], [ -116.952515425303289, 32.812055453744982 ], [ -116.952516597045147, 32.812013473404463 ], [ -116.952553497255593, 32.812013263443603 ] ] ] } },
{ "type": "Feature", "properties": { "OBJECTID": 339, "Record_Num": "AWM2022-LCP-00045", "Business_N": "OK FARMLIFE", "PRODUCER_L": "21152 SUTHERLAND DAM RD, RAMONA, CA  92065 ", "Area": 5, "Shape_Length": 1871.0221524385011, "Shape_Area": 196836.5835871337 }, "geometry": { "type": "Polygon", "coordinates": [ [ [ -116.794078537655324, 33.096409940496123 ], [ -116.79406431961668, 33.094705219190566 ], [ -116.793024314064439, 33.094709782787866 ], [ -116.793031061455807, 33.09638996350175 ], [ -116.794078537655324, 33.096409940496123 ] ] ] } },
{ "type": "Feature", "properties": { "OBJECTID": 340, "Record_Num": "AWM2022-LCP-00046", "Business_N": "HIDDEN VALLEY COMMUNITY FARM", "PRODUCER_L": "1922 SUMMIT DR., ESCONDIDO, CA  92027", "Area": 4, "Shape_Length": 1763.201678573583, "Shape_Area": 163221.47999432907 }, "geometry": { "type": "Polygon", "coordinates": [ [ [ -117.042801471855142, 33.107693702924401 ], [ -117.04235304734074, 33.108176246290711 ], [ -117.042742824543609, 33.10838744098178 ], [ -117.043564977928497, 33.108921459327512 ], [ -117.043967539691891, 33.109186319935702 ], [ -117.044483626914257, 33.108412608185809 ], [ -117.043908591480729, 33.108018986845472 ], [ -117.043238633094631, 33.107973752180889 ], [ -117.042801471855142, 33.107693702924401 ] ] ] } },
{ "type": "Feature", "properties": { "OBJECTID": 341, "Record_Num": "AWM2022-LCP-00047", "Business_N": "HIDDEN VALLEY COMMUNITY FARM", "PRODUCER_L": "914 SAN PASQUAL RD, ESCONDIDO, CA  92025 ", "Area": 2, "Shape_Length": 1204.087629369468, "Shape_Area": 68464.099990605275 }, "geometry": { "type": "Polygon", "coordinates": [ [ [ -117.051815395053055, 33.073286452466547 ], [ -117.050796553740128, 33.074216520563844 ], [ -117.051772405210784, 33.074393925696846 ], [ -117.051941107308593, 33.073307587340253 ], [ -117.051815395053055, 33.073286452466547 ] ] ] } },
{ "type": "Feature", "properties": { "OBJECTID": 342, "Record_Num": "AWM2022-LCP-00049", "Business_N": "SUPER SIMPLE GREENS", "PRODUCER_L": "2063 RAINBOW GLEN RD, FALLBROOK, CA  92028 ", "Area": 2, "Shape_Length": 1229.5938906379722, "Shape_Area": 85706.165422857623 }, "geometry": { "type": "Polygon", "coordinates": [ [ [ -117.175514616343193, 33.416999350848265 ], [ -117.175499425894742, 33.416968305944081 ], [ -117.175478699868052, 33.416924839050751 ], [ -117.175468339854206, 33.416903388261034 ], [ -117.175447953294324, 33.416828194589883 ], [ -117.175444210529903, 33.416793665085805 ], [ -117.175441434433139, 33.416722872233549 ], [ -117.175446364439608, 33.41667808093252 ], [ -117.175460391645387, 33.416599231714557 ], [ -117.174824928818865, 33.416503971588355 ], [ -117.174326118784194, 33.416423576558486 ], [ -117.174158274672877, 33.416629311899598 ], [ -117.174125107552072, 33.417198334238357 ], [ -117.175514616343193, 33.416999350848265 ] ] ] } },
{ "type": "Feature", "properties": { "OBJECTID": 343, "Record_Num": "AWM2022-LCP-00050", "Business_N": "ANGEL, SHAELYN & JASPER, WYATT", "PRODUCER_L": "34912 HIGHWAY 79, WARNER SPRINGS, CA 92086", "Area": 5, "Shape_Length": 1945.4440951375648, "Shape_Area": 200464.2385181681 }, "geometry": { "type": "Polygon", "coordinates": [ [ [ -116.732717307517902, 33.346265145168573 ], [ -116.732304962462095, 33.345497582181274 ], [ -116.7302027627223, 33.3463309991605 ], [ -116.730551421981858, 33.346634238565208 ], [ -116.730897106018574, 33.346974894598418 ], [ -116.732717307517902, 33.346265145168573 ] ] ] } },
{ "type": "Feature", "properties": { "OBJECTID": 344, "Record_Num": "AWM2022-LCP-00051", "Business_N": "ANGEL, SHAELYN & JASPER, WYATT", "PRODUCER_L": "36804 MONTEZUMA VALLEY RD, RANCHITA, CA 92066", "Area": 35, "Shape_Length": 4949.5546564336018, "Shape_Area": 1530899.6408363406 }, "geometry": { "type": "Polygon", "coordinates": [ [ [ -116.538217135340489, 33.213813612397828 ], [ -116.538269261169035, 33.21040716340282 ], [ -116.534159691231579, 33.210446107244472 ], [ -116.534177844151714, 33.213792233364821 ], [ -116.538217135340489, 33.213813612397828 ] ] ] } },
{ "type": "Feature", "properties": { "OBJECTID": 345, "Record_Num": "AWM2022-LCP-00052", "Business_N": "MICROGREENS2YOU.COM", "PRODUCER_L": "12474 ROCKCREST RD, LAKESIDE, CA  92040", "Area": 3, "Shape_Length": 1880.7182547518139, "Shape_Area": 131820.9634261608 }, "geometry": { "type": "Polygon", "coordinates": [ [ [ -116.922241175909491, 32.845931260127479 ], [ -116.922154852654728, 32.845305556340776 ], [ -116.922319683112647, 32.845189194924544 ], [ -116.922089129986389, 32.844966182062002 ], [ -116.922140977860593, 32.84417763192571 ], [ -116.92176797872466, 32.844246275319968 ], [ -116.921708338506349, 32.845048190671889 ], [ -116.921274616684997, 32.845088296683763 ], [ -116.921389982569082, 32.846073559156608 ], [ -116.922244281724033, 32.84599341639057 ], [ -116.922241175909491, 32.845931260127479 ] ] ] } },
{ "type": "Feature", "properties": { "OBJECTID": 346, "Record_Num": "AWM2022-LCP-00053", "Business_N": "MEADIOCRITY", "PRODUCER_L": "BEE HIVES", "Area": 20, "Shape_Length": 3975.2927523961807, "Shape_Area": 871459.57863297791 }, "geometry": { "type": "Polygon", "coordinates": [ [ [ -117.08099469135918, 33.233438516198632 ], [ -117.081030944666338, 33.231642536652501 ], [ -117.076687393994789, 33.23155960185759 ], [ -117.076611047102105, 33.233351368797749 ], [ -117.08099469135918, 33.233438516198632 ] ] ] } },
{ "type": "Feature", "properties": { "OBJECTID": 347, "Record_Num": "AWM2022-LCP-00057", "Business_N": "SUNSTREAK FARM", "PRODUCER_L": "31216 MANZANITA CREST RD, VALLEY CENTER, CA  92082", "Area": 8, "Shape_Length": 2800.4604017404799, "Shape_Area": 342489.86703844939 }, "geometry": { "type": "Polygon", "coordinates": [ [ [ -117.068325808481518, 33.271542225339338 ], [ -117.068279492885381, 33.271665958943778 ], [ -117.068205981007736, 33.271782276737852 ], [ -117.068105309306731, 33.271894976419205 ], [ -117.067952646254426, 33.272008017745378 ], [ -117.067774870902909, 33.272094640234478 ], [ -117.067657665472254, 33.272131491454971 ], [ -117.065931498096177, 33.272471361129647 ], [ -117.065670757896299, 33.27287374428618 ], [ -117.065712984252215, 33.273038671930301 ], [ -117.065772417460337, 33.273594659985704 ], [ -117.065717691553402, 33.273786809763919 ], [ -117.066077655325998, 33.273843309685716 ], [ -117.067237857589689, 33.273171058590208 ], [ -117.068468765154094, 33.272809751590195 ], [ -117.068509292121959, 33.271582791546663 ], [ -117.068325808481518, 33.271542225339338 ] ] ] } },
{ "type": "Feature", "properties": { "OBJECTID": 348, "Record_Num": "AWM2022-LCP-00058`", "Business_N": "D&M ORCHARDS LLC", "PRODUCER_L": "3908 WENDI CT., FALLBROOK, CA  92028  ", "Area": 2, "Shape_Length": 1174.5251223011796, "Shape_Area": 79413.621205258431 }, "geometry": { "type": "Polygon", "coordinates": [ [ [ -117.212702584720532, 33.317450445437771 ], [ -117.212462758304085, 33.317666351558536 ], [ -117.212515038210682, 33.317783671910981 ], [ -117.212551904662973, 33.317890409305463 ], [ -117.212543496376611, 33.318053150291128 ], [ -117.212506739680379, 33.318188285101627 ], [ -117.212419349919116, 33.318355919511873 ], [ -117.212395057031301, 33.318465271561045 ], [ -117.212396210063844, 33.318570145990748 ], [ -117.212427249245152, 33.318610574395578 ], [ -117.212478376533596, 33.318623020319365 ], [ -117.21296347782669, 33.318454444158917 ], [ -117.21310520270967, 33.318359164151396 ], [ -117.213221174196988, 33.318240538261847 ], [ -117.213276198152585, 33.318143790736102 ], [ -117.213431120545053, 33.317857906256904 ], [ -117.212702584720532, 33.317450445437771 ] ] ] } },
{ "type": "Feature", "properties": { "OBJECTID": 349, "Record_Num": "AWM2022-LCP-00059", "Business_N": "MEYER MICROS", "PRODUCER_L": "2473 TORREJON PL., CARLSBAD, CA  92009 ", "Area": 0, "Shape_Length": 388.15863272204393, "Shape_Area": 8274.9451911839278 }, "geometry": { "type": "Polygon", "coordinates": [ [ [ -117.259355217159651, 33.085246763207401 ], [ -117.259298987903648, 33.085091938235074 ], [ -117.258905667662646, 33.085096077953544 ], [ -117.258909026547656, 33.085291557700202 ], [ -117.259355217159651, 33.085246763207401 ] ] ] } },
{ "type": "Feature", "properties": { "OBJECTID": 350, "Record_Num": "AWM2023-LCP-00001", "Business_N": "NAVA FARMS", "PRODUCER_L": "11070 SAN GABRIEL WAY, VALLEY CENTER, CA  92082", "Area": 23, "Shape_Length": 4698.8046833339185, "Shape_Area": 997181.54688237596 }, "geometry": { "type": "Polygon", "coordinates": [ [ [ -117.095242887607625, 33.320229761643596 ], [ -117.095216363032108, 33.32007390542136 ], [ -117.093750539426793, 33.318676260001716 ], [ -117.093974758871013, 33.317894084550638 ], [ -117.093601942735447, 33.317744237269693 ], [ -117.093478865246595, 33.317721630834065 ], [ -117.0933701544038, 33.317741123648574 ], [ -117.093275584234547, 33.317779273940516 ], [ -117.093117519470937, 33.317892874125796 ], [ -117.092754757787347, 33.318207128629254 ], [ -117.09241428533376, 33.318516541997141 ], [ -117.092220438598503, 33.318684302775857 ], [ -117.092070656339601, 33.318788467725838 ], [ -117.091853796007584, 33.318886053949868 ], [ -117.091664427485583, 33.318938912125667 ], [ -117.091536192463366, 33.318960880062008 ], [ -117.09140775565632, 33.318961750320533 ], [ -117.091251013182713, 33.318922958791717 ], [ -117.090961803258779, 33.318756128071094 ], [ -117.09065334162888, 33.318910595914161 ], [ -117.090446769660829, 33.318916682913148 ], [ -117.09038810247597, 33.320949588453807 ], [ -117.091488762924158, 33.320707705845408 ], [ -117.093665667039772, 33.320589787336544 ], [ -117.09426871930043, 33.320290307090893 ], [ -117.094605210846197, 33.320633194025824 ], [ -117.094661874255991, 33.320578795834493 ], [ -117.094736391797866, 33.320522775743775 ], [ -117.094834024397571, 33.320454595815612 ], [ -117.094965653741113, 33.320390685800646 ], [ -117.095242887607625, 33.320229761643596 ] ] ] } },
{ "type": "Feature", "properties": { "OBJECTID": 351, "Record_Num": "AWM2023-LCP-00002", "Business_N": "NAVA FARMS", "PRODUCER_L": "11165 SAN GABRIEL WAY, VALLEY CENTER, CA  92082", "Area": 1, "Shape_Length": 782.86117234052813, "Shape_Area": 39104.180038262464 }, "geometry": { "type": "Polygon", "coordinates": [ [ [ -117.090189654324803, 33.316794716337341 ], [ -117.090396275566064, 33.316189517132216 ], [ -117.090340834424481, 33.316176887063683 ], [ -117.089685739986678, 33.316166455532652 ], [ -117.089681129868339, 33.316608655061813 ], [ -117.089852612398474, 33.316722681533257 ], [ -117.09008126780904, 33.316799164602379 ], [ -117.090189654324803, 33.316794716337341 ] ] ] } },
{ "type": "Feature", "properties": { "OBJECTID": 352, "Record_Num": "AWM2023-LCP-00003", "Business_N": "NAVA FARMS", "PRODUCER_L": "11364 SAN ANTONIO WAY, VALLEY CENTER, CA  92082 ", "Area": 2, "Shape_Length": 1345.7335699523039, "Shape_Area": 90055.271945895613 }, "geometry": { "type": "Polygon", "coordinates": [ [ [ -117.088457095395796, 33.328687013579994 ], [ -117.088221387132847, 33.329188431185493 ], [ -117.088158065579378, 33.329314430122345 ], [ -117.087975862619587, 33.32958403964232 ], [ -117.088025627115613, 33.329573855517765 ], [ -117.088024169796753, 33.330034296641095 ], [ -117.088907002343049, 33.330030798546254 ], [ -117.088654329741729, 33.328762009938252 ], [ -117.088457095395796, 33.328687013579994 ] ] ] } },
{ "type": "Feature", "properties": { "OBJECTID": 353, "Record_Num": "AWM2023-LCP-00005", "Business_N": "INDIAN IRON FARMS", "PRODUCER_L": "18333 OLD CAROUSEL RANCH RD,  RAMONA, CA  92065 ", "Area": 2, "Shape_Length": 1225.9612120277357, "Shape_Area": 87231.674634050447 }, "geometry": { "type": "Polygon", "coordinates": [ [ [ -116.932406773843297, 33.013784408251247 ], [ -116.932397704178101, 33.013442294552739 ], [ -116.932391260397495, 33.013163202126265 ], [ -116.931128094836893, 33.013173757027253 ], [ -116.931137131794827, 33.013787801365574 ], [ -116.932406773843297, 33.013784408251247 ] ] ] } },
{ "type": "Feature", "properties": { "OBJECTID": 354, "Record_Num": "AWM2023-LCP-00008", "Business_N": "HOPE RANCH SD, LLC", "PRODUCER_L": "32859 RINCON RANCHO RD, PAUMA VALLEY, CA  92061", "Area": 22, "Shape_Length": 4000.3265040693277, "Shape_Area": 943545.74941861769 }, "geometry": { "type": "Polygon", "coordinates": [ [ [ -116.947784379038168, 33.314926427640117 ], [ -116.947722215653471, 33.314975545878298 ], [ -116.947621627032035, 33.314968608006588 ], [ -116.947392641727888, 33.314829214749857 ], [ -116.947174005303765, 33.314586599392413 ], [ -116.946518185386012, 33.314430843068209 ], [ -116.94588974222458, 33.314346207795737 ], [ -116.945471590292172, 33.314297905838664 ], [ -116.944404372052361, 33.314099424679782 ], [ -116.943637792821121, 33.316317057554748 ], [ -116.945006939852846, 33.316553245526158 ], [ -116.945923690898468, 33.316649400456619 ], [ -116.946292940405414, 33.316446628344991 ], [ -116.947584990800792, 33.316538790673398 ], [ -116.948506870681783, 33.315597624701212 ], [ -116.948225543304574, 33.315338482309684 ], [ -116.947803191910964, 33.315044492382469 ], [ -116.947865204701415, 33.314976617936068 ], [ -116.947784379038168, 33.314926427640117 ] ] ] } },
{ "type": "Feature", "properties": { "OBJECTID": 355, "Record_Num": "AWM2023-LCP-00009", "Business_N": "BANTLE AVOCADO FARM", "PRODUCER_L": "4184 East Sandia Creek, Fallbrook 92028 ", "Area": 11, "Shape_Length": 2871.7588405703727, "Shape_Area": 492763.0835813923 }, "geometry": { "type": "Polygon", "coordinates": [ [ [ -117.243716611068365, 33.442665967456634 ], [ -117.244150960533247, 33.441220083003572 ], [ -117.241451568480869, 33.441027474758464 ], [ -117.241461118136414, 33.443194167772567 ], [ -117.243716611068365, 33.442665967456634 ] ] ] } },
{ "type": "Feature", "properties": { "OBJECTID": 356, "Record_Num": "AWM2023-LCP-00010", "Business_N": "ALIZA'S HONEY", "PRODUCER_L": "BEE HIVES ", "Area": 6, "Shape_Length": 2596.6974390153673, "Shape_Area": 256277.67950856715 }, "geometry": { "type": "Polygon", "coordinates": [ [ [ -116.917919405673231, 32.98082877323489 ], [ -116.919026714246726, 32.979834533170632 ], [ -116.920107059267337, 32.979844886970405 ], [ -116.920759214266738, 32.979663142374605 ], [ -116.920387402441321, 32.979302257710671 ], [ -116.920209235805899, 32.979128252813759 ], [ -116.920166431654678, 32.979060440706633 ], [ -116.9177966954326, 32.979351911749184 ], [ -116.917919405673231, 32.98082877323489 ] ] ] } },
{ "type": "Feature", "properties": { "OBJECTID": 357, "Record_Num": "AWM2023-LCP-00011", "Business_N": "BONITA FARMS", "PRODUCER_L": "40879 DE LUZ MURRIETA RD, FALLBROOK, CA  92028 ", "Area": 32, "Shape_Length": 5622.2086157233816, "Shape_Area": 1415323.2097263539 }, "geometry": { "type": "Polygon", "coordinates": [ [ [ -117.297732296837935, 33.453237724774517 ], [ -117.293391478861011, 33.453257847639399 ], [ -117.293317979675138, 33.458004843288741 ], [ -117.293479703813063, 33.457921652473971 ], [ -117.293583180613297, 33.457866228217597 ], [ -117.29460838424157, 33.457601209527901 ], [ -117.294828286524861, 33.457484794100679 ], [ -117.295053653171294, 33.457281043764723 ], [ -117.295438519563618, 33.456808627844069 ], [ -117.295240018739051, 33.45653751517758 ], [ -117.29541878225794, 33.456246865295121 ], [ -117.295873336264449, 33.45561564974745 ], [ -117.296031722611474, 33.455254247365602 ], [ -117.296145598597747, 33.454980509572216 ], [ -117.296233900437343, 33.454745175389604 ], [ -117.296291098560474, 33.454630126598971 ], [ -117.29699367744692, 33.454602391766862 ], [ -117.297284697676247, 33.454447184554766 ], [ -117.297745899341933, 33.454372377542242 ], [ -117.297732296837935, 33.453237724774517 ] ] ] } },
{ "type": "Feature", "properties": { "OBJECTID": 358, "Record_Num": "AWM2023-LCP-00012", "Business_N": "RANCHO LA PAZ DE MI CORAZON LLC", "PRODUCER_L": "4113 N. MISSION RD, FALLBROOK, CA  92028", "Area": 6, "Shape_Length": 2562.8127931365607, "Shape_Area": 249517.94656834294 }, "geometry": { "type": "Polygon", "coordinates": [ [ [ -117.172529447587593, 33.391654936487797 ], [ -117.172572046240532, 33.391566651704785 ], [ -117.16965600531725, 33.391528827677554 ], [ -117.169693675848876, 33.391565940479744 ], [ -117.1697184070172, 33.391567116336745 ], [ -117.169746436012673, 33.391573707718521 ], [ -117.169773314784138, 33.391586425614292 ], [ -117.16980312299512, 33.391607960251591 ], [ -117.169812549053489, 33.39161808867923 ], [ -117.169812208177873, 33.391624209210399 ], [ -117.16981892035983, 33.391645914761142 ], [ -117.169821114431585, 33.391661874776801 ], [ -117.169820557810041, 33.391686013695775 ], [ -117.169812323579848, 33.391712248167025 ], [ -117.169801573355471, 33.391730343611563 ], [ -117.16979716963229, 33.391735475292073 ], [ -117.169787387106382, 33.391768520008142 ], [ -117.169774476179853, 33.391812465935914 ], [ -117.169771527574454, 33.391840360986848 ], [ -117.169774703653971, 33.391872630829134 ], [ -117.169781871095879, 33.391899091262488 ], [ -117.1697955459247, 33.391927884017235 ], [ -117.169816539632137, 33.391959001282359 ], [ -117.169832923360431, 33.3919755361661 ], [ -117.169859506803917, 33.391998794351515 ], [ -117.169883161882481, 33.392013235778521 ], [ -117.169903116410651, 33.392022605497615 ], [ -117.169977939595384, 33.392085957611826 ], [ -117.1700499764341, 33.392154088556751 ], [ -117.170117229472538, 33.392229733540944 ], [ -117.170173068636885, 33.392299004139467 ], [ -117.17021709689935, 33.392362583185999 ], [ -117.170267016427545, 33.392446854902751 ], [ -117.170298874023857, 33.392509164272589 ], [ -117.170314669264556, 33.392546778792145 ], [ -117.170334751679022, 33.392606796664907 ], [ -117.170350392764249, 33.39264906507259 ], [ -117.170362179503726, 33.392686156527198 ], [ -117.170380908914382, 33.392721072175341 ], [ -117.170395145264578, 33.392750179002917 ], [ -117.170402921140791, 33.392767117491147 ], [ -117.170416563541266, 33.392799946407152 ], [ -117.170434244811204, 33.39285558447132 ], [ -117.170452015527772, 33.392919719453481 ], [ -117.170461599772111, 33.392988163849218 ], [ -117.170466119328196, 33.393056645750256 ], [ -117.170463702873846, 33.393127835411491 ], [ -117.170461505883836, 33.393159719420645 ], [ -117.170485871754153, 33.39318875122202 ], [ -117.170512059721688, 33.393210333237676 ], [ -117.170556719090939, 33.393242401325935 ], [ -117.170614024587366, 33.393272782436078 ], [ -117.170703575122516, 33.393298675880452 ], [ -117.170765716178224, 33.393307244242443 ], [ -117.170772333505397, 33.39327426528444 ], [ -117.170790667478059, 33.39321145618419 ], [ -117.170805476879252, 33.393174698842984 ], [ -117.17082590577678, 33.393130463581272 ], [ -117.170848233917923, 33.393086214245045 ], [ -117.170869963582362, 33.393045156833658 ], [ -117.170897401113052, 33.393005118424867 ], [ -117.170922995285125, 33.392970405558813 ], [ -117.170956137227193, 33.392930856871487 ], [ -117.170982415845842, 33.39290091881179 ], [ -117.171003045923982, 33.392875802492107 ], [ -117.171017377615669, 33.39285392033544 ], [ -117.171041812857496, 33.392829306911743 ], [ -117.171066840957153, 33.392800972298424 ], [ -117.171086849087303, 33.392776922770885 ], [ -117.17111063334859, 33.392750720860064 ], [ -117.171141948577841, 33.392718089944779 ], [ -117.171170748232598, 33.39268707186347 ], [ -117.171201401279646, 33.39265178944332 ], [ -117.171235831519368, 33.392614355525232 ], [ -117.171259598910098, 33.392586560412497 ], [ -117.171284633538605, 33.392558756803695 ], [ -117.171311543942252, 33.39252881398788 ], [ -117.171335944369503, 33.392501014167451 ], [ -117.171367225858106, 33.392465196848562 ], [ -117.171392270522716, 33.392438454438924 ], [ -117.171432942974306, 33.392392475703318 ], [ -117.171464245690032, 33.392358782597555 ], [ -117.171498664511262, 33.392320286489571 ], [ -117.171536192748462, 33.392276455425439 ], [ -117.171564392600757, 33.39224862738812 ], [ -117.171593784777258, 33.392213886215501 ], [ -117.1716488667834, 33.392153459985998 ], [ -117.171715877585441, 33.392083385487972 ], [ -117.171779699415751, 33.392011210205744 ], [ -117.171824140873937, 33.391962546986655 ], [ -117.171854206197366, 33.391931519352262 ], [ -117.171879256157808, 33.391905307899563 ], [ -117.171914397262299, 33.391875303899418 ], [ -117.17194833377232, 33.391851151816205 ], [ -117.172004300319529, 33.391814619223155 ], [ -117.172030078464488, 33.391797431924211 ], [ -117.172071628651068, 33.391774816623837 ], [ -117.172121398702274, 33.391751077226779 ], [ -117.172172457289875, 33.391729453547654 ], [ -117.172212203366712, 33.391715880270304 ], [ -117.172250055796979, 33.391702852130145 ], [ -117.172299298027909, 33.391689209264612 ], [ -117.172377014083267, 33.391673760878916 ], [ -117.172432011052052, 33.39166538534429 ], [ -117.172529447587593, 33.391654936487797 ] ] ] } },
{ "type": "Feature", "properties": { "OBJECTID": 359, "Record_Num": "AWM2023-LCP-00013", "Business_N": "GUTMAN GROVE", "PRODUCER_L": "1402 RIVERVIEW DR., FALLBROOK, CA  92028 ", "Area": 2, "Shape_Length": 1444.4595589887556, "Shape_Area": 104462.49201624171 }, "geometry": { "type": "Polygon", "coordinates": [ [ [ -117.218647886045261, 33.401045487598637 ], [ -117.216890165655172, 33.401048973929647 ], [ -117.216990024096631, 33.401597431506552 ], [ -117.218641875940406, 33.401600595635955 ], [ -117.218647886045261, 33.401045487598637 ] ] ] } },
{ "type": "Feature", "properties": { "OBJECTID": 360, "Record_Num": "AWM2023-LCP-00016", "Business_N": "VISTA ORCHIDS INC.", "PRODUCER_L": "1634 ANZA AVE., VISTA, CA  92084", "Area": 3, "Shape_Length": 1911.621832246858, "Shape_Area": 151140.24415278857 }, "geometry": { "type": "Polygon", "coordinates": [ [ [ -117.234791745018242, 33.224989701230015 ], [ -117.234789603946481, 33.224094149884657 ], [ -117.23272183207888, 33.224088907320642 ], [ -117.232725675584419, 33.224608240294586 ], [ -117.234034928157968, 33.224616172050602 ], [ -117.234037058799899, 33.22498237335072 ], [ -117.234791745018242, 33.224989701230015 ] ] ] } },
{ "type": "Feature", "properties": { "OBJECTID": 361, "Record_Num": "AWM2023-LCP-00017", "Business_N": "ROLLING HILLS MUSHROOM FARM", "PRODUCER_L": "2534 SADDLEHORN DR., CHULA VISTA, CA  91914", "Area": 0, "Shape_Length": 283.39430406830513, "Shape_Area": 4653.8755036437487 }, "geometry": { "type": "Polygon", "coordinates": [ [ [ -116.961602423195018, 32.660306706610235 ], [ -116.961440937586957, 32.660394843880226 ], [ -116.961610971774931, 32.660599666975386 ], [ -116.961714271728354, 32.660540351915628 ], [ -116.96172431305429, 32.66050715638643 ], [ -116.96161438262591, 32.660340938338805 ], [ -116.961602423195018, 32.660306706610235 ] ] ] } },
{ "type": "Feature", "properties": { "OBJECTID": 362, "Record_Num": "AWM2023-LCP-00018", "Business_N": "CONTRERAS, ARMAND", "PRODUCER_L": "2259 WILT RD, FALLBROOK, CA  92028", "Area": 2, "Shape_Length": 1262.3681280950866, "Shape_Area": 91542.276689642938 }, "geometry": { "type": "Polygon", "coordinates": [ [ [ -117.180014944118767, 33.349591189611694 ], [ -117.179698816500718, 33.350030504134125 ], [ -117.180219408674347, 33.35052093180024 ], [ -117.180506659765385, 33.350333408434366 ], [ -117.181175013107705, 33.350376951078097 ], [ -117.181075193999504, 33.349892201319584 ], [ -117.180014944118767, 33.349591189611694 ] ] ] } },
{ "type": "Feature", "properties": { "OBJECTID": 363, "Record_Num": "AWM2023-LCP-00020", "Business_N": "MUELLER'S MUSHROOMS", "PRODUCER_L": "26930 OLD HWY 80, GUATAY, CA  91931", "Area": 123, "Shape_Length": 9918.678739493138, "Shape_Area": 5354940.1970977401 }, "geometry": { "type": "Polygon", "coordinates": [ [ [ -116.564973157817903, 32.865305757038051 ], [ -116.56497530775782, 32.864644062677115 ], [ -116.564947231300152, 32.86003140202768 ], [ -116.564710146072869, 32.860041769060281 ], [ -116.564736980741159, 32.86107651446315 ], [ -116.556252707308431, 32.861122243914522 ], [ -116.556350433368706, 32.866733643478533 ], [ -116.563848321286983, 32.866655238949882 ], [ -116.564973157817903, 32.865305757038051 ] ] ] } },
{ "type": "Feature", "properties": { "OBJECTID": 364, "Record_Num": "AWM2023-LCP-00021", "Business_N": "JAPATUL RANCH LLC", "PRODUCER_L": "23137 JAPATUL VALLEY RD, ALPINE, CA  91901 ", "Area": 191, "Shape_Length": 13427.426222822494, "Shape_Area": 8303680.7739439113 }, "geometry": { "type": "Polygon", "coordinates": [ [ [ -116.655696998410406, 32.808380088357879 ], [ -116.656423157885527, 32.804520035276369 ], [ -116.657164524282152, 32.800539376350258 ], [ -116.657159236236723, 32.800391619795271 ], [ -116.65697638677311, 32.795264104172261 ], [ -116.656459081983471, 32.796341823479608 ], [ -116.656312448335484, 32.79649396837543 ], [ -116.656037056786559, 32.796681535835354 ], [ -116.65553199175497, 32.796986520379185 ], [ -116.654962641663118, 32.797330602011648 ], [ -116.653975138649187, 32.797858821408248 ], [ -116.6529325142929, 32.79841832376448 ], [ -116.651955220378511, 32.798928761376594 ], [ -116.651282043759522, 32.799289340727086 ], [ -116.650676433887213, 32.799604899010568 ], [ -116.650358791464811, 32.799740325649275 ], [ -116.6497469880198, 32.799991189665214 ], [ -116.648564525536372, 32.8004703762414 ], [ -116.648953426638442, 32.800451698050288 ], [ -116.648274378708507, 32.804217747959235 ], [ -116.649770708423063, 32.804176454564598 ], [ -116.649774249915609, 32.808125979125229 ], [ -116.651925639322968, 32.808137222444408 ], [ -116.651861994077194, 32.808380477895959 ], [ -116.655696998410406, 32.808380088357879 ] ] ] } },
{ "type": "Feature", "properties": { "OBJECTID": 365, "Record_Num": "AWM2023-LCP-00023", "Business_N": "RODRIGUEZ FAMILY FARMS, INC./J R ORGANICS", "PRODUCER_L": "9995 W. LILAC RD, ESCONDIDO, CA  92026  ", "Area": 13, "Shape_Length": 3422.1539047648007, "Shape_Area": 556923.41355848615 }, "geometry": { "type": "Polygon", "coordinates": [ [ [ -117.121149516795029, 33.277978549212961 ], [ -117.12113319263878, 33.276757488935239 ], [ -117.121106514782738, 33.274915386491912 ], [ -117.121048067272866, 33.274919306115251 ], [ -117.120303362515386, 33.275229823421441 ], [ -117.119609272989095, 33.276010204073927 ], [ -117.119370854355324, 33.276822481872081 ], [ -117.11835883875824, 33.277984067046461 ], [ -117.121149516795029, 33.277978549212961 ] ] ] } },
{ "type": "Feature", "properties": { "OBJECTID": 366, "Record_Num": "AWM2023-LCP-00024", "Business_N": "PICCOLI", "PRODUCER_L": "1666 HANSON LN, RAMONA, CA  92065 ", "Area": 1, "Shape_Length": 1018.5129697582644, "Shape_Area": 51553.796609336787 }, "geometry": { "type": "Polygon", "coordinates": [ [ [ -116.874233102593493, 33.022706273359027 ], [ -116.874362261063524, 33.022657317730982 ], [ -116.874438652120261, 33.022556160840125 ], [ -116.875144508803601, 33.022555929416413 ], [ -116.875142410541727, 33.021991910839809 ], [ -116.874363866958404, 33.021988032853102 ], [ -116.874358077823501, 33.022477345093925 ], [ -116.874263151824152, 33.022596241144981 ], [ -116.874233102593493, 33.022706273359027 ] ] ] } },
{ "type": "Feature", "properties": { "OBJECTID": 367, "Record_Num": "AWM2023-LCP-00026", "Business_N": "BUGGELN, KENNETH", "PRODUCER_L": "846 JAMES ST., RAMONA, CA  92065 ", "Area": 2, "Shape_Length": 1116.1929590399718, "Shape_Area": 76884.198537766628 }, "geometry": { "type": "Polygon", "coordinates": [ [ [ -116.891570809617065, 33.045548397649853 ], [ -116.891583124685354, 33.044871286445947 ], [ -116.890557247492112, 33.044864137971643 ], [ -116.890572110339988, 33.045549415932093 ], [ -116.891570809617065, 33.045548397649853 ] ] ] } },
{ "type": "Feature", "properties": { "OBJECTID": 368, "Record_Num": "AWM2023-LCP-00028", "Business_N": "DTR FARM", "PRODUCER_L": "11455 Roxboro Ct. San Diego, CA 92131", "Area": 0, "Shape_Length": 307.79577608620787, "Shape_Area": 5553.3712804507013 }, "geometry": { "type": "Polygon", "coordinates": [ [ [ -117.089720025820554, 32.926760961284998 ], [ -117.089716461361405, 32.926738828950789 ], [ -117.089718291808097, 32.926696387153996 ], [ -117.089717539067394, 32.926676121251035 ], [ -117.089712355613514, 32.926660127206397 ], [ -117.089697619976249, 32.926639013061191 ], [ -117.089676848159087, 32.926629725595383 ], [ -117.089657807874715, 32.92662608385502 ], [ -117.089405094375337, 32.926621199252644 ], [ -117.089384530661292, 32.92663359616337 ], [ -117.089367324322012, 32.926646441883875 ], [ -117.089362499858709, 32.92666816047717 ], [ -117.089363516830232, 32.926774697234812 ], [ -117.089720025820554, 32.926760961284998 ] ] ] } },
{ "type": "Feature", "properties": { "OBJECTID": 369, "Record_Num": "AWM2023-LCP-00030", "Business_N": "THE BULLDOG KITCHEN", "PRODUCER_L": "433 LEMONWOOD DR., FALLBROOK, CA  92028 ", "Area": 2, "Shape_Length": 1209.4502730031136, "Shape_Area": 85743.914700934998 }, "geometry": { "type": "Polygon", "coordinates": [ [ [ -117.256009674042105, 33.298024485894423 ], [ -117.25578119602622, 33.297850464300097 ], [ -117.255665434481799, 33.297736880357647 ], [ -117.255616522327784, 33.297718870688392 ], [ -117.255141768984103, 33.297941533821856 ], [ -117.255003723773626, 33.298008092522721 ], [ -117.254877711983127, 33.298062284013476 ], [ -117.254731891760343, 33.298088004361318 ], [ -117.254778924792504, 33.298791116132492 ], [ -117.255371293886327, 33.298630898221951 ], [ -117.256009674042105, 33.298024485894423 ] ] ] } },
{ "type": "Feature", "properties": { "OBJECTID": 370, "Record_Num": "AWM2023-LCP-00031", "Business_N": "DEL CAMPO FARMERS", "PRODUCER_L": "1921 WINTERWARM DR., FALLBROOK, CA  92028  ", "Area": 1, "Shape_Length": 1003.889593667384, "Shape_Area": 36471.227776566782 }, "geometry": { "type": "Polygon", "coordinates": [ [ [ -117.219244642206803, 33.343499548268191 ], [ -117.219242079003521, 33.342352077746163 ], [ -117.219034046835347, 33.342577237682292 ], [ -117.218793185769172, 33.343503069923337 ], [ -117.219244642206803, 33.343499548268191 ] ] ] } },
{ "type": "Feature", "properties": { "OBJECTID": 371, "Record_Num": "AWM2023-LCP-00032", "Business_N": "BZ QUAIL FARM", "PRODUCER_L": "8624 VERLANE DR., SAN DIEGO, CA  92117", "Area": 0, "Shape_Length": 338.02590148969728, "Shape_Area": 6133.3244340260217 }, "geometry": { "type": "Polygon", "coordinates": [ [ [ -117.011575720193107, 32.804862077159882 ], [ -117.01148759866507, 32.804550977488525 ], [ -117.011319351369792, 32.8045790706974 ], [ -117.011406277470385, 32.804889176033221 ], [ -117.011575720193107, 32.804862077159882 ] ] ] } },
{ "type": "Feature", "properties": { "OBJECTID": 372, "Record_Num": "AWM2023-LCP-00034", "Business_N": "MAMMA RAMONA'S", "PRODUCER_L": "1130 D STREET, STE 1, RAMONA, CA  92065 ", "Area": 0, "Shape_Length": 331.53831107227563, "Shape_Area": 6234.3114642905266 }, "geometry": { "type": "Polygon", "coordinates": [ [ [ -116.869681142285387, 33.039836037333728 ], [ -116.869570220472269, 33.039688515329765 ], [ -116.869535846304018, 33.039711163558039 ], [ -116.86951685249096, 33.039688782424008 ], [ -116.869321823850242, 33.039794787557966 ], [ -116.869451634484065, 33.039967599490396 ], [ -116.86949366000681, 33.039943697482585 ], [ -116.869504793817441, 33.039955487616979 ], [ -116.86954292091707, 33.039948527619067 ], [ -116.869560860362071, 33.039928130273438 ], [ -116.86954821484008, 33.039906775085335 ], [ -116.869681142285387, 33.039836037333728 ] ] ] } },
{ "type": "Feature", "properties": { "OBJECTID": 373, "Record_Num": "AWM2023-LCP-00035", "Business_N": "CHILDREN'S NATURE RETREAT FOUNDATION", "PRODUCER_L": "5178 JAPATUL SPUR, ALPINE, CA  91901 ", "Area": 19, "Shape_Length": 3637.1396410594957, "Shape_Area": 848734.24630129116 }, "geometry": { "type": "Polygon", "coordinates": [ [ [ -116.682704141583457, 32.768799945604158 ], [ -116.682711336273869, 32.76851077613977 ], [ -116.682751337466826, 32.766969022619051 ], [ -116.681124514719173, 32.765645903068894 ], [ -116.680955279296896, 32.765946778193644 ], [ -116.679871684401235, 32.766402164784736 ], [ -116.679785498083163, 32.76651832193253 ], [ -116.679757416049782, 32.768793007851691 ], [ -116.682704141583457, 32.768799945604158 ] ] ] } },
{ "type": "Feature", "properties": { "OBJECTID": 374, "Record_Num": "AWM2023-LCP-00036", "Business_N": "AVOCADO BLISS RETREAT", "PRODUCER_L": "13030 ORCHARD VISTA RD, VALLEY CENTER, CA  92082 ", "Area": 3, "Shape_Length": 1496.9849367238744, "Shape_Area": 133150.0725532659 }, "geometry": { "type": "Polygon", "coordinates": [ [ [ -117.059855498675617, 33.210873217215891 ], [ -117.059806619031392, 33.209638383402122 ], [ -117.05875256007873, 33.209685757734469 ], [ -117.058754205280579, 33.21073416413882 ], [ -117.059343190137767, 33.210752820927972 ], [ -117.059469181539654, 33.210774497383412 ], [ -117.059855498675617, 33.210873217215891 ] ] ] } },
{ "type": "Feature", "properties": { "OBJECTID": 375, "Record_Num": "AWM2023-LCP-00037", "Business_N": "RG SUCCULENTS", "PRODUCER_L": "1235 RIDGE RD, VISTA, CA  92081 ", "Area": 1, "Shape_Length": 1204.0177610207468, "Shape_Area": 41238.994632082991 }, "geometry": { "type": "Polygon", "coordinates": [ [ [ -117.254094626601471, 33.180883846206342 ], [ -117.254016766023625, 33.180890126058436 ], [ -117.253983742666492, 33.181467763540184 ], [ -117.253508592279417, 33.18151228532529 ], [ -117.253988978362187, 33.182101020124833 ], [ -117.254386705126706, 33.181866173227483 ], [ -117.254362231783531, 33.181606498090545 ], [ -117.254043368534909, 33.181453156909974 ], [ -117.254094626601471, 33.180883846206342 ] ] ] } },
{ "type": "Feature", "properties": { "OBJECTID": 376, "Record_Num": "AWM2023-LCP-00039", "Business_N": "NAVINAR GAM", "PRODUCER_L": "1653 WINTER HAVEN RD., FALLBROOK, CA  92028", "Area": 34, "Shape_Length": 5412.1221951876514, "Shape_Area": 1491216.9818061402 }, "geometry": { "type": "Polygon", "coordinates": [ [ [ -117.22240431610625, 33.345964696638283 ], [ -117.223440151608216, 33.346519139551042 ], [ -117.226286463112245, 33.346489367839162 ], [ -117.226286985535765, 33.347230308559972 ], [ -117.228076156633932, 33.347255231943329 ], [ -117.228098079423887, 33.343673825354649 ], [ -117.22581370941775, 33.343678791836858 ], [ -117.223953613580846, 33.34492829729475 ], [ -117.223159022235592, 33.345201005286683 ], [ -117.22240431610625, 33.345964696638283 ] ] ] } },
{ "type": "Feature", "properties": { "OBJECTID": 377, "Record_Num": "AWM2023-LCP-00040", "Business_N": "BURTECH FAMILY VINEYARD", "PRODUCER_L": "3902 MANCHESTER AVE., VISTA, CA  92081 ", "Area": 10, "Shape_Length": 3099.0454706275432, "Shape_Area": 432124.84804163233 }, "geometry": { "type": "Polygon", "coordinates": [ [ [ -117.248351330231699, 33.023267533069351 ], [ -117.248327025164045, 33.023232485394168 ], [ -117.248504764745874, 33.023095108369368 ], [ -117.248855274880569, 33.023434654803502 ], [ -117.249097722283409, 33.023206125878765 ], [ -117.249100130783376, 33.021841643529612 ], [ -117.247964676061784, 33.021850804487052 ], [ -117.247610457658382, 33.022236314036604 ], [ -117.24705361856978, 33.022673803856357 ], [ -117.24703964991977, 33.024602291153329 ], [ -117.247924850177824, 33.024131944223718 ], [ -117.248601447356918, 33.023713623889712 ], [ -117.24866604079547, 33.023612404141069 ], [ -117.248351330231699, 33.023267533069351 ] ] ] } },
{ "type": "Feature", "properties": { "OBJECTID": 378, "Record_Num": "AWM2023-LCP-00041", "Business_N": "QUESTA FARMS", "PRODUCER_L": "25208 BLACK CANYON RD, SANTA YSABEL, CA  92070", "Area": 32, "Shape_Length": 4725.0183405231892, "Shape_Area": 1388219.6533877791 }, "geometry": { "type": "Polygon", "coordinates": [ [ [ -116.796827483350171, 33.171349858871309 ], [ -116.796819061137924, 33.168330880668236 ], [ -116.79268846189315, 33.168357781928044 ], [ -116.792686282403352, 33.171368055165345 ], [ -116.796827483350171, 33.171349858871309 ] ] ] } },
{ "type": "Feature", "properties": { "OBJECTID": 379, "Record_Num": "AWM2023-LCP-00042", "Business_N": "DON FELIPE'S FUYU KING PERSIMMONS", "PRODUCER_L": "32829 LILAC RD, VALLEY CENTER, CA  92082 ", "Area": 10, "Shape_Length": 2811.0034468025874, "Shape_Area": 456827.5304208881 }, "geometry": { "type": "Polygon", "coordinates": [ [ [ -117.083525277037822, 33.309544359767983 ], [ -117.083307193407109, 33.308616099000766 ], [ -117.080661888269745, 33.308640646188103 ], [ -117.080719379205405, 33.310609974623574 ], [ -117.082045743070765, 33.310167206207737 ], [ -117.083525277037822, 33.309544359767983 ] ] ] } },
{ "type": "Feature", "properties": { "OBJECTID": 380, "Record_Num": "AWM2010-LCP-00017", "Business_N": "BEHNEMAN FAMILY FARMS", "PRODUCER_L": "32140 COUSER CANYON VALLEY CENTER CA 92082", "Area": 5, "Shape_Length": 2224.3417721311507, "Shape_Area": 201923.45017773015 }, "geometry": { "type": "Polygon", "coordinates": [ [ [ -117.089815043428317, 33.302675418580911 ], [ -117.089697377520451, 33.300847852305388 ], [ -117.087761462328089, 33.300852304815933 ], [ -117.087771846026456, 33.30113252663871 ], [ -117.087887421798456, 33.301136058699591 ], [ -117.087954442810144, 33.301163634960709 ], [ -117.088024403682141, 33.301230001571298 ], [ -117.088219292738273, 33.301472324562447 ], [ -117.088355924555088, 33.301529616081282 ], [ -117.088525891276319, 33.301582370383876 ], [ -117.088652211870624, 33.301635419266745 ], [ -117.088755467100157, 33.301692936684731 ], [ -117.088879531615703, 33.301778341982832 ], [ -117.089083868102435, 33.301934355445297 ], [ -117.089272655674293, 33.302075381860931 ], [ -117.089389245565485, 33.3021845537845 ], [ -117.089713919448741, 33.30257261038382 ], [ -117.089815043428317, 33.302675418580911 ] ] ] } },
{ "type": "Feature", "properties": { "OBJECTID": 381, "Record_Num": "AWM2010-LCP-00099", "Business_N": "S L WHITE FARMS", "PRODUCER_L": "15243 HIGHLAND VALLEY RD ESCONDIDO CA 92025", "Area": 13, "Shape_Length": 2977.7155426138788, "Shape_Area": 553778.11935855565 }, "geometry": { "type": "Polygon", "coordinates": [ [ [ -117.007896261776523, 33.066152093948084 ], [ -117.007905605952956, 33.064070731358733 ], [ -117.005501906658651, 33.064047090156237 ], [ -117.005551878240595, 33.066151088747148 ], [ -117.007896261776523, 33.066152093948084 ] ] ] } },
{ "type": "Feature", "properties": { "OBJECTID": 382, "Record_Num": "AWM2010-LCP-00210", "Business_N": "PAK, YOUNG JAE", "PRODUCER_L": "39085 DE LUZ RD FALLBROOK CA 92028", "Area": 36, "Shape_Length": 5049.0383241842601, "Shape_Area": 1568180.9679582717 }, "geometry": { "type": "Polygon", "coordinates": [ [ [ -117.317939047135894, 33.416817811586512 ], [ -117.315865415862547, 33.41678610803077 ], [ -117.315609169916542, 33.41694917488006 ], [ -117.315403508424708, 33.417025184632365 ], [ -117.315248358928613, 33.41700795248039 ], [ -117.314937304433258, 33.416911620044949 ], [ -117.314811663275975, 33.416894134591487 ], [ -117.314598248097198, 33.416939272854457 ], [ -117.314363152976469, 33.41702172040192 ], [ -117.314097267165749, 33.416999247279179 ], [ -117.313705892061293, 33.416971659801632 ], [ -117.313546136567481, 33.420215176461703 ], [ -117.317788791256234, 33.420222123788974 ], [ -117.317939047135894, 33.416817811586512 ] ] ] } },
{ "type": "Feature", "properties": { "OBJECTID": 383, "Record_Num": "AWM2011-LCP-00036", "Business_N": "EULERT FARMS", "PRODUCER_L": "18898 OLD JULIAN TR RAMONA CA 92065", "Area": 18, "Shape_Length": 4027.306965007715, "Shape_Area": 774232.76895310648 }, "geometry": { "type": "Polygon", "coordinates": [ [ [ -116.795718580380182, 33.059217313872914 ], [ -116.795638052728719, 33.055073916267027 ], [ -116.794742746005184, 33.054970228450195 ], [ -116.793948478746756, 33.054966033369936 ], [ -116.794037579768059, 33.059032515043583 ], [ -116.795718580380182, 33.059217313872914 ] ] ] } },
{ "type": "Feature", "properties": { "OBJECTID": 384, "Record_Num": "AWM2011-LCP-00038", "Business_N": "SECOND CHANCE SD HQ LLC", "PRODUCER_L": "6145 IMPERIAL AVE SAN DIEGO CA 92114", "Area": 2, "Shape_Length": 1283.471295419974, "Shape_Area": 82313.930515763888 }, "geometry": { "type": "Polygon", "coordinates": [ [ [ -117.066105034233317, 32.70942999362844 ], [ -117.066091616619971, 32.708846950403682 ], [ -117.065820864134594, 32.708882645219234 ], [ -117.064584316975612, 32.709247478582711 ], [ -117.064648575130803, 32.709605068932682 ], [ -117.066105034233317, 32.70942999362844 ] ] ] } },
{ "type": "Feature", "properties": { "OBJECTID": 385, "Record_Num": "AWM2011-LCP-00042", "Business_N": "RFB FAMILY FARM", "PRODUCER_L": "8918 DONAKER ST SAN DIEGO CA 92129 ", "Area": 0, "Shape_Length": 296.59747015673929, "Shape_Area": 5173.5183869399434 }, "geometry": { "type": "Polygon", "coordinates": [ [ [ -117.137091050108197, 32.977449561583029 ], [ -117.137090228523775, 32.977197006291746 ], [ -117.13690717289731, 32.977198318896576 ], [ -117.136908008643019, 32.977452329487122 ], [ -117.137091050108197, 32.977449561583029 ] ] ] } },
{ "type": "Feature", "properties": { "OBJECTID": 386, "Record_Num": "AWM2012-LCP-00059", "Business_N": "PAGE'S ORGANICS", "PRODUCER_L": "1914 PAMO RD RAMONA CA 92065", "Area": 4, "Shape_Length": 1676.8294446639161, "Shape_Area": 154964.77412458128 }, "geometry": { "type": "Polygon", "coordinates": [ [ [ -116.861038282084124, 33.075747281619883 ], [ -116.861032970751694, 33.074984248742084 ], [ -116.859192823492364, 33.075004946496328 ], [ -116.85920078511829, 33.075754007807788 ], [ -116.861038282084124, 33.075747281619883 ] ] ] } },
{ "type": "Feature", "properties": { "OBJECTID": 387, "Record_Num": "AWM2014-LCP-00028", "Business_N": "DASSI FAMILY FARM", "PRODUCER_L": "1168 Urania Ave, Encinitas, CA  92024", "Area": 2, "Shape_Length": 1176.2584294499773, "Shape_Area": 71786.4384967722 }, "geometry": { "type": "Polygon", "coordinates": [ [ [ -117.290876792736498, 33.069884334484811 ], [ -117.289516210474474, 33.069878324740912 ], [ -117.289525745977556, 33.070355632227916 ], [ -117.290875928445899, 33.070357369415191 ], [ -117.290876792736498, 33.069884334484811 ] ] ] } },
{ "type": "Feature", "properties": { "OBJECTID": 388, "Record_Num": "AWM2015-LCP-00053", "Business_N": "BERNARD, VINCENT& VICKI", "PRODUCER_L": "End of White Hawk Rd., Escondido, CA  92027  ", "Area": 4, "Shape_Length": 1941.0127793565257, "Shape_Area": 161179.21015817334 }, "geometry": { "type": "Polygon", "coordinates": [ [ [ -117.026522876308519, 33.137988794687168 ], [ -117.024894352913648, 33.138891947661776 ], [ -117.025868502063759, 33.14012891614194 ], [ -117.026522876308519, 33.137988794687168 ] ] ] } },
{ "type": "Feature", "properties": { "OBJECTID": 389, "Record_Num": "AWM2016-LCP-00019", "Business_N": "HERITAGE FAMILY FARMS", "PRODUCER_L": "3048 MARY LANE, ESCONDIDO, CA  92025  ", "Area": 1, "Shape_Length": 959.48037113464386, "Shape_Area": 60510.144053419259 }, "geometry": { "type": "Polygon", "coordinates": [ [ [ -117.046432518767688, 33.083511086087306 ], [ -117.045967947799909, 33.083957257357326 ], [ -117.046140713909395, 33.084256478702883 ], [ -117.046572487077526, 33.084431808278602 ], [ -117.046610358195849, 33.08442988569162 ], [ -117.046640115837249, 33.084412906895203 ], [ -117.047002199743659, 33.083880099472104 ], [ -117.047005928236274, 33.083851536814969 ], [ -117.04699375092126, 33.083828112641662 ], [ -117.046959700033298, 33.083811545260772 ], [ -117.046735548298372, 33.083722335299633 ], [ -117.046609377796386, 33.083662713340111 ], [ -117.046545188795022, 33.083621157242007 ], [ -117.046432518767688, 33.083511086087306 ] ] ] } },
{ "type": "Feature", "properties": { "OBJECTID": 390, "Record_Num": "AWM2016-LCP-00067", "Business_N": "VALLEY CENTER GROWERS, INC.", "PRODUCER_L": "31533 Laurel Ridge Dr., Valley Center, CA 92082", "Area": 39, "Shape_Length": 5209.9260212063473, "Shape_Area": 1695530.9393491268 }, "geometry": { "type": "Polygon", "coordinates": [ [ [ -117.068109506841282, 33.282249066368522 ], [ -117.068091686105333, 33.278617883112815 ], [ -117.063896514514241, 33.278537266123848 ], [ -117.063906110024845, 33.282168501908622 ], [ -117.068109506841282, 33.282249066368522 ] ] ] } },
{ "type": "Feature", "properties": { "OBJECTID": 391, "Record_Num": "AWM2017-LCP-00014", "Business_N": "LA BAHN RANCH", "PRODUCER_L": "26600 PARADISE VALLEY RD, WARNER SPRINGS, CA  92086 ", "Area": 17, "Shape_Length": 3795.5789619677671, "Shape_Area": 733891.06934497843 }, "geometry": { "type": "Polygon", "coordinates": [ [ [ -116.753732085183557, 33.361367183711977 ], [ -116.751961499896737, 33.361421848710201 ], [ -116.752055611292192, 33.365139965889554 ], [ -116.75382639006817, 33.365105656239173 ], [ -116.753732085183557, 33.361367183711977 ] ] ] } },
{ "type": "Feature", "properties": { "OBJECTID": 392, "Record_Num": "AWM2017-LCP-00020", "Business_N": "CB RANCH ENTERPRISES", "PRODUCER_L": "5704 PASEO DEL NORTE, CARLSBAD, CA  92008 ", "Area": 44, "Shape_Length": 7156.0080270604331, "Shape_Area": 1937037.7576739765 }, "geometry": { "type": "Polygon", "coordinates": [ [ [ -117.320655749416744, 33.127809004512606 ], [ -117.318434854263728, 33.128604871770698 ], [ -117.318720328123149, 33.129202489076881 ], [ -117.318783741387605, 33.129425375604448 ], [ -117.318810869731308, 33.12957622566357 ], [ -117.318825613451509, 33.129748460927097 ], [ -117.318827454036082, 33.129899529093699 ], [ -117.318818635246529, 33.130006001608571 ], [ -117.319059209036254, 33.130031589964439 ], [ -117.320296728839651, 33.132535109875853 ], [ -117.320844757736523, 33.132610726784762 ], [ -117.321364769343504, 33.133573167325956 ], [ -117.321269261781367, 33.133970301010443 ], [ -117.320240592119447, 33.134567521184522 ], [ -117.321028939454891, 33.134703708319691 ], [ -117.321064347292264, 33.134687059140923 ], [ -117.321065632986318, 33.134659810941166 ], [ -117.321259689946274, 33.134644514559113 ], [ -117.321318073115222, 33.134653543054164 ], [ -117.321359351131846, 33.134719917739623 ], [ -117.322317946118361, 33.134879138563328 ], [ -117.322532341010643, 33.13493856733038 ], [ -117.32263622664405, 33.134962182008813 ], [ -117.322814648089576, 33.134991961309133 ], [ -117.322853558642606, 33.134997071869293 ], [ -117.322885779760881, 33.134984535546543 ], [ -117.322901748755498, 33.13496669340725 ], [ -117.322920721009424, 33.134929757946921 ], [ -117.322989924041025, 33.134632268603042 ], [ -117.323088073183854, 33.134451650313522 ], [ -117.323249310821339, 33.134267762308539 ], [ -117.323417371622753, 33.134112413706958 ], [ -117.323487570407266, 33.134028730902735 ], [ -117.323532172308987, 33.1339697836422 ], [ -117.323581162147562, 33.133872666415513 ], [ -117.323606058875157, 33.133790737629703 ], [ -117.323622629055194, 33.133689814558309 ], [ -117.323623163950401, 33.133601287780245 ], [ -117.32360077306879, 33.133491169042955 ], [ -117.323572176098722, 33.133402894646558 ], [ -117.323266940879336, 33.13279814008181 ], [ -117.323252008497874, 33.132768307248597 ], [ -117.323162258000025, 33.132709162012311 ], [ -117.323079634552855, 33.132570966057095 ], [ -117.323026477133467, 33.132459752001708 ], [ -117.322983247609869, 33.132366156751694 ], [ -117.322977109473669, 33.132261344588663 ], [ -117.322983300104326, 33.132238138775222 ], [ -117.322558007431752, 33.131387430468898 ], [ -117.322529762965587, 33.131365013267768 ], [ -117.322482725118803, 33.131330556348878 ], [ -117.322437630916525, 33.131285623292207 ], [ -117.322369730114829, 33.131154599045722 ], [ -117.322296458584688, 33.131007931837132 ], [ -117.322277058082349, 33.130946215902775 ], [ -117.322279514909596, 33.130893027064857 ], [ -117.322288348012421, 33.130852856499168 ], [ -117.322006102427935, 33.130305316476651 ], [ -117.321850037954263, 33.129995503459995 ], [ -117.321838441163464, 33.129979043286511 ], [ -117.321773710392279, 33.129937765972841 ], [ -117.321735890166494, 33.12989451281603 ], [ -117.321594860695313, 33.129628150610309 ], [ -117.321583029792791, 33.129592516904239 ], [ -117.321572909449017, 33.129527234473052 ], [ -117.321582479834689, 33.129462652845298 ], [ -117.321457328405828, 33.1292273904007 ], [ -117.321252095130788, 33.128871039972758 ], [ -117.321148545438646, 33.128697893594655 ], [ -117.321084877866468, 33.128587435944354 ], [ -117.321048379770701, 33.128530296054244 ], [ -117.321005682738999, 33.128460936127304 ], [ -117.320918663919414, 33.128290854173308 ], [ -117.320655749416744, 33.127809004512606 ] ] ] } },
{ "type": "Feature", "properties": { "OBJECTID": 393, "Record_Num": "AWM2017-LCP-00023", "Business_N": "S L WHITE FARMS", "PRODUCER_L": "13738 CRYSTALLITE LN, VALLEY CENTER, CA  92082", "Area": 1, "Shape_Length": 1174.2937753787596, "Shape_Area": 61433.904378358791 }, "geometry": { "type": "Polygon", "coordinates": [ [ [ -117.033984428782503, 33.277931096316095 ], [ -117.033983102137555, 33.277782899864015 ], [ -117.033844533134584, 33.277729002812585 ], [ -117.033825211813777, 33.277713015893234 ], [ -117.032693621160092, 33.277707269112803 ], [ -117.032675272876446, 33.27822932389288 ], [ -117.033622677781025, 33.278226569313659 ], [ -117.033633636412162, 33.278165284411905 ], [ -117.033549283196933, 33.278169038690372 ], [ -117.033567481474606, 33.278059381317846 ], [ -117.033609095909384, 33.277994681113718 ], [ -117.033658582962914, 33.277952484591673 ], [ -117.033677587194219, 33.277933033900929 ], [ -117.03371213605206, 33.277936037561503 ], [ -117.033984428782503, 33.277931096316095 ] ] ] } },
{ "type": "Feature", "properties": { "OBJECTID": 394, "Record_Num": "AWM2017-LCP-00024", "Business_N": "SAGE HILL RANCH & GARDENS", "PRODUCER_L": "610 Calle Ricardo, Escondido CA 92026", "Area": 2, "Shape_Length": 1400.856324103012, "Shape_Area": 103023.39614751046 }, "geometry": { "type": "Polygon", "coordinates": [ [ [ -117.100853850456076, 33.181837366357229 ], [ -117.099164777790619, 33.181844699379646 ], [ -117.099190609300052, 33.182426263609656 ], [ -117.100657599995529, 33.182428946504224 ], [ -117.100853850456076, 33.181837366357229 ] ] ] } },
{ "type": "Feature", "properties": { "OBJECTID": 395, "Record_Num": "AWM2017-LCP-00032", "Business_N": "SECOND CHANCE SD HQ LLC", "PRODUCER_L": "3850 Westgate Place, San Diego, CA  92105 ", "Area": 3, "Shape_Length": 1913.6801671851001, "Shape_Area": 146023.54588374545 }, "geometry": { "type": "Polygon", "coordinates": [ [ [ -117.110930246317707, 32.729612300573926 ], [ -117.111349461046544, 32.7296171605011 ], [ -117.111599172662878, 32.728303341246594 ], [ -117.111831672452013, 32.728056433374306 ], [ -117.111848954063277, 32.727939510458775 ], [ -117.111852722679899, 32.727853829803756 ], [ -117.11187533274223, 32.727810843760963 ], [ -117.111509150261057, 32.727575904675319 ], [ -117.111430242617544, 32.727514161874822 ], [ -117.11133313971375, 32.727475905611904 ], [ -117.111015376754651, 32.727482017797833 ], [ -117.110946657882153, 32.728934734371286 ], [ -117.110877835544812, 32.728962468843058 ], [ -117.110930246317707, 32.729612300573926 ] ] ] } },
{ "type": "Feature", "properties": { "OBJECTID": 396, "Record_Num": "AWM2017-LCP-00044", "Business_N": "JOSE ZAMORA", "PRODUCER_L": "Via Paradiso Vista, CA 92084", "Area": 3, "Shape_Length": 1407.8085875108586, "Shape_Area": 123234.5755485535 }, "geometry": { "type": "Polygon", "coordinates": [ [ [ -117.179340505708566, 33.192217691898982 ], [ -117.179296480585805, 33.191302306142909 ], [ -117.178186872032086, 33.19131061662808 ], [ -117.17821872627637, 33.192374224421329 ], [ -117.179340505708566, 33.192217691898982 ] ] ] } },
{ "type": "Feature", "properties": { "OBJECTID": 397, "Record_Num": "AWM2017-LCP-00060", "Business_N": "ELI'S FARMS", "PRODUCER_L": "2929 EAST MISSION RD, FALLBROOK, CA  92028  ", "Area": 9, "Shape_Length": 2832.4987466104594, "Shape_Area": 393910.57724124519 }, "geometry": { "type": "Polygon", "coordinates": [ [ [ -117.201787154140163, 33.39429661502389 ], [ -117.201757576665841, 33.392238152269684 ], [ -117.200636401245177, 33.392740336602515 ], [ -117.200397714903005, 33.392567594913139 ], [ -117.200023153224365, 33.392438027755723 ], [ -117.199764706832212, 33.392427963416189 ], [ -117.19924096630595, 33.392437984113542 ], [ -117.199155317977073, 33.392480775452363 ], [ -117.199107451407514, 33.393359996488421 ], [ -117.201787154140163, 33.39429661502389 ] ] ] } },
{ "type": "Feature", "properties": { "OBJECTID": 398, "Record_Num": "AWM2017-LCP-00062", "Business_N": "MALDONADO GROWERS", "PRODUCER_L": "3319 James Drive Carlsbad CA 92008", "Area": 0, "Shape_Length": 445.62886584139716, "Shape_Area": 10961.906749881946 }, "geometry": { "type": "Polygon", "coordinates": [ [ [ -117.334192838164668, 33.162713081240419 ], [ -117.334080327192368, 33.162563421517305 ], [ -117.33402237013604, 33.162603141397128 ], [ -117.333929574952549, 33.162475516267392 ], [ -117.333700584334466, 33.162590326869854 ], [ -117.333898601269581, 33.162864545943322 ], [ -117.334192838164668, 33.162713081240419 ] ] ] } },
{ "type": "Feature", "properties": { "OBJECTID": 399, "Record_Num": "AWM2018-LCP-00002", "Business_N": "BRADFORD FARMS", "PRODUCER_L": "640 Bradford Road El Cajon CA  92019 ", "Area": 1, "Shape_Length": 1030.830844909769, "Shape_Area": 64497.253187376322 }, "geometry": { "type": "Polygon", "coordinates": [ [ [ -116.91452593278278, 32.792155515525067 ], [ -116.914337432933792, 32.791347260227177 ], [ -116.913582587912217, 32.791722095031716 ], [ -116.913717118392682, 32.792285151981069 ], [ -116.91452593278278, 32.792155515525067 ] ] ] } },
{ "type": "Feature", "properties": { "OBJECTID": 400, "Record_Num": "AWM2018-LCP-00009", "Business_N": "ÁRVORE DE LUZ", "PRODUCER_L": "4106 ROCK MOUNTAIN ROAD, FALLBROOK, CA 92028 ", "Area": 4, "Shape_Length": 1687.2616704331922, "Shape_Area": 174733.3994260632 }, "geometry": { "type": "Polygon", "coordinates": [ [ [ -117.244181605374564, 33.44642403746321 ], [ -117.244160398405739, 33.446161485246186 ], [ -117.244127356938961, 33.445819601087329 ], [ -117.244258457550373, 33.445491678572154 ], [ -117.24400242383912, 33.445408187835397 ], [ -117.243757704978904, 33.445358210458998 ], [ -117.243542725610439, 33.445359928034918 ], [ -117.2432407147991, 33.445398998646262 ], [ -117.242960530499147, 33.445434840228273 ], [ -117.242537928236374, 33.445444323411721 ], [ -117.242738676998002, 33.446435563378813 ], [ -117.244181605374564, 33.44642403746321 ] ] ] } },
{ "type": "Feature", "properties": { "OBJECTID": 401, "Record_Num": "AWM2018-LCP-00017", "Business_N": "S L WHITE FARMS", "PRODUCER_L": "31039 STARDUST LANE, VALLEY CENTER, CA  92082", "Area": 2, "Shape_Length": 1335.7721924908915, "Shape_Area": 107750.78339461956 }, "geometry": { "type": "Polygon", "coordinates": [ [ [ -117.037069337555835, 33.276380720680628 ], [ -117.037073413321352, 33.275723123892483 ], [ -117.036038557909293, 33.275457929669884 ], [ -117.035719413695929, 33.276390951023821 ], [ -117.037069337555835, 33.276380720680628 ] ] ] } },
{ "type": "Feature", "properties": { "OBJECTID": 402, "Record_Num": "AWM2018-LCP-00025", "Business_N": "HANKINS, ANDREA", "PRODUCER_L": "10731 2ND STREET, SANTEE, CA  92071 ", "Area": 0, "Shape_Length": 314.21862499753269, "Shape_Area": 5847.9791859934949 }, "geometry": { "type": "Polygon", "coordinates": [ [ [ -116.964897854559339, 32.858685004958446 ], [ -116.964893905624095, 32.858421301786322 ], [ -116.964698828746862, 32.858420143758913 ], [ -116.964698285984312, 32.858686922568211 ], [ -116.964897854559339, 32.858685004958446 ] ] ] } },
{ "type": "Feature", "properties": { "OBJECTID": 403, "Record_Num": "AWM2018-LCP-00031", "Business_N": "BEHNEMAN FAMILY FARMS", "PRODUCER_L": "11710 MESA VERDE DRIVE, VALLEY CENTER, CA  92082 ", "Area": 4, "Shape_Length": 1879.4669229275487, "Shape_Area": 192470.91293730505 }, "geometry": { "type": "Polygon", "coordinates": [ [ [ -117.079147380213897, 33.278565379290868 ], [ -117.079126977475752, 33.27681492694655 ], [ -117.078695339120159, 33.276949747036312 ], [ -117.078473545578035, 33.276993061320063 ], [ -117.078090185098972, 33.276966657504794 ], [ -117.078059336288092, 33.278566206796825 ], [ -117.079147380213897, 33.278565379290868 ] ] ] } },
{ "type": "Feature", "properties": { "OBJECTID": 404, "Record_Num": "AWM2019-LCP-00005", "Business_N": "HATFIELD CREEK AQUAPONICS", "PRODUCER_L": "19451 CASNER RD, RAMONA, CA  92065", "Area": 35, "Shape_Length": 4975.5006125211112, "Shape_Area": 1544776.9538096751 }, "geometry": { "type": "Polygon", "coordinates": [ [ [ -116.767745048484599, 33.065469936961648 ], [ -116.767700500719044, 33.062051132664315 ], [ -116.763627174889777, 33.061914086736245 ], [ -116.763659130777597, 33.065291875726949 ], [ -116.767745048484599, 33.065469936961648 ] ] ] } },
{ "type": "Feature", "properties": { "OBJECTID": 405, "Record_Num": "AWM2019-LCP-00009", "Business_N": "ARMENTA'S FARMS", "PRODUCER_L": "35567 RICE CANYON RD., FALLBROOK, CA  92028 ", "Area": 19, "Shape_Length": 4314.617813610661, "Shape_Area": 809784.50478958036 }, "geometry": { "type": "Polygon", "coordinates": [ [ [ -117.135680771574329, 33.35879200326751 ], [ -117.135719329262557, 33.358307127511381 ], [ -117.131233951890863, 33.358088905283651 ], [ -117.131033549856809, 33.361003143899531 ], [ -117.133740940940257, 33.359775019475691 ], [ -117.134674864566719, 33.358793959767134 ], [ -117.135680771574329, 33.35879200326751 ] ] ] } },
{ "type": "Feature", "properties": { "OBJECTID": 406, "Record_Num": "AWM2019-LCP-00015", "Business_N": "CALCREATION, RB'S RANCH", "PRODUCER_L": "2290 CALLE CARALENE, FALLBROOK, CA  92028", "Area": 21, "Shape_Length": 4065.7732095953315, "Shape_Area": 899160.43276213098 }, "geometry": { "type": "Polygon", "coordinates": [ [ [ -117.341873849242887, 33.457505919004134 ], [ -117.341847041521405, 33.455779687500169 ], [ -117.33751865741705, 33.45624812587549 ], [ -117.337548823538029, 33.458251089160171 ], [ -117.339641449080489, 33.457947227015261 ], [ -117.339629817996311, 33.457855075174322 ], [ -117.341873849242887, 33.457505919004134 ] ] ] } },
{ "type": "Feature", "properties": { "OBJECTID": 407, "Record_Num": "AWM2019-LCP-00016", "Business_N": "TREES ARE US SAN DIEGO", "PRODUCER_L": "4871 CONRAD AVE., SAN DIEGO, CA  92117 ", "Area": 0, "Shape_Length": 303.47707891581319, "Shape_Area": 5396.8294568138826 }, "geometry": { "type": "Polygon", "coordinates": [ [ [ -117.185374504812515, 32.835870355414649 ], [ -117.185379793724962, 32.835608271103979 ], [ -117.185194084843275, 32.835607405104035 ], [ -117.185189660358418, 32.835866453897026 ], [ -117.185374504812515, 32.835870355414649 ] ] ] } },
{ "type": "Feature", "properties": { "OBJECTID": 408, "Record_Num": "AWM2019-LCP-00017", "Business_N": "EULERT FARMS", "PRODUCER_L": "18892 OLD JULIAN TRAIL, RAMONA, CA  92065 ", "Area": 13, "Shape_Length": 3003.8236141124312, "Shape_Area": 563952.12440095516 }, "geometry": { "type": "Polygon", "coordinates": [ [ [ -116.78931664547332, 33.05133529561931 ], [ -116.787072797072554, 33.051331866655062 ], [ -116.787073811266126, 33.053203925336824 ], [ -116.787042662555763, 33.053230427408955 ], [ -116.787304728606998, 33.053418254028813 ], [ -116.787550574689561, 33.053513866621991 ], [ -116.789310726066844, 33.053769882526275 ], [ -116.78931664547332, 33.05133529561931 ] ] ] } },
{ "type": "Feature", "properties": { "OBJECTID": 409, "Record_Num": "AWM2019-LCP-00018", "Business_N": "PAPA'S GARDEN", "PRODUCER_L": "2566 CAMINO DE LAS AVES, ALPINE, CA  91901", "Area": 1, "Shape_Length": 978.59512611446621, "Shape_Area": 46276.169009698322 }, "geometry": { "type": "Polygon", "coordinates": [ [ [ -116.783507598217923, 32.813736777586939 ], [ -116.784351033174289, 32.812948511128347 ], [ -116.783649436546668, 32.812933034046743 ], [ -116.783209684276017, 32.813551522019871 ], [ -116.783353483692338, 32.813627796031668 ], [ -116.783507598217923, 32.813736777586939 ] ] ] } },
{ "type": "Feature", "properties": { "OBJECTID": 410, "Record_Num": "AWM2019-LCP-00021", "Business_N": "CACTI AND EXOTICA.COM", "PRODUCER_L": "3550 PICO RD, VISTA, CA  92054 ", "Area": 4, "Shape_Length": 1690.1066998310876, "Shape_Area": 177123.93470463503 }, "geometry": { "type": "Polygon", "coordinates": [ [ [ -117.176844628771917, 33.256512857515609 ], [ -117.175557634279727, 33.25650431320765 ], [ -117.175767551681957, 33.257970291712383 ], [ -117.176183710919929, 33.257925701296379 ], [ -117.176770568508843, 33.257680185933332 ], [ -117.17684052898035, 33.257583729000977 ], [ -117.176844628771917, 33.256512857515609 ] ] ] } },
{ "type": "Feature", "properties": { "OBJECTID": 411, "Record_Num": "AWM2019-LCP-00022", "Business_N": "BROWN, KATHRYN", "PRODUCER_L": "31222 MANZANITA CREST RD, VALLEY CENTER, CA  92082  ", "Area": 8, "Shape_Length": 2497.6769386902242, "Shape_Area": 345510.16136664088 }, "geometry": { "type": "Polygon", "coordinates": [ [ [ -117.068564954908936, 33.271091880918163 ], [ -117.068508912938654, 33.272789611441226 ], [ -117.070559846779418, 33.272184107801138 ], [ -117.071143090548873, 33.271117134253991 ], [ -117.068564954908936, 33.271091880918163 ] ] ] } },
{ "type": "Feature", "properties": { "OBJECTID": 412, "Record_Num": "AWM2019-LCP-00024", "Business_N": "WONDERLAND FARM", "PRODUCER_L": "679 CAMINO EL DORADO, ENCINITAS, CA  92024", "Area": 1, "Shape_Length": 1008.8422506071053, "Shape_Area": 46873.716889469273 }, "geometry": { "type": "Polygon", "coordinates": [ [ [ -117.273959952516194, 33.044111267475358 ], [ -117.273969005789354, 33.043771330683569 ], [ -117.272723005574434, 33.043764402957009 ], [ -117.2727157523383, 33.044099625759749 ], [ -117.273959952516194, 33.044111267475358 ] ] ] } },
{ "type": "Feature", "properties": { "OBJECTID": 413, "Record_Num": "AWM2019-LCP-00026", "Business_N": "JJ BORG ORGANICS", "PRODUCER_L": "1410 LOUDEN LN, IMPERIAL BEACH, CA  91932 ", "Area": 0, "Shape_Length": 319.55412483393735, "Shape_Area": 5960.635175689521 }, "geometry": { "type": "Polygon", "coordinates": [ [ [ -117.121092456173301, 32.570781460061426 ], [ -117.121095218264031, 32.570618669719174 ], [ -117.120767552615334, 32.570618027870339 ], [ -117.120768290971796, 32.570781532866931 ], [ -117.121092456173301, 32.570781460061426 ] ] ] } },
{ "type": "Feature", "properties": { "OBJECTID": 414, "Record_Num": "AWM2019-LCP-00030", "Business_N": "HAWORTH, DIANE & VARBAEK, MICHAEL", "PRODUCER_L": "3771 VIA PALO VERDE LAGO, ALPINE, CA  91901 ", "Area": 2, "Shape_Length": 1268.0926615976962, "Shape_Area": 88330.643529981942 }, "geometry": { "type": "Polygon", "coordinates": [ [ [ -116.730105684624945, 32.813157988997368 ], [ -116.729526105192718, 32.813605017223182 ], [ -116.729205948673822, 32.814297886822082 ], [ -116.72935637396418, 32.814355123778768 ], [ -116.729485537623418, 32.814376861332242 ], [ -116.729585551871807, 32.814365352920504 ], [ -116.729724922471334, 32.814327006085172 ], [ -116.729908966325269, 32.814270693670757 ], [ -116.730103653087838, 32.814234355031054 ], [ -116.730240499188184, 32.814216031959134 ], [ -116.730161495102593, 32.813733756917408 ], [ -116.730255646645929, 32.813613300852658 ], [ -116.730260537038873, 32.813544341888907 ], [ -116.730322795355875, 32.813370637136188 ], [ -116.730288159049621, 32.813297383754396 ], [ -116.730105684624945, 32.813157988997368 ] ] ] } },
{ "type": "Feature", "properties": { "OBJECTID": 415, "Record_Num": "AWM2020-LCP-00001", "Business_N": "ZORA, ESAM", "PRODUCER_L": "11982 FUERTE VISTA LN, EL CAJON, CA  92020 ", "Area": 1, "Shape_Length": 869.9039914289724, "Shape_Area": 40567.898411430266 }, "geometry": { "type": "Polygon", "coordinates": [ [ [ -116.940513020485483, 32.763809656941447 ], [ -116.940599128064733, 32.763447596616899 ], [ -116.939959725564236, 32.763018697393285 ], [ -116.939877575750728, 32.763029082002191 ], [ -116.939837722165947, 32.763083187547885 ], [ -116.939898745097125, 32.763160833237286 ], [ -116.939713236824858, 32.763473820270256 ], [ -116.940513020485483, 32.763809656941447 ] ] ] } },
{ "type": "Feature", "properties": { "OBJECTID": 416, "Record_Num": "AWM2020-LCP-00002", "Business_N": "AMBROSIO ORCHARD", "PRODUCER_L": "2347 LOOKOUT MTN RD, FALLBROOK, CA  92028 ", "Area": 6, "Shape_Length": 2487.8033742373659, "Shape_Area": 269689.66033758171 }, "geometry": { "type": "Polygon", "coordinates": [ [ [ -117.172502684613079, 33.419588484567662 ], [ -117.172482395099749, 33.418503583312109 ], [ -117.170876384390866, 33.418253494134099 ], [ -117.170564898255492, 33.418342309128171 ], [ -117.17086275046519, 33.419197763796056 ], [ -117.170866478408755, 33.419271884998565 ], [ -117.170742514621125, 33.419255501412792 ], [ -117.17063341733531, 33.41925136621002 ], [ -117.170374430202685, 33.419287886958685 ], [ -117.170186928629533, 33.419395555391638 ], [ -117.169906781598357, 33.419662093684181 ], [ -117.172502684613079, 33.419588484567662 ] ] ] } },
{ "type": "Feature", "properties": { "OBJECTID": 417, "Record_Num": "AWM2020-LCP-00011", "Business_N": "ANGEL HILLS FARMS", "PRODUCER_L": "2285 TIERRA HEIGHTS RD, BOULEVARD, CA  91905 ", "Area": 3, "Shape_Length": 1369.9225683008674, "Shape_Area": 116993.19773914717 }, "geometry": { "type": "Polygon", "coordinates": [ [ [ -116.314393885476051, 32.675666232701197 ], [ -116.314381928433434, 32.674770830222762 ], [ -116.31322904227747, 32.674765054563146 ], [ -116.313210844300457, 32.675658878395929 ], [ -116.314393885476051, 32.675666232701197 ] ] ] } },
{ "type": "Feature", "properties": { "OBJECTID": 418, "Record_Num": "AWM2020-LCP-00013", "Business_N": "MARK'S TARTS", "PRODUCER_L": "30416 CALLE LOMA LN, BONSALL, CA  92003 ", "Area": 9, "Shape_Length": 2988.8838900666592, "Shape_Area": 385024.6021847736 }, "geometry": { "type": "Polygon", "coordinates": [ [ [ -117.213349544371184, 33.266292860648782 ], [ -117.213348527306437, 33.263799909214327 ], [ -117.211231198741885, 33.263803018644069 ], [ -117.21122667468569, 33.264353101504859 ], [ -117.211886648150752, 33.264347988246541 ], [ -117.212045949947949, 33.26491010977368 ], [ -117.212172355585608, 33.265361588356008 ], [ -117.212211360531782, 33.265547592550142 ], [ -117.212197275130464, 33.265707392335194 ], [ -117.212079540947101, 33.266045431092415 ], [ -117.213349544371184, 33.266292860648782 ] ] ] } },
{ "type": "Feature", "properties": { "OBJECTID": 419, "Record_Num": "AWM2020-LCP-00019", "Business_N": "SWAN CA HILLSIDE PRODUCE", "PRODUCER_L": "15166 LAZY CREEK RD, EL CAJON, CA  92021", "Area": 1, "Shape_Length": 1204.5935909352245, "Shape_Area": 57185.605816674062 }, "geometry": { "type": "Polygon", "coordinates": [ [ [ -116.869290915102013, 32.865799412520062 ], [ -116.867942168673395, 32.866206804519997 ], [ -116.8678240174157, 32.866605482081788 ], [ -116.869317563898534, 32.866148880845238 ], [ -116.869290915102013, 32.865799412520062 ] ] ] } },
{ "type": "Feature", "properties": { "OBJECTID": 420, "Record_Num": "AWM2020-LCP-00020", "Business_N": "SEAS GREENS, LLC", "PRODUCER_L": "303 CEDAR RD, VISTA, CA  92083", "Area": 0, "Shape_Length": 782.26941351923995, "Shape_Area": 10453.44140385213 }, "geometry": { "type": "Polygon", "coordinates": [ [ [ -117.284310803051227, 33.192185507556609 ], [ -117.284107827179, 33.192184893753947 ], [ -117.284104764999, 33.192506624845677 ], [ -117.285034720543223, 33.19250874206957 ], [ -117.285034441751478, 33.192485129834331 ], [ -117.284379983429588, 33.192481616617698 ], [ -117.284310803051227, 33.192185507556609 ] ] ] } },
{ "type": "Feature", "properties": { "OBJECTID": 421, "Record_Num": "AWM2020-LCP-00027", "Business_N": "OB MUSHROOM CO.", "PRODUCER_L": "4661 MUIR AVE, SAN DIEGO, CA  92107", "Area": 1, "Shape_Length": 681.58701189102214, "Shape_Area": 22817.811993463903 }, "geometry": { "type": "Polygon", "coordinates": [ [ [ -117.242101195091351, 32.747901312461181 ], [ -117.241448723567402, 32.747501148301332 ], [ -117.241269296529595, 32.747701771887748 ], [ -117.241928572530682, 32.748106593934196 ], [ -117.242101195091351, 32.747901312461181 ] ] ] } },
{ "type": "Feature", "properties": { "OBJECTID": 422, "Record_Num": "AWM2020-LCP-00029", "Business_N": "INDIAN SUMMER FARM", "PRODUCER_L": "330 ELM ST., RAMONA, CA  92065  ", "Area": 3, "Shape_Length": 2316.6389916978897, "Shape_Area": 143535.9628016011 }, "geometry": { "type": "Polygon", "coordinates": [ [ [ -116.865719636576969, 33.049337031415163 ], [ -116.866158861634915, 33.048702183390638 ], [ -116.866723579829241, 33.048707863912462 ], [ -116.866660637466694, 33.047642415836478 ], [ -116.866277540330643, 33.047652815820989 ], [ -116.865816777528323, 33.048810037242966 ], [ -116.864914789962938, 33.049600041322996 ], [ -116.865381745107513, 33.050043557430499 ], [ -116.865763036502656, 33.049774159489282 ], [ -116.865719636576969, 33.049337031415163 ] ] ] } },
{ "type": "Feature", "properties": { "OBJECTID": 423, "Record_Num": "AWM2020-LCP-00030", "Business_N": "CANYON VIEW FARMS LLC", "PRODUCER_L": "2235 RIVERVIEW RD, FALLBROOK, CA  92028", "Area": 6, "Shape_Length": 2332.7199678832831, "Shape_Area": 242874.94503818924 }, "geometry": { "type": "Polygon", "coordinates": [ [ [ -117.310092218558239, 33.422113069250479 ], [ -117.310401738139575, 33.421285713613614 ], [ -117.310802499570457, 33.420200722175551 ], [ -117.309783921300067, 33.420173309701084 ], [ -117.309678783600489, 33.420787884074329 ], [ -117.30885586271323, 33.420921239783397 ], [ -117.308896925068666, 33.421304092092534 ], [ -117.309463055637721, 33.4218407490131 ], [ -117.309162933413461, 33.422077947951628 ], [ -117.309285747158327, 33.422101893279603 ], [ -117.309357070428149, 33.42211239278754 ], [ -117.310092218558239, 33.422113069250479 ] ] ] } },
{ "type": "Feature", "properties": { "OBJECTID": 424, "Record_Num": "AWM2020-LCP-00039", "Business_N": "GRIFFITH, BRANDON & BELINDA", "PRODUCER_L": "1923 SKYLINE TERRACE, ESCONDIDO, CA  92027", "Area": 1, "Shape_Length": 775.53294737592137, "Shape_Area": 36171.949250850041 }, "geometry": { "type": "Polygon", "coordinates": [ [ [ -117.039072966591135, 33.110628444390159 ], [ -117.039261391684462, 33.110235163963118 ], [ -117.038562510708488, 33.109989118833013 ], [ -117.038372024128194, 33.110393302298114 ], [ -117.039072966591135, 33.110628444390159 ] ] ] } },
{ "type": "Feature", "properties": { "OBJECTID": 425, "Record_Num": "AWM2020-LCP-00040", "Business_N": "SUMMERS, CARMEN & TRANTHAN, DAVID", "PRODUCER_L": "6038 DE LA ROSA LANE, OCEANSIDE, CA  92057 ", "Area": 2, "Shape_Length": 1286.8783615780105, "Shape_Area": 100409.81796869838 }, "geometry": { "type": "Polygon", "coordinates": [ [ [ -117.269417751249875, 33.271789369435574 ], [ -117.269029709590072, 33.270947420969755 ], [ -117.269008159981723, 33.27091050196811 ], [ -117.268981057223243, 33.270891369925742 ], [ -117.268944486909191, 33.270883606057957 ], [ -117.268203604296232, 33.27090420202051 ], [ -117.268181072402626, 33.271773714908704 ], [ -117.269417751249875, 33.271789369435574 ] ] ] } },
{ "type": "Feature", "properties": { "OBJECTID": 426, "Record_Num": "AWM2020-LCP-00044", "Business_N": "HIDDEN GARDENS", "PRODUCER_L": "10320 LILAC RIDGE RD, ESCONDIDO, CA  92026 ", "Area": 15, "Shape_Length": 3323.5324241389699, "Shape_Area": 663782.21761485131 }, "geometry": { "type": "Polygon", "coordinates": [ [ [ -117.109933948566422, 33.285622670645829 ], [ -117.110248092589813, 33.285052278731072 ], [ -117.110600164433052, 33.284437924464605 ], [ -117.110587963094019, 33.283615209914814 ], [ -117.110237186189707, 33.282969911236229 ], [ -117.109624556494197, 33.282551554480605 ], [ -117.109559203100986, 33.28260289580161 ], [ -117.109538846870166, 33.282676051630339 ], [ -117.109544657438761, 33.282731325751826 ], [ -117.109561114112608, 33.282797589207142 ], [ -117.109540909844384, 33.282886231712034 ], [ -117.10945480893794, 33.282970905783436 ], [ -117.109281434325737, 33.283020781995383 ], [ -117.109199885482127, 33.283032409505381 ], [ -117.108958001262337, 33.283080547538219 ], [ -117.108739607176815, 33.283106396502376 ], [ -117.10846058507083, 33.283128239686896 ], [ -117.108289323565856, 33.283124999239007 ], [ -117.108120262860723, 33.283077491143679 ], [ -117.108229771398086, 33.28564995169566 ], [ -117.108308754478372, 33.285644980953208 ], [ -117.108440442090853, 33.285641857603373 ], [ -117.108609140216515, 33.285651753973639 ], [ -117.108675038801749, 33.285655723751738 ], [ -117.108848961436763, 33.285661158079492 ], [ -117.109062288261981, 33.285655256443484 ], [ -117.109933948566422, 33.285622670645829 ] ] ] } },
{ "type": "Feature", "properties": { "OBJECTID": 427, "Record_Num": "AWM2020-LCP-00046", "Business_N": "FARMERS NURSERY", "PRODUCER_L": "12260 SAN VICENTE AVE, LAKESIDE, CA  92040 ", "Area": 2, "Shape_Length": 1220.664740786011, "Shape_Area": 75691.106716075839 }, "geometry": { "type": "Polygon", "coordinates": [ [ [ -116.928968354540004, 32.890415974537397 ], [ -116.92850925705811, 32.889322288823124 ], [ -116.927961992870735, 32.889486819546697 ], [ -116.928358534272903, 32.890419323497802 ], [ -116.928334511177653, 32.890512015780466 ], [ -116.928373853010271, 32.890592562954055 ], [ -116.928968354540004, 32.890415974537397 ] ] ] } },
{ "type": "Feature", "properties": { "OBJECTID": 428, "Record_Num": "AWM2021-LCP-00005", "Business_N": "LE FARM", "PRODUCER_L": "1610 SUMMIT LANE, ESCONDIDO, CA  92025", "Area": 2, "Shape_Length": 1429.2077356242617, "Shape_Area": 90411.498403689009 }, "geometry": { "type": "Polygon", "coordinates": [ [ [ -117.032996052281845, 33.097333545013349 ], [ -117.032953790883283, 33.096471297829609 ], [ -117.032945845637983, 33.096411076040567 ], [ -117.032925981978764, 33.096398731675578 ], [ -117.032873223878354, 33.096297226429456 ], [ -117.032864275154878, 33.096401200149273 ], [ -117.032563233504362, 33.096700305468055 ], [ -117.031996938531563, 33.096327701376005 ], [ -117.031911960183621, 33.096766768695886 ], [ -117.032270795070033, 33.097410869172215 ], [ -117.032996052281845, 33.097333545013349 ] ] ] } },
{ "type": "Feature", "properties": { "OBJECTID": 429, "Record_Num": "AWM2021-LCP-00006", "Business_N": "CATRINA'S GARDEN", "PRODUCER_L": "5741 RAINBOW HEIGHTS RD, FALLBROOK, CA  92028 ", "Area": 3, "Shape_Length": 1710.1217023044651, "Shape_Area": 113188.91934233396 }, "geometry": { "type": "Polygon", "coordinates": [ [ [ -117.140906608856014, 33.403798654593018 ], [ -117.140909401762912, 33.403344042016343 ], [ -117.139810668150389, 33.403537174166765 ], [ -117.139660494992924, 33.40318951963409 ], [ -117.139207499936418, 33.403180306644025 ], [ -117.139010778414701, 33.403183270894679 ], [ -117.13906371036083, 33.404008008970571 ], [ -117.139504591066455, 33.403920786688438 ], [ -117.140066636356551, 33.403884070151825 ], [ -117.140380130580084, 33.403864700193822 ], [ -117.140906608856014, 33.403798654593018 ] ] ] } },
{ "type": "Feature", "properties": { "OBJECTID": 430, "Record_Num": "AWM2021-LCP-00007", "Business_N": "JOHNSON, ADAM STEPHAN", "PRODUCER_L": "2546 PALO VISTA RD, FALLBROOK, CA  92028 ", "Area": 2, "Shape_Length": 1594.7048492570134, "Shape_Area": 94098.314872574309 }, "geometry": { "type": "Polygon", "coordinates": [ [ [ -117.203030286044637, 33.346600843529025 ], [ -117.203067562559255, 33.346726635849755 ], [ -117.20361759410801, 33.346727755620655 ], [ -117.203656721551638, 33.346313901416991 ], [ -117.203685481744984, 33.346199990851581 ], [ -117.203780284733583, 33.345806309507992 ], [ -117.203818939465648, 33.345516067370603 ], [ -117.20274289068351, 33.345513642217156 ], [ -117.202759882598386, 33.345577971243756 ], [ -117.202744217216264, 33.345581998481123 ], [ -117.202715837000369, 33.345593935609621 ], [ -117.202680026849094, 33.345618138808781 ], [ -117.202651908163887, 33.34565400248502 ], [ -117.202641749835053, 33.345682891691055 ], [ -117.202637959021331, 33.345708802424127 ], [ -117.202641709781304, 33.345732701327258 ], [ -117.202653109527887, 33.345764355755392 ], [ -117.202668479756468, 33.34578670118055 ], [ -117.202683771322256, 33.345801721748892 ], [ -117.202700205074606, 33.345814781362634 ], [ -117.202732447785792, 33.34583699648072 ], [ -117.202822706431931, 33.345897346102539 ], [ -117.202838515419302, 33.345906502497016 ], [ -117.202849644095352, 33.345913253871224 ], [ -117.202859657190373, 33.345924408715497 ], [ -117.202987758525978, 33.346046739749944 ], [ -117.203042316582184, 33.346098513739314 ], [ -117.203083324640048, 33.34613695263937 ], [ -117.203099512592971, 33.346153079886165 ], [ -117.203142042618666, 33.34619463330403 ], [ -117.203186050155168, 33.346234924704511 ], [ -117.203223716818101, 33.346274326970729 ], [ -117.203240710572601, 33.346296073758481 ], [ -117.203266492070284, 33.346338380532579 ], [ -117.203286679282357, 33.346379791554767 ], [ -117.203298586657382, 33.346413141742715 ], [ -117.203310397014263, 33.346471806260432 ], [ -117.203312776225488, 33.346519293469761 ], [ -117.203311227712859, 33.346548058044903 ], [ -117.20329922440699, 33.346608468862286 ], [ -117.203286994056313, 33.346647941107335 ], [ -117.203264542704446, 33.34667217811382 ], [ -117.203237535981359, 33.346688324800553 ], [ -117.203212662875856, 33.346695391163671 ], [ -117.20319108472637, 33.346697119389589 ], [ -117.203156760017052, 33.346691132132356 ], [ -117.203133190792627, 33.346680999258815 ], [ -117.203105774517908, 33.346659645314034 ], [ -117.203030286044637, 33.346600843529025 ] ] ] } },
{ "type": "Feature", "properties": { "OBJECTID": 431, "Record_Num": "AWM2021-LCP-00013", "Business_N": "SENSIBLE HOMESTEAD", "PRODUCER_L": "1310 HERMANA CT, VISTA, CA  92084", "Area": 1, "Shape_Length": 747.81209742372687, "Shape_Area": 30767.614789760373 }, "geometry": { "type": "Polygon", "coordinates": [ [ [ -117.221269417758492, 33.226220139630243 ], [ -117.221246172229655, 33.226232414635035 ], [ -117.221222288977287, 33.226241167087288 ], [ -117.221192976032626, 33.22624693946689 ], [ -117.221161215109788, 33.226248195336332 ], [ -117.221395337531121, 33.226925077534887 ], [ -117.221818931222032, 33.226886949812879 ], [ -117.221822838431535, 33.226579380226198 ], [ -117.221579592759937, 33.226422595786048 ], [ -117.221269417758492, 33.226220139630243 ] ] ] } },
{ "type": "Feature", "properties": { "OBJECTID": 432, "Record_Num": "AWM2021-LCP-00014", "Business_N": "S L WHITE FARMS", "PRODUCER_L": "15770 FRUITVALE RD, VALLEY CENTER, CA  92082", "Area": 4, "Shape_Length": 1689.4434456375536, "Shape_Area": 178145.2441246665 }, "geometry": { "type": "Polygon", "coordinates": [ [ [ -116.990126001980229, 33.243702753124502 ], [ -116.990149672657111, 33.242499786516355 ], [ -116.988835266461649, 33.242487936856584 ], [ -116.988769863804222, 33.243682404148828 ], [ -116.990126001980229, 33.243702753124502 ] ] ] } },
{ "type": "Feature", "properties": { "OBJECTID": 433, "Record_Num": "AWM2021-LCP-00019", "Business_N": "MELLANO & COMPANY", "PRODUCER_L": "5750 N RIVER RD, OCEANSIDE, CA  92057  ", "Area": 20, "Shape_Length": 3997.0116770800987, "Shape_Area": 852472.75141479762 }, "geometry": { "type": "Polygon", "coordinates": [ [ [ -117.272842845675925, 33.263267054761513 ], [ -117.272797981930125, 33.259425000913808 ], [ -117.271890681025781, 33.259535397022255 ], [ -117.270747595439232, 33.259561957744708 ], [ -117.270800878995203, 33.263258136406094 ], [ -117.272842845675925, 33.263267054761513 ] ] ] } },
{ "type": "Feature", "properties": { "OBJECTID": 434, "Record_Num": "AWM2021-LCP-00021", "Business_N": "D'ACQUISTO FARMS", "PRODUCER_L": "7341 W. LILAC RD, BONSALL, CA  92003 ", "Area": 9, "Shape_Length": 3150.7281168395002, "Shape_Area": 377689.88662547572 }, "geometry": { "type": "Polygon", "coordinates": [ [ [ -117.175188139933681, 33.296062272451209 ], [ -117.175233315454051, 33.29255023409246 ], [ -117.174283053105029, 33.29252590213035 ], [ -117.174208052387968, 33.296050726331011 ], [ -117.175188139933681, 33.296062272451209 ] ] ] } },
{ "type": "Feature", "properties": { "OBJECTID": 435, "Record_Num": "AWM2021-LCP-00023", "Business_N": "SHIROMA, LENA & KRELL, CORY", "PRODUCER_L": "444 SHERIDAN AVE, ESCONDIDO, CA  92026 ", "Area": 7, "Shape_Length": 2557.1911805408008, "Shape_Area": 317632.09189720656 }, "geometry": { "type": "Polygon", "coordinates": [ [ [ -117.086437599145441, 33.145025493477178 ], [ -117.083801681953659, 33.146540372511303 ], [ -117.083879746202868, 33.146962992600471 ], [ -117.086200728958303, 33.146693897711515 ], [ -117.086186856542312, 33.146578001986761 ], [ -117.086369231360479, 33.146424267812748 ], [ -117.086492779409767, 33.146260190002778 ], [ -117.086545938689028, 33.145944082639851 ], [ -117.086651606211561, 33.145511632365526 ], [ -117.086606351153875, 33.145050130203749 ], [ -117.086631697525235, 33.145030627102301 ], [ -117.086437599145441, 33.145025493477178 ] ] ] } },
{ "type": "Feature", "properties": { "OBJECTID": 436, "Record_Num": "AWM2021-LCP-00024", "Business_N": "D'VINE PATH", "PRODUCER_L": "353 MORRO HILLS RD, FALLBROOK, CA  92028 ", "Area": 3, "Shape_Length": 2112.436974829332, "Shape_Area": 121465.39181528629 }, "geometry": { "type": "Polygon", "coordinates": [ [ [ -117.249341997213662, 33.301437278120957 ], [ -117.249117227890636, 33.302151596744181 ], [ -117.248551050353299, 33.302107254037047 ], [ -117.248579739389967, 33.301559368011183 ], [ -117.248453578437704, 33.301584132895144 ], [ -117.248302495972396, 33.30161189244653 ], [ -117.24821606903798, 33.301619572907505 ], [ -117.248119550354204, 33.301617554424787 ], [ -117.248008403100187, 33.302375664569063 ], [ -117.248243966141828, 33.302607082645793 ], [ -117.248400423391331, 33.302612810263419 ], [ -117.248757377332723, 33.302984356189398 ], [ -117.249411634555031, 33.302582321464456 ], [ -117.24922647083703, 33.302393809400385 ], [ -117.249408332625876, 33.301418581827527 ], [ -117.249341997213662, 33.301437278120957 ] ] ] } },
{ "type": "Feature", "properties": { "OBJECTID": 437, "Record_Num": "AWM2021-LCP-00028", "Business_N": "TURNEY, DEBRA", "PRODUCER_L": "2941 SUMAC RD, FALLBROOK, CA  92028 ", "Area": 1, "Shape_Length": 1009.4427389271582, "Shape_Area": 54545.141657094748 }, "geometry": { "type": "Polygon", "coordinates": [ [ [ -117.168850883702859, 33.3384116571481 ], [ -117.168598997975991, 33.338699788703892 ], [ -117.169333443345295, 33.339163599381898 ], [ -117.169591262483749, 33.339105618507602 ], [ -117.169918419474186, 33.338954158804682 ], [ -117.168915367628017, 33.338358058024255 ], [ -117.168850883702859, 33.3384116571481 ] ] ] } },
{ "type": "Feature", "properties": { "OBJECTID": 438, "Record_Num": "AWM2021-LCP-00030", "Business_N": "LEON, WILLEBALDO  *", "PRODUCER_L": "30234 CASTLECREST DR., VALLEY CENTER, CA  92082", "Area": 4, "Shape_Length": 1939.6490319425652, "Shape_Area": 180995.92187720092 }, "geometry": { "type": "Polygon", "coordinates": [ [ [ -117.100769610777107, 33.257777580914002 ], [ -117.10058085974795, 33.25733463908503 ], [ -117.100490251173738, 33.256867779202665 ], [ -117.100143831891174, 33.256332938169983 ], [ -117.098803433137348, 33.256324034126926 ], [ -117.098793919795526, 33.256928465970553 ], [ -117.099374346799905, 33.257185354058478 ], [ -117.099563829522083, 33.257070415400072 ], [ -117.099890050247581, 33.257424603427999 ], [ -117.100130695133274, 33.257513351604139 ], [ -117.100391063113889, 33.257733685092532 ], [ -117.100769610777107, 33.257777580914002 ] ] ] } },
{ "type": "Feature", "properties": { "OBJECTID": 439, "Record_Num": "AWM2021-LCP-00031", "Business_N": "SABER VALLEY GROWERS", "PRODUCER_L": "30415 BELLA LINDA DR, VALLEY CENTER, CA  92082 ", "Area": 5, "Shape_Length": 1870.75049914845, "Shape_Area": 202424.61872430996 }, "geometry": { "type": "Polygon", "coordinates": [ [ [ -117.079613809424899, 33.261878970329839 ], [ -117.07957742104908, 33.260920242284506 ], [ -117.079484537093393, 33.260916274336545 ], [ -117.079497814604437, 33.260588117034345 ], [ -117.078793406638951, 33.260601999885239 ], [ -117.078021517974605, 33.261277055703339 ], [ -117.07772693741552, 33.261891569148865 ], [ -117.079613809424899, 33.261878970329839 ] ] ] } },
{ "type": "Feature", "properties": { "OBJECTID": 440, "Record_Num": "AWM2021-LCP-00032", "Business_N": "FARM ON THE ROCKS", "PRODUCER_L": "3622 CAZADOR LN, FALLBROOK, CA  92028", "Area": 5, "Shape_Length": 2001.8361071581996, "Shape_Area": 224611.96936297405 }, "geometry": { "type": "Polygon", "coordinates": [ [ [ -117.253516464125582, 33.326442280559888 ], [ -117.253523981960143, 33.327097981386075 ], [ -117.253619315192097, 33.327095507724181 ], [ -117.253622615566925, 33.327383333890886 ], [ -117.255667671619435, 33.327370198154306 ], [ -117.255670933575885, 33.326418040469207 ], [ -117.254565140011323, 33.326416770403284 ], [ -117.253516464125582, 33.326442280559888 ] ] ] } },
{ "type": "Feature", "properties": { "OBJECTID": 441, "Record_Num": "AWM2021-LCP-00033", "Business_N": "OCEANBROOK FARMS", "PRODUCER_L": "6240 HIDDEN VALLEY RD, FALLBROOK, CA  92028  ", "Area": 4, "Shape_Length": 2151.599861139222, "Shape_Area": 189659.36159673135 }, "geometry": { "type": "Polygon", "coordinates": [ [ [ -117.273436893879051, 33.289503534322449 ], [ -117.273421311428208, 33.289484592314629 ], [ -117.273403824018942, 33.289474079052155 ], [ -117.273371579255979, 33.289458078742896 ], [ -117.273349306111186, 33.28943807014069 ], [ -117.273330318263191, 33.289413546595384 ], [ -117.273315934802312, 33.28938281552832 ], [ -117.273310971012677, 33.289358176379757 ], [ -117.272968401669104, 33.289362121411237 ], [ -117.272938055046993, 33.288968730299672 ], [ -117.270711481215173, 33.289030878007772 ], [ -117.270721504866401, 33.289890776147807 ], [ -117.272732628343761, 33.289598633698454 ], [ -117.273436893879051, 33.289503534322449 ] ] ] } },
{ "type": "Feature", "properties": { "OBJECTID": 442, "Record_Num": "AWM2021-LCP-00034", "Business_N": "DIAL, JENNIFER", "PRODUCER_L": "11152 PALA LOMA DR, VALLEY CENTER, CA  92082", "Area": 5, "Shape_Length": 2204.6808554304466, "Shape_Area": 236309.26110363021 }, "geometry": { "type": "Polygon", "coordinates": [ [ [ -117.095766589933774, 33.327388788239887 ], [ -117.094101710275396, 33.32560373662286 ], [ -117.093338754682208, 33.325981285932457 ], [ -117.094809059549291, 33.327754547904895 ], [ -117.095706586739979, 33.327438979715396 ], [ -117.095766589933774, 33.327388788239887 ] ] ] } },
{ "type": "Feature", "properties": { "OBJECTID": 443, "Record_Num": "AWM2021-LCP-00035", "Business_N": "BEHNEMAN FAMILY FARMS", "PRODUCER_L": "30184 COOL VALLEY LANE, VALLEY CENTER, CA  92082", "Area": 2, "Shape_Length": 1571.1012240736216, "Shape_Area": 105118.44360692042 }, "geometry": { "type": "Polygon", "coordinates": [ [ [ -116.994862730762861, 33.261711515402332 ], [ -116.994451974114355, 33.261217859547216 ], [ -116.992736611452656, 33.261234390630605 ], [ -116.992735610043951, 33.26172171910342 ], [ -116.994862730762861, 33.261711515402332 ] ] ] } },
{ "type": "Feature", "properties": { "OBJECTID": 444, "Record_Num": "AWM2021-LCP-00041", "Business_N": "BLOSSOM GROVE  *", "PRODUCER_L": "1714 CAMINO DE NOG, FALLBROOK, CA  92028 ", "Area": 2, "Shape_Length": 1149.1622326927688, "Shape_Area": 77212.859507713598 }, "geometry": { "type": "Polygon", "coordinates": [ [ [ -117.22281180051867, 33.355061128519885 ], [ -117.222782038888511, 33.3550148560644 ], [ -117.222757312391579, 33.354936894295314 ], [ -117.222744072694908, 33.354853675808151 ], [ -117.222738003656559, 33.354792362227457 ], [ -117.222740888862063, 33.354705787574801 ], [ -117.222086613356709, 33.354561703266093 ], [ -117.221700197987786, 33.35455762066924 ], [ -117.221713152329045, 33.35545561669278 ], [ -117.22281180051867, 33.355061128519885 ] ] ] } },
{ "type": "Feature", "properties": { "OBJECTID": 445, "Record_Num": "AWM2021-LCP-00042", "Business_N": "CUT ABOVE FILL FLOWERS", "PRODUCER_L": "12294 MIRAR DE VALLE, VALLEY CENTER, CA  92082  ", "Area": 18, "Shape_Length": 3497.7393990946175, "Shape_Area": 764068.51587870135 }, "geometry": { "type": "Polygon", "coordinates": [ [ [ -117.068147020084027, 33.214948114091072 ], [ -117.068056561680194, 33.212173873196363 ], [ -117.065613947619497, 33.212287082566895 ], [ -117.06559332965324, 33.214890928033803 ], [ -117.065870318575321, 33.215012446339699 ], [ -117.068147020084027, 33.214948114091072 ] ] ] } },
{ "type": "Feature", "properties": { "OBJECTID": 446, "Record_Num": "AWM2021-LCP-00061", "Business_N": "CHERIMOYA OF FALLBROOK", "PRODUCER_L": "1868 GREEN CANYON RD, FALLBROOK, CA  92028 ", "Area": 2, "Shape_Length": 1279.9981257312797, "Shape_Area": 95477.921804609432 }, "geometry": { "type": "Polygon", "coordinates": [ [ [ -117.216676517547455, 33.359549225496473 ], [ -117.216660344073631, 33.359480883977497 ], [ -117.216564739182189, 33.359317197373016 ], [ -117.216542469340311, 33.359278554927585 ], [ -117.21650189088092, 33.359210942456855 ], [ -117.216457345360709, 33.359133117463017 ], [ -117.216378770706854, 33.3589989499037 ], [ -117.216347383021755, 33.358949056533568 ], [ -117.216325184808255, 33.358916882322418 ], [ -117.216281936519479, 33.358840125613995 ], [ -117.216260249886517, 33.358796086385382 ], [ -117.215271025010651, 33.358807684603953 ], [ -117.21528562528313, 33.359494098567971 ], [ -117.216676517547455, 33.359549225496473 ] ] ] } },
{ "type": "Feature", "properties": { "OBJECTID": 447, "Record_Num": "AWM2021-LCP-00063", "Business_N": "HOVE, JENNY & CORY", "PRODUCER_L": "2362 ROYAL CREST DR., ESCONDIDO, CA  92025 ", "Area": 1, "Shape_Length": 866.06235613465105, "Shape_Area": 49815.976639445915 }, "geometry": { "type": "Polygon", "coordinates": [ [ [ -117.063076474841793, 33.094985887782713 ], [ -117.063278477424319, 33.094869085052295 ], [ -117.063332208654913, 33.094838725579905 ], [ -117.063384901142115, 33.094812920300406 ], [ -117.063439712087799, 33.09478255459252 ], [ -117.063476260407583, 33.094763219661161 ], [ -117.063504025077208, 33.094728485048286 ], [ -117.063523106155145, 33.094689260966305 ], [ -117.063532507087331, 33.094654646952279 ], [ -117.063532212099318, 33.094622824334095 ], [ -117.063522162209821, 33.094587429129177 ], [ -117.063492550883282, 33.094539431849746 ], [ -117.063383699524437, 33.094450129343372 ], [ -117.062915578027742, 33.094175874402112 ], [ -117.062552993091998, 33.094682898912097 ], [ -117.063076474841793, 33.094985887782713 ] ] ] } },
{ "type": "Feature", "properties": { "OBJECTID": 448, "Record_Num": "AWM2021-LCP-00066", "Business_N": "AMERICAN LOTUS BUDDHIST ASSOCIATION", "PRODUCER_L": "PARCEL 2 VIA DEL GAVILAN, FALLBROOK, CA  92028 ", "Area": 5, "Shape_Length": 1916.5159138107801, "Shape_Area": 210870.01023117561 }, "geometry": { "type": "Polygon", "coordinates": [ [ [ -117.220414202397691, 33.421405283520507 ], [ -117.218895321926524, 33.421381290064446 ], [ -117.218832982488294, 33.422869008974224 ], [ -117.219838827551754, 33.422942359603702 ], [ -117.219926831317224, 33.422538026687754 ], [ -117.219975356816818, 33.422349538331673 ], [ -117.22001830862223, 33.422219472776469 ], [ -117.220076218880891, 33.422103954763635 ], [ -117.220131740306741, 33.422015530557609 ], [ -117.220170224050534, 33.421967849811722 ], [ -117.220220714396888, 33.421911051198769 ], [ -117.220297720301687, 33.421819075201313 ], [ -117.220388090229022, 33.421719097807063 ], [ -117.220426486067367, 33.421663521518511 ], [ -117.220446099834149, 33.421612603896477 ], [ -117.220448276637882, 33.421566334451605 ], [ -117.220414202397691, 33.421405283520507 ] ] ] } },
{ "type": "Feature", "properties": { "OBJECTID": 449, "Record_Num": "AWM2021-LCP-00068", "Business_N": "AMERICAN LOTUS BUDDHIST ASSOCIATION", "PRODUCER_L": "40009 VIA RANCHITOS, FALLBROOK, CA  92028 ", "Area": 33, "Shape_Length": 5662.1312458496695, "Shape_Area": 1443375.9397133666 }, "geometry": { "type": "Polygon", "coordinates": [ [ [ -117.240322045581024, 33.420310357211456 ], [ -117.236766814714798, 33.42033862396579 ], [ -117.236623745021333, 33.423818270594026 ], [ -117.235180252473043, 33.423823345815407 ], [ -117.235279874385924, 33.423899006730238 ], [ -117.237734123321047, 33.423917760242524 ], [ -117.2402263588626, 33.423936162804161 ], [ -117.240322045581024, 33.420310357211456 ] ] ] } },
{ "type": "Feature", "properties": { "OBJECTID": 450, "Record_Num": "AWM2021-LCP-00070", "Business_N": "BERNARD, VINCENT& VICKI", "PRODUCER_L": "15223 COOL VALLEY RD, VALLEY CENTER, CA  92082 ", "Area": 7, "Shape_Length": 2262.5378779292496, "Shape_Area": 313383.51205515914 }, "geometry": { "type": "Polygon", "coordinates": [ [ [ -117.001601261138191, 33.266545353204464 ], [ -117.001616109333966, 33.264776326471605 ], [ -117.000020882238189, 33.264773364791481 ], [ -117.000024904780034, 33.266558042469448 ], [ -117.001601261138191, 33.266545353204464 ] ] ] } },
{ "type": "Feature", "properties": { "OBJECTID": 451, "Record_Num": "AWM2021-LCP-00072", "Business_N": "BERNARD, VINCENT& VICKI", "PRODUCER_L": "17246 HWY 76, PAUMA VALLEY, CA  92061 ", "Area": 3, "Shape_Length": 1854.7199473260716, "Shape_Area": 141460.16541724259 }, "geometry": { "type": "Polygon", "coordinates": [ [ [ -116.955448752587927, 33.29069411716425 ], [ -116.955411492719236, 33.288990243815164 ], [ -116.955271205544108, 33.289103036115577 ], [ -116.954263936829904, 33.290329722812679 ], [ -116.954268528726175, 33.290900652820504 ], [ -116.954421133873524, 33.290693364350041 ], [ -116.95483234431407, 33.290778870125621 ], [ -116.955173610260104, 33.290621017116486 ], [ -116.955448752587927, 33.29069411716425 ] ] ] } },
{ "type": "Feature", "properties": { "OBJECTID": 452, "Record_Num": "AWM2021-LCP-00074", "Business_N": "FALLBROOK NURSERY", "PRODUCER_L": "3612 E. MISSION RD, FALLBROOK, CA  92028  ", "Area": 4, "Shape_Length": 1621.256779611402, "Shape_Area": 169046.63048700837 }, "geometry": { "type": "Polygon", "coordinates": [ [ [ -117.185727946557634, 33.391030227374038 ], [ -117.184880176321215, 33.3907033233031 ], [ -117.184539268044375, 33.391333571234014 ], [ -117.184439783058522, 33.391628718880142 ], [ -117.184368741699714, 33.392106959537159 ], [ -117.1844217119245, 33.392106561324226 ], [ -117.184514530118165, 33.392116972402654 ], [ -117.184587868950572, 33.392163636545199 ], [ -117.184790442866131, 33.392220437664676 ], [ -117.185101794205394, 33.392231982688919 ], [ -117.185303655837032, 33.392222131264973 ], [ -117.185554939545924, 33.39218968879976 ], [ -117.185727946557634, 33.391030227374038 ] ] ] } },
{ "type": "Feature", "properties": { "OBJECTID": 453, "Record_Num": "AWM2021-LCP-00076", "Business_N": "ARCE, ANTONIO & MARINA", "PRODUCER_L": "18639 LOS HERMANOS RANCH RD, VALLEY CENTER, CA  92082", "Area": 2, "Shape_Length": 1268.7152288275181, "Shape_Area": 86964.59660939427 }, "geometry": { "type": "Polygon", "coordinates": [ [ [ -116.947877995660733, 33.211109782305201 ], [ -116.947809031289822, 33.21114652889856 ], [ -116.947972340836685, 33.21157169220821 ], [ -116.947835349096678, 33.212109737220707 ], [ -116.948060335436864, 33.212168132591835 ], [ -116.948241578654972, 33.21219114380532 ], [ -116.94847993155571, 33.212205822413289 ], [ -116.948615720709057, 33.212205057674282 ], [ -116.948706341877383, 33.212216562460476 ], [ -116.948770534660909, 33.212200180232443 ], [ -116.948825039386506, 33.212163826569061 ], [ -116.948834201575082, 33.212117714911663 ], [ -116.948835450263289, 33.21197552328848 ], [ -116.948851119711819, 33.211849271021492 ], [ -116.948886182150702, 33.211764964142304 ], [ -116.948940271346657, 33.211676544659731 ], [ -116.947877995660733, 33.211109782305201 ] ] ] } },
{ "type": "Feature", "properties": { "OBJECTID": 454, "Record_Num": "AWM2021-LCP-00077", "Business_N": "BURTNESS, JEREMY", "PRODUCER_L": "16042 SALIDA DEL SOL, RAMONA, CA  92065", "Area": 9, "Shape_Length": 2554.9066552784698, "Shape_Area": 407644.17437344854 }, "geometry": { "type": "Polygon", "coordinates": [ [ [ -116.987324336588131, 33.022386848541643 ], [ -116.987324655490056, 33.020576815999576 ], [ -116.985303980807572, 33.020562699493475 ], [ -116.985291876370781, 33.022359733112516 ], [ -116.987324336588131, 33.022386848541643 ] ] ] } },
{ "type": "Feature", "properties": { "OBJECTID": 455, "Record_Num": "AWM2021-LCP-00080", "Business_N": "A BEE SEEDS", "PRODUCER_L": "827 CATHERINE AVENUE, SAN MARCOS, CA 92069", "Area": 0, "Shape_Length": 403.30494136317299, "Shape_Area": 9741.5700751646309 }, "geometry": { "type": "Polygon", "coordinates": [ [ [ -117.142284898859018, 33.151895031397636 ], [ -117.142443742202815, 33.151719612344685 ], [ -117.142126061467749, 33.151517932716182 ], [ -117.141969277226977, 33.15169462691415 ], [ -117.142284898859018, 33.151895031397636 ] ] ] } },
{ "type": "Feature", "properties": { "OBJECTID": 456, "Record_Num": "AWM2021-LCP-00081", "Business_N": "PINKMAN, DAVID", "PRODUCER_L": "1665 LA PLAZA DR., SAN MARCOS, CA  92078 ", "Area": 1, "Shape_Length": 979.53241870902559, "Shape_Area": 58133.620486194624 }, "geometry": { "type": "Polygon", "coordinates": [ [ [ -117.200460578288627, 33.116916848357313 ], [ -117.200331032979221, 33.116957447059995 ], [ -117.200237067419067, 33.116972312337523 ], [ -117.2001071645564, 33.116979909237763 ], [ -117.199967157677861, 33.116985697949978 ], [ -117.199910043728437, 33.116988964580955 ], [ -117.199837367054073, 33.117003666334391 ], [ -117.199746955408983, 33.117036420515149 ], [ -117.200142459723295, 33.117755703751357 ], [ -117.200800172878687, 33.117543204771778 ], [ -117.200460578288627, 33.116916848357313 ] ] ] } },
{ "type": "Feature", "properties": { "OBJECTID": 457, "Record_Num": "AWM2021-LCP-00084", "Business_N": "CHAEAU JARDIN", "PRODUCER_L": "16681 CHAPARRAL WAY, POWAY, CA  92064 ", "Area": 8, "Shape_Length": 2535.522892172507, "Shape_Area": 338430.73627112171 }, "geometry": { "type": "Polygon", "coordinates": [ [ [ -116.974924313186023, 32.989786758124708 ], [ -116.97489748031029, 32.988780205558669 ], [ -116.972072501401797, 32.988758634033992 ], [ -116.973283413508852, 32.990439899002226 ], [ -116.973822512889171, 32.990175545204828 ], [ -116.973909710469115, 32.990127716084054 ], [ -116.973992369568535, 32.990074235294927 ], [ -116.974088239292954, 32.989988500865664 ], [ -116.974188584817128, 32.989900846538255 ], [ -116.974230897220664, 32.989857065356787 ], [ -116.974418735828408, 32.989757542310848 ], [ -116.974571342623079, 32.989743399600755 ], [ -116.974686020655369, 32.98975976242339 ], [ -116.974807420497726, 32.989774193038855 ], [ -116.974924313186023, 32.989786758124708 ] ] ] } },
{ "type": "Feature", "properties": { "OBJECTID": 458, "Record_Num": "AWM2021-LCP-00086", "Business_N": "MARTINEZ, JOSEPH", "PRODUCER_L": "3681 CAMINO DE LAS LOMAS, VISTA, CA  92084 ", "Area": 4, "Shape_Length": 1817.1257395952066, "Shape_Area": 183517.46323696515 }, "geometry": { "type": "Polygon", "coordinates": [ [ [ -117.179631339051127, 33.199096526914076 ], [ -117.179603998948551, 33.198014015090557 ], [ -117.178962686545077, 33.197960150969308 ], [ -117.178943917419176, 33.19768561232064 ], [ -117.178318862656994, 33.197668958945755 ], [ -117.178382479203748, 33.199183219317412 ], [ -117.179631339051127, 33.199096526914076 ] ] ] } },
{ "type": "Feature", "properties": { "OBJECTID": 459, "Record_Num": "AWM2021-LCP-00087", "Business_N": "PINCUSHION CENTRAL", "PRODUCER_L": "9572 WELK VIEW DR., ESCONDIDO, CA  92026 ", "Area": 1, "Shape_Length": 876.0088844407851, "Shape_Area": 44799.81322467987 }, "geometry": { "type": "Polygon", "coordinates": [ [ [ -117.1314492414906, 33.235920444340756 ], [ -117.131403959987935, 33.235891361106617 ], [ -117.131340449347775, 33.235872208091884 ], [ -117.131283575600023, 33.23585020807657 ], [ -117.131194904356278, 33.23581443114675 ], [ -117.13085978961827, 33.235629174752248 ], [ -117.130645722265314, 33.235550879090724 ], [ -117.130622903514379, 33.235601450536784 ], [ -117.130670537687038, 33.236196225411504 ], [ -117.131236600206435, 33.236315429954793 ], [ -117.131331613110873, 33.236318956154179 ], [ -117.131336076713922, 33.23626571424257 ], [ -117.131350029786162, 33.236161995442458 ], [ -117.131371139746236, 33.236107234913071 ], [ -117.131409972880604, 33.235992137349768 ], [ -117.1314492414906, 33.235920444340756 ] ] ] } },
{ "type": "Feature", "properties": { "OBJECTID": 460, "Record_Num": "AWM2021-LCP-00089", "Business_N": "FAINESI, JEANNETTE", "PRODUCER_L": "Tijuana River Valley Regional Park Commnity Garden - 2100 Hollister Street, San Diego, CA", "Area": 71, "Shape_Length": 7732.4728673346872, "Shape_Area": 3103404.2645512824 }, "geometry": { "type": "Polygon", "coordinates": [ [ [ -117.090581090301214, 32.558097529440431 ], [ -117.090573379174927, 32.5572875081522 ], [ -117.092653823396645, 32.557286786741919 ], [ -117.092692076772821, 32.554613279748246 ], [ -117.084242833940138, 32.554596568855573 ], [ -117.084235825678576, 32.558073182958104 ], [ -117.090581090301214, 32.558097529440431 ] ] ] } },
{ "type": "Feature", "properties": { "OBJECTID": 461, "Record_Num": "AWM2021-LCP-00090", "Business_N": "BEHNEMAN FAMILY FARMS", "PRODUCER_L": "12245 MESA VERDE DR., VALLEY CENTER, CA  92082 ", "Area": 4, "Shape_Length": 1772.6395306123754, "Shape_Area": 187633.713895528 }, "geometry": { "type": "Polygon", "coordinates": [ [ [ -117.066979579876218, 33.27661874448679 ], [ -117.066327574862285, 33.275233618590036 ], [ -117.065811900764857, 33.275365951007529 ], [ -117.06544793435792, 33.275305187169451 ], [ -117.065191069956796, 33.276317358907789 ], [ -117.065226068014127, 33.276375021250033 ], [ -117.06649752389022, 33.276661388487966 ], [ -117.066691893704757, 33.276675898657082 ], [ -117.066807629034145, 33.276656717089224 ], [ -117.066979579876218, 33.27661874448679 ] ] ] } },
{ "type": "Feature", "properties": { "OBJECTID": 462, "Record_Num": "AWM2021-LCP-00091", "Business_N": "BEHNEMAN FAMILY FARMS", "PRODUCER_L": "12227 MESA VERDE DR., VALLEY CENTER, CA  92082", "Area": 7, "Shape_Length": 2116.1070092578739, "Shape_Area": 285163.90936605178 }, "geometry": { "type": "Polygon", "coordinates": [ [ [ -117.068745111836208, 33.275904777573523 ], [ -117.067947263658894, 33.27476757739467 ], [ -117.066377015031122, 33.2752165676931 ], [ -117.067025187401086, 33.276603551732222 ], [ -117.067503137269853, 33.276453095950707 ], [ -117.068101403068582, 33.276249468918664 ], [ -117.068163386145585, 33.276209778478979 ], [ -117.068745111836208, 33.275904777573523 ] ] ] } },
{ "type": "Feature", "properties": { "OBJECTID": 463, "Record_Num": "AWM2021-LCP-00092", "Business_N": "DUSTY ACRES", "PRODUCER_L": "1109 RIVERVIEW DR, FALLBROOK, CA  92028 ", "Area": 1, "Shape_Length": 807.94954483360107, "Shape_Area": 39654.004072717005 }, "geometry": { "type": "Polygon", "coordinates": [ [ [ -117.214722036830949, 33.396070962136982 ], [ -117.214659122626315, 33.395798948870414 ], [ -117.214619961222255, 33.395628380826068 ], [ -117.214611197831388, 33.395558090160364 ], [ -117.214602273254954, 33.395473281585993 ], [ -117.214062985501371, 33.395467414274393 ], [ -117.214069755977661, 33.396081607210839 ], [ -117.214722036830949, 33.396070962136982 ] ] ] } },
{ "type": "Feature", "properties": { "OBJECTID": 464, "Record_Num": "AWM2023-LCP-00043", "Business_N": "BELLOW, THEO  *", "PRODUCER_L": "21037 FOG RIDGE RD, ALPINE, CA  91901 ", "Area": 3, "Shape_Length": 1451.1509465327747, "Shape_Area": 117449.47023368477 }, "geometry": { "type": "Polygon", "coordinates": [ [ [ -116.696920288723931, 32.755839507918978 ], [ -116.696901015113383, 32.75577635839452 ], [ -116.696161738823776, 32.754712519745084 ], [ -116.695731889204325, 32.754779926515404 ], [ -116.695710282708234, 32.756054933086858 ], [ -116.696920288723931, 32.755839507918978 ] ] ] } },
{ "type": "Feature", "properties": { "OBJECTID": 465, "Record_Num": "AWM2023-LCP-00044", "Business_N": "SAN DIEGO MORINGA LLC", "PRODUCER_L": "21 SANTA VIRGINIA DR., VALLEY CENTER, CA  92082 ", "Area": 20, "Shape_Length": 4655.3085599298347, "Shape_Area": 873245.60411351465 }, "geometry": { "type": "Polygon", "coordinates": [ [ [ -117.068452998599014, 33.304591934239767 ], [ -117.068221075948657, 33.301025073189422 ], [ -117.06455786016376, 33.301086822599999 ], [ -117.064901474763573, 33.301562418576218 ], [ -117.064984187337345, 33.301714881906626 ], [ -117.06500192664916, 33.301813630782718 ], [ -117.064929857109021, 33.301901200118522 ], [ -117.0647927920039, 33.301932700707241 ], [ -117.06470626958901, 33.301973285088771 ], [ -117.06445611759527, 33.302203258787486 ], [ -117.064384201523666, 33.302307304489666 ], [ -117.064424385256274, 33.302408259664951 ], [ -117.064536837764436, 33.302442831757297 ], [ -117.064646660936376, 33.302496252141751 ], [ -117.064836066399124, 33.302666846636676 ], [ -117.064963322764413, 33.302786062234397 ], [ -117.06515187585957, 33.302864858673509 ], [ -117.065428962989444, 33.303006188956729 ], [ -117.065653225065006, 33.303100344154615 ], [ -117.065754133041509, 33.303118071452062 ], [ -117.066087001989104, 33.303115884096499 ], [ -117.066590306827067, 33.30307211660952 ], [ -117.06706360434697, 33.303098427348807 ], [ -117.067383847598634, 33.303151490234328 ], [ -117.067542209265653, 33.303224008486609 ], [ -117.067750535979897, 33.303487455684824 ], [ -117.067858606486709, 33.303803054626577 ], [ -117.067948609463656, 33.304059923812247 ], [ -117.068085898506936, 33.304220853197627 ], [ -117.068240048318586, 33.304348568944782 ], [ -117.068380743818722, 33.304461513131251 ], [ -117.068452998599014, 33.304591934239767 ] ] ] } },
{ "type": "Feature", "properties": { "OBJECTID": 466, "Record_Num": "AWM2022-LCP-00021", "Business_N": "HERITAGE FAMILY FARMS", "PRODUCER_L": "15402 VESPER RD, VALLEY CENTER, CA  92082 ", "Area": 62, "Shape_Length": 10187.636650779561, "Shape_Area": 2721254.8671678668 }, "geometry": { "type": "MultiPolygon", "coordinates": [ [ [ [ -116.998903446193736, 33.240945593358866 ], [ -116.998915412510826, 33.240848759111302 ], [ -116.999575536174703, 33.240242697761325 ], [ -116.999971310289325, 33.240143544116897 ], [ -117.000161466762179, 33.239938119460334 ], [ -117.000268370702798, 33.23972244600828 ], [ -117.000895347923034, 33.23972940420277 ], [ -117.001538701900174, 33.239408343880207 ], [ -117.00216632303183, 33.239490551721175 ], [ -117.002230605673034, 33.23729151143754 ], [ -117.002902017819167, 33.237260560876607 ], [ -117.002842069852377, 33.236239545718824 ], [ -117.002868925238431, 33.235642683079519 ], [ -116.998091667348717, 33.235779093250592 ], [ -116.997846565542403, 33.241537915999132 ], [ -116.998273460444864, 33.241336443181666 ], [ -116.998816783656338, 33.241284784368382 ], [ -116.998937727657236, 33.24121417042403 ], [ -116.998903446193736, 33.240945593358866 ] ] ], [ [ [ -116.997980718734041, 33.235544408771595 ], [ -116.997971644337142, 33.234481402394564 ], [ -116.993802224361687, 33.234519593004705 ], [ -116.993811136772436, 33.235569476019791 ], [ -116.997980718734041, 33.235544408771595 ] ] ] ] } },
{ "type": "Feature", "properties": { "OBJECTID": 467, "Record_Num": "AWM2022-LCP-00041", "Business_N": "SAGE HILL RANCH & GARDENS", "PRODUCER_L": "1303 Quail Road, Escondido, CA 92026", "Area": 1, "Shape_Length": 905.19595817886591, "Shape_Area": 24172.235281697242 }, "geometry": { "type": "MultiPolygon", "coordinates": [ [ [ [ -117.095451279570881, 33.178138886525964 ], [ -117.095439711489874, 33.177744540029742 ], [ -117.095004796398868, 33.177739668042193 ], [ -117.09499930502534, 33.178136743111054 ], [ -117.095451279570881, 33.178138886525964 ] ] ], [ [ [ -117.094907538620021, 33.178123002303508 ], [ -117.094930239925574, 33.17773887045756 ], [ -117.094816883558906, 33.177740948587349 ], [ -117.094803487873904, 33.178123711314988 ], [ -117.094907538620021, 33.178123002303508 ] ] ] ] } },
{ "type": "Feature", "properties": { "OBJECTID": 468, "Record_Num": "AWM2022-LCP-00054", "Business_N": "EARTHLING ORCHARDS", "PRODUCER_L": "32515 COUSER CANYON RD., VALLEY CENTER, CA  92082", "Area": 14, "Shape_Length": 5797.9743631237197, "Shape_Area": 627560.41056939471 }, "geometry": { "type": "MultiPolygon", "coordinates": [ [ [ [ -117.089234368357481, 33.308430795230784 ], [ -117.089845975045534, 33.308107462741759 ], [ -117.089850911467749, 33.308091766775505 ], [ -117.089757640112424, 33.30809097379889 ], [ -117.087974623162026, 33.308181329391445 ], [ -117.086538711042479, 33.308218064152854 ], [ -117.086569609178923, 33.309299871079844 ], [ -117.085829395382802, 33.309752025266839 ], [ -117.085859026748437, 33.309802993814266 ], [ -117.085881008053718, 33.30988516135438 ], [ -117.08589020980196, 33.310016357514726 ], [ -117.088027381019415, 33.30990628928965 ], [ -117.090167174678982, 33.309793942902552 ], [ -117.09016931252161, 33.309740535017525 ], [ -117.089333880771036, 33.309103240105962 ], [ -117.088957148740462, 33.30932825767033 ], [ -117.088549899755421, 33.308857143019701 ], [ -117.088523889126407, 33.308354531952254 ], [ -117.089085301963038, 33.308324042826129 ], [ -117.089234604466412, 33.308420921793129 ], [ -117.089234368357481, 33.308430795230784 ] ] ], [ [ [ -117.090193657246829, 33.309602715468941 ], [ -117.090121491466959, 33.308122373351459 ], [ -117.089367503483246, 33.308499417540546 ], [ -117.089301935602649, 33.308569383824576 ], [ -117.089582826529892, 33.308935954038404 ], [ -117.089521164767191, 33.308981560672542 ], [ -117.089492786433894, 33.309044322582977 ], [ -117.090193657246829, 33.309602715468941 ] ] ] ] } },
{ "type": "Feature", "properties": { "OBJECTID": 469, "Record_Num": "AWM2022-LCP-00056", "Business_N": "THREE SONS FARM", "PRODUCER_L": "26500/502 HWY 78, RAMONA, CA  92065", "Area": 58, "Shape_Length": 13877.519061037576, "Shape_Area": 2523182.9543035533 }, "geometry": { "type": "MultiPolygon", "coordinates": [ [ [ [ -116.757684909123739, 33.072629797904867 ], [ -116.757643566089016, 33.065480472527923 ], [ -116.756064578173039, 33.065481762559834 ], [ -116.756056518501467, 33.072610596504575 ], [ -116.757684909123739, 33.072629797904867 ] ] ], [ [ [ -116.759364283015117, 33.065551005675346 ], [ -116.75936952616587, 33.065395785421835 ], [ -116.758847362703591, 33.06540827847698 ], [ -116.759364283015117, 33.065551005675346 ] ] ], [ [ [ -116.757754233109893, 33.069742814801522 ], [ -116.75791967541025, 33.069664537018831 ], [ -116.75794374314313, 33.069576491871722 ], [ -116.757997603235864, 33.069327952772319 ], [ -116.758106789637381, 33.069084360651829 ], [ -116.758093363147779, 33.0688878304464 ], [ -116.757932091910405, 33.068624653647475 ], [ -116.757759131415483, 33.068464991228169 ], [ -116.757754233109893, 33.069742814801522 ] ] ], [ [ [ -116.758040095819112, 33.068177031188654 ], [ -116.757828755116051, 33.068350065079393 ], [ -116.757880505800102, 33.068459112986069 ], [ -116.758070207979898, 33.068623880557887 ], [ -116.758177277575129, 33.068779053738545 ], [ -116.758209598061654, 33.068927911464655 ], [ -116.758214794376912, 33.069146410420394 ], [ -116.758144877825586, 33.069295688602821 ], [ -116.758052305413415, 33.069607293458603 ], [ -116.757950987331725, 33.069766632679773 ], [ -116.757774745161001, 33.069889859015461 ], [ -116.757751554832296, 33.06995948311404 ], [ -116.757747404546109, 33.072641336941743 ], [ -116.759391360465415, 33.072674315867424 ], [ -116.759371197783778, 33.065810883357791 ], [ -116.759158444494616, 33.065738919127625 ], [ -116.758819616682104, 33.065624429531553 ], [ -116.758622745632408, 33.065578885943999 ], [ -116.758386535360088, 33.065530191581082 ], [ -116.757827765017154, 33.065459645191332 ], [ -116.757765350326224, 33.065545984667182 ], [ -116.757758385830599, 33.065701625782403 ], [ -116.757781997838137, 33.067744360295706 ], [ -116.757818018734881, 33.067853472732573 ], [ -116.757987943860172, 33.067998455970866 ], [ -116.75804665764629, 33.067951861815523 ], [ -116.758177146952264, 33.068077141019835 ], [ -116.758040095819112, 33.068177031188654 ] ] ] ] } },
{ "type": "Feature", "properties": { "OBJECTID": 470, "Record_Num": "AWM2023-LCP-00004", "Business_N": "T-N-L MICROGREENS FARM", "PRODUCER_L": "7360 CALLE CRISTOBAL, UNIT 110, SAN DIEGO, CA  92126  ", "Area": 0, "Shape_Length": 107.18778101899919, "Shape_Area": 526.27786147962217 }, "geometry": { "type": "Polygon", "coordinates": [ [ [ -117.168863555765057, 32.921663957460325 ], [ -117.168862052350121, 32.92160316420469 ], [ -117.168830146204741, 32.921625378597973 ], [ -117.168786727431169, 32.921626434419629 ], [ -117.168755467407223, 32.921627398961412 ], [ -117.168754112805345, 32.921664037768714 ], [ -117.168789730796746, 32.9216645061679 ], [ -117.168788922853821, 32.921670372590789 ], [ -117.168863555765057, 32.921663957460325 ] ] ] } },
{ "type": "Feature", "properties": { "OBJECTID": 471, "Record_Num": "AWM2023-LCP-00014", "Business_N": "3731 GOPHER CANYON RD. LLC", "PRODUCER_L": "3731 GOPHER CANYON RD, VISTA, CA  92084", "Area": 12, "Shape_Length": 4866.4703983007457, "Shape_Area": 518484.92067527457 }, "geometry": { "type": "MultiPolygon", "coordinates": [ [ [ [ -117.169088403629431, 33.249586513764164 ], [ -117.170480221312872, 33.247902297582776 ], [ -117.16845598724143, 33.247488331584343 ], [ -117.168448820903308, 33.249451369704815 ], [ -117.169088403629431, 33.249586513764164 ] ] ], [ [ [ -117.170557153840434, 33.25047086030402 ], [ -117.170535277775826, 33.249445234614086 ], [ -117.170547002422367, 33.247920453281779 ], [ -117.169128174667463, 33.249674810100849 ], [ -117.168722083141603, 33.249579901813874 ], [ -117.168742640559003, 33.249952763453912 ], [ -117.169953907389527, 33.250097657386796 ], [ -117.170557153840434, 33.25047086030402 ] ] ] ] } },
{ "type": "Feature", "properties": { "OBJECTID": 472, "Record_Num": "AWM2023-LCP-00029", "Business_N": "JULIAN TEA COMPANY", "PRODUCER_L": "3850 PINE HILLS RD, JULIAN, CA, 92036 ", "Area": 8, "Shape_Length": 4453.5610735896116, "Shape_Area": 351984.13875951985 }, "geometry": { "type": "MultiPolygon", "coordinates": [ [ [ [ -116.62233192299918, 33.0578154675813 ], [ -116.622325285928099, 33.056991962732134 ], [ -116.62230361187747, 33.056330030052344 ], [ -116.62231302285646, 33.056324705136092 ], [ -116.621353997037588, 33.056335529241665 ], [ -116.621313320012646, 33.05638331538379 ], [ -116.621267250074865, 33.056642956233553 ], [ -116.621213995604236, 33.056690780054808 ], [ -116.621138730330131, 33.056738669832228 ], [ -116.621060230593173, 33.056765384590832 ], [ -116.620987918751169, 33.056768249587634 ], [ -116.620932235148473, 33.056985551578734 ], [ -116.620569241066505, 33.057405020770375 ], [ -116.620580317522425, 33.057794242075403 ], [ -116.62233192299918, 33.0578154675813 ] ] ], [ [ [ -116.621850964372868, 33.054882938415254 ], [ -116.621756968956987, 33.054962660934571 ], [ -116.621864383537726, 33.055081497851688 ], [ -116.622126301664352, 33.055300494428991 ], [ -116.622338201484453, 33.055588487897403 ], [ -116.622370701336507, 33.055095864180814 ], [ -116.621850964372868, 33.054882938415254 ] ] ], [ [ [ -116.623032991088522, 33.056296058612233 ], [ -116.622709412666708, 33.055627091149681 ], [ -116.622436936647773, 33.055143328212083 ], [ -116.622402168506198, 33.055101065255478 ], [ -116.62236687214785, 33.055675785953902 ], [ -116.62210760333609, 33.055340269851747 ], [ -116.621955500558286, 33.05580677336372 ], [ -116.621388440353456, 33.056301002426565 ], [ -116.622350565706483, 33.056279576397934 ], [ -116.623032991088522, 33.056296058612233 ] ] ] ] } },
{ "type": "Feature", "properties": { "OBJECTID": 473, "Record_Num": "AWM2023-LCP-00038", "Business_N": "WAYMAKER  *", "PRODUCER_L": "1596 ALDORADO DR., VISTA, CA  92084", "Area": 6, "Shape_Length": 2952.4242684211163, "Shape_Area": 254216.11864164192 }, "geometry": { "type": "MultiPolygon", "coordinates": [ [ [ [ -117.219018912496864, 33.259985925745745 ], [ -117.219021890978127, 33.258717670844071 ], [ -117.217709564936641, 33.258863665670859 ], [ -117.217704909954094, 33.259981888339212 ], [ -117.219018912496864, 33.259985925745745 ] ] ], [ [ [ -117.220383937922577, 33.259989549391825 ], [ -117.220398848824274, 33.259800091647364 ], [ -117.219068520024322, 33.259088844732013 ], [ -117.219078478947495, 33.259989033235136 ], [ -117.220383937922577, 33.259989549391825 ] ] ] ] } },
{ "type": "Feature", "properties": { "OBJECTID": 474, "Record_Num": "AWM2009-LCP-00040", "Business_N": "THYS' RANCH", "PRODUCER_L": "4463 RAINBOW VISTA DR FALLBROOK 92028", "Area": 5, "Shape_Length": 4281.5404609289481, "Shape_Area": 223195.47713000095 }, "geometry": { "type": "MultiPolygon", "coordinates": [ [ [ [ -117.16771594657591, 33.401465653289357 ], [ -117.167844322341566, 33.401185919577003 ], [ -117.16785338754741, 33.401072273401283 ], [ -117.167864757654826, 33.400982702578801 ], [ -117.167845878930066, 33.400943261194001 ], [ -117.166153071584461, 33.400929936148557 ], [ -117.166120930851548, 33.400995566607619 ], [ -117.166119817215773, 33.401085061668816 ], [ -117.166118846712109, 33.401188322742883 ], [ -117.166103065247327, 33.401248670427023 ], [ -117.166035832265962, 33.401293909772377 ], [ -117.165963093934153, 33.401401141455686 ], [ -117.165967990069845, 33.401476825155846 ], [ -117.16767919919053, 33.401483133415724 ], [ -117.16771594657591, 33.401465653289357 ] ] ], [ [ [ -117.166128218749023, 33.400907747375676 ], [ -117.166192696229871, 33.400795413366076 ], [ -117.166226274866133, 33.400671261335241 ], [ -117.16628553552205, 33.400648452584527 ], [ -117.16633334794389, 33.400512149862145 ], [ -117.166306101619398, 33.400457281522648 ], [ -117.166229981314004, 33.400633374571541 ], [ -117.165753102186585, 33.400549122206719 ], [ -117.165691163758964, 33.400904084144607 ], [ -117.166128218749023, 33.400907747375676 ] ] ], [ [ [ -117.166400165439939, 33.400427332625917 ], [ -117.166347889502973, 33.400529251505205 ], [ -117.166314220939668, 33.400644799366553 ], [ -117.166259748467908, 33.400732967324245 ], [ -117.16623604948677, 33.400820907532015 ], [ -117.166187750007381, 33.400910750386686 ], [ -117.167859986332601, 33.400919064651767 ], [ -117.167816126887601, 33.400845390034355 ], [ -117.167768001911554, 33.400756258487135 ], [ -117.167655973045669, 33.400638343212499 ], [ -117.167496378547852, 33.400484640812529 ], [ -117.167360019800185, 33.400394438992436 ], [ -117.167294153240604, 33.400374274454784 ], [ -117.166461189427238, 33.400376976646122 ], [ -117.166400165439939, 33.400427332625917 ] ] ], [ [ [ -117.166020678881637, 33.401218301658616 ], [ -117.166095717492283, 33.400938962811082 ], [ -117.165689310955159, 33.400923027964417 ], [ -117.165625014698122, 33.401248750837034 ], [ -117.165675907558722, 33.401210516517871 ], [ -117.165756026558341, 33.401220251614419 ], [ -117.165780050481175, 33.401163285020075 ], [ -117.165815035426249, 33.401173352578397 ], [ -117.165801142590425, 33.401218198807015 ], [ -117.16583411151575, 33.401231722979801 ], [ -117.166020678881637, 33.401218301658616 ] ] ], [ [ [ -117.165883820689999, 33.401472282237208 ], [ -117.16588914688009, 33.401393081449584 ], [ -117.165892961635137, 33.401365519205548 ], [ -117.165927496108381, 33.401332567511574 ], [ -117.165962066611272, 33.401303058211006 ], [ -117.166012977375487, 33.401266544054167 ], [ -117.16602078702708, 33.401228626163444 ], [ -117.165877302686823, 33.401241730060647 ], [ -117.165641769408268, 33.401281324661319 ], [ -117.165586414800501, 33.401481356681785 ], [ -117.165883820689999, 33.401472282237208 ] ] ] ] } },
{ "type": "Feature", "properties": { "OBJECTID": 475, "Record_Num": "AWM2019-LCP-00011", "Business_N": "SERRATO FARMS", "PRODUCER_L": "12928 MUUTAMA RD, VALLEY CNTR, CA  92082 ", "Area": 53, "Shape_Length": 12460.453761560324, "Shape_Area": 2291070.6494426113 }, "geometry": { "type": "MultiPolygon", "coordinates": [ [ [ [ -117.056228749317853, 33.312426373305257 ], [ -117.054718074040991, 33.312898416810953 ], [ -117.054506669277629, 33.313316847969773 ], [ -117.054110840157861, 33.313486236990045 ], [ -117.053626818403245, 33.313968991477751 ], [ -117.05261665948062, 33.313954671802186 ], [ -117.05239600761908, 33.313817076413024 ], [ -117.052415426955733, 33.313226113205282 ], [ -117.05210088116749, 33.313231621357311 ], [ -117.052030101231466, 33.315445982303842 ], [ -117.056170183533823, 33.315506062641376 ], [ -117.056228749317853, 33.312426373305257 ] ] ], [ [ [ -117.056218428210215, 33.312311680959709 ], [ -117.056244446840637, 33.311844828178465 ], [ -117.052141324309289, 33.311828974577942 ], [ -117.052133318748815, 33.313161194684135 ], [ -117.052537612943922, 33.313167068412149 ], [ -117.052492530285306, 33.313761320081376 ], [ -117.052685390897977, 33.313853410334836 ], [ -117.053595117779238, 33.313872981669739 ], [ -117.054055839968811, 33.313420286636955 ], [ -117.054418076123866, 33.313248238078955 ], [ -117.054667046729989, 33.312847822171733 ], [ -117.054797714259379, 33.312770609537914 ], [ -117.056218428210215, 33.312311680959709 ] ] ], [ [ [ -117.05203327492994, 33.313272148482653 ], [ -117.051721872161281, 33.31347780274946 ], [ -117.051611411400145, 33.313554881676986 ], [ -117.0512281813199, 33.313642206632878 ], [ -117.050803751010392, 33.313644944375021 ], [ -117.05038958218482, 33.31366458541234 ], [ -117.049934992027133, 33.313684484553413 ], [ -117.04945023862804, 33.31372154710003 ], [ -117.049188426319475, 33.313825054001846 ], [ -117.048858429150016, 33.314209008170387 ], [ -117.048370346109195, 33.313881227034969 ], [ -117.047784459423099, 33.313910447327181 ], [ -117.047764194198265, 33.315013646776208 ], [ -117.051951730897187, 33.31540244673144 ], [ -117.05203327492994, 33.313272148482653 ] ] ] ] } },
{ "type": "Feature", "properties": { "OBJECTID": 476, "Record_Num": "AWM2021-LCP-00018", "Business_N": "MELLANO & COMPANY", "PRODUCER_L": "731-4 WILSHIRE RD, OCEANSIDE, CA  92057", "Area": 236, "Shape_Length": 40302.512965176713, "Shape_Area": 10296179.133056181 }, "geometry": { "type": "MultiPolygon", "coordinates": [ [ [ [ -117.279181522157771, 33.275486332031477 ], [ -117.278293943285675, 33.275476649301687 ], [ -117.27826979920053, 33.274284123735299 ], [ -117.278208501150147, 33.274246293919909 ], [ -117.270755708144122, 33.274401521684979 ], [ -117.270778821614584, 33.277689844454692 ], [ -117.279182146365642, 33.277697129467612 ], [ -117.279181522157771, 33.275486332031477 ] ] ], [ [ [ -117.283559858446267, 33.274084722432903 ], [ -117.283540974063982, 33.273533692795979 ], [ -117.280928788004218, 33.273545016980052 ], [ -117.28065079083585, 33.274119312411663 ], [ -117.283559858446267, 33.274084722432903 ] ] ], [ [ [ -117.283533027618745, 33.274958525482326 ], [ -117.283561331085423, 33.274209507654369 ], [ -117.279401679793537, 33.274233675518509 ], [ -117.279422859563923, 33.274982281719645 ], [ -117.283533027618745, 33.274958525482326 ] ] ], [ [ [ -117.283548612952359, 33.276279163615733 ], [ -117.283571394194752, 33.275062203451775 ], [ -117.279412069085225, 33.275117567286671 ], [ -117.279451129243895, 33.276334013323989 ], [ -117.283548612952359, 33.276279163615733 ] ] ], [ [ [ -117.283578887162605, 33.277686155231358 ], [ -117.283578818031501, 33.276391196352222 ], [ -117.279395165433357, 33.276404663871311 ], [ -117.27937206434548, 33.27659654346558 ], [ -117.279498934481808, 33.276604010740314 ], [ -117.279506709069366, 33.276833971872186 ], [ -117.279379988791547, 33.27683928256053 ], [ -117.279379859983564, 33.277691230271301 ], [ -117.283578887162605, 33.277686155231358 ] ] ], [ [ [ -117.283499750869751, 33.279482692427365 ], [ -117.283515429611228, 33.278712981108541 ], [ -117.279429111863024, 33.278674138365361 ], [ -117.279463163042408, 33.279464236460882 ], [ -117.283499750869751, 33.279482692427365 ] ] ], [ [ [ -117.280240503418128, 33.281340139548533 ], [ -117.280256847087841, 33.279572048469412 ], [ -117.2794396242045, 33.279568429007398 ], [ -117.279423386272299, 33.281346918516135 ], [ -117.280240503418128, 33.281340139548533 ] ] ], [ [ [ -117.283484330663995, 33.281323575494625 ], [ -117.283500978067721, 33.279586679581129 ], [ -117.280368514693578, 33.27959192161007 ], [ -117.280389314285031, 33.281359704408331 ], [ -117.283484330663995, 33.281323575494625 ] ] ], [ [ [ -117.283504117317577, 33.285098515485174 ], [ -117.283498183652199, 33.281448256610439 ], [ -117.279425097612517, 33.281492500728206 ], [ -117.279404877342557, 33.285038977998141 ], [ -117.283504117317577, 33.285098515485174 ] ] ], [ [ [ -117.288106619958924, 33.285829692771571 ], [ -117.2880993467477, 33.285216169187969 ], [ -117.279406466484701, 33.285174161601581 ], [ -117.279399237216936, 33.28877252781912 ], [ -117.28398018509958, 33.288713658069234 ], [ -117.283971487385514, 33.2890257222139 ], [ -117.288106619958924, 33.285829692771571 ] ] ] ] } },
{ "type": "Feature", "properties": { "OBJECTID": 477, "Record_Num": "AWM2021-LCP-00048", "Business_N": "REY RIVER FARM, INC.", "PRODUCER_L": "1650 WINTERHAVEN RD, FALLBROOK, CA  92028", "Area": 51, "Shape_Length": 10423.776939259289, "Shape_Area": 2232635.726488729 }, "geometry": { "type": "MultiPolygon", "coordinates": [ [ [ [ -117.224378303003348, 33.349751369844661 ], [ -117.224316113217796, 33.349926813995616 ], [ -117.224245830628476, 33.350095593036514 ], [ -117.224123285848137, 33.350251323861286 ], [ -117.223935853543466, 33.350340271590653 ], [ -117.223716015375402, 33.350399192812198 ], [ -117.223451445023144, 33.350401266190694 ], [ -117.223449116210787, 33.350912696447779 ], [ -117.22815570137945, 33.350912738715671 ], [ -117.228128841889301, 33.34743399725771 ], [ -117.225390469619967, 33.347405059449869 ], [ -117.225373401960397, 33.348751016860625 ], [ -117.226114010928427, 33.348657720754382 ], [ -117.226205622391305, 33.349323184012498 ], [ -117.226003509906249, 33.349533373879133 ], [ -117.225018071816038, 33.349961681584055 ], [ -117.224961313298692, 33.349904929954249 ], [ -117.224378303003348, 33.349751369844661 ] ] ], [ [ [ -117.223463478081243, 33.350334301325496 ], [ -117.223707812774379, 33.350337643474901 ], [ -117.223876634710521, 33.350310034514628 ], [ -117.224038432558658, 33.350214138228623 ], [ -117.224199118088237, 33.350018364768445 ], [ -117.224339548723222, 33.349691321647633 ], [ -117.224967475801776, 33.349828337486947 ], [ -117.225018227280913, 33.349885767454765 ], [ -117.225940764973387, 33.34947898259994 ], [ -117.226126849623867, 33.349314549663276 ], [ -117.226051443530224, 33.348731602304277 ], [ -117.225294394886376, 33.348811147116116 ], [ -117.225328974820329, 33.347417738761116 ], [ -117.221745613544783, 33.347377478200919 ], [ -117.221740974252512, 33.349780017950103 ], [ -117.223451132919308, 33.349787657124729 ], [ -117.223451191406511, 33.349792914519355 ], [ -117.223463478081243, 33.350334301325496 ] ] ] ] } },
{ "type": "Feature", "properties": { "OBJECTID": 478, "Record_Num": "AWM2021-LCP-00051", "Business_N": "EB GROVE", "PRODUCER_L": "914 DE LUZ RD, FALLBROOK, CA  92028", "Area": 3, "Shape_Length": 2031.9803829476602, "Shape_Area": 125471.77305440161 }, "geometry": { "type": "MultiPolygon", "coordinates": [ [ [ [ -117.25350396936426, 33.390407347523393 ], [ -117.253506783313853, 33.389605200371868 ], [ -117.252670700418932, 33.389600427014976 ], [ -117.252729557840141, 33.389792922958428 ], [ -117.252773132421964, 33.389999943272464 ], [ -117.252791949124202, 33.390143799745118 ], [ -117.252803997980479, 33.390296350934932 ], [ -117.252801770254308, 33.390401494854729 ], [ -117.25350396936426, 33.390407347523393 ] ] ], [ [ [ -117.253497673895595, 33.391205202609861 ], [ -117.25349880865086, 33.39085525425611 ], [ -117.253497351286612, 33.390429002154967 ], [ -117.253500767715295, 33.390427534551499 ], [ -117.252801984883661, 33.390420214280525 ], [ -117.252808423765288, 33.390981793418696 ], [ -117.252816197761234, 33.391060934474744 ], [ -117.25283417272999, 33.391131354008714 ], [ -117.252860647615634, 33.391194503957898 ], [ -117.253497673895595, 33.391205202609861 ] ] ] ] } },
{ "type": "Feature", "properties": { "OBJECTID": 479, "Record_Num": "AWM2021-LCP-00065", "Business_N": "OMA'S ORANGE GROVE", "PRODUCER_L": "2742 MOUNTAIN VIEW DR, ESCONDIDO, CA  92027 ", "Area": 4, "Shape_Length": 2683.0000452885279, "Shape_Area": 187426.3646961319 }, "geometry": { "type": "MultiPolygon", "coordinates": [ [ [ [ -117.024350283281436, 33.124811872297968 ], [ -117.024106962734123, 33.124019764306375 ], [ -117.023137842613494, 33.124000505489548 ], [ -117.023069002495021, 33.124234142119988 ], [ -117.02316049159343, 33.124376388275529 ], [ -117.023385703561743, 33.124577457544909 ], [ -117.023382028028436, 33.124647985003882 ], [ -117.023622486959525, 33.124872460187198 ], [ -117.023722570624614, 33.125014652269329 ], [ -117.024350283281436, 33.124811872297968 ] ] ], [ [ [ -117.025036305932119, 33.124780240438319 ], [ -117.024934404728143, 33.124645291655852 ], [ -117.024835560663675, 33.124476428046364 ], [ -117.024734921103274, 33.124104196409839 ], [ -117.025092137040204, 33.123500301035826 ], [ -117.02505849550441, 33.123492037111802 ], [ -117.024728211606131, 33.12334439376334 ], [ -117.02430191459743, 33.123728392798562 ], [ -117.024133212656523, 33.124011916761582 ], [ -117.024388618605059, 33.124804062792322 ], [ -117.025036305932119, 33.124780240438319 ] ] ] ] } },
{ "type": "Feature", "properties": { "OBJECTID": 480, "Record_Num": "AWM2021-LCP-00067", "Business_N": "AMERICAN LOTUS BUDDHIST ASSOCIATION", "PRODUCER_L": "40351 ROCK MOUNTAIN DR., FALLBROOK, CA  92028 ", "Area": 18, "Shape_Length": 7910.110656216234, "Shape_Area": 776034.67307622358 }, "geometry": { "type": "MultiPolygon", "coordinates": [ [ [ [ -117.230142802611894, 33.423967007414326 ], [ -117.231725896064546, 33.42397664116703 ], [ -117.232825944455982, 33.421696637223747 ], [ -117.23369051404292, 33.421940530276338 ], [ -117.23401471100911, 33.422616409265054 ], [ -117.234660037444485, 33.422913649945421 ], [ -117.234685172080361, 33.422802835322415 ], [ -117.234726897244627, 33.422603395934964 ], [ -117.234795500769238, 33.422447990774607 ], [ -117.234881358923815, 33.422262950804502 ], [ -117.234949462404899, 33.422063302367661 ], [ -117.234982559773414, 33.421878680252178 ], [ -117.23500686295688, 33.421694127789713 ], [ -117.235058293669809, 33.421575729759866 ], [ -117.235029919903155, 33.421398969583244 ], [ -117.234790091136858, 33.421187011326495 ], [ -117.234637034234112, 33.420871124832033 ], [ -117.234601446410323, 33.420834534484889 ], [ -117.233139938809444, 33.420683862740908 ], [ -117.233190625179574, 33.420499101998544 ], [ -117.23359702227674, 33.419883813395515 ], [ -117.232871334150659, 33.420258271202485 ], [ -117.232620391029869, 33.420621600489426 ], [ -117.232476126049534, 33.421087327832844 ], [ -117.232212314784846, 33.421871097967149 ], [ -117.232170252887443, 33.42204104107077 ], [ -117.231098843195355, 33.422956550031863 ], [ -117.230142802611894, 33.423967007414326 ] ] ], [ [ [ -117.23251313223453, 33.420467585377182 ], [ -117.23261765626502, 33.420378266878764 ], [ -117.231905570648081, 33.420398641551756 ], [ -117.23190837142532, 33.421431034567185 ], [ -117.231778872023909, 33.421645914262854 ], [ -117.230912939614399, 33.422847401253783 ], [ -117.230939816349419, 33.422891435430593 ], [ -117.231984846830969, 33.421976136177001 ], [ -117.232061999235384, 33.421798541007732 ], [ -117.232145293649126, 33.421384917071052 ], [ -117.232402382521641, 33.420785560042084 ], [ -117.23251313223453, 33.420467585377182 ] ] ] ] } },
{ "type": "Feature", "properties": { "OBJECTID": 481, "Record_Num": "AWM2021-LCP-00083", "Business_N": "SLAY HODGE INC", "PRODUCER_L": "SUTHERLAND DAM RD, RAMONA, CA  92065", "Area": 36, "Shape_Length": 7909.5991593889048, "Shape_Area": 1547329.5993316909 }, "geometry": { "type": "MultiPolygon", "coordinates": [ [ [ [ -116.775740621049721, 33.091085574111844 ], [ -116.77576188458373, 33.088509149731635 ], [ -116.77575117842548, 33.087946974320083 ], [ -116.775773158775038, 33.087940702508433 ], [ -116.775582191897001, 33.087916799864686 ], [ -116.775383478851793, 33.087824968891923 ], [ -116.775111597690724, 33.087770517976558 ], [ -116.774825776794714, 33.087839690297926 ], [ -116.774555113327168, 33.087989114770281 ], [ -116.774240783135795, 33.088200506754134 ], [ -116.774146184542133, 33.088336827979752 ], [ -116.774037646505107, 33.088596774662712 ], [ -116.773796004638839, 33.088690470794731 ], [ -116.773568229487125, 33.088648186074266 ], [ -116.773428821559719, 33.088654952889677 ], [ -116.773208975475413, 33.088711486519685 ], [ -116.772879187408918, 33.088793196154604 ], [ -116.772460997358081, 33.088819673968139 ], [ -116.772218544489817, 33.088777448679053 ], [ -116.772042035372039, 33.088716410376911 ], [ -116.77186578364001, 33.088698618487847 ], [ -116.77157958894577, 33.088706001594659 ], [ -116.771579045904915, 33.091084633367814 ], [ -116.775740621049721, 33.091085574111844 ] ] ], [ [ [ -116.775797805312337, 33.087742399573855 ], [ -116.775792539875425, 33.087647523380781 ], [ -116.775787369198596, 33.087568463659728 ], [ -116.775796715716453, 33.087560515996223 ], [ -116.771630568418416, 33.087601856578175 ], [ -116.77160720009536, 33.087621724954111 ], [ -116.771574532922344, 33.087657449355518 ], [ -116.771570402218757, 33.088543181787301 ], [ -116.77194614713072, 33.088537644982097 ], [ -116.77213431359317, 33.088584300718665 ], [ -116.772298994170413, 33.088631055208239 ], [ -116.772463558312339, 33.08865804000866 ], [ -116.772651442764371, 33.088657247340358 ], [ -116.772984631267875, 33.0886044381418 ], [ -116.773223784044262, 33.088536208443756 ], [ -116.773402062020736, 33.088499868380794 ], [ -116.773561739495904, 33.088495239529685 ], [ -116.773688726726789, 33.088522381536173 ], [ -116.77380610658669, 33.088513976305116 ], [ -116.773890324246636, 33.088458263320184 ], [ -116.773931984576237, 33.088355280586569 ], [ -116.774001709744468, 33.08823240914586 ], [ -116.774108916072109, 33.088093563097559 ], [ -116.774408372284526, 33.087898545432083 ], [ -116.774548599102317, 33.087783283143402 ], [ -116.77481097205461, 33.087671457194475 ], [ -116.774993873616097, 33.087623233256835 ], [ -116.775224076755805, 33.087630165282391 ], [ -116.775388710923991, 33.087669007877459 ], [ -116.775534603704983, 33.087715837761813 ], [ -116.775652362267664, 33.087770694864687 ], [ -116.775732235279634, 33.087774310757361 ], [ -116.775797805312337, 33.087742399573855 ] ] ] ] } },
{ "type": "Feature", "properties": { "OBJECTID": 482, "Record_Num": "AWM2021-LCP-00100", "Business_N": "HONEY PACIFICA", "PRODUCER_L": "KINGRIDGE DR., FALLBROOK, CA 92028", "Area": 9, "Shape_Length": 3903.2489780583182, "Shape_Area": 400930.1547578515 }, "geometry": { "type": "MultiPolygon", "coordinates": [ [ [ [ -117.200755948061797, 33.34353639176291 ], [ -117.200800363753189, 33.343100599025753 ], [ -117.200739399402664, 33.343018558624735 ], [ -117.200677240170933, 33.34282651829124 ], [ -117.200632259843545, 33.342707685825545 ], [ -117.200664227236729, 33.34263410181758 ], [ -117.20075626332077, 33.342560058066034 ], [ -117.200814886833555, 33.342426681643772 ], [ -117.200943752227943, 33.342224011489535 ], [ -117.200973129238136, 33.341912093798186 ], [ -117.198794219973976, 33.341919587716063 ], [ -117.198742206970394, 33.343166755836904 ], [ -117.199064938828798, 33.343214711261439 ], [ -117.199131113544851, 33.343273794001135 ], [ -117.199316431436799, 33.343240292526559 ], [ -117.19943185326521, 33.34330816549096 ], [ -117.199324329176122, 33.343464833592932 ], [ -117.199319712995802, 33.343542792491299 ], [ -117.200755948061797, 33.34353639176291 ] ] ], [ [ [ -117.199275359250748, 33.343561608292958 ], [ -117.199288475506023, 33.343450961622949 ], [ -117.199272024420736, 33.343386201482026 ], [ -117.199196090025353, 33.343380773659476 ], [ -117.199071772078028, 33.343534325521198 ], [ -117.19905918839973, 33.343562058044228 ], [ -117.199275359250748, 33.343561608292958 ] ] ], [ [ [ -117.200774772157956, 33.343580067896085 ], [ -117.199299860493738, 33.343585481277735 ], [ -117.199258722109477, 33.343981828467335 ], [ -117.199293671652143, 33.343981561394379 ], [ -117.199445767460773, 33.344147613146959 ], [ -117.199641737345772, 33.344169583887926 ], [ -117.200092383736916, 33.343825842370272 ], [ -117.200754217265839, 33.343618361970691 ], [ -117.200774772157956, 33.343580067896085 ] ] ] ] } },
{ "type": "Feature", "properties": { "OBJECTID": 483, "Record_Num": "AWM2021-LCP-00097", "Business_N": "BUENA VISTA RANCH", "PRODUCER_L": "40160 DE LUZ RD, FALLBROOK, CA  92028 ", "Area": 20, "Shape_Length": 5245.8715328241669, "Shape_Area": 889732.5694141126 }, "geometry": { "type": "MultiPolygon", "coordinates": [ [ [ [ -117.339960014383834, 33.441581734828873 ], [ -117.339974975404502, 33.441624957534877 ], [ -117.340016299985734, 33.441707309362812 ], [ -117.340014247377241, 33.441765577298369 ], [ -117.340003727248188, 33.441813433556646 ], [ -117.339969674473934, 33.441868486057537 ], [ -117.339941381800827, 33.441939798951616 ], [ -117.339929806224916, 33.442014459424584 ], [ -117.339943197444029, 33.442085406089177 ], [ -117.339955141115595, 33.442151705442953 ], [ -117.339990516926704, 33.442202654441921 ], [ -117.340016499528346, 33.442280480731732 ], [ -117.340062405809888, 33.442507251322517 ], [ -117.340079646034383, 33.442552534258674 ], [ -117.340086177248423, 33.442630531023354 ], [ -117.340082967614933, 33.442707448168669 ], [ -117.340070270498089, 33.442771779561937 ], [ -117.33996564899202, 33.442883797910085 ], [ -117.339877037484484, 33.44300456483812 ], [ -117.339650117799522, 33.443086545902581 ], [ -117.339673790165534, 33.445410585821513 ], [ -117.341338491213463, 33.445422653408492 ], [ -117.341417499850834, 33.445381963312244 ], [ -117.341740777293069, 33.445374682338596 ], [ -117.341779628961774, 33.445089921191951 ], [ -117.341729593385367, 33.441508440133106 ], [ -117.339960014383834, 33.441581734828873 ] ] ], [ [ [ -117.339635157674991, 33.443026060082701 ], [ -117.339757100943075, 33.443010770872966 ], [ -117.339834236184359, 33.442938989457623 ], [ -117.340004723493209, 33.442735556522479 ], [ -117.340009946983244, 33.442610366257341 ], [ -117.340008705737048, 33.442510830160501 ], [ -117.339965977748932, 33.442349084974175 ], [ -117.339920106213086, 33.442207276896042 ], [ -117.339863348762805, 33.442008679433442 ], [ -117.339932102347746, 33.441808982917465 ], [ -117.339937717028931, 33.441715074655058 ], [ -117.339868241097051, 33.441584850187056 ], [ -117.33962071739721, 33.441595551938796 ], [ -117.339635157674991, 33.443026060082701 ] ] ] ] } },
{ "type": "Feature", "properties": { "OBJECTID": 484, "Record_Num": "AWM2021-LCP-00099", "Business_N": "BONDAVENTURE", "PRODUCER_L": "2222 COUNTRY RD, FALLBROOK, CA  92028", "Area": 6, "Shape_Length": 2022.0586121310487, "Shape_Area": 248767.93352206924 }, "geometry": { "type": "Polygon", "coordinates": [ [ [ -117.18509989258817, 33.3551700689559 ], [ -117.185034229940229, 33.355024120264808 ], [ -117.184976008914674, 33.354908001581627 ], [ -117.184663235577119, 33.354632411332148 ], [ -117.184516118987915, 33.354528915950745 ], [ -117.183877623482914, 33.354432103206996 ], [ -117.183496920054409, 33.354464850339063 ], [ -117.183440454859834, 33.354513092803465 ], [ -117.183316276533375, 33.354890594024653 ], [ -117.18319647930339, 33.355011039884005 ], [ -117.183077031211823, 33.355164357284977 ], [ -117.182921877619393, 33.355308977051187 ], [ -117.182705644443985, 33.355403248726681 ], [ -117.183717752878593, 33.356136828135611 ], [ -117.184999961788165, 33.355149900639553 ], [ -117.18505712912598, 33.355167402566849 ], [ -117.18509989258817, 33.3551700689559 ] ] ] } },
{ "type": "Feature", "properties": { "OBJECTID": 485, "Record_Num": "AWM2021-LCP-00102", "Business_N": "BERNARDO WINERY, INC", "PRODUCER_L": "13330 PASEO DEL VERANO NORTH, SAN DIEGO, CA 92128", "Area": 4, "Shape_Length": 3046.7990639951181, "Shape_Area": 173047.63888395386 }, "geometry": { "type": "MultiPolygon", "coordinates": [ [ [ [ -117.047447993898459, 33.032621195394327 ], [ -117.047703938106281, 33.032203424150495 ], [ -117.047216891046261, 33.03184835340091 ], [ -117.047112804451331, 33.031883342596828 ], [ -117.04700348943696, 33.031903351604967 ], [ -117.046870537199027, 33.031844148035745 ], [ -117.046798657720018, 33.031780262579879 ], [ -117.046693967889581, 33.031748761911146 ], [ -117.046332103763532, 33.031718915959388 ], [ -117.046029425747079, 33.031757326936777 ], [ -117.045765253900385, 33.031829809375438 ], [ -117.045641068272502, 33.031894956776704 ], [ -117.04566342079967, 33.032113599248696 ], [ -117.045691527234069, 33.032124143722001 ], [ -117.046322872487622, 33.032105068053198 ], [ -117.04632956038364, 33.032280912401482 ], [ -117.046525780190919, 33.032296809748487 ], [ -117.046532505696632, 33.032195953324965 ], [ -117.047017353484719, 33.032308660140259 ], [ -117.047000326424993, 33.03239671346725 ], [ -117.047212566029543, 33.032494014638679 ], [ -117.047223043404628, 33.032526121701004 ], [ -117.047447993898459, 33.032621195394327 ] ] ], [ [ [ -117.046251352679633, 33.034608699343885 ], [ -117.04631229110629, 33.034589003151815 ], [ -117.046626383851105, 33.03412367006684 ], [ -117.046894523513018, 33.033645762544346 ], [ -117.046830670568255, 33.033624724216111 ], [ -117.046813157632172, 33.033659155800557 ], [ -117.046708796336901, 33.033664117977992 ], [ -117.046690738554375, 33.033638494392498 ], [ -117.04665497323677, 33.033625855128022 ], [ -117.046636954385278, 33.033604520801973 ], [ -117.046494067248673, 33.033573265780895 ], [ -117.046469926852026, 33.033719279144236 ], [ -117.046301887613197, 33.033722505487248 ], [ -117.046267580807068, 33.033870728516561 ], [ -117.046211619481539, 33.033877523221811 ], [ -117.046199509586998, 33.033946239709515 ], [ -117.045871050697102, 33.033950497226797 ], [ -117.045847822070314, 33.033916326830038 ], [ -117.045776524671439, 33.033916785212774 ], [ -117.045680793916716, 33.033750093207381 ], [ -117.045663260010855, 33.034063370441167 ], [ -117.045675485910508, 33.034288513603279 ], [ -117.046167205820538, 33.034596371149924 ], [ -117.046251352679633, 33.034608699343885 ] ] ] ] } },
{ "type": "Feature", "properties": { "OBJECTID": 486, "Record_Num": "AWM2022-LCP-00002", "Business_N": "MOSTLY MICROGREENS  *", "PRODUCER_L": "8747 GRAVES AVE., SANTEE, CA  92071", "Area": 2, "Shape_Length": 2478.2654294415988, "Shape_Area": 94088.760544491393 }, "geometry": { "type": "MultiPolygon", "coordinates": [ [ [ [ -116.959708396289756, 32.834876408187242 ], [ -116.959581656078967, 32.834594424524326 ], [ -116.956567259165965, 32.834526643442111 ], [ -116.956560698173902, 32.834816897932484 ], [ -116.958137540199715, 32.834850398469086 ], [ -116.958854811397202, 32.834863797040917 ], [ -116.9587850218699, 32.834661545701074 ], [ -116.95881126910524, 32.834608855817535 ], [ -116.958879345050789, 32.834598457699478 ], [ -116.958965584716637, 32.83463549082574 ], [ -116.959040413500091, 32.834727630046856 ], [ -116.959165982072093, 32.834864512031629 ], [ -116.959708396289756, 32.834876408187242 ] ] ], [ [ [ -116.959077081616229, 32.834865022482006 ], [ -116.958930507553006, 32.834695736520352 ], [ -116.958879969617414, 32.83467601183326 ], [ -116.958877309055524, 32.834713555265637 ], [ -116.95891706164754, 32.834865941126488 ], [ -116.959077081616229, 32.834865022482006 ] ] ] ] } },
{ "type": "Feature", "properties": { "OBJECTID": 487, "Record_Num": "AWM2022-LCP-00008", "Business_N": "ASSET TRADE, LLC", "PRODUCER_L": "17060 N. MESA DR., PAUMA VALLEY, CA  92061 ", "Area": 95, "Shape_Length": 17500.192463731233, "Shape_Area": 4135033.6351023815 }, "geometry": { "type": "MultiPolygon", "coordinates": [ [ [ [ -116.950673475585276, 33.315674350439828 ], [ -116.950513433321973, 33.315562210792642 ], [ -116.950462349630769, 33.315824010618435 ], [ -116.949263682582853, 33.31685244868757 ], [ -116.948927542874074, 33.316994579409219 ], [ -116.948504003350976, 33.317559210979276 ], [ -116.947517566746839, 33.318874230000674 ], [ -116.945814977447924, 33.319234548316189 ], [ -116.944866270340285, 33.317654055015566 ], [ -116.94366202783003, 33.321860044121244 ], [ -116.942990482670695, 33.324205338757494 ], [ -116.943132440609432, 33.324197466502675 ], [ -116.950661867060163, 33.323759034496675 ], [ -116.950619824664784, 33.323170065676095 ], [ -116.950619043166824, 33.323159114528806 ], [ -116.950615053568271, 33.32310322492701 ], [ -116.950132001333174, 33.323048907977913 ], [ -116.950116497697039, 33.323047883590476 ], [ -116.950098354408652, 33.323046235683243 ], [ -116.950080283834893, 33.323044144632796 ], [ -116.950062296759327, 33.323041615788519 ], [ -116.95004440283391, 33.323038647292691 ], [ -116.95002661390906, 33.323035243586979 ], [ -116.950008952553688, 33.323031406347603 ], [ -116.94999170395748, 33.32302720610258 ], [ -116.949985342938618, 33.32302553865874 ], [ -116.949969405364911, 33.323021422092324 ], [ -116.949952990427008, 33.323016976391692 ], [ -116.949936662074364, 33.323012344452373 ], [ -116.949920416090251, 33.323007536216871 ], [ -116.949904239492966, 33.323002540036306 ], [ -116.94988814523559, 33.322997363952943 ], [ -116.949872136518565, 33.322992005243684 ], [ -116.949856205831239, 33.322986464852619 ], [ -116.949840371431719, 33.322980742676876 ], [ -116.94982464198435, 33.322974847684613 ], [ -116.949809001350118, 33.322968776359978 ], [ -116.949793450552789, 33.322962522385438 ], [ -116.949778007929766, 33.322956095576302 ], [ -116.949762673502789, 33.322949498637605 ], [ -116.949747436466978, 33.322942723514977 ], [ -116.949732316219411, 33.322935778214436 ], [ -116.949717317099413, 33.322928668121719 ], [ -116.949702418628846, 33.322921384335309 ], [ -116.949687642331142, 33.322913932144104 ], [ -116.949672986080017, 33.322906314265282 ], [ -116.949658459570372, 33.322898534250989 ], [ -116.94964405418861, 33.322890589444718 ], [ -116.949629776378771, 33.322882479810225 ], [ -116.949615635886246, 33.322874215211208 ], [ -116.949601618669746, 33.322865785808325 ], [ -116.949587747355594, 33.322857200490944 ], [ -116.949574011232414, 33.322848462926295 ], [ -116.949560415598313, 33.322839564067635 ], [ -116.949546968101117, 33.322830520102414 ], [ -116.94953366219579, 33.322821318443815 ], [ -116.949520509819109, 33.322811974353435 ], [ -116.949507500122792, 33.322802474367023 ], [ -116.949494650391898, 33.322792831011043 ], [ -116.949481954175198, 33.322783043420067 ], [ -116.949469509790973, 33.322773184077533 ], [ -116.949460042151898, 33.322765542361189 ], [ -116.949449807758128, 33.32275442082517 ], [ -116.949444385569379, 33.32274994019793 ], [ -116.94943753849833, 33.322745642523373 ], [ -116.949432371052183, 33.32274306753915 ], [ -116.949418853742117, 33.322736305233569 ], [ -116.949405818819258, 33.322730097455519 ], [ -116.949392622508043, 33.32272412322142 ], [ -116.949379273407644, 33.322718383384526 ], [ -116.949365787700103, 33.322712886870576 ], [ -116.949352170769771, 33.322707635452559 ], [ -116.94933841617248, 33.322702629166749 ], [ -116.949324540032734, 33.322697869725673 ], [ -116.949310541305138, 33.322693360741965 ], [ -116.949296386587449, 33.322689088878299 ], [ -116.949281855045669, 33.32268497242233 ], [ -116.94927587653595, 33.322682915061023 ], [ -116.949267188133959, 33.322682733147552 ], [ -116.949244151999437, 33.322679662744171 ], [ -116.949226472955289, 33.322676690215971 ], [ -116.949209750851281, 33.322673712297778 ], [ -116.949193070462655, 33.322670578149712 ], [ -116.949176427464664, 33.322667284189535 ], [ -116.949159833685854, 33.322663832153921 ], [ -116.949143295606319, 33.322660226514962 ], [ -116.949126798168479, 33.32265646465234 ], [ -116.94911047692753, 33.322652574657162 ], [ -116.949103203178865, 33.322650794184518 ], [ -116.949084589028388, 33.32264464212443 ], [ -116.94906821853175, 33.322638887702254 ], [ -116.949051996072086, 33.3226328411982 ], [ -116.949035933478072, 33.322626504349138 ], [ -116.949020043673812, 33.322619881590903 ], [ -116.949004319170214, 33.322612976572351 ], [ -116.94898877284102, 33.322605787417828 ], [ -116.948973421971274, 33.322598326653775 ], [ -116.948958256858973, 33.322590589826348 ], [ -116.948943291487907, 33.322582579562074 ], [ -116.948928538832618, 33.322574306608267 ], [ -116.948912477354895, 33.322564878737424 ], [ -116.94889721133238, 33.322554321978387 ], [ -116.948886086812266, 33.322547122354557 ], [ -116.948874833084119, 33.322540420288981 ], [ -116.94886326986051, 33.322534100477995 ], [ -116.9488514165526, 33.322528172730749 ], [ -116.948839292571478, 33.322522646856662 ], [ -116.948826832201277, 33.322517497977991 ], [ -116.948811897866705, 33.322511892335399 ], [ -116.948793876365144, 33.322503014689516 ], [ -116.94877835110988, 33.322494828118991 ], [ -116.948763134158696, 33.322486243969209 ], [ -116.948748236388425, 33.322477279311151 ], [ -116.948733665295563, 33.322467931397775 ], [ -116.948719446814707, 33.322458219920478 ], [ -116.948705588499806, 33.32244814934527 ], [ -116.948692249229836, 33.322437844113693 ], [ -116.948683201936092, 33.322430507450477 ], [ -116.948669956026734, 33.32241817288466 ], [ -116.94865793675794, 33.322406116351551 ], [ -116.948646446244865, 33.32239369616606 ], [ -116.948635510393075, 33.322380928413025 ], [ -116.948625134745143, 33.322367834702099 ], [ -116.948615341941348, 33.322354425726282 ], [ -116.948606198423903, 33.322340817430224 ], [ -116.948598141487508, 33.322327836910766 ], [ -116.948590653727237, 33.322311886623055 ], [ -116.948584499801569, 33.322297937801501 ], [ -116.948578699470559, 33.322283883296144 ], [ -116.948573250708478, 33.32226973844719 ], [ -116.948568150221149, 33.322255494256275 ], [ -116.948563411033177, 33.322241167782316 ], [ -116.948559024588306, 33.322226763581895 ], [ -116.948554996220494, 33.322212277116677 ], [ -116.948551333627435, 33.322197730885669 ], [ -116.948548029269332, 33.322183122226221 ], [ -116.948545090685684, 33.322168453801027 ], [ -116.94854251909409, 33.322153743637053 ], [ -116.948540310155281, 33.322138986348698 ], [ -116.948538473664584, 33.322124198111233 ], [ -116.948536999991802, 33.322109383487344 ], [ -116.948535896604355, 33.322094536123153 ], [ -116.948535163660381, 33.322079675855086 ], [ -116.948534804178266, 33.322064911770845 ], [ -116.948534769133417, 33.322056617304327 ], [ -116.948534165641561, 33.322042097147559 ], [ -116.948534687100064, 33.322025072976935 ], [ -116.948536442032761, 33.322008107691964 ], [ -116.94853942123342, 33.321991259052673 ], [ -116.948543616684987, 33.321974599239468 ], [ -116.948549009414691, 33.321958173443498 ], [ -116.948555587131139, 33.321942056574123 ], [ -116.948563310649959, 33.321926318281925 ], [ -116.94857216092656, 33.321910994741458 ], [ -116.948582112666557, 33.321896146508131 ], [ -116.948593113769263, 33.321881839698214 ], [ -116.948605134529373, 33.321868120464806 ], [ -116.948618119530721, 33.321855043220886 ], [ -116.948632032545078, 33.321842644237634 ], [ -116.948646819266443, 33.321830982430249 ], [ -116.948662424127804, 33.321820093276941 ], [ -116.948678786307354, 33.321810026712626 ], [ -116.948695841603069, 33.321800812854129 ], [ -116.948713538722586, 33.321792484450569 ], [ -116.948731807034576, 33.321785073458244 ], [ -116.948750583404049, 33.321778609086387 ], [ -116.948769775705557, 33.321773121608814 ], [ -116.94878934099421, 33.321768613070489 ], [ -116.948809201149757, 33.321765119076687 ], [ -116.948829271348941, 33.321762642809681 ], [ -116.94884948402435, 33.321761196371583 ], [ -116.948868394841412, 33.321760811334052 ], [ -116.948928430414114, 33.321760518567928 ], [ -116.948942643119395, 33.321760774912619 ], [ -116.948952913495148, 33.321760149947721 ], [ -116.948967068448525, 33.321758150581431 ], [ -116.948984113072456, 33.321756213397059 ], [ -116.948999302972325, 33.321754294764638 ], [ -116.949014404250633, 33.321752172846764 ], [ -116.949029458771534, 33.321749844702744 ], [ -116.949044471876107, 33.321747306695805 ], [ -116.94905943931866, 33.321744565161644 ], [ -116.949074347129994, 33.321741619277319 ], [ -116.94908919636957, 33.321738467233445 ], [ -116.949103978502933, 33.321735116291556 ], [ -116.949118691317253, 33.321731558349043 ], [ -116.949133331655219, 33.321727801538771 ], [ -116.949147906991456, 33.321723840408644 ], [ -116.949162407710418, 33.321719681324694 ], [ -116.949176818790491, 33.32171532617479 ], [ -116.949191129498786, 33.321710775921112 ], [ -116.94920536021236, 33.321706026842207 ], [ -116.949219682280315, 33.321701016658366 ], [ -116.949223605227175, 33.321699605966117 ], [ -116.949235874511203, 33.321695500914565 ], [ -116.949243292431703, 33.321692078706548 ], [ -116.9492510514348, 33.321687388602093 ], [ -116.949260342293741, 33.321680850420528 ], [ -116.94926951144086, 33.32167359698019 ], [ -116.949278158303812, 33.3216659028474 ], [ -116.949286265900426, 33.321657793365368 ], [ -116.949293793671089, 33.321649300321717 ], [ -116.949300721483752, 33.321640458094237 ], [ -116.949307017334874, 33.321631293914017 ], [ -116.949312670700692, 33.321621834891197 ], [ -116.949317653909731, 33.321612112740809 ], [ -116.949321960777439, 33.321602159958701 ], [ -116.949325564814529, 33.321592021778748 ], [ -116.949328457638046, 33.32158172439722 ], [ -116.949330630886905, 33.32157129671544 ], [ -116.949332077432359, 33.321560787464946 ], [ -116.949332788877285, 33.321550221038692 ], [ -116.949332767657964, 33.321539633490744 ], [ -116.949332011979749, 33.321529069014055 ], [ -116.94933044797061, 33.321518019470268 ], [ -116.949329923025971, 33.321515228984403 ], [ -116.949327414408799, 33.321501424680442 ], [ -116.949324965200489, 33.321487662421397 ], [ -116.949322569649297, 33.32147389444998 ], [ -116.949320226738806, 33.321460127985439 ], [ -116.949317933153395, 33.321446351324497 ], [ -116.949315511452298, 33.321431460893578 ], [ -116.949315138196894, 33.3214137790115 ], [ -116.949315317255554, 33.321398549326759 ], [ -116.949315994746229, 33.321383329459053 ], [ -116.949317171857942, 33.321368133828749 ], [ -116.949318842240089, 33.321352974193559 ], [ -116.949321011262384, 33.321337850523243 ], [ -116.949323678023461, 33.32132278446349 ], [ -116.949326834032007, 33.321307788685736 ], [ -116.949330481493377, 33.321292870391126 ], [ -116.949334615116697, 33.321278039527932 ], [ -116.949339235038551, 33.321263313227504 ], [ -116.949344331657613, 33.321248699659122 ], [ -116.949349910379652, 33.321234203300705 ], [ -116.949355961697066, 33.321219844042965 ], [ -116.949362480326116, 33.321205632735939 ], [ -116.949369460954358, 33.321191576622866 ], [ -116.949376900453217, 33.321177687443495 ], [ -116.949384791355172, 33.321163971551449 ], [ -116.949393128477283, 33.321150452419936 ], [ -116.949401902117586, 33.321137125595001 ], [ -116.949411118770243, 33.321123997351833 ], [ -116.949420756111962, 33.32111109667018 ], [ -116.94943163179606, 33.321097387409381 ], [ -116.949444367425983, 33.321083643326773 ], [ -116.949453063662219, 33.321073803777182 ], [ -116.949461200205747, 33.321063949345309 ], [ -116.949468944130672, 33.32105388612829 ], [ -116.94947630713564, 33.321043599633136 ], [ -116.949483272339663, 33.321033127826091 ], [ -116.949489818363887, 33.321022483451301 ], [ -116.949495955861835, 33.32101165562861 ], [ -116.949501673214357, 33.321000668769059 ], [ -116.949506967206858, 33.32098952379264 ], [ -116.949511826292181, 33.32097825412697 ], [ -116.949516245086159, 33.320966857999046 ], [ -116.949520228922879, 33.320955330870483 ], [ -116.949523764215357, 33.320943719705767 ], [ -116.949526886254219, 33.320931871018558 ], [ -116.949527740499505, 33.320928156645593 ], [ -116.949528132740994, 33.32091743241547 ], [ -116.949529689455048, 33.320901091298069 ], [ -116.94953219629781, 33.320884835899712 ], [ -116.949535649268171, 33.320868703212298 ], [ -116.949539946113021, 33.320853068915639 ], [ -116.949542453782144, 33.320845249743648 ], [ -116.949552252019757, 33.320817142910563 ], [ -116.949562230890251, 33.320788523799592 ], [ -116.949568017978407, 33.320774170527002 ], [ -116.949573655008123, 33.320760662083195 ], [ -116.949579459995249, 33.320747204991143 ], [ -116.94958543512368, 33.320733803746947 ], [ -116.949591570749178, 33.32072046111 ], [ -116.949597876458157, 33.320707167107649 ], [ -116.949604347990729, 33.320693926272362 ], [ -116.949610985418957, 33.320680747620607 ], [ -116.949617781239169, 33.320667632997981 ], [ -116.949624746097541, 33.320654570622551 ], [ -116.949631874681714, 33.320641567737709 ], [ -116.949639167034888, 33.32062862975333 ], [ -116.949646615725641, 33.320615767531621 ], [ -116.949654223831701, 33.32060296302128 ], [ -116.949661996794987, 33.320590225208598 ], [ -116.949669918606673, 33.320577566807401 ], [ -116.949678003077068, 33.320564968804355 ], [ -116.949686213121311, 33.320552494526773 ], [ -116.949689367547023, 33.320547792464126 ], [ -116.949695835123961, 33.32053701597053 ], [ -116.949702520667074, 33.320525425823945 ], [ -116.949708984219171, 33.320513743151672 ], [ -116.949715262901108, 33.320501909134656 ], [ -116.949719125992189, 33.32049436184645 ], [ -116.949720411099065, 33.320491746010454 ], [ -116.949720452351343, 33.320488441977894 ], [ -116.949721462091233, 33.320476100238196 ], [ -116.949721089907001, 33.320468235972669 ], [ -116.949719706604526, 33.320460448637597 ], [ -116.949717334535862, 33.320452847211875 ], [ -116.949713992549775, 33.320445505527999 ], [ -116.949709717760101, 33.320438498217172 ], [ -116.949704572190825, 33.320431925919422 ], [ -116.949698607969694, 33.320425860476306 ], [ -116.949691896519795, 33.320420369112242 ], [ -116.949684521121313, 33.320415524394981 ], [ -116.949676555164899, 33.320411370995551 ], [ -116.949667942738827, 33.320407901113605 ], [ -116.949660480686347, 33.320405651953223 ], [ -116.949650702936211, 33.320403659295138 ], [ -116.949643026181832, 33.320402094825901 ], [ -116.949632709956816, 33.320401531677007 ], [ -116.949617234350612, 33.320400864141682 ], [ -116.949601747262165, 33.320400372499073 ], [ -116.949586251906112, 33.320400055829374 ], [ -116.949570760096037, 33.320399914066058 ], [ -116.949555255736669, 33.320399949103205 ], [ -116.949539713016378, 33.320400156577669 ], [ -116.949522370784635, 33.320400568049969 ], [ -116.949499743206374, 33.32039841782607 ], [ -116.9494799604539, 33.320395561780707 ], [ -116.949460403169255, 33.320391754980527 ], [ -116.94944113049371, 33.320387006109392 ], [ -116.949422220972323, 33.320381332758949 ], [ -116.949403742489551, 33.320374762499569 ], [ -116.94938573271429, 33.320367305037898 ], [ -116.949368262745622, 33.320358987024477 ], [ -116.949351397267421, 33.320349838752904 ], [ -116.949335188111789, 33.320339895097469 ], [ -116.949319689201147, 33.32032918370723 ], [ -116.949304950255438, 33.320317743977057 ], [ -116.949291006924923, 33.320305601855445 ], [ -116.949277933695711, 33.320292804712984 ], [ -116.949265760054828, 33.320279413698927 ], [ -116.949254515078692, 33.320265438568462 ], [ -116.949244254116081, 33.320250951145624 ], [ -116.949235003287811, 33.320235994564761 ], [ -116.949226793039401, 33.320220615542667 ], [ -116.949219645195555, 33.320204857237918 ], [ -116.949212631150615, 33.320186218174584 ], [ -116.949209408401288, 33.320168250265041 ], [ -116.949206971790005, 33.320159150580487 ], [ -116.94920375269399, 33.320150782966905 ], [ -116.949199289881108, 33.320142012085512 ], [ -116.94919732518467, 33.320138746397355 ], [ -116.94915824806543, 33.320074217683207 ], [ -116.949151407629628, 33.320064133796087 ], [ -116.949143922408965, 33.320053868691566 ], [ -116.949136055365969, 33.320043804108344 ], [ -116.94912781628878, 33.320033955320014 ], [ -116.949119219268837, 33.320024338477666 ], [ -116.94911025459713, 33.320014948225669 ], [ -116.949100939529373, 33.320005793483809 ], [ -116.949091291421951, 33.319996895794894 ], [ -116.949081311370477, 33.319988257857702 ], [ -116.949071007995443, 33.319979883230452 ], [ -116.949060406171185, 33.319971793413707 ], [ -116.949049498372617, 33.319963987547936 ], [ -116.949038297494525, 33.319956466462237 ], [ -116.94902682841105, 33.319949251657171 ], [ -116.949015093284572, 33.319942344923838 ], [ -116.949003108282142, 33.319935753384705 ], [ -116.948990872365741, 33.319929481553984 ], [ -116.948978400578071, 33.319923530248666 ], [ -116.94896572743734, 33.319917918209903 ], [ -116.948952847580784, 33.319912646369538 ], [ -116.94893976637097, 33.319907713795665 ], [ -116.948925807460142, 33.319902887149482 ], [ -116.948907196019746, 33.319896596187611 ], [ -116.948888893304868, 33.319889289081985 ], [ -116.948871175238864, 33.319881087811595 ], [ -116.94885407417091, 33.319872008425264 ], [ -116.948837654827514, 33.319862086626635 ], [ -116.948821973336067, 33.319851357266238 ], [ -116.948807083683334, 33.319839856108153 ], [ -116.948793045290344, 33.319827627001303 ], [ -116.948779904719402, 33.319814717473655 ], [ -116.948767704121536, 33.319801160650897 ], [ -116.948756207997889, 33.319786651282996 ], [ -116.948745326966389, 33.319770352200983 ], [ -116.948736875077657, 33.319756573206 ], [ -116.948729000577018, 33.319742739565413 ], [ -116.948721611169233, 33.319728725561731 ], [ -116.948714714343041, 33.319714527546047 ], [ -116.948708316700433, 33.31970016531865 ], [ -116.948702426962555, 33.319685655060944 ], [ -116.948697046267796, 33.319671004881847 ], [ -116.948692271413876, 33.319656500974929 ], [ -116.948689996226861, 33.319649047763377 ], [ -116.948687214247613, 33.319630578723903 ], [ -116.948685807395037, 33.319613907135839 ], [ -116.948685490469188, 33.319597210480318 ], [ -116.948686261530341, 33.31958051491732 ], [ -116.948688127438999, 33.319563872706432 ], [ -116.948691072617649, 33.319547350660436 ], [ -116.948695094153223, 33.319530987568363 ], [ -116.948700175307877, 33.319514839429232 ], [ -116.948706304555316, 33.319498942375482 ], [ -116.948713466152597, 33.319483342481824 ], [ -116.948721641293233, 33.319468105677366 ], [ -116.948730786289673, 33.319453275489046 ], [ -116.948740889586958, 33.319438884442427 ], [ -116.948751923563989, 33.31942497056388 ], [ -116.948763847884862, 33.319411593591774 ], [ -116.948776626293736, 33.319398786190817 ], [ -116.948789821581244, 33.31938694125347 ], [ -116.948794281280797, 33.319383223729702 ], [ -116.948805914386043, 33.319373191867022 ], [ -116.948818859800454, 33.319362605291559 ], [ -116.94883213722963, 33.319352306289687 ], [ -116.948845739249322, 33.319342306624982 ], [ -116.948859645555032, 33.319332619035343 ], [ -116.9488738486003, 33.319323239956468 ], [ -116.948888354893782, 33.319314177466687 ], [ -116.948904238715883, 33.319304792532236 ], [ -116.948919150933023, 33.319297203824675 ], [ -116.948927537344545, 33.319292023292803 ], [ -116.948935161180785, 33.319286301528273 ], [ -116.948938041209104, 33.319283686642315 ], [ -116.948940695253185, 33.319279267840194 ], [ -116.948944061524671, 33.319271506062961 ], [ -116.948946920750657, 33.319262654288252 ], [ -116.948948882879321, 33.319253630830694 ], [ -116.948949931260216, 33.319244502509292 ], [ -116.948950060998968, 33.319235328863329 ], [ -116.948949233890602, 33.319225763857943 ], [ -116.948949103140905, 33.319224991843512 ], [ -116.948945212843412, 33.319216354787137 ], [ -116.948939206748989, 33.319200454784806 ], [ -116.948934233897873, 33.319184291083182 ], [ -116.94893032706274, 33.319167932928082 ], [ -116.948927476915728, 33.319151422751752 ], [ -116.948925705245131, 33.319134799204384 ], [ -116.948925012561332, 33.319118126303344 ], [ -116.948925400233037, 33.319101441010268 ], [ -116.948926872980081, 33.319084796498359 ], [ -116.948929420544658, 33.319068253238896 ], [ -116.948933033555647, 33.31905184825375 ], [ -116.948937708069423, 33.319035625747979 ], [ -116.948943426317655, 33.319019647136614 ], [ -116.948950173509104, 33.319003943160283 ], [ -116.94895793192596, 33.318988581545405 ], [ -116.94896666534828, 33.318973599465053 ], [ -116.948976362257383, 33.318959033953242 ], [ -116.948986988646126, 33.318944930285802 ], [ -116.948998515891759, 33.318931335511543 ], [ -116.949010905619517, 33.318918285913966 ], [ -116.949024120622269, 33.318905829491889 ], [ -116.949038120262259, 33.318893988114418 ], [ -116.949052880162469, 33.318882802494706 ], [ -116.949068331899184, 33.318872311790379 ], [ -116.949084408180397, 33.31886256236627 ], [ -116.949103933046217, 33.318852000037552 ], [ -116.949140905589246, 33.318839341332279 ], [ -116.949152856032811, 33.31883476559301 ], [ -116.949163921924992, 33.31882984046738 ], [ -116.949174614017224, 33.318824371921274 ], [ -116.949184900234584, 33.318818378169347 ], [ -116.949194734598507, 33.318811884717803 ], [ -116.949204098937983, 33.318804902489489 ], [ -116.949212947375344, 33.31879746961382 ], [ -116.949221254257964, 33.318789601564099 ], [ -116.949228984469457, 33.318781339114366 ], [ -116.949236112378856, 33.318772700442835 ], [ -116.949242617840284, 33.318763718123968 ], [ -116.949249796779483, 33.318752325395778 ], [ -116.949257838136418, 33.318740394009254 ], [ -116.949264587268985, 33.318729648410262 ], [ -116.949270956046945, 33.318718748959704 ], [ -116.94927694746184, 33.318707666786736 ], [ -116.94928449542779, 33.318692591270064 ], [ -116.949296319709546, 33.31867679737023 ], [ -116.949305906766625, 33.318664490287887 ], [ -116.949315752723066, 33.318652326017649 ], [ -116.949325859755461, 33.318640308153995 ], [ -116.949336223625536, 33.318628443934287 ], [ -116.949346830465558, 33.318616745158486 ], [ -116.949357680239373, 33.318605207318392 ], [ -116.949368784702912, 33.318593823134023 ], [ -116.949380135379712, 33.318582607080273 ], [ -116.949391717320836, 33.318571570061593 ], [ -116.949403525178056, 33.318560714812925 ], [ -116.949415559960499, 33.318550033213505 ], [ -116.949427831362598, 33.318539528815322 ], [ -116.949440319072806, 33.318529213454724 ], [ -116.949453028453746, 33.318519086199728 ], [ -116.949465943468141, 33.318509156157617 ], [ -116.949479068368589, 33.318499417894095 ], [ -116.949492414939797, 33.31848986773602 ], [ -116.949505954401133, 33.31848053289621 ], [ -116.949519677022238, 33.318471405314149 ], [ -116.94953360636525, 33.31846247674185 ], [ -116.949547593878478, 33.318453839086928 ], [ -116.949555756839388, 33.318448934786169 ], [ -116.949571147558288, 33.318440502023691 ], [ -116.949586077993828, 33.318432665165787 ], [ -116.949601176835174, 33.318425070814342 ], [ -116.949616459132088, 33.318417720687897 ], [ -116.949631891649801, 33.318410622187159 ], [ -116.949646457656911, 33.31840422196769 ], [ -116.949658438381874, 33.318398742512528 ], [ -116.949668346397459, 33.318393411790957 ], [ -116.949677784669703, 33.31838749310657 ], [ -116.949686710550267, 33.318381025472483 ], [ -116.949695053475324, 33.318374048960891 ], [ -116.949702786812324, 33.318366590772747 ], [ -116.949709869001353, 33.318358691718458 ], [ -116.94971626805463, 33.318350380832499 ], [ -116.949721955379133, 33.318341708770895 ], [ -116.949726884175149, 33.318332732604027 ], [ -116.949731038636315, 33.318323490292144 ], [ -116.949734403914945, 33.318314005363042 ], [ -116.949736962287304, 33.31830434464176 ], [ -116.949738693773995, 33.318294561440901 ], [ -116.949739595506387, 33.318284699959563 ], [ -116.949739658237434, 33.318274812547969 ], [ -116.949738884461141, 33.318264942473391 ], [ -116.94973727567708, 33.318255142927228 ], [ -116.949734675477956, 33.318244791721135 ], [ -116.94973267438445, 33.318238313515366 ], [ -116.949730663592604, 33.318222426203057 ], [ -116.949728594265622, 33.318212383089538 ], [ -116.949725745200411, 33.318202472409659 ], [ -116.949722130704487, 33.318192737364058 ], [ -116.949716010800117, 33.318179403352765 ], [ -116.949709996665945, 33.318161968749422 ], [ -116.949705650778952, 33.318149680624188 ], [ -116.949701111257497, 33.318138024774534 ], [ -116.949696193447366, 33.318126472947291 ], [ -116.949690903907708, 33.318115039532493 ], [ -116.949685243770276, 33.318103731737367 ], [ -116.949679222794444, 33.318092561228823 ], [ -116.949672836749357, 33.318081536145833 ], [ -116.949666094212262, 33.318070654636735 ], [ -116.94965899961602, 33.318059933808556 ], [ -116.949651556196997, 33.318049375446428 ], [ -116.949643781268165, 33.318038995683281 ], [ -116.949635672796958, 33.318028808957493 ], [ -116.949627223114533, 33.318018796376677 ], [ -116.949618454968387, 33.318008982158354 ], [ -116.949609375977118, 33.317999378883208 ], [ -116.949599929834321, 33.317989929160078 ], [ -116.949595419094592, 33.317985634561929 ], [ -116.949528111403595, 33.317940031902729 ], [ -116.949514798644572, 33.317931626472344 ], [ -116.949499990331759, 33.317921404438735 ], [ -116.949485722233888, 33.317910643755262 ], [ -116.949472028955128, 33.317899373983039 ], [ -116.949458931037327, 33.31788761213874 ], [ -116.949446457671584, 33.317875382403834 ], [ -116.949434629421219, 33.317862704499888 ], [ -116.949423475534971, 33.317849609821643 ], [ -116.949413009065623, 33.317836119034666 ], [ -116.949403253805571, 33.317822252744023 ], [ -116.949394231550514, 33.317808050501675 ], [ -116.949385954279236, 33.317793532979231 ], [ -116.949378435015689, 33.317778717235591 ], [ -116.949371694481528, 33.31776364282873 ], [ -116.949365740395663, 33.317748334962637 ], [ -116.949360592333747, 33.31773282418483 ], [ -116.949356252731306, 33.317717146549263 ], [ -116.94935272919929, 33.317701313735242 ], [ -116.949350036087495, 33.31768537435341 ], [ -116.949348170396931, 33.317669356373116 ], [ -116.949347137633737, 33.317653276895619 ], [ -116.949346943484173, 33.317637175563405 ], [ -116.9493475828518, 33.317621086669369 ], [ -116.949349061249848, 33.317605028216413 ], [ -116.949351368298693, 33.317589045347546 ], [ -116.949354505295091, 33.317573166007932 ], [ -116.949358461672048, 33.317557411897525 ], [ -116.949363237659696, 33.317541811869198 ], [ -116.949368816413113, 33.317526408397256 ], [ -116.949375187408563, 33.31751122859162 ], [ -116.949382343228976, 33.31749628511767 ], [ -116.94939004379917, 33.317482043698973 ], [ -116.949393392489299, 33.317476262122703 ], [ -116.949402531647905, 33.317463698766431 ], [ -116.949408420164687, 33.317454402515168 ], [ -116.949413650160636, 33.317444816922247 ], [ -116.949418195234117, 33.317434998041414 ], [ -116.949422035189286, 33.317424972135591 ], [ -116.949425168080239, 33.31741476446313 ], [ -116.949427571801138, 33.317404431053603 ], [ -116.949429242200537, 33.317393989964231 ], [ -116.9494301753287, 33.3173834844985 ], [ -116.949430365037614, 33.31737295166058 ], [ -116.949429813713266, 33.317362421192804 ], [ -116.949428519604169, 33.317351942698053 ], [ -116.949426492635425, 33.317341548581517 ], [ -116.949423731999914, 33.317331272210168 ], [ -116.949420252970853, 33.317321143253864 ], [ -116.949416069963405, 33.317311218438029 ], [ -116.949411191720714, 33.317301516648847 ], [ -116.949405630207536, 33.317292056754376 ], [ -116.949399034435345, 33.317282326766573 ], [ -116.949358919613431, 33.317227038171225 ], [ -116.949349769059111, 33.317212765413537 ], [ -116.949341489190289, 33.317198586938147 ], [ -116.949333854935162, 33.317184157762789 ], [ -116.949327015922577, 33.317169789932287 ], [ -116.949323293587383, 33.317161333179691 ], [ -116.949318090654813, 33.317143922841495 ], [ -116.949314265304963, 33.31712794835564 ], [ -116.949311336738077, 33.317111839877661 ], [ -116.949309321372496, 33.317095636087913 ], [ -116.949308217297499, 33.317079366753163 ], [ -116.949308028058539, 33.317063072429555 ], [ -116.949308755067605, 33.317046795488757 ], [ -116.949310392031805, 33.317030554901677 ], [ -116.949312951080856, 33.317014390274444 ], [ -116.94931640911355, 33.316998367560736 ], [ -116.949320760752457, 33.316982485888943 ], [ -116.949326006400554, 33.316966795751583 ], [ -116.949332124866729, 33.316951333335531 ], [ -116.949339107796845, 33.316936128443587 ], [ -116.9493469340144, 33.316921219065911 ], [ -116.94935558982435, 33.316906638642145 ], [ -116.949365055037745, 33.316892414336543 ], [ -116.949375313768584, 33.316878574190923 ], [ -116.949386336328331, 33.316865166161918 ], [ -116.949398097064787, 33.316852205722647 ], [ -116.949410581166106, 33.316839720908753 ], [ -116.949423413344974, 33.316828056476851 ], [ -116.949429721890297, 33.316822676614194 ], [ -116.949614179440758, 33.316682524443443 ], [ -116.94962715935749, 33.316673360453194 ], [ -116.949638626806873, 33.316664965109481 ], [ -116.949649914597714, 33.316656397651876 ], [ -116.949661020618194, 33.316647662600793 ], [ -116.9496719362985, 33.316638762709587 ], [ -116.949682659541239, 33.316629704302009 ], [ -116.949693184940642, 33.316620482900106 ], [ -116.949703520064659, 33.316611104773145 ], [ -116.949713693599676, 33.31660153098673 ], [ -116.949722269331687, 33.316593201521329 ], [ -116.949901296704425, 33.31642977706408 ], [ -116.950075311892206, 33.316265234544815 ], [ -116.950084598289507, 33.316255532277637 ], [ -116.950094916976525, 33.316244780931612 ], [ -116.950105240093748, 33.31623404669191 ], [ -116.950115584708541, 33.31622331503516 ], [ -116.950125945523524, 33.316212595008238 ], [ -116.950136315049903, 33.316201890260068 ], [ -116.950146706045089, 33.316191184488275 ], [ -116.950157115395413, 33.316180491235762 ], [ -116.950167526004634, 33.316169821419287 ], [ -116.950177952734663, 33.316159153314345 ], [ -116.950188404198457, 33.316148489577579 ], [ -116.950198865426003, 33.316137838408522 ], [ -116.950209344994263, 33.316127197955481 ], [ -116.950219832207267, 33.316116573688852 ], [ -116.950230333429275, 33.316105955654152 ], [ -116.950240856184919, 33.316095344710682 ], [ -116.950251389785478, 33.316084747230519 ], [ -116.950261941690655, 33.316074155958098 ], [ -116.950272506588576, 33.316063578136863 ], [ -116.950283082338558, 33.316053014680527 ], [ -116.950293667816268, 33.316042459283693 ], [ -116.950304279101616, 33.316031908248789 ], [ -116.95031489909131, 33.316021371591034 ], [ -116.950325538459467, 33.316010841134876 ], [ -116.950336188701428, 33.316000327748576 ], [ -116.95034684335188, 33.315989828763648 ], [ -116.950357529085892, 33.31597932238882 ], [ -116.950368226796357, 33.315968836684505 ], [ -116.950378926796446, 33.315958369000164 ], [ -116.950389652553682, 33.315947899366193 ], [ -116.950400390251346, 33.315937445894441 ], [ -116.950411144098567, 33.315926997740775 ], [ -116.950421907774469, 33.315916570269636 ], [ -116.950432682237533, 33.315906149048523 ], [ -116.950443473952944, 33.315895736746128 ], [ -116.950454282913427, 33.315885332460667 ], [ -116.95046510592617, 33.315874939817007 ], [ -116.950475945117319, 33.31586455609807 ], [ -116.95048679196762, 33.315854190368761 ], [ -116.950497658153182, 33.315843825431131 ], [ -116.950508538441426, 33.315833478446777 ], [ -116.950519424183312, 33.31582314225107 ], [ -116.950530335718369, 33.315812808613863 ], [ -116.950541260253388, 33.315802489329492 ], [ -116.950543999687966, 33.315799906756311 ], [ -116.950599133210915, 33.315747465255072 ], [ -116.95065376998825, 33.31569549721489 ], [ -116.950662757617238, 33.315686455726087 ], [ -116.950670914333656, 33.315677456795854 ], [ -116.950673475585276, 33.315674350439828 ] ] ], [ [ [ -116.950691812490916, 33.315987507709977 ], [ -116.950682340422375, 33.3159965429167 ], [ -116.950671584168234, 33.316006821589198 ], [ -116.950660847292752, 33.316017106463271 ], [ -116.950650126617404, 33.316027402966959 ], [ -116.95063941251297, 33.316037715663114 ], [ -116.950628717758335, 33.316048030954157 ], [ -116.950618039218256, 33.31605835967823 ], [ -116.950607368308596, 33.316068702785365 ], [ -116.950596710362916, 33.316079055737092 ], [ -116.950586070693049, 33.316089411289795 ], [ -116.950575450445129, 33.31609977845401 ], [ -116.950564837842037, 33.316110161804616 ], [ -116.950554240321921, 33.316120551381033 ], [ -116.950543663261556, 33.316130948054649 ], [ -116.950533088541391, 33.316141369059892 ], [ -116.950522528846435, 33.316151789077736 ], [ -116.950512002455071, 33.316162210710104 ], [ -116.950501475189299, 33.316172657593967 ], [ -116.950490959791921, 33.316183111623481 ], [ -116.950480467002237, 33.316193572738065 ], [ -116.950469980754562, 33.31620404643855 ], [ -116.950459514966695, 33.316214527236255 ], [ -116.950449060023828, 33.316225021497289 ], [ -116.950438622319012, 33.316235522873725 ], [ -116.950428199726005, 33.316246034082603 ], [ -116.950417790118635, 33.316256557841022 ], [ -116.950407390267827, 33.316267093265559 ], [ -116.950397007662374, 33.316277636707198 ], [ -116.950386644413882, 33.316288183645462 ], [ -116.950376297401675, 33.31629874672177 ], [ -116.950365955864839, 33.316309323291705 ], [ -116.950355633706693, 33.316319906063285 ], [ -116.950345324512497, 33.316330498679527 ], [ -116.950335026170521, 33.316341105660683 ], [ -116.950324743992695, 33.316351719763439 ], [ -116.950314482238625, 33.316362336455121 ], [ -116.950304234565735, 33.316372968395356 ], [ -116.950293994523307, 33.316383614718738 ], [ -116.950283775978605, 33.316394263625149 ], [ -116.950272556478538, 33.316405985779191 ], [ -116.950095849926669, 33.31657307209079 ], [ -116.949913017583114, 33.316742550594341 ], [ -116.949908563709471, 33.316746436744545 ], [ -116.949896973035109, 33.316756477495133 ], [ -116.949885285523862, 33.316766496248057 ], [ -116.949873541725694, 33.316776460313804 ], [ -116.949861732032915, 33.316786376960046 ], [ -116.949849856445425, 33.316796246186769 ], [ -116.949837919186862, 33.316806058953233 ], [ -116.949825923507987, 33.316815818847893 ], [ -116.949813871527724, 33.316825522251975 ], [ -116.949801756874635, 33.316835178218284 ], [ -116.949789264641041, 33.316845026568231 ], [ -116.949607506740705, 33.316983127764573 ], [ -116.949605916902712, 33.316984428846496 ], [ -116.949597804133489, 33.316991833263472 ], [ -116.949590993564357, 33.316999169930689 ], [ -116.949584925428979, 33.317006948752962 ], [ -116.949579631570828, 33.317015122663015 ], [ -116.949575152331235, 33.317023632823734 ], [ -116.949571520512393, 33.31703241773522 ], [ -116.949568757175442, 33.317041424980872 ], [ -116.949566879035103, 33.317050595856458 ], [ -116.949565902712706, 33.317059859936371 ], [ -116.949565833088172, 33.317069155878073 ], [ -116.94956667190614, 33.317078433176924 ], [ -116.949568411072903, 33.317087619743127 ], [ -116.949571187330989, 33.317097162045883 ], [ -116.949573645962687, 33.317103781948589 ], [ -116.9495769069066, 33.317109735489176 ], [ -116.949583905686993, 33.317118960053087 ], [ -116.94959247551256, 33.317130444424997 ], [ -116.94960085685463, 33.317141323920694 ], [ -116.949609424249644, 33.317152100476349 ], [ -116.949619773025802, 33.317164712760665 ], [ -116.949627833150728, 33.317176251398003 ], [ -116.949636755827186, 33.317190091705228 ], [ -116.949645089966012, 33.317204335679008 ], [ -116.949652752830772, 33.31721884402323 ], [ -116.949659729270735, 33.317233602396371 ], [ -116.949666002859317, 33.317248571216517 ], [ -116.949671574540616, 33.317263734248094 ], [ -116.949676429163688, 33.317279077149351 ], [ -116.949680559967476, 33.317294560284083 ], [ -116.949683962547823, 33.317310170151735 ], [ -116.949686633545554, 33.317325889639136 ], [ -116.949688559734255, 33.317341676441373 ], [ -116.949689749582618, 33.317357515181811 ], [ -116.949690190001064, 33.317373380687009 ], [ -116.949689892571925, 33.317389244037457 ], [ -116.949688850764758, 33.317405094449661 ], [ -116.949687064298004, 33.317420896759167 ], [ -116.949684538353608, 33.317436627492711 ], [ -116.949681275929592, 33.317452258680916 ], [ -116.949677288644395, 33.317467765912539 ], [ -116.949672573225286, 33.317483142894147 ], [ -116.949667133650649, 33.317498349928748 ], [ -116.949660994375776, 33.317513356220879 ], [ -116.949654153129899, 33.317528146454507 ], [ -116.949646630166299, 33.317542701579839 ], [ -116.949638426385718, 33.317556999951009 ], [ -116.949629552404829, 33.317571026179401 ], [ -116.949622920547384, 33.317580571889181 ], [ -116.949622074147769, 33.317582307005488 ], [ -116.949617831696102, 33.317592362235665 ], [ -116.949614526053921, 33.317602184961551 ], [ -116.949611989664177, 33.317612176478697 ], [ -116.949610229655576, 33.31762228805561 ], [ -116.949609259535578, 33.317632462809613 ], [ -116.949609081229113, 33.317642672777332 ], [ -116.949609696531098, 33.317652873765802 ], [ -116.949611099747884, 33.317663025230921 ], [ -116.949613285084823, 33.317673074005384 ], [ -116.949616244678737, 33.317682976852275 ], [ -116.949619969714831, 33.317692705868687 ], [ -116.949624435031453, 33.317702203488011 ], [ -116.949629629615515, 33.317711435507867 ], [ -116.949635531743326, 33.317720371393023 ], [ -116.94964211202938, 33.317728962617522 ], [ -116.949649346594668, 33.31773717775657 ], [ -116.949657196445884, 33.317744975551847 ], [ -116.949665639902307, 33.317752330878022 ], [ -116.949674632643962, 33.31775920791695 ], [ -116.949686332016782, 33.317767046238849 ], [ -116.949776048075208, 33.317829920705684 ], [ -116.949785905980789, 33.317839154394285 ], [ -116.949797442020582, 33.317850338003737 ], [ -116.949808774258713, 33.317861822122524 ], [ -116.949819803041535, 33.317873500912441 ], [ -116.949830538099434, 33.317885382434106 ], [ -116.94984096111763, 33.317897459577132 ], [ -116.949851065464841, 33.317909708935034 ], [ -116.949860858810098, 33.317922149400175 ], [ -116.949870335704261, 33.317934771084786 ], [ -116.949879473435772, 33.317947554279641 ], [ -116.949888280531255, 33.317960490821463 ], [ -116.949896762526095, 33.317973601418181 ], [ -116.949904897696214, 33.317986855534699 ], [ -116.949912690329967, 33.31800025224522 ], [ -116.949920136102691, 33.318013787967345 ], [ -116.949927233911438, 33.318027459100691 ], [ -116.949933976151939, 33.31804125486785 ], [ -116.949940358412903, 33.318055160866557 ], [ -116.949946389393901, 33.318069190573325 ], [ -116.949952051745811, 33.318083323346983 ], [ -116.949957348589365, 33.318097546546355 ], [ -116.949962086403161, 33.318111297704391 ], [ -116.949966743692229, 33.318124380260265 ], [ -116.949971446111149, 33.318137868323205 ], [ -116.949976058600939, 33.318151392058795 ], [ -116.949980571337392, 33.318164931685239 ], [ -116.949984990836171, 33.318178496182746 ], [ -116.94998965207904, 33.318193146758617 ], [ -116.949993046374473, 33.318206231923782 ], [ -116.949996353947782, 33.318222037082258 ], [ -116.949998834155295, 33.318238062408675 ], [ -116.950000456839021, 33.318254162900537 ], [ -116.95000122503285, 33.318270315096804 ], [ -116.950001126547946, 33.318286472178158 ], [ -116.95000017301706, 33.31830261153668 ], [ -116.949998357786924, 33.318318707060854 ], [ -116.949995686889721, 33.318334707320105 ], [ -116.949992167698511, 33.318350594238986 ], [ -116.949987805287037, 33.318366330819444 ], [ -116.949982612369112, 33.318381895349049 ], [ -116.949976587560514, 33.318397249062777 ], [ -116.949969760599814, 33.318412350315064 ], [ -116.949962126109654, 33.318427198234311 ], [ -116.949953712567364, 33.318441727738055 ], [ -116.94994454457985, 33.318455926965427 ], [ -116.949934617706816, 33.318469777907431 ], [ -116.949923963856662, 33.318483241611354 ], [ -116.949912606403899, 33.318496286385972 ], [ -116.949900560282757, 33.318508899523216 ], [ -116.949887857380133, 33.318521039365336 ], [ -116.949874532977873, 33.318532685876129 ], [ -116.949860588106731, 33.318543833639353 ], [ -116.949846058978324, 33.318554444579675 ], [ -116.949830986208397, 33.318564494122356 ], [ -116.949815395463872, 33.318573968597157 ], [ -116.949799313435165, 33.31858284801622 ], [ -116.949782779714639, 33.318591114122469 ], [ -116.949765666934312, 33.318598821734916 ], [ -116.949756550774296, 33.318602447410214 ], [ -116.949743672121386, 33.318607922015332 ], [ -116.94973122518256, 33.318613661087618 ], [ -116.949719130708488, 33.318619693026143 ], [ -116.949706518578381, 33.318626533091397 ], [ -116.949695225530832, 33.318633399086124 ], [ -116.949683305672593, 33.318640988161839 ], [ -116.949671576601432, 33.318648797977836 ], [ -116.949660059688384, 33.318656814888399 ], [ -116.949648752807121, 33.318665041610608 ], [ -116.949637660224624, 33.318673474513751 ], [ -116.949626790482029, 33.31868210723794 ], [ -116.949616147846413, 33.318690936152315 ], [ -116.949605736599096, 33.318699959429551 ], [ -116.949595556711373, 33.318709173463034 ], [ -116.949585630584949, 33.318718559191126 ], [ -116.94957594016428, 33.318728141962964 ], [ -116.949566494877345, 33.318737891969604 ], [ -116.949557317262745, 33.318747807280829 ], [ -116.949548401921987, 33.318757884320291 ], [ -116.949539744660072, 33.318768135735354 ], [ -116.949531342132801, 33.318778546216222 ], [ -116.949523227445454, 33.318789092132349 ], [ -116.949514822611931, 33.318800558506844 ], [ -116.94951009563637, 33.318806841074078 ], [ -116.949502714472104, 33.318817250308356 ], [ -116.949495863106222, 33.318827698937625 ], [ -116.949489430992813, 33.31883833095371 ], [ -116.949482714202091, 33.318850433429766 ], [ -116.949478105373402, 33.318858330261328 ], [ -116.949469271396921, 33.318872275096858 ], [ -116.94945958271235, 33.318886111132429 ], [ -116.949449193112585, 33.318899595848016 ], [ -116.949438112039658, 33.318912701237835 ], [ -116.94942638424682, 33.318925382866716 ], [ -116.949414019341887, 33.318937633466838 ], [ -116.949401043957678, 33.318949425837289 ], [ -116.94938747304316, 33.318960749073312 ], [ -116.949373336388177, 33.318971567841004 ], [ -116.949358665036783, 33.318981869341606 ], [ -116.949343480317054, 33.318991634519378 ], [ -116.949327808933973, 33.319000845189855 ], [ -116.949311679740561, 33.319009483156485 ], [ -116.94929513341792, 33.319017531959652 ], [ -116.949278187055953, 33.319024979780913 ], [ -116.949260882395279, 33.319031808351255 ], [ -116.949250415508132, 33.319035489383893 ], [ -116.949236314346535, 33.319043494655709 ], [ -116.949227353141438, 33.319048645082532 ], [ -116.949219379797029, 33.319054170460952 ], [ -116.949212244830264, 33.319060180737544 ], [ -116.949205839201269, 33.319066739644867 ], [ -116.949200217264476, 33.319073794578792 ], [ -116.949195428941565, 33.31908127582809 ], [ -116.949191531607227, 33.319089105524263 ], [ -116.949188550532611, 33.319097220406697 ], [ -116.949186523631553, 33.319105526485977 ], [ -116.949185464404962, 33.319113965977841 ], [ -116.949185382908468, 33.31912245316488 ], [ -116.949186279589796, 33.319130909597455 ], [ -116.949188146225694, 33.31913924695592 ], [ -116.949190967233605, 33.319147396799316 ], [ -116.949197284389101, 33.319160686442615 ], [ -116.949199620852156, 33.319168008555216 ], [ -116.949203959185965, 33.319183790796359 ], [ -116.949207356054899, 33.319200300593515 ], [ -116.949209653092382, 33.319216939212929 ], [ -116.949210843558703, 33.319233669723232 ], [ -116.949210922581216, 33.319250420016516 ], [ -116.949209890923569, 33.319267151315699 ], [ -116.94920775140362, 33.319283813110161 ], [ -116.949204506760196, 33.319300344970955 ], [ -116.949200174868309, 33.319316699007729 ], [ -116.949194761775075, 33.319332825593179 ], [ -116.949188288591927, 33.319348678622099 ], [ -116.949180770966905, 33.319364200297819 ], [ -116.949172237550911, 33.319379347177673 ], [ -116.949162711560248, 33.319394067734237 ], [ -116.949150057484147, 33.31941127383201 ], [ -116.949134791511497, 33.3194254009261 ], [ -116.949121864833188, 33.319436581644275 ], [ -116.949108474453325, 33.319447393474185 ], [ -116.949094651344041, 33.319457814600746 ], [ -116.949080405070305, 33.319467832346206 ], [ -116.949065765573579, 33.319477430311444 ], [ -116.94904969503682, 33.319487241014279 ], [ -116.949042585572229, 33.319490936492855 ], [ -116.949030881280038, 33.319497432341244 ], [ -116.949019847788207, 33.319504139917228 ], [ -116.949009158955448, 33.319511238690133 ], [ -116.948998831871393, 33.319518716841849 ], [ -116.948988897486828, 33.319526549852576 ], [ -116.948977971260078, 33.319535931240353 ], [ -116.94897365424103, 33.319539493778173 ], [ -116.948966720029247, 33.319546172867341 ], [ -116.948961129270245, 33.319552834476312 ], [ -116.948956389434514, 33.319559937633599 ], [ -116.948952548310658, 33.319567414443476 ], [ -116.948949644994983, 33.319575184435266 ], [ -116.948947712075054, 33.31958315905986 ], [ -116.948946768378704, 33.319591275092826 ], [ -116.9489468226719, 33.319599419773375 ], [ -116.948947649856592, 33.31960576573649 ], [ -116.948948622217912, 33.319608637563952 ], [ -116.948952994071888, 33.319620684814716 ], [ -116.948957655345424, 33.319632526653983 ], [ -116.948962641211821, 33.319644263873236 ], [ -116.94896796024868, 33.319655894620873 ], [ -116.948973609327723, 33.319667430636365 ], [ -116.94897616481046, 33.319672322360923 ], [ -116.94898313443143, 33.319678415542768 ], [ -116.948991037890281, 33.319684169842098 ], [ -116.948999529119462, 33.319689286943046 ], [ -116.949008369799628, 33.31969364645839 ], [ -116.94902162345609, 33.319698792657185 ], [ -116.949036466767325, 33.319704086801259 ], [ -116.949052776985127, 33.319710296921066 ], [ -116.949068903986415, 33.319716830875905 ], [ -116.949084839143595, 33.31972368420589 ], [ -116.94910057924929, 33.319730858732626 ], [ -116.949116105966837, 33.319738344640726 ], [ -116.949131408499142, 33.319746134777574 ], [ -116.949146497614791, 33.319754232689377 ], [ -116.949161347502582, 33.319762634012996 ], [ -116.949175954825463, 33.319771324340294 ], [ -116.949190315359587, 33.319780312712034 ], [ -116.949204411784763, 33.319789582093662 ], [ -116.949218236561606, 33.319799129822677 ], [ -116.949231791802077, 33.319808951378782 ], [ -116.949245064618538, 33.31981904683466 ], [ -116.949258041993801, 33.319829400033171 ], [ -116.949270727178529, 33.319840014562914 ], [ -116.949283097518517, 33.319850877927855 ], [ -116.949295162621851, 33.319861982860445 ], [ -116.949306907467374, 33.319873331248687 ], [ -116.949318326555456, 33.319884906893222 ], [ -116.949329417803057, 33.319896717921118 ], [ -116.949340161669667, 33.319908738293421 ], [ -116.949350565716259, 33.319920973377727 ], [ -116.949360618071424, 33.319933416027517 ], [ -116.949370313257234, 33.319946052748271 ], [ -116.949379644808133, 33.319958880871432 ], [ -116.949389099475539, 33.319972600074152 ], [ -116.94943010311286, 33.320040304447787 ], [ -116.949434667822359, 33.320048384051006 ], [ -116.949442152874241, 33.32006279061153 ], [ -116.949449033993247, 33.320077692896888 ], [ -116.949455173682622, 33.320092819370593 ], [ -116.949460564280074, 33.320108152041982 ], [ -116.949465190504711, 33.320123660339725 ], [ -116.949468138740542, 33.320135628125819 ], [ -116.949469143121078, 33.320138337464186 ], [ -116.949472858204743, 33.320145869113908 ], [ -116.949477200204996, 33.320152420699934 ], [ -116.949482407369686, 33.32015850664817 ], [ -116.949488414655164, 33.320164051582772 ], [ -116.949495139819774, 33.320168978421265 ], [ -116.949502496441099, 33.320173224531963 ], [ -116.949510386333372, 33.320176733661 ], [ -116.949518701695524, 33.320179455920908 ], [ -116.949527306882274, 33.320181351499336 ], [ -116.949534583853264, 33.320182215809297 ], [ -116.949545993410794, 33.320181973006726 ], [ -116.949563165557365, 33.320181787010256 ], [ -116.949580339159454, 33.320181783145102 ], [ -116.949597510959279, 33.320181956921068 ], [ -116.949614668105227, 33.320182312919044 ], [ -116.949631829849736, 33.320182841111894 ], [ -116.949648985590017, 33.32018355869166 ], [ -116.949665716166052, 33.3201844292469 ], [ -116.949683322435675, 33.320185345361054 ], [ -116.949705267657293, 33.320188129678613 ], [ -116.949726946339254, 33.320192637726223 ], [ -116.949745894524369, 33.320198179165388 ], [ -116.949757018160824, 33.320201669156795 ], [ -116.949775093020648, 33.320208132533288 ], [ -116.949793038328991, 33.320215586695177 ], [ -116.949810451208492, 33.320223882428458 ], [ -116.949827273448605, 33.320232993010599 ], [ -116.949843453253692, 33.32024288807618 ], [ -116.949858945279118, 33.320253538125165 ], [ -116.949873690203958, 33.320264911932902 ], [ -116.949887641472529, 33.320276962873955 ], [ -116.94990075695452, 33.320289660528495 ], [ -116.949912998714765, 33.320302961829391 ], [ -116.94992432024759, 33.320316826462815 ], [ -116.949934685700583, 33.320331203234673 ], [ -116.949944069016894, 33.320346057126002 ], [ -116.949952433255532, 33.320361335145385 ], [ -116.949959744646947, 33.320376977971726 ], [ -116.949965990958688, 33.320392933375928 ], [ -116.949971158026685, 33.320409176190637 ], [ -116.949975215288717, 33.320425645273161 ], [ -116.94997815356831, 33.320442267638263 ], [ -116.949979967199369, 33.320459006348571 ], [ -116.949980644972754, 33.320475802857317 ], [ -116.949980304373284, 33.320488411335496 ], [ -116.949980531832509, 33.3204909338899 ], [ -116.949980542505273, 33.320509997405949 ], [ -116.949977613829489, 33.320530168536486 ], [ -116.949971795670677, 33.320549893384602 ], [ -116.949963168401808, 33.320568881152042 ], [ -116.949956554786425, 33.320579388876759 ], [ -116.949955191705371, 33.320583132269881 ], [ -116.949948593848177, 33.320598700201813 ], [ -116.949940785295709, 33.320614235282299 ], [ -116.949931912417867, 33.320629372402692 ], [ -116.949922019816611, 33.320644048192754 ], [ -116.949913398100122, 33.32065527055218 ], [ -116.949907920091718, 33.320663675439825 ], [ -116.949900551585372, 33.32067527846322 ], [ -116.949893352030998, 33.320686922913488 ], [ -116.949886316296585, 33.320698638575486 ], [ -116.949879433656776, 33.320710427313045 ], [ -116.949872718995991, 33.320722270106806 ], [ -116.94986616492622, 33.320734183228794 ], [ -116.94985977139703, 33.320746160367584 ], [ -116.949853540520337, 33.320758197002846 ], [ -116.949847476570525, 33.320770290405328 ], [ -116.94984157739971, 33.32078244058723 ], [ -116.949835845148698, 33.320794646634845 ], [ -116.949830280862713, 33.320806904935452 ], [ -116.949824882458657, 33.320819223616098 ], [ -116.94981964985017, 33.320831591857029 ], [ -116.949814587311565, 33.320844006929015 ], [ -116.949809124335189, 33.3208579219678 ], [ -116.949805268934469, 33.320866432222211 ], [ -116.9498001094952, 33.32087841502733 ], [ -116.949795284971671, 33.320890375206119 ], [ -116.949792605291506, 33.320897499246144 ], [ -116.949792600188275, 33.32089753263751 ], [ -116.949791391023595, 33.320908304753083 ], [ -116.949789950924156, 33.320921761605554 ], [ -116.949788571068297, 33.320935230742244 ], [ -116.949786988215465, 33.320951520613953 ], [ -116.949783328362429, 33.320968236065525 ], [ -116.949779633671469, 33.320983012173549 ], [ -116.949775500094233, 33.320997703290175 ], [ -116.949770926527691, 33.321012305814925 ], [ -116.949765917260279, 33.321026818821842 ], [ -116.949760468824877, 33.321041211672856 ], [ -116.949754601634154, 33.321055485154666 ], [ -116.949748296327414, 33.32106963576944 ], [ -116.949741580597404, 33.32108363450692 ], [ -116.949734442781519, 33.32109750036841 ], [ -116.949726888062074, 33.32111120988052 ], [ -116.949718931373866, 33.321124750335436 ], [ -116.949710567361237, 33.321138123566577 ], [ -116.949701808760466, 33.321151310566577 ], [ -116.949692655585906, 33.321164313138645 ], [ -116.949683115254487, 33.321177118617271 ], [ -116.949673197330981, 33.321189714324746 ], [ -116.949662901829825, 33.321202102064305 ], [ -116.949652231879099, 33.321214270096192 ], [ -116.949642894444295, 33.321224377467544 ], [ -116.949642249913651, 33.321225170079124 ], [ -116.949634333059578, 33.321235365927933 ], [ -116.949627099562989, 33.321245461445557 ], [ -116.949620301757548, 33.321255779931356 ], [ -116.949613953345846, 33.321266288847283 ], [ -116.94960806503893, 33.321276984526278 ], [ -116.949602634609846, 33.321287857062394 ], [ -116.949597683286186, 33.321298874776879 ], [ -116.949593206844284, 33.321310046710444 ], [ -116.949589210466769, 33.321321349390011 ], [ -116.949585705773259, 33.321332758404452 ], [ -116.949582695942567, 33.321344268325788 ], [ -116.949580180866818, 33.321355865629251 ], [ -116.949578166809971, 33.321367527737316 ], [ -116.949576661167626, 33.32137923927958 ], [ -116.949575656414936, 33.321390999396733 ], [ -116.949575157669742, 33.321402776500719 ], [ -116.949575165155522, 33.321411238838316 ], [ -116.94958793029825, 33.321477918290995 ], [ -116.949588613335749, 33.321481137090693 ], [ -116.949591395310492, 33.321496483546525 ], [ -116.949593489570489, 33.321512326200128 ], [ -116.949594813188142, 33.321528233608156 ], [ -116.949595361643645, 33.321544177843592 ], [ -116.949595136731588, 33.321560114713549 ], [ -116.949594143763719, 33.321576036974463 ], [ -116.94959237390276, 33.321591914018533 ], [ -116.949589837657598, 33.321607716932498 ], [ -116.949586536923519, 33.321623414146373 ], [ -116.949582479095682, 33.321638990289593 ], [ -116.949577666105384, 33.321654418300533 ], [ -116.949572109514065, 33.321669666554754 ], [ -116.949565818756639, 33.321684706144794 ], [ -116.949558804486273, 33.321699526190372 ], [ -116.949551073925235, 33.321714089681137 ], [ -116.949542652654429, 33.321728372127296 ], [ -116.949533539527579, 33.321742364518236 ], [ -116.94952375039496, 33.321756034303569 ], [ -116.949513312935238, 33.321769350669761 ], [ -116.949502236734929, 33.321782303644014 ], [ -116.94949054304324, 33.321794864252325 ], [ -116.949478248928656, 33.321807017971366 ], [ -116.949465377788442, 33.321818735814986 ], [ -116.949451947844466, 33.321830013171947 ], [ -116.949437967458181, 33.321840821140846 ], [ -116.94942349654994, 33.321851131431551 ], [ -116.949411518204329, 33.321858985901592 ], [ -116.949405327739711, 33.321863731202662 ], [ -116.949388258067074, 33.321875036263442 ], [ -116.949369383966456, 33.321885262239292 ], [ -116.949349433220064, 33.321893953283414 ], [ -116.94932858872555, 33.3219010136878 ], [ -116.949312108148575, 33.321905126230916 ], [ -116.949303882269191, 33.321907709008634 ], [ -116.949287952350133, 33.321912587591136 ], [ -116.949271903338968, 33.321917347818797 ], [ -116.949255798450167, 33.321921970400119 ], [ -116.949239645209019, 33.321926456194397 ], [ -116.949223432882832, 33.321930806163735 ], [ -116.949207174330851, 33.321935016628963 ], [ -116.949190864219105, 33.321939092128495 ], [ -116.949174503578519, 33.321943027246448 ], [ -116.949158101029838, 33.321946825540969 ], [ -116.949141645811636, 33.321950484367569 ], [ -116.949125154033979, 33.321954003635533 ], [ -116.949108618171721, 33.321957382485515 ], [ -116.949092048964886, 33.32196062085702 ], [ -116.949075433547193, 33.321963721527574 ], [ -116.949058778319525, 33.321966679050966 ], [ -116.949042104769021, 33.321969494207927 ], [ -116.949025391451926, 33.321972171627593 ], [ -116.949007554855314, 33.321974870696039 ], [ -116.948998570004107, 33.321975888781246 ], [ -116.948980049423369, 33.321977534912421 ], [ -116.948961068477658, 33.321978558759277 ], [ -116.948942061891472, 33.321978927217572 ], [ -116.948925131830222, 33.321978672639723 ], [ -116.94886950694908, 33.321978932468127 ], [ -116.948857975382111, 33.321979258849382 ], [ -116.948849528268681, 33.321980366772124 ], [ -116.948841298432413, 33.321982321963702 ], [ -116.948833424166651, 33.321985092086905 ], [ -116.948826007234629, 33.321988643206431 ], [ -116.948819144974067, 33.32199292518164 ], [ -116.948812956029968, 33.321997866111488 ], [ -116.948807519388495, 33.322003404236433 ], [ -116.948802921309365, 33.322009447098694 ], [ -116.948799228835426, 33.322015916775634 ], [ -116.948796489497724, 33.32202271291213 ], [ -116.948794751894241, 33.322029734245241 ], [ -116.948794035639253, 33.322036881478596 ], [ -116.948794515727442, 33.322047643175168 ], [ -116.948794913395091, 33.322060727192131 ], [ -116.948795633975124, 33.322073225997478 ], [ -116.948796690558495, 33.322085703074968 ], [ -116.948798086324175, 33.322098152996617 ], [ -116.948799821301051, 33.322110579368996 ], [ -116.948801891099819, 33.322122970494796 ], [ -116.948804294509671, 33.322135309248615 ], [ -116.948807034781623, 33.322147599218937 ], [ -116.948810109760672, 33.322159839516253 ], [ -116.948813516131295, 33.322172018437051 ], [ -116.948817250621303, 33.322184129688047 ], [ -116.948821314232745, 33.322196164246542 ], [ -116.948825697199041, 33.322208109543816 ], [ -116.948830415745448, 33.322219979915538 ], [ -116.948835443909005, 33.322231752063871 ], [ -116.948840736547069, 33.322243287382193 ], [ -116.948842868407155, 33.322247576456391 ], [ -116.948847948317891, 33.322256143700081 ], [ -116.948853552862715, 33.322263831546898 ], [ -116.948859932574805, 33.322271078612587 ], [ -116.948867580877163, 33.322278342885006 ], [ -116.948875077475464, 33.322284632380011 ], [ -116.948884839880691, 33.322292077716696 ], [ -116.948894952820353, 33.322299034166456 ], [ -116.948905476805606, 33.322305547374896 ], [ -116.948916378405585, 33.322311600397832 ], [ -116.94892491973026, 33.322315830858173 ], [ -116.948935684048962, 33.322319487053385 ], [ -116.948952729744235, 33.322325875189144 ], [ -116.948969512148352, 33.322332782375497 ], [ -116.948985998983986, 33.322340201580701 ], [ -116.949002150369267, 33.322348114995499 ], [ -116.949017949041135, 33.322356512798585 ], [ -116.949033380994535, 33.322365389658756 ], [ -116.949048413858335, 33.322374726822851 ], [ -116.949063033576977, 33.3223845126481 ], [ -116.949073126522208, 33.322391786591425 ], [ -116.94907361305026, 33.322392053458692 ], [ -116.949086518912964, 33.322398921134756 ], [ -116.949099383477929, 33.322405459022754 ], [ -116.949112413824892, 33.322411775061717 ], [ -116.949125584127188, 33.32241786308505 ], [ -116.949138904000478, 33.322423716726895 ], [ -116.949152370309037, 33.322429346824983 ], [ -116.949165970035168, 33.322434737222189 ], [ -116.949179701095588, 33.322439896045459 ], [ -116.949191497546167, 33.322444082914622 ], [ -116.949192021737886, 33.322444224234161 ], [ -116.949206732257139, 33.322448028609251 ], [ -116.94922130838485, 33.322451547001194 ], [ -116.949235954656928, 33.322454837770152 ], [ -116.949250686087595, 33.322457898126501 ], [ -116.949265473707541, 33.322460731840046 ], [ -116.94927977105867, 33.322463233784667 ], [ -116.949292797068352, 33.322465105389981 ], [ -116.949308461506135, 33.322465836826076 ], [ -116.949330600629764, 33.322468622825284 ], [ -116.94935233466019, 33.322473134234833 ], [ -116.949370795689575, 33.322478540516236 ], [ -116.949381150594704, 33.322481629109191 ], [ -116.949397366018161, 33.322486661206611 ], [ -116.949413567264216, 33.322491935035224 ], [ -116.949429670301456, 33.322497418607327 ], [ -116.949445682727102, 33.322503121798754 ], [ -116.949461576538084, 33.322509034848714 ], [ -116.949477350631568, 33.32251515415664 ], [ -116.949493015762073, 33.32252148146538 ], [ -116.949508559048908, 33.322528017749256 ], [ -116.949523981522916, 33.322534757592351 ], [ -116.949539268133691, 33.322541699276037 ], [ -116.94955442422966, 33.322548840065281 ], [ -116.949572693285589, 33.322557772111651 ], [ -116.949583298860603, 33.322564673432417 ], [ -116.949596863581803, 33.322573741079268 ], [ -116.94961033475883, 33.322583064430347 ], [ -116.949614348914096, 33.322585938953736 ], [ -116.949605754186933, 33.32257933468685 ], [ -116.949623680793749, 33.322521098020431 ], [ -116.95084131597433, 33.318565383438965 ], [ -116.950873487556834, 33.318460865234272 ], [ -116.95105523818782, 33.316203016165446 ], [ -116.950691812490916, 33.315987507709977 ] ] ], [ [ [ -116.950675845166785, 33.315676011513865 ], [ -116.950692401099161, 33.31564872935428 ], [ -116.950685749346945, 33.315658574599439 ], [ -116.950678580004563, 33.315668159470228 ], [ -116.950673475585276, 33.315674350439828 ], [ -116.950675845166785, 33.315676011513865 ] ] ], [ [ [ -116.949673123389417, 33.322631106320273 ], [ -116.949661936065596, 33.322622239891182 ], [ -116.949649940055593, 33.322612442060588 ], [ -116.949636716814666, 33.322602292269025 ], [ -116.949623622752213, 33.322592581773961 ], [ -116.949614348914096, 33.322585938953736 ], [ -116.949673123389417, 33.322631106320273 ] ] ], [ [ [ -116.944867647671899, 33.317649243994154 ], [ -116.944861671910232, 33.317646393818322 ], [ -116.944866270340285, 33.317654055015566 ], [ -116.944867647671899, 33.317649243994154 ] ] ], [ [ [ -116.950693104285222, 33.315986275922356 ], [ -116.950703888629533, 33.315976018730062 ], [ -116.95071468376824, 33.315965768689438 ], [ -116.950725484454495, 33.315955541158864 ], [ -116.950691704578944, 33.31598744339697 ], [ -116.950691812490916, 33.315987507709977 ], [ -116.950693104285222, 33.315986275922356 ] ] ], [ [ [ -116.94897616481046, 33.319672322360923 ], [ -116.948975502890491, 33.319671743593226 ], [ -116.948976270605385, 33.319672524646265 ], [ -116.94897616481046, 33.319672322360923 ] ] ] ] } }
]
}
