objectid,commodity,calc_acres,quantity,units,commodity_item,prefix,n_items_on_site,acres_share
1,"N-GRNHS GRWN PLANTS IN CONTAINERS, N-OUTDR CONTAINER/FLD GRWN PLANTS, FARM/AG BUILDING",182.76775992,157.0,ACRES,N-GRNHS GRWN PLANTS IN CONTAINERS,N,3,60.92258664
1,"N-GRNHS GRWN PLANTS IN CONTAINERS, N-OUTDR CONTAINER/FLD GRWN PLANTS, FARM/AG BUILDING",182.76775992,157.0,ACRES,N-OUTDR CONTAINER/FLD GRWN PLANTS,N,3,60.92258664
1,"N-GRNHS GRWN PLANTS IN CONTAINERS, N-OUTDR CONTAINER/FLD GRWN PLANTS, FARM/AG BUILDING",182.76775992,157.0,ACRES,FARM/AG BUILDING,(none),3,60.92258664
2,"N-GRNHS GRWN PLANTS IN CONTAINERS, N-OUTDR CONTAINER/FLD GRWN PLANTS, FARM/AG BUILDING",11.00227077,10.0,ACRES,N-GRNHS GRWN PLANTS IN CONTAINERS,N,3,3.6674235900000003
2,"N-GRNHS GRWN PLANTS IN CONTAINERS, N-OUTDR CONTAINER/FLD GRWN PLANTS, FARM/AG BUILDING",11.00227077,10.0,ACRES,N-OUTDR CONTAINER/FLD GRWN PLANTS,N,3,3.6674235900000003
2,"N-GRNHS GRWN PLANTS IN CONTAINERS, N-OUTDR CONTAINER/FLD GRWN PLANTS, FARM/AG BUILDING",11.00227077,10.0,ACRES,FARM/AG BUILDING,(none),3,3.6674235900000003
3,"N-GRNHS GRWN PLANTS IN CONTAINERS, N-OUTDR CONTAINER/FLD GRWN PLANTS, FARM/AG BUILDING",68.84906844000001,78.0,ACRES,N-GRNHS GRWN PLANTS IN CONTAINERS,N,3,22.949689480000004
3,"N-GRNHS GRWN PLANTS IN CONTAINERS, N-OUTDR CONTAINER/FLD GRWN PLANTS, FARM/AG BUILDING",68.84906844000001,78.0,ACRES,N-OUTDR CONTAINER/FLD GRWN PLANTS,N,3,22.949689480000004
3,"N-GRNHS GRWN PLANTS IN CONTAINERS, N-OUTDR CONTAINER/FLD GRWN PLANTS, FARM/AG BUILDING",68.84906844000001,78.0,ACRES,FARM/AG BUILDING,(none),3,22.949689480000004
4,"N-GRNHS GRWN PLANTS IN CONTAINERS, N-OUTDR CONTAINER/FLD GRWN PLANTS, FARM/AG BUILDING",11.25634996,10.0,ACRES,N-GRNHS GRWN PLANTS IN CONTAINERS,N,3,3.752116653333333
4,"N-GRNHS GRWN PLANTS IN CONTAINERS, N-OUTDR CONTAINER/FLD GRWN PLANTS, FARM/AG BUILDING",11.25634996,10.0,ACRES,N-OUTDR CONTAINER/FLD GRWN PLANTS,N,3,3.752116653333333
4,"N-GRNHS GRWN PLANTS IN CONTAINERS, N-OUTDR CONTAINER/FLD GRWN PLANTS, FARM/AG BUILDING",11.25634996,10.0,ACRES,FARM/AG BUILDING,(none),3,3.752116653333333
5,N-OUTDR CONTAINER/FLD GRWN PLANTS,120.27378804,125.0,ACRES,N-OUTDR CONTAINER/FLD GRWN PLANTS,N,1,120.27378804
6,"N-GRNHS GRWN PLANTS IN CONTAINERS, N-OUTDR CONTAINER/FLD GRWN PLANTS, CITRUS",22.33363522,30.0,ACRES,N-GRNHS GRWN PLANTS IN CONTAINERS,N,3,7.444545073333334
6,"N-GRNHS GRWN PLANTS IN CONTAINERS, N-OUTDR CONTAINER/FLD GRWN PLANTS, CITRUS",22.33363522,30.0,ACRES,N-OUTDR CONTAINER/FLD GRWN PLANTS,N,3,7.444545073333334
6,"N-GRNHS GRWN PLANTS IN CONTAINERS, N-OUTDR CONTAINER/FLD GRWN PLANTS, CITRUS",22.33363522,30.0,ACRES,CITRUS,(none),3,7.444545073333334
7,"N-GRNHS GRWN PLANTS IN CONTAINERS, N-OUTDR CONTAINER/FLD GRWN PLANTS",21.6522855,17.5,ACRES,N-GRNHS GRWN PLANTS IN CONTAINERS,N,2,10.82614275
7,"N-GRNHS GRWN PLANTS IN CONTAINERS, N-OUTDR CONTAINER/FLD GRWN PLANTS",21.6522855,17.5,ACRES,N-OUTDR CONTAINER/FLD GRWN PLANTS,N,2,10.82614275
8,N-OUTDR CONTAINER/FLD GRWN PLANTS,19.250969490000003,12.0,ACRES,N-OUTDR CONTAINER/FLD GRWN PLANTS,N,1,19.250969490000003
9,"LEMON, FARM/AG BUILDING",135.17651612,136.0,ACRES,LEMON,(none),2,67.58825806
9,"LEMON, FARM/AG BUILDING",135.17651612,136.0,ACRES,FARM/AG BUILDING,(none),2,67.58825806
10,"LEMON, FARM/AG BUILDING",75.02997273,80.0,ACRES,LEMON,(none),2,37.514986365
10,"LEMON, FARM/AG BUILDING",75.02997273,80.0,ACRES,FARM/AG BUILDING,(none),2,37.514986365
11,AVOCADO,14.79931528,15.0,ACRES,AVOCADO,(none),1,14.79931528
12,"AVOCADO, FARM/AG BUILDING",66.9767763,60.0,ACRES,AVOCADO,(none),2,33.48838815
12,"AVOCADO, FARM/AG BUILDING",66.9767763,60.0,ACRES,FARM/AG BUILDING,(none),2,33.48838815
13,"LEMON, FARM/AG BUILDING",89.9822104,94.0,ACRES,LEMON,(none),2,44.9911052
13,"LEMON, FARM/AG BUILDING",89.9822104,94.0,ACRES,FARM/AG BUILDING,(none),2,44.9911052
14,"AVOCADO, GRAPE",16.18447709,10.0,ACRES,AVOCADO,(none),2,8.092238545
14,"AVOCADO, GRAPE",16.18447709,10.0,ACRES,GRAPE,(none),2,8.092238545
15,"LEMON, AVOCADO",110.16617364,98.0,ACRES,LEMON,(none),2,55.08308682
15,"LEMON, AVOCADO",110.16617364,98.0,ACRES,AVOCADO,(none),2,55.08308682
16,"LEMON, AVOCADO",25.08620441,23.0,ACRES,LEMON,(none),2,12.543102205
16,"LEMON, AVOCADO",25.08620441,23.0,ACRES,AVOCADO,(none),2,12.543102205
17,"LEMON, ORANGE, AVOCADO",89.35443986,80.0,ACRES,LEMON,(none),3,29.784813286666665
17,"LEMON, ORANGE, AVOCADO",89.35443986,80.0,ACRES,ORANGE,(none),3,29.784813286666665
17,"LEMON, ORANGE, AVOCADO",89.35443986,80.0,ACRES,AVOCADO,(none),3,29.784813286666665
18,AVOCADO,20.62333642,15.0,ACRES,AVOCADO,(none),1,20.62333642
19,AVOCADO,8.87739125,8.0,ACRES,AVOCADO,(none),1,8.87739125
20,"LEMON, PERSIMMON, AVOCADO",354.17209210000004,364.0,ACRES,LEMON,(none),3,118.05736403333334
20,"LEMON, PERSIMMON, AVOCADO",354.17209210000004,364.0,ACRES,PERSIMMON,(none),3,118.05736403333334
20,"LEMON, PERSIMMON, AVOCADO",354.17209210000004,364.0,ACRES,AVOCADO,(none),3,118.05736403333334
21,"KUMQUAT, AVOCADO",228.30359384000002,223.0,ACRES,KUMQUAT,(none),2,114.15179692000001
21,"KUMQUAT, AVOCADO",228.30359384000002,223.0,ACRES,AVOCADO,(none),2,114.15179692000001
22,AVOCADO,10.64812671,12.0,ACRES,AVOCADO,(none),1,10.64812671
23,AVOCADO,20.079698869999998,30.0,ACRES,AVOCADO,(none),1,20.079698869999998
24,AVOCADO,272.69420468000004,280.0,ACRES,AVOCADO,(none),1,272.69420468000004
25,AVOCADO,10.48034657,12.0,ACRES,AVOCADO,(none),1,10.48034657
26,AVOCADO,6.37279373,7.0,ACRES,AVOCADO,(none),1,6.37279373
27,"GRAPEFRUIT, LEMON, ORANGE, AVOCADO, OLIVE, POMELO",191.18956707,334.0,ACRES,GRAPEFRUIT,(none),6,31.864927845
27,"GRAPEFRUIT, LEMON, ORANGE, AVOCADO, OLIVE, POMELO",191.18956707,334.0,ACRES,LEMON,(none),6,31.864927845
27,"GRAPEFRUIT, LEMON, ORANGE, AVOCADO, OLIVE, POMELO",191.18956707,334.0,ACRES,ORANGE,(none),6,31.864927845
27,"GRAPEFRUIT, LEMON, ORANGE, AVOCADO, OLIVE, POMELO",191.18956707,334.0,ACRES,AVOCADO,(none),6,31.864927845
27,"GRAPEFRUIT, LEMON, ORANGE, AVOCADO, OLIVE, POMELO",191.18956707,334.0,ACRES,OLIVE,(none),6,31.864927845
27,"GRAPEFRUIT, LEMON, ORANGE, AVOCADO, OLIVE, POMELO",191.18956707,334.0,ACRES,POMELO,(none),6,31.864927845
28,AVOCADO,2.41311907,2.5,ACRES,AVOCADO,(none),1,2.41311907
29,AVOCADO,272.29341734,200.0,ACRES,AVOCADO,(none),1,272.29341734
30,TOMATO,23.50849904,30.0,ACRES,TOMATO,(none),1,23.50849904
31,TOMATO,277.42999270999996,243.31,ACRES,TOMATO,(none),1,277.42999270999996
32,TOMATO,109.87911356,77.0,ACRES,TOMATO,(none),1,109.87911356
33,"TOMATO, BRUSSEL SPROUT",106.63986276,81.0,ACRES,TOMATO,(none),2,53.31993138
33,"TOMATO, BRUSSEL SPROUT",106.63986276,81.0,ACRES,BRUSSEL SPROUT,(none),2,53.31993138
34,"TOMATO, BRUSSEL SPROUT",76.10818280999999,60.0,ACRES,TOMATO,(none),2,38.054091404999994
34,"TOMATO, BRUSSEL SPROUT",76.10818280999999,60.0,ACRES,BRUSSEL SPROUT,(none),2,38.054091404999994
35,TOMATO,60.30079754,55.0,ACRES,TOMATO,(none),1,60.30079754
36,"TOMATO, BRUSSEL SPROUT",99.46012841,80.0,ACRES,TOMATO,(none),2,49.730064205
36,"TOMATO, BRUSSEL SPROUT",99.46012841,80.0,ACRES,BRUSSEL SPROUT,(none),2,49.730064205
37,"TOMATO, BRUSSEL SPROUT",98.46172025,90.0,ACRES,TOMATO,(none),2,49.230860125
37,"TOMATO, BRUSSEL SPROUT",98.46172025,90.0,ACRES,BRUSSEL SPROUT,(none),2,49.230860125
38,"TOMATO, BRUSSEL SPROUT",114.76610695999999,105.0,ACRES,TOMATO,(none),2,57.383053479999994
38,"TOMATO, BRUSSEL SPROUT",114.76610695999999,105.0,ACRES,BRUSSEL SPROUT,(none),2,57.383053479999994
39,TOMATO,1.5219129200000001,1.69,ACRES,TOMATO,(none),1,1.5219129200000001
40,"PASTURELAND, GRAPE, WINE",131.45238453000002,130.0,ACRES,PASTURELAND,(none),3,43.81746151000001
40,"PASTURELAND, GRAPE, WINE",131.45238453000002,130.0,ACRES,GRAPE,(none),3,43.81746151000001
40,"PASTURELAND, GRAPE, WINE",131.45238453000002,130.0,ACRES,WINE,(none),3,43.81746151000001
41,RECREATION AREA,135.81697955,120.0,ACRES,RECREATION AREA,(none),1,135.81697955
42,"N-OUTDR CONTAINER/FLD GRWN PLANTS, GRAPEFRUIT",19.5726765,19.0,ACRES,N-OUTDR CONTAINER/FLD GRWN PLANTS,N,2,9.78633825
42,"N-OUTDR CONTAINER/FLD GRWN PLANTS, GRAPEFRUIT",19.5726765,19.0,ACRES,GRAPEFRUIT,(none),2,9.78633825
43,N-OUTDR CONTAINER/FLD GRWN PLANTS,38.914097760000004,35.0,ACRES,N-OUTDR CONTAINER/FLD GRWN PLANTS,N,1,38.914097760000004
44,N-OUTDR CONTAINER/FLD GRWN PLANTS,14.79857441,15.0,ACRES,N-OUTDR CONTAINER/FLD GRWN PLANTS,N,1,14.79857441
45,N-OUTDR CONTAINER/FLD GRWN PLANTS,7.45491453,7.45,ACRES,N-OUTDR CONTAINER/FLD GRWN PLANTS,N,1,7.45491453
46,N-OUTDR CONTAINER/FLD GRWN PLANTS,3.73026635,1.0,ACRES,N-OUTDR CONTAINER/FLD GRWN PLANTS,N,1,3.73026635
47,N-OUTDR CONTAINER/FLD GRWN PLANTS,9.11846877,2.0,ACRES,N-OUTDR CONTAINER/FLD GRWN PLANTS,N,1,9.11846877
48,N-OUTDR CONTAINER/FLD GRWN PLANTS,4.33805172,5.0,ACRES,N-OUTDR CONTAINER/FLD GRWN PLANTS,N,1,4.33805172
49,N-OUTDR CONTAINER/FLD GRWN PLANTS,39.46984068,5.0,ACRES,N-OUTDR CONTAINER/FLD GRWN PLANTS,N,1,39.46984068
50,N-OUTDR CONTAINER/FLD GRWN PLANTS,8.37273677,8.37,ACRES,N-OUTDR CONTAINER/FLD GRWN PLANTS,N,1,8.37273677
51,"STONE FRUIT, GRAPE, WINE",1.87715247,0.45,ACRES,STONE FRUIT,(none),3,0.62571749
51,"STONE FRUIT, GRAPE, WINE",1.87715247,0.45,ACRES,GRAPE,(none),3,0.62571749
51,"STONE FRUIT, GRAPE, WINE",1.87715247,0.45,ACRES,WINE,(none),3,0.62571749
52,"ORANGE, AVOCADO",74.52450287,80.0,ACRES,ORANGE,(none),2,37.262251435
52,"ORANGE, AVOCADO",74.52450287,80.0,ACRES,AVOCADO,(none),2,37.262251435
53,ORANGE,71.83820462,54.0,ACRES,ORANGE,(none),1,71.83820462
54,AVOCADO,9.19270719,10.0,ACRES,AVOCADO,(none),1,9.19270719
55,"ORANGE, TANGERINE",57.27772093,66.0,ACRES,ORANGE,(none),2,28.638860465
55,"ORANGE, TANGERINE",57.27772093,66.0,ACRES,TANGERINE,(none),2,28.638860465
56,ORANGE,70.36464586,98.0,ACRES,ORANGE,(none),1,70.36464586
57,"N-OUTDR GRWN CUT FLWRS OR GREENS, AVOCADO",18.46387232,31.0,ACRES,N-OUTDR GRWN CUT FLWRS OR GREENS,N,2,9.23193616
57,"N-OUTDR GRWN CUT FLWRS OR GREENS, AVOCADO",18.46387232,31.0,ACRES,AVOCADO,(none),2,9.23193616
58,N-OUTDR GRWN CUT FLWRS OR GREENS,1.56627127,2.5,ACRES,N-OUTDR GRWN CUT FLWRS OR GREENS,N,1,1.56627127
59,AVOCADO,9.9947668,10.0,ACRES,AVOCADO,(none),1,9.9947668
60,AVOCADO,8.17591357,8.0,ACRES,AVOCADO,(none),1,8.17591357
61,"N-OUTDR GRWN CUT FLWRS OR GREENS, KUMQUAT, AVOCADO",53.8403847,56.0,ACRES,N-OUTDR GRWN CUT FLWRS OR GREENS,N,3,17.9467949
61,"N-OUTDR GRWN CUT FLWRS OR GREENS, KUMQUAT, AVOCADO",53.8403847,56.0,ACRES,KUMQUAT,(none),3,17.9467949
61,"N-OUTDR GRWN CUT FLWRS OR GREENS, KUMQUAT, AVOCADO",53.8403847,56.0,ACRES,AVOCADO,(none),3,17.9467949
62,AVOCADO,21.36197864,20.0,ACRES,AVOCADO,(none),1,21.36197864
63,N-OUTDR GRWN CUT FLWRS OR GREENS,4.14968724,11.0,ACRES,N-OUTDR GRWN CUT FLWRS OR GREENS,N,1,4.14968724
64,AVOCADO,3.03072633,3.0,ACRES,AVOCADO,(none),1,3.03072633
65,AVOCADO,8.95512973,8.0,ACRES,AVOCADO,(none),1,8.95512973
66,AVOCADO,5.33110659,1.0,ACRES,AVOCADO,(none),1,5.33110659
67,AVOCADO,7.36393752,9.5,ACRES,AVOCADO,(none),1,7.36393752
68,AVOCADO,12.618464,13.0,ACRES,AVOCADO,(none),1,12.618464
69,"ORANGE, AVOCADO",8.842749260000001,8.75,ACRES,ORANGE,(none),2,4.421374630000001
69,"ORANGE, AVOCADO",8.842749260000001,8.75,ACRES,AVOCADO,(none),2,4.421374630000001
70,AVOCADO,4.52382861,5.5,ACRES,AVOCADO,(none),1,4.52382861
71,AVOCADO,4.81918464,5.0,ACRES,AVOCADO,(none),1,4.81918464
72,AVOCADO,1.42844547,2.0,ACRES,AVOCADO,(none),1,1.42844547
73,AVOCADO,7.941441719999999,10.0,ACRES,AVOCADO,(none),1,7.941441719999999
74,AVOCADO,3.1963351099999997,3.0,ACRES,AVOCADO,(none),1,3.1963351099999997
75,AVOCADO,4.156544070000001,3.0,ACRES,AVOCADO,(none),1,4.156544070000001
76,AVOCADO,5.57197868,2.0,ACRES,AVOCADO,(none),1,5.57197868
77,AVOCADO,3.6244533800000003,3.0,ACRES,AVOCADO,(none),1,3.6244533800000003
78,AVOCADO,3.91492712,4.0,ACRES,AVOCADO,(none),1,3.91492712
79,AVOCADO,8.89955529,7.5,ACRES,AVOCADO,(none),1,8.89955529
80,AVOCADO,2.73010668,3.25,ACRES,AVOCADO,(none),1,2.73010668
81,AVOCADO,2.4602504499999998,4.0,ACRES,AVOCADO,(none),1,2.4602504499999998
82,AVOCADO,2.85193587,2.8,ACRES,AVOCADO,(none),1,2.85193587
83,AVOCADO,5.58058559,4.0,ACRES,AVOCADO,(none),1,5.58058559
84,AVOCADO,5.04227016,5.0,ACRES,AVOCADO,(none),1,5.04227016
85,AVOCADO,8.10005722,9.0,ACRES,AVOCADO,(none),1,8.10005722
86,AVOCADO,17.61032525,18.0,ACRES,AVOCADO,(none),1,17.61032525
87,AVOCADO,6.83553333,5.0,ACRES,AVOCADO,(none),1,6.83553333
88,AVOCADO,2.38762574,3.0,ACRES,AVOCADO,(none),1,2.38762574
89,AVOCADO,9.720887040000001,8.0,ACRES,AVOCADO,(none),1,9.720887040000001
90,AVOCADO,10.24634719,7.0,ACRES,AVOCADO,(none),1,10.24634719
91,AVOCADO,11.75718579,10.0,ACRES,AVOCADO,(none),1,11.75718579
92,AVOCADO,11.05130202,10.0,ACRES,AVOCADO,(none),1,11.05130202
93,N-OUTDR GRWN CUT FLWRS OR GREENS,0.89071703,1.0,ACRES,N-OUTDR GRWN CUT FLWRS OR GREENS,N,1,0.89071703
94,AVOCADO,7.13951938,8.0,ACRES,AVOCADO,(none),1,7.13951938
95,AVOCADO,5.98549717,9.0,ACRES,AVOCADO,(none),1,5.98549717
96,N-OUTDR CONTAINER/FLD GRWN PLANTS,2.94132806,2.0,ACRES,N-OUTDR CONTAINER/FLD GRWN PLANTS,N,1,2.94132806
97,AVOCADO,9.50563144,10.0,ACRES,AVOCADO,(none),1,9.50563144
98,AVOCADO,2.80302003,4.5,ACRES,AVOCADO,(none),1,2.80302003
99,AVOCADO,5.20175711,4.0,ACRES,AVOCADO,(none),1,5.20175711
100,AVOCADO,3.33927574,4.0,ACRES,AVOCADO,(none),1,3.33927574
101,"N-OUTDR CONTAINER/FLD GRWN PLANTS, GRAPEFRUIT, LEMON, ORANGE, ALFALFA, AVOCADO, UNCULTIVATED AG, POMELO",192.11431123,235.5,ACRES,N-OUTDR CONTAINER/FLD GRWN PLANTS,N,8,24.01428890375
101,"N-OUTDR CONTAINER/FLD GRWN PLANTS, GRAPEFRUIT, LEMON, ORANGE, ALFALFA, AVOCADO, UNCULTIVATED AG, POMELO",192.11431123,235.5,ACRES,GRAPEFRUIT,(none),8,24.01428890375
101,"N-OUTDR CONTAINER/FLD GRWN PLANTS, GRAPEFRUIT, LEMON, ORANGE, ALFALFA, AVOCADO, UNCULTIVATED AG, POMELO",192.11431123,235.5,ACRES,LEMON,(none),8,24.01428890375
101,"N-OUTDR CONTAINER/FLD GRWN PLANTS, GRAPEFRUIT, LEMON, ORANGE, ALFALFA, AVOCADO, UNCULTIVATED AG, POMELO",192.11431123,235.5,ACRES,ORANGE,(none),8,24.01428890375
101,"N-OUTDR CONTAINER/FLD GRWN PLANTS, GRAPEFRUIT, LEMON, ORANGE, ALFALFA, AVOCADO, UNCULTIVATED AG, POMELO",192.11431123,235.5,ACRES,ALFALFA,(none),8,24.01428890375
101,"N-OUTDR CONTAINER/FLD GRWN PLANTS, GRAPEFRUIT, LEMON, ORANGE, ALFALFA, AVOCADO, UNCULTIVATED AG, POMELO",192.11431123,235.5,ACRES,AVOCADO,(none),8,24.01428890375
101,"N-OUTDR CONTAINER/FLD GRWN PLANTS, GRAPEFRUIT, LEMON, ORANGE, ALFALFA, AVOCADO, UNCULTIVATED AG, POMELO",192.11431123,235.5,ACRES,UNCULTIVATED AG,(none),8,24.01428890375
101,"N-OUTDR CONTAINER/FLD GRWN PLANTS, GRAPEFRUIT, LEMON, ORANGE, ALFALFA, AVOCADO, UNCULTIVATED AG, POMELO",192.11431123,235.5,ACRES,POMELO,(none),8,24.01428890375
102,AVOCADO,3.73955104,4.0,ACRES,AVOCADO,(none),1,3.73955104
103,"N-OUTDR GRWN CUT FLWRS OR GREENS, AVOCADO, FARM/AG BUILDING",7.44144192,13.5,ACRES,N-OUTDR GRWN CUT FLWRS OR GREENS,N,3,2.48048064
103,"N-OUTDR GRWN CUT FLWRS OR GREENS, AVOCADO, FARM/AG BUILDING",7.44144192,13.5,ACRES,AVOCADO,(none),3,2.48048064
103,"N-OUTDR GRWN CUT FLWRS OR GREENS, AVOCADO, FARM/AG BUILDING",7.44144192,13.5,ACRES,FARM/AG BUILDING,(none),3,2.48048064
104,"N-OUTDR GRWN CUT FLWRS OR GREENS, FARM/AG BUILDING",1.64465865,2.5,ACRES,N-OUTDR GRWN CUT FLWRS OR GREENS,N,2,0.822329325
104,"N-OUTDR GRWN CUT FLWRS OR GREENS, FARM/AG BUILDING",1.64465865,2.5,ACRES,FARM/AG BUILDING,(none),2,0.822329325
105,"N-OUTDR GRWN CUT FLWRS OR GREENS, FARM/AG BUILDING",9.07487033,10.0,ACRES,N-OUTDR GRWN CUT FLWRS OR GREENS,N,2,4.537435165
105,"N-OUTDR GRWN CUT FLWRS OR GREENS, FARM/AG BUILDING",9.07487033,10.0,ACRES,FARM/AG BUILDING,(none),2,4.537435165
106,"N-OUTDR GRWN CUT FLWRS OR GREENS, BLUEBERRY, TROPICAL/SUBTROPICAL FRUIT, HOPS, OLIVE, UNCULTIVATED AG, FARM/AG BUILDING",66.03210252,70.0,ACRES,N-OUTDR GRWN CUT FLWRS OR GREENS,N,7,9.433157502857142
106,"N-OUTDR GRWN CUT FLWRS OR GREENS, BLUEBERRY, TROPICAL/SUBTROPICAL FRUIT, HOPS, OLIVE, UNCULTIVATED AG, FARM/AG BUILDING",66.03210252,70.0,ACRES,BLUEBERRY,(none),7,9.433157502857142
106,"N-OUTDR GRWN CUT FLWRS OR GREENS, BLUEBERRY, TROPICAL/SUBTROPICAL FRUIT, HOPS, OLIVE, UNCULTIVATED AG, FARM/AG BUILDING",66.03210252,70.0,ACRES,TROPICAL/SUBTROPICAL FRUIT,(none),7,9.433157502857142
106,"N-OUTDR GRWN CUT FLWRS OR GREENS, BLUEBERRY, TROPICAL/SUBTROPICAL FRUIT, HOPS, OLIVE, UNCULTIVATED AG, FARM/AG BUILDING",66.03210252,70.0,ACRES,HOPS,(none),7,9.433157502857142
106,"N-OUTDR GRWN CUT FLWRS OR GREENS, BLUEBERRY, TROPICAL/SUBTROPICAL FRUIT, HOPS, OLIVE, UNCULTIVATED AG, FARM/AG BUILDING",66.03210252,70.0,ACRES,OLIVE,(none),7,9.433157502857142
106,"N-OUTDR GRWN CUT FLWRS OR GREENS, BLUEBERRY, TROPICAL/SUBTROPICAL FRUIT, HOPS, OLIVE, UNCULTIVATED AG, FARM/AG BUILDING",66.03210252,70.0,ACRES,UNCULTIVATED AG,(none),7,9.433157502857142
106,"N-OUTDR GRWN CUT FLWRS OR GREENS, BLUEBERRY, TROPICAL/SUBTROPICAL FRUIT, HOPS, OLIVE, UNCULTIVATED AG, FARM/AG BUILDING",66.03210252,70.0,ACRES,FARM/AG BUILDING,(none),7,9.433157502857142
107,"N-OUTDR GRWN CUT FLWRS OR GREENS, AVOCADO, SOIL FUM/PREPLT, FARM/AG BUILDING",325.08244205,359.0,ACRES,N-OUTDR GRWN CUT FLWRS OR GREENS,N,4,81.2706105125
107,"N-OUTDR GRWN CUT FLWRS OR GREENS, AVOCADO, SOIL FUM/PREPLT, FARM/AG BUILDING",325.08244205,359.0,ACRES,AVOCADO,(none),4,81.2706105125
107,"N-OUTDR GRWN CUT FLWRS OR GREENS, AVOCADO, SOIL FUM/PREPLT, FARM/AG BUILDING",325.08244205,359.0,ACRES,SOIL FUM/PREPLT,(none),4,81.2706105125
107,"N-OUTDR GRWN CUT FLWRS OR GREENS, AVOCADO, SOIL FUM/PREPLT, FARM/AG BUILDING",325.08244205,359.0,ACRES,FARM/AG BUILDING,(none),4,81.2706105125
108,"N-OUTDR GRWN CUT FLWRS OR GREENS, FARM/AG BUILDING",4.43119721,2.5,ACRES,N-OUTDR GRWN CUT FLWRS OR GREENS,N,2,2.215598605
108,"N-OUTDR GRWN CUT FLWRS OR GREENS, FARM/AG BUILDING",4.43119721,2.5,ACRES,FARM/AG BUILDING,(none),2,2.215598605
109,"TROPICAL/SUBTROPICAL FRUIT, OLIVE",4.5353723100000005,2.0,ACRES,TROPICAL/SUBTROPICAL FRUIT,(none),2,2.2676861550000003
109,"TROPICAL/SUBTROPICAL FRUIT, OLIVE",4.5353723100000005,2.0,ACRES,OLIVE,(none),2,2.2676861550000003
110,N-OUTDR GRWN CUT FLWRS OR GREENS,6.04013113,6.0,ACRES,N-OUTDR GRWN CUT FLWRS OR GREENS,N,1,6.04013113
111,"LANDSCAPE MAINTENANCE, GRAPEFRUIT, ORANGE, TANGERINE, CHERRY, PERSIMMON, AVOCADO, ASIAN PEAR, PLUOT",62.498136540000004,400.0,ACRES,LANDSCAPE MAINTENANCE,(none),9,6.944237393333334
111,"LANDSCAPE MAINTENANCE, GRAPEFRUIT, ORANGE, TANGERINE, CHERRY, PERSIMMON, AVOCADO, ASIAN PEAR, PLUOT",62.498136540000004,400.0,ACRES,GRAPEFRUIT,(none),9,6.944237393333334
111,"LANDSCAPE MAINTENANCE, GRAPEFRUIT, ORANGE, TANGERINE, CHERRY, PERSIMMON, AVOCADO, ASIAN PEAR, PLUOT",62.498136540000004,400.0,ACRES,ORANGE,(none),9,6.944237393333334
111,"LANDSCAPE MAINTENANCE, GRAPEFRUIT, ORANGE, TANGERINE, CHERRY, PERSIMMON, AVOCADO, ASIAN PEAR, PLUOT",62.498136540000004,400.0,ACRES,TANGERINE,(none),9,6.944237393333334
111,"LANDSCAPE MAINTENANCE, GRAPEFRUIT, ORANGE, TANGERINE, CHERRY, PERSIMMON, AVOCADO, ASIAN PEAR, PLUOT",62.498136540000004,400.0,ACRES,CHERRY,(none),9,6.944237393333334
111,"LANDSCAPE MAINTENANCE, GRAPEFRUIT, ORANGE, TANGERINE, CHERRY, PERSIMMON, AVOCADO, ASIAN PEAR, PLUOT",62.498136540000004,400.0,ACRES,PERSIMMON,(none),9,6.944237393333334
111,"LANDSCAPE MAINTENANCE, GRAPEFRUIT, ORANGE, TANGERINE, CHERRY, PERSIMMON, AVOCADO, ASIAN PEAR, PLUOT",62.498136540000004,400.0,ACRES,AVOCADO,(none),9,6.944237393333334
111,"LANDSCAPE MAINTENANCE, GRAPEFRUIT, ORANGE, TANGERINE, CHERRY, PERSIMMON, AVOCADO, ASIAN PEAR, PLUOT",62.498136540000004,400.0,ACRES,ASIAN PEAR,(none),9,6.944237393333334
111,"LANDSCAPE MAINTENANCE, GRAPEFRUIT, ORANGE, TANGERINE, CHERRY, PERSIMMON, AVOCADO, ASIAN PEAR, PLUOT",62.498136540000004,400.0,ACRES,PLUOT,(none),9,6.944237393333334
112,AVOCADO,20.52491812,18.0,ACRES,AVOCADO,(none),1,20.52491812
113,"GRAPEFRUIT, ORANGE, AVOCADO",555.58845462,280.0,ACRES,GRAPEFRUIT,(none),3,185.19615154
113,"GRAPEFRUIT, ORANGE, AVOCADO",555.58845462,280.0,ACRES,ORANGE,(none),3,185.19615154
113,"GRAPEFRUIT, ORANGE, AVOCADO",555.58845462,280.0,ACRES,AVOCADO,(none),3,185.19615154
114,"STRAWBERRY, HERB, SPICE, SQUASH, TOMATO, BEAN SUCCULENT, ONION GREEN, BEET, CARROT, PEAS, TURNIP, UNCULTIVATED AG",309.64884864,200.0,ACRES,STRAWBERRY,(none),12,25.80407072
114,"STRAWBERRY, HERB, SPICE, SQUASH, TOMATO, BEAN SUCCULENT, ONION GREEN, BEET, CARROT, PEAS, TURNIP, UNCULTIVATED AG",309.64884864,200.0,ACRES,HERB,(none),12,25.80407072
114,"STRAWBERRY, HERB, SPICE, SQUASH, TOMATO, BEAN SUCCULENT, ONION GREEN, BEET, CARROT, PEAS, TURNIP, UNCULTIVATED AG",309.64884864,200.0,ACRES,SPICE,(none),12,25.80407072
114,"STRAWBERRY, HERB, SPICE, SQUASH, TOMATO, BEAN SUCCULENT, ONION GREEN, BEET, CARROT, PEAS, TURNIP, UNCULTIVATED AG",309.64884864,200.0,ACRES,SQUASH,(none),12,25.80407072
114,"STRAWBERRY, HERB, SPICE, SQUASH, TOMATO, BEAN SUCCULENT, ONION GREEN, BEET, CARROT, PEAS, TURNIP, UNCULTIVATED AG",309.64884864,200.0,ACRES,TOMATO,(none),12,25.80407072
114,"STRAWBERRY, HERB, SPICE, SQUASH, TOMATO, BEAN SUCCULENT, ONION GREEN, BEET, CARROT, PEAS, TURNIP, UNCULTIVATED AG",309.64884864,200.0,ACRES,BEAN SUCCULENT,(none),12,25.80407072
114,"STRAWBERRY, HERB, SPICE, SQUASH, TOMATO, BEAN SUCCULENT, ONION GREEN, BEET, CARROT, PEAS, TURNIP, UNCULTIVATED AG",309.64884864,200.0,ACRES,ONION GREEN,(none),12,25.80407072
114,"STRAWBERRY, HERB, SPICE, SQUASH, TOMATO, BEAN SUCCULENT, ONION GREEN, BEET, CARROT, PEAS, TURNIP, UNCULTIVATED AG",309.64884864,200.0,ACRES,BEET,(none),12,25.80407072
114,"STRAWBERRY, HERB, SPICE, SQUASH, TOMATO, BEAN SUCCULENT, ONION GREEN, BEET, CARROT, PEAS, TURNIP, UNCULTIVATED AG",309.64884864,200.0,ACRES,CARROT,(none),12,25.80407072
114,"STRAWBERRY, HERB, SPICE, SQUASH, TOMATO, BEAN SUCCULENT, ONION GREEN, BEET, CARROT, PEAS, TURNIP, UNCULTIVATED AG",309.64884864,200.0,ACRES,PEAS,(none),12,25.80407072
114,"STRAWBERRY, HERB, SPICE, SQUASH, TOMATO, BEAN SUCCULENT, ONION GREEN, BEET, CARROT, PEAS, TURNIP, UNCULTIVATED AG",309.64884864,200.0,ACRES,TURNIP,(none),12,25.80407072
114,"STRAWBERRY, HERB, SPICE, SQUASH, TOMATO, BEAN SUCCULENT, ONION GREEN, BEET, CARROT, PEAS, TURNIP, UNCULTIVATED AG",309.64884864,200.0,ACRES,UNCULTIVATED AG,(none),12,25.80407072
115,TOMATO,1.1102737200000001,3.5,ACRES,TOMATO,(none),1,1.1102737200000001
116,"WATERMELON, TOMATO",36.544624920000004,30.0,ACRES,WATERMELON,(none),2,18.272312460000002
116,"WATERMELON, TOMATO",36.544624920000004,30.0,ACRES,TOMATO,(none),2,18.272312460000002
117,"N-GRNHS GRWN PLANTS IN CONTAINERS, N-OUTDR CONTAINER/FLD GRWN PLANTS",23.98634969,20.0,ACRES,N-GRNHS GRWN PLANTS IN CONTAINERS,N,2,11.993174845
117,"N-GRNHS GRWN PLANTS IN CONTAINERS, N-OUTDR CONTAINER/FLD GRWN PLANTS",23.98634969,20.0,ACRES,N-OUTDR CONTAINER/FLD GRWN PLANTS,N,2,11.993174845
118,N-OUTDR CONTAINER/FLD GRWN PLANTS,137.22974427,100.0,ACRES,N-OUTDR CONTAINER/FLD GRWN PLANTS,N,1,137.22974427
119,"N-GRNHS GRWN PLANTS IN CONTAINERS, N-OUTDR CONTAINER/FLD GRWN PLANTS",245.50199744,190.0,ACRES,N-GRNHS GRWN PLANTS IN CONTAINERS,N,2,122.75099872
119,"N-GRNHS GRWN PLANTS IN CONTAINERS, N-OUTDR CONTAINER/FLD GRWN PLANTS",245.50199744,190.0,ACRES,N-OUTDR CONTAINER/FLD GRWN PLANTS,N,2,122.75099872
120,AVOCADO,59.99042894,40.0,ACRES,AVOCADO,(none),1,59.99042894
121,GRAPEFRUIT,39.472759950000004,44.0,ACRES,GRAPEFRUIT,(none),1,39.472759950000004
122,"LEMON, AVOCADO",195.71794950999998,135.0,ACRES,LEMON,(none),2,97.85897475499999
122,"LEMON, AVOCADO",195.71794950999998,135.0,ACRES,AVOCADO,(none),2,97.85897475499999
123,"GRAPEFRUIT, LEMON, AVOCADO",214.21404856,124.0,ACRES,GRAPEFRUIT,(none),3,71.40468285333334
123,"GRAPEFRUIT, LEMON, AVOCADO",214.21404856,124.0,ACRES,LEMON,(none),3,71.40468285333334
123,"GRAPEFRUIT, LEMON, AVOCADO",214.21404856,124.0,ACRES,AVOCADO,(none),3,71.40468285333334
124,"ORANGE, UNCULTIVATED AG",187.62999956,178.0,ACRES,ORANGE,(none),2,93.81499978
124,"ORANGE, UNCULTIVATED AG",187.62999956,178.0,ACRES,UNCULTIVATED AG,(none),2,93.81499978
125,"AVOCADO, UNCULTIVATED AG",204.99863399,110.0,ACRES,AVOCADO,(none),2,102.499316995
125,"AVOCADO, UNCULTIVATED AG",204.99863399,110.0,ACRES,UNCULTIVATED AG,(none),2,102.499316995
126,AVOCADO,7.32935712,3.0,ACRES,AVOCADO,(none),1,7.32935712
127,"TANGERINE, AVOCADO, GRAPE, WINE",53.48053189,16.1,ACRES,TANGERINE,(none),4,13.3701329725
127,"TANGERINE, AVOCADO, GRAPE, WINE",53.48053189,16.1,ACRES,AVOCADO,(none),4,13.3701329725
127,"TANGERINE, AVOCADO, GRAPE, WINE",53.48053189,16.1,ACRES,GRAPE,(none),4,13.3701329725
127,"TANGERINE, AVOCADO, GRAPE, WINE",53.48053189,16.1,ACRES,WINE,(none),4,13.3701329725
128,"N-OUTDR CONTAINER/FLD GRWN PLANTS, GRAPEFRUIT, LEMON, TANGERINE, AVOCADO, PASTURELAND, GRAPE, WINE",178.45451488,416.0,ACRES,N-OUTDR CONTAINER/FLD GRWN PLANTS,N,8,22.30681436
128,"N-OUTDR CONTAINER/FLD GRWN PLANTS, GRAPEFRUIT, LEMON, TANGERINE, AVOCADO, PASTURELAND, GRAPE, WINE",178.45451488,416.0,ACRES,GRAPEFRUIT,(none),8,22.30681436
128,"N-OUTDR CONTAINER/FLD GRWN PLANTS, GRAPEFRUIT, LEMON, TANGERINE, AVOCADO, PASTURELAND, GRAPE, WINE",178.45451488,416.0,ACRES,LEMON,(none),8,22.30681436
128,"N-OUTDR CONTAINER/FLD GRWN PLANTS, GRAPEFRUIT, LEMON, TANGERINE, AVOCADO, PASTURELAND, GRAPE, WINE",178.45451488,416.0,ACRES,TANGERINE,(none),8,22.30681436
128,"N-OUTDR CONTAINER/FLD GRWN PLANTS, GRAPEFRUIT, LEMON, TANGERINE, AVOCADO, PASTURELAND, GRAPE, WINE",178.45451488,416.0,ACRES,AVOCADO,(none),8,22.30681436
128,"N-OUTDR CONTAINER/FLD GRWN PLANTS, GRAPEFRUIT, LEMON, TANGERINE, AVOCADO, PASTURELAND, GRAPE, WINE",178.45451488,416.0,ACRES,PASTURELAND,(none),8,22.30681436
128,"N-OUTDR CONTAINER/FLD GRWN PLANTS, GRAPEFRUIT, LEMON, TANGERINE, AVOCADO, PASTURELAND, GRAPE, WINE",178.45451488,416.0,ACRES,GRAPE,(none),8,22.30681436
128,"N-OUTDR CONTAINER/FLD GRWN PLANTS, GRAPEFRUIT, LEMON, TANGERINE, AVOCADO, PASTURELAND, GRAPE, WINE",178.45451488,416.0,ACRES,WINE,(none),8,22.30681436
129,"ORANGE, AVOCADO",18.82622003,17.2,ACRES,ORANGE,(none),2,9.413110015
129,"ORANGE, AVOCADO",18.82622003,17.2,ACRES,AVOCADO,(none),2,9.413110015
130,"LEMON, ORANGE, TANGERINE, AVOCADO",24.374019559999997,25.1,ACRES,LEMON,(none),4,6.093504889999999
130,"LEMON, ORANGE, TANGERINE, AVOCADO",24.374019559999997,25.1,ACRES,ORANGE,(none),4,6.093504889999999
130,"LEMON, ORANGE, TANGERINE, AVOCADO",24.374019559999997,25.1,ACRES,TANGERINE,(none),4,6.093504889999999
130,"LEMON, ORANGE, TANGERINE, AVOCADO",24.374019559999997,25.1,ACRES,AVOCADO,(none),4,6.093504889999999
131,"LEMON, ORANGE, AVOCADO",16.94052313,15.9,ACRES,LEMON,(none),3,5.646841043333333
131,"LEMON, ORANGE, AVOCADO",16.94052313,15.9,ACRES,ORANGE,(none),3,5.646841043333333
131,"LEMON, ORANGE, AVOCADO",16.94052313,15.9,ACRES,AVOCADO,(none),3,5.646841043333333
132,ORANGE,4.613770359999999,5.7,ACRES,ORANGE,(none),1,4.613770359999999
133,"ORANGE, AVOCADO",20.54361979,21.0,ACRES,ORANGE,(none),2,10.271809895
133,"ORANGE, AVOCADO",20.54361979,21.0,ACRES,AVOCADO,(none),2,10.271809895
134,"GRAPE, WINE",3.5681282800000003,0.5,ACRES,GRAPE,(none),2,1.7840641400000001
134,"GRAPE, WINE",3.5681282800000003,0.5,ACRES,WINE,(none),2,1.7840641400000001
135,"GRAPEFRUIT, LEMON",6.68714211,4.5,ACRES,GRAPEFRUIT,(none),2,3.343571055
135,"GRAPEFRUIT, LEMON",6.68714211,4.5,ACRES,LEMON,(none),2,3.343571055
136,"GRAPEFRUIT, AVOCADO",28.2376166,28.0,ACRES,GRAPEFRUIT,(none),2,14.1188083
136,"GRAPEFRUIT, AVOCADO",28.2376166,28.0,ACRES,AVOCADO,(none),2,14.1188083
137,"GRAPE, WINE",0.45545533000000005,0.5,ACRES,GRAPE,(none),2,0.22772766500000002
137,"GRAPE, WINE",0.45545533000000005,0.5,ACRES,WINE,(none),2,0.22772766500000002
138,"GRAPE, WINE",2.50231956,2.0,ACRES,GRAPE,(none),2,1.25115978
138,"GRAPE, WINE",2.50231956,2.0,ACRES,WINE,(none),2,1.25115978
139,AVOCADO,16.92855408,17.5,ACRES,AVOCADO,(none),1,16.92855408
140,"AVOCADO, GRAPE, WINE",35.381920120000004,36.5,ACRES,AVOCADO,(none),3,11.793973373333335
140,"AVOCADO, GRAPE, WINE",35.381920120000004,36.5,ACRES,GRAPE,(none),3,11.793973373333335
140,"AVOCADO, GRAPE, WINE",35.381920120000004,36.5,ACRES,WINE,(none),3,11.793973373333335
141,"N-GRNHS GRWN PLANTS IN CONTAINERS, N-OUTDR CONTAINER/FLD GRWN PLANTS, AVOCADO, FARM/AG BUILDING",67.17856448,55.0,ACRES,N-GRNHS GRWN PLANTS IN CONTAINERS,N,4,16.79464112
141,"N-GRNHS GRWN PLANTS IN CONTAINERS, N-OUTDR CONTAINER/FLD GRWN PLANTS, AVOCADO, FARM/AG BUILDING",67.17856448,55.0,ACRES,N-OUTDR CONTAINER/FLD GRWN PLANTS,N,4,16.79464112
141,"N-GRNHS GRWN PLANTS IN CONTAINERS, N-OUTDR CONTAINER/FLD GRWN PLANTS, AVOCADO, FARM/AG BUILDING",67.17856448,55.0,ACRES,AVOCADO,(none),4,16.79464112
141,"N-GRNHS GRWN PLANTS IN CONTAINERS, N-OUTDR CONTAINER/FLD GRWN PLANTS, AVOCADO, FARM/AG BUILDING",67.17856448,55.0,ACRES,FARM/AG BUILDING,(none),4,16.79464112
142,"N-GRNHS GRWN PLANTS IN CONTAINERS, N-OUTDR CONTAINER/FLD GRWN PLANTS, FARM/AG BUILDING",9.9220553,8.0,ACRES,N-GRNHS GRWN PLANTS IN CONTAINERS,N,3,3.3073517666666667
142,"N-GRNHS GRWN PLANTS IN CONTAINERS, N-OUTDR CONTAINER/FLD GRWN PLANTS, FARM/AG BUILDING",9.9220553,8.0,ACRES,N-OUTDR CONTAINER/FLD GRWN PLANTS,N,3,3.3073517666666667
142,"N-GRNHS GRWN PLANTS IN CONTAINERS, N-OUTDR CONTAINER/FLD GRWN PLANTS, FARM/AG BUILDING",9.9220553,8.0,ACRES,FARM/AG BUILDING,(none),3,3.3073517666666667
143,"N-GRNHS GRWN PLANTS IN CONTAINERS, N-OUTDR CONTAINER/FLD GRWN PLANTS, FARM/AG BUILDING",7.103199780000001,5.0,ACRES,N-GRNHS GRWN PLANTS IN CONTAINERS,N,3,2.36773326
143,"N-GRNHS GRWN PLANTS IN CONTAINERS, N-OUTDR CONTAINER/FLD GRWN PLANTS, FARM/AG BUILDING",7.103199780000001,5.0,ACRES,N-OUTDR CONTAINER/FLD GRWN PLANTS,N,3,2.36773326
143,"N-GRNHS GRWN PLANTS IN CONTAINERS, N-OUTDR CONTAINER/FLD GRWN PLANTS, FARM/AG BUILDING",7.103199780000001,5.0,ACRES,FARM/AG BUILDING,(none),3,2.36773326
144,"N-GRNHS GRWN PLANTS IN CONTAINERS, N-OUTDR CONTAINER/FLD GRWN PLANTS, FARM/AG BUILDING",60.3082829,46.0,ACRES,N-GRNHS GRWN PLANTS IN CONTAINERS,N,3,20.10276096666667
144,"N-GRNHS GRWN PLANTS IN CONTAINERS, N-OUTDR CONTAINER/FLD GRWN PLANTS, FARM/AG BUILDING",60.3082829,46.0,ACRES,N-OUTDR CONTAINER/FLD GRWN PLANTS,N,3,20.10276096666667
144,"N-GRNHS GRWN PLANTS IN CONTAINERS, N-OUTDR CONTAINER/FLD GRWN PLANTS, FARM/AG BUILDING",60.3082829,46.0,ACRES,FARM/AG BUILDING,(none),3,20.10276096666667
145,"N-GRNHS GRWN PLANTS IN CONTAINERS, N-OUTDR CONTAINER/FLD GRWN PLANTS, FARM/AG BUILDING",16.85954844,17.0,ACRES,N-GRNHS GRWN PLANTS IN CONTAINERS,N,3,5.61984948
145,"N-GRNHS GRWN PLANTS IN CONTAINERS, N-OUTDR CONTAINER/FLD GRWN PLANTS, FARM/AG BUILDING",16.85954844,17.0,ACRES,N-OUTDR CONTAINER/FLD GRWN PLANTS,N,3,5.61984948
145,"N-GRNHS GRWN PLANTS IN CONTAINERS, N-OUTDR CONTAINER/FLD GRWN PLANTS, FARM/AG BUILDING",16.85954844,17.0,ACRES,FARM/AG BUILDING,(none),3,5.61984948
146,"N-GRNHS GRWN PLANTS IN CONTAINERS, N-OUTDR CONTAINER/FLD GRWN PLANTS, FARM/AG BUILDING",20.6929781,20.0,ACRES,N-GRNHS GRWN PLANTS IN CONTAINERS,N,3,6.897659366666667
146,"N-GRNHS GRWN PLANTS IN CONTAINERS, N-OUTDR CONTAINER/FLD GRWN PLANTS, FARM/AG BUILDING",20.6929781,20.0,ACRES,N-OUTDR CONTAINER/FLD GRWN PLANTS,N,3,6.897659366666667
146,"N-GRNHS GRWN PLANTS IN CONTAINERS, N-OUTDR CONTAINER/FLD GRWN PLANTS, FARM/AG BUILDING",20.6929781,20.0,ACRES,FARM/AG BUILDING,(none),3,6.897659366666667
147,"N-GRNHS GRWN PLANTS IN CONTAINERS, N-OUTDR CONTAINER/FLD GRWN PLANTS, FARM/AG BUILDING",21.170659530000002,19.0,ACRES,N-GRNHS GRWN PLANTS IN CONTAINERS,N,3,7.056886510000001
147,"N-GRNHS GRWN PLANTS IN CONTAINERS, N-OUTDR CONTAINER/FLD GRWN PLANTS, FARM/AG BUILDING",21.170659530000002,19.0,ACRES,N-OUTDR CONTAINER/FLD GRWN PLANTS,N,3,7.056886510000001
147,"N-GRNHS GRWN PLANTS IN CONTAINERS, N-OUTDR CONTAINER/FLD GRWN PLANTS, FARM/AG BUILDING",21.170659530000002,19.0,ACRES,FARM/AG BUILDING,(none),3,7.056886510000001
148,"N-GRNHS GRWN PLANTS IN CONTAINERS, N-OUTDR CONTAINER/FLD GRWN PLANTS, FARM/AG BUILDING",6.33464686,5.0,ACRES,N-GRNHS GRWN PLANTS IN CONTAINERS,N,3,2.1115489533333336
148,"N-GRNHS GRWN PLANTS IN CONTAINERS, N-OUTDR CONTAINER/FLD GRWN PLANTS, FARM/AG BUILDING",6.33464686,5.0,ACRES,N-OUTDR CONTAINER/FLD GRWN PLANTS,N,3,2.1115489533333336
148,"N-GRNHS GRWN PLANTS IN CONTAINERS, N-OUTDR CONTAINER/FLD GRWN PLANTS, FARM/AG BUILDING",6.33464686,5.0,ACRES,FARM/AG BUILDING,(none),3,2.1115489533333336
149,"N-GRNHS GRWN PLANTS IN CONTAINERS, N-OUTDR CONTAINER/FLD GRWN PLANTS, FARM/AG BUILDING",0.59383829,1.5,ACRES,N-GRNHS GRWN PLANTS IN CONTAINERS,N,3,0.19794609666666665
149,"N-GRNHS GRWN PLANTS IN CONTAINERS, N-OUTDR CONTAINER/FLD GRWN PLANTS, FARM/AG BUILDING",0.59383829,1.5,ACRES,N-OUTDR CONTAINER/FLD GRWN PLANTS,N,3,0.19794609666666665
149,"N-GRNHS GRWN PLANTS IN CONTAINERS, N-OUTDR CONTAINER/FLD GRWN PLANTS, FARM/AG BUILDING",0.59383829,1.5,ACRES,FARM/AG BUILDING,(none),3,0.19794609666666665
150,"N-GRNHS GRWN PLANTS IN CONTAINERS, N-OUTDR CONTAINER/FLD GRWN PLANTS, FARM/AG BUILDING",2.83965749,12.5,ACRES,N-GRNHS GRWN PLANTS IN CONTAINERS,N,3,0.9465524966666666
150,"N-GRNHS GRWN PLANTS IN CONTAINERS, N-OUTDR CONTAINER/FLD GRWN PLANTS, FARM/AG BUILDING",2.83965749,12.5,ACRES,N-OUTDR CONTAINER/FLD GRWN PLANTS,N,3,0.9465524966666666
150,"N-GRNHS GRWN PLANTS IN CONTAINERS, N-OUTDR CONTAINER/FLD GRWN PLANTS, FARM/AG BUILDING",2.83965749,12.5,ACRES,FARM/AG BUILDING,(none),3,0.9465524966666666
151,"N-OUTDR CONTAINER/FLD GRWN PLANTS, FARM/AG BUILDING",5.4446236,8.0,ACRES,N-OUTDR CONTAINER/FLD GRWN PLANTS,N,2,2.7223118
151,"N-OUTDR CONTAINER/FLD GRWN PLANTS, FARM/AG BUILDING",5.4446236,8.0,ACRES,FARM/AG BUILDING,(none),2,2.7223118
152,"N-GRNHS GRWN PLANTS IN CONTAINERS, N-OUTDR CONTAINER/FLD GRWN PLANTS, FARM/AG BUILDING",9.24831879,11.0,ACRES,N-GRNHS GRWN PLANTS IN CONTAINERS,N,3,3.0827729300000004
152,"N-GRNHS GRWN PLANTS IN CONTAINERS, N-OUTDR CONTAINER/FLD GRWN PLANTS, FARM/AG BUILDING",9.24831879,11.0,ACRES,N-OUTDR CONTAINER/FLD GRWN PLANTS,N,3,3.0827729300000004
152,"N-GRNHS GRWN PLANTS IN CONTAINERS, N-OUTDR CONTAINER/FLD GRWN PLANTS, FARM/AG BUILDING",9.24831879,11.0,ACRES,FARM/AG BUILDING,(none),3,3.0827729300000004
153,"N-GRNHS GRWN PLANTS IN CONTAINERS, FARM/AG BUILDING",2.99818814,53000.0,SQUARE FEET,N-GRNHS GRWN PLANTS IN CONTAINERS,N,2,1.49909407
153,"N-GRNHS GRWN PLANTS IN CONTAINERS, FARM/AG BUILDING",2.99818814,53000.0,SQUARE FEET,FARM/AG BUILDING,(none),2,1.49909407
154,"N-GRNHS GRWN PLANTS IN CONTAINERS, N-OUTDR CONTAINER/FLD GRWN PLANTS, FARM/AG BUILDING",19.811996490000002,14.0,ACRES,N-GRNHS GRWN PLANTS IN CONTAINERS,N,3,6.603998830000001
154,"N-GRNHS GRWN PLANTS IN CONTAINERS, N-OUTDR CONTAINER/FLD GRWN PLANTS, FARM/AG BUILDING",19.811996490000002,14.0,ACRES,N-OUTDR CONTAINER/FLD GRWN PLANTS,N,3,6.603998830000001
154,"N-GRNHS GRWN PLANTS IN CONTAINERS, N-OUTDR CONTAINER/FLD GRWN PLANTS, FARM/AG BUILDING",19.811996490000002,14.0,ACRES,FARM/AG BUILDING,(none),3,6.603998830000001
155,"N-GRNHS GRWN PLANTS IN CONTAINERS, N-OUTDR CONTAINER/FLD GRWN PLANTS, FARM/AG BUILDING",45.222924500000005,32.0,ACRES,N-GRNHS GRWN PLANTS IN CONTAINERS,N,3,15.074308166666668
155,"N-GRNHS GRWN PLANTS IN CONTAINERS, N-OUTDR CONTAINER/FLD GRWN PLANTS, FARM/AG BUILDING",45.222924500000005,32.0,ACRES,N-OUTDR CONTAINER/FLD GRWN PLANTS,N,3,15.074308166666668
155,"N-GRNHS GRWN PLANTS IN CONTAINERS, N-OUTDR CONTAINER/FLD GRWN PLANTS, FARM/AG BUILDING",45.222924500000005,32.0,ACRES,FARM/AG BUILDING,(none),3,15.074308166666668
156,"N-GRNHS GRWN PLANTS IN CONTAINERS, N-OUTDR CONTAINER/FLD GRWN PLANTS, FARM/AG BUILDING",43.916024869999994,43.0,ACRES,N-GRNHS GRWN PLANTS IN CONTAINERS,N,3,14.638674956666664
156,"N-GRNHS GRWN PLANTS IN CONTAINERS, N-OUTDR CONTAINER/FLD GRWN PLANTS, FARM/AG BUILDING",43.916024869999994,43.0,ACRES,N-OUTDR CONTAINER/FLD GRWN PLANTS,N,3,14.638674956666664
156,"N-GRNHS GRWN PLANTS IN CONTAINERS, N-OUTDR CONTAINER/FLD GRWN PLANTS, FARM/AG BUILDING",43.916024869999994,43.0,ACRES,FARM/AG BUILDING,(none),3,14.638674956666664
157,"N-GRNHS GRWN PLANTS IN CONTAINERS, N-OUTDR CONTAINER/FLD GRWN PLANTS, FARM/AG BUILDING",16.99408779,660000.0,SQUARE FEET,N-GRNHS GRWN PLANTS IN CONTAINERS,N,3,5.66469593
157,"N-GRNHS GRWN PLANTS IN CONTAINERS, N-OUTDR CONTAINER/FLD GRWN PLANTS, FARM/AG BUILDING",16.99408779,660000.0,SQUARE FEET,N-OUTDR CONTAINER/FLD GRWN PLANTS,N,3,5.66469593
157,"N-GRNHS GRWN PLANTS IN CONTAINERS, N-OUTDR CONTAINER/FLD GRWN PLANTS, FARM/AG BUILDING",16.99408779,660000.0,SQUARE FEET,FARM/AG BUILDING,(none),3,5.66469593
158,"N-GRNHS GRWN PLANTS IN CONTAINERS, N-OUTDR CONTAINER/FLD GRWN PLANTS, FARM/AG BUILDING",119.05188327,150.0,ACRES,N-GRNHS GRWN PLANTS IN CONTAINERS,N,3,39.683961090000004
158,"N-GRNHS GRWN PLANTS IN CONTAINERS, N-OUTDR CONTAINER/FLD GRWN PLANTS, FARM/AG BUILDING",119.05188327,150.0,ACRES,N-OUTDR CONTAINER/FLD GRWN PLANTS,N,3,39.683961090000004
158,"N-GRNHS GRWN PLANTS IN CONTAINERS, N-OUTDR CONTAINER/FLD GRWN PLANTS, FARM/AG BUILDING",119.05188327,150.0,ACRES,FARM/AG BUILDING,(none),3,39.683961090000004
159,"N-OUTDR CONTAINER/FLD GRWN PLANTS, ORANGE, FARM/AG BUILDING",48.90620678,42.0,ACRES,N-OUTDR CONTAINER/FLD GRWN PLANTS,N,3,16.302068926666667
159,"N-OUTDR CONTAINER/FLD GRWN PLANTS, ORANGE, FARM/AG BUILDING",48.90620678,42.0,ACRES,ORANGE,(none),3,16.302068926666667
159,"N-OUTDR CONTAINER/FLD GRWN PLANTS, ORANGE, FARM/AG BUILDING",48.90620678,42.0,ACRES,FARM/AG BUILDING,(none),3,16.302068926666667
160,"N-OUTDR CONTAINER/FLD GRWN PLANTS, AVOCADO, FARM/AG BUILDING",34.50568069,28.0,ACRES,N-OUTDR CONTAINER/FLD GRWN PLANTS,N,3,11.501893563333333
160,"N-OUTDR CONTAINER/FLD GRWN PLANTS, AVOCADO, FARM/AG BUILDING",34.50568069,28.0,ACRES,AVOCADO,(none),3,11.501893563333333
160,"N-OUTDR CONTAINER/FLD GRWN PLANTS, AVOCADO, FARM/AG BUILDING",34.50568069,28.0,ACRES,FARM/AG BUILDING,(none),3,11.501893563333333
161,LANDSCAPE MAINTENANCE,10.43364421,10.0,ACRES,LANDSCAPE MAINTENANCE,(none),1,10.43364421
162,"ORANGE, AVOCADO",8.959836339999999,8.0,ACRES,ORANGE,(none),2,4.4799181699999995
162,"ORANGE, AVOCADO",8.959836339999999,8.0,ACRES,AVOCADO,(none),2,4.4799181699999995
163,AVOCADO,10.40611339,10.0,ACRES,AVOCADO,(none),1,10.40611339
164,"GRAPEFRUIT, LEMON, LIME, ORANGE, TANGERINE, GARLIC, ONION DRY ETC",95.03880205,82.0,ACRES,GRAPEFRUIT,(none),7,13.576971721428572
164,"GRAPEFRUIT, LEMON, LIME, ORANGE, TANGERINE, GARLIC, ONION DRY ETC",95.03880205,82.0,ACRES,LEMON,(none),7,13.576971721428572
164,"GRAPEFRUIT, LEMON, LIME, ORANGE, TANGERINE, GARLIC, ONION DRY ETC",95.03880205,82.0,ACRES,LIME,(none),7,13.576971721428572
164,"GRAPEFRUIT, LEMON, LIME, ORANGE, TANGERINE, GARLIC, ONION DRY ETC",95.03880205,82.0,ACRES,ORANGE,(none),7,13.576971721428572
164,"GRAPEFRUIT, LEMON, LIME, ORANGE, TANGERINE, GARLIC, ONION DRY ETC",95.03880205,82.0,ACRES,TANGERINE,(none),7,13.576971721428572
164,"GRAPEFRUIT, LEMON, LIME, ORANGE, TANGERINE, GARLIC, ONION DRY ETC",95.03880205,82.0,ACRES,GARLIC,(none),7,13.576971721428572
164,"GRAPEFRUIT, LEMON, LIME, ORANGE, TANGERINE, GARLIC, ONION DRY ETC",95.03880205,82.0,ACRES,ONION DRY ETC,(none),7,13.576971721428572
165,AVOCADO,37.276580689999996,40.0,ACRES,AVOCADO,(none),1,37.276580689999996
166,AVOCADO,10.22841322,4.0,ACRES,AVOCADO,(none),1,10.22841322
167,AVOCADO,11.13711517,12.0,ACRES,AVOCADO,(none),1,11.13711517
168,AVOCADO,34.30013985,30.0,ACRES,AVOCADO,(none),1,34.30013985
169,AVOCADO,44.98429755,46.0,ACRES,AVOCADO,(none),1,44.98429755
170,"LEMON, TANGERINE, AVOCADO",36.760146930000005,36.29,ACRES,LEMON,(none),3,12.253382310000001
170,"LEMON, TANGERINE, AVOCADO",36.760146930000005,36.29,ACRES,TANGERINE,(none),3,12.253382310000001
170,"LEMON, TANGERINE, AVOCADO",36.760146930000005,36.29,ACRES,AVOCADO,(none),3,12.253382310000001
171,"GRAPEFRUIT, TANGERINE, AVOCADO",11.463181440000001,12.9,ACRES,GRAPEFRUIT,(none),3,3.8210604800000003
171,"GRAPEFRUIT, TANGERINE, AVOCADO",11.463181440000001,12.9,ACRES,TANGERINE,(none),3,3.8210604800000003
171,"GRAPEFRUIT, TANGERINE, AVOCADO",11.463181440000001,12.9,ACRES,AVOCADO,(none),3,3.8210604800000003
172,"LEMON, TANGERINE",23.38077983,17.75,ACRES,LEMON,(none),2,11.690389915
172,"LEMON, TANGERINE",23.38077983,17.75,ACRES,TANGERINE,(none),2,11.690389915
173,"N-OUTDR GRWN CUT FLWRS OR GREENS, LEMON, TANGERINE, AVOCADO",54.54897948,48.0,ACRES,N-OUTDR GRWN CUT FLWRS OR GREENS,N,4,13.63724487
173,"N-OUTDR GRWN CUT FLWRS OR GREENS, LEMON, TANGERINE, AVOCADO",54.54897948,48.0,ACRES,LEMON,(none),4,13.63724487
173,"N-OUTDR GRWN CUT FLWRS OR GREENS, LEMON, TANGERINE, AVOCADO",54.54897948,48.0,ACRES,TANGERINE,(none),4,13.63724487
173,"N-OUTDR GRWN CUT FLWRS OR GREENS, LEMON, TANGERINE, AVOCADO",54.54897948,48.0,ACRES,AVOCADO,(none),4,13.63724487
174,"LEMON, TANGERINE, AVOCADO",34.475598139999995,34.0,ACRES,LEMON,(none),3,11.491866046666665
174,"LEMON, TANGERINE, AVOCADO",34.475598139999995,34.0,ACRES,TANGERINE,(none),3,11.491866046666665
174,"LEMON, TANGERINE, AVOCADO",34.475598139999995,34.0,ACRES,AVOCADO,(none),3,11.491866046666665
175,"N-OUTDR GRWN CUT FLWRS OR GREENS, LEMON, AVOCADO",31.28343794,39.5,ACRES,N-OUTDR GRWN CUT FLWRS OR GREENS,N,3,10.427812646666666
175,"N-OUTDR GRWN CUT FLWRS OR GREENS, LEMON, AVOCADO",31.28343794,39.5,ACRES,LEMON,(none),3,10.427812646666666
175,"N-OUTDR GRWN CUT FLWRS OR GREENS, LEMON, AVOCADO",31.28343794,39.5,ACRES,AVOCADO,(none),3,10.427812646666666
176,"LEMON, ORANGE, TANGERINE",35.381569490000004,30.0,ACRES,LEMON,(none),3,11.793856496666669
176,"LEMON, ORANGE, TANGERINE",35.381569490000004,30.0,ACRES,ORANGE,(none),3,11.793856496666669
176,"LEMON, ORANGE, TANGERINE",35.381569490000004,30.0,ACRES,TANGERINE,(none),3,11.793856496666669
177,"N-OUTDR GRWN CUT FLWRS OR GREENS, LEMON, ORANGE, TANGERINE, TROPICAL/SUBTROPICAL FRUIT",69.78625966,56.0,ACRES,N-OUTDR GRWN CUT FLWRS OR GREENS,N,5,13.957251932
177,"N-OUTDR GRWN CUT FLWRS OR GREENS, LEMON, ORANGE, TANGERINE, TROPICAL/SUBTROPICAL FRUIT",69.78625966,56.0,ACRES,LEMON,(none),5,13.957251932
177,"N-OUTDR GRWN CUT FLWRS OR GREENS, LEMON, ORANGE, TANGERINE, TROPICAL/SUBTROPICAL FRUIT",69.78625966,56.0,ACRES,ORANGE,(none),5,13.957251932
177,"N-OUTDR GRWN CUT FLWRS OR GREENS, LEMON, ORANGE, TANGERINE, TROPICAL/SUBTROPICAL FRUIT",69.78625966,56.0,ACRES,TANGERINE,(none),5,13.957251932
177,"N-OUTDR GRWN CUT FLWRS OR GREENS, LEMON, ORANGE, TANGERINE, TROPICAL/SUBTROPICAL FRUIT",69.78625966,56.0,ACRES,TROPICAL/SUBTROPICAL FRUIT,(none),5,13.957251932
178,LEMON,2.76667921,2.0,ACRES,LEMON,(none),1,2.76667921
179,"LEMON, AVOCADO",3.60976308,2.0,ACRES,LEMON,(none),2,1.80488154
179,"LEMON, AVOCADO",3.60976308,2.0,ACRES,AVOCADO,(none),2,1.80488154
180,AVOCADO,19.87951053,17.0,ACRES,AVOCADO,(none),1,19.87951053
181,AVOCADO,9.25733407,8.0,ACRES,AVOCADO,(none),1,9.25733407
182,"ORANGE, TANGERINE, AVOCADO",36.39922159,38.0,ACRES,ORANGE,(none),3,12.133073863333335
182,"ORANGE, TANGERINE, AVOCADO",36.39922159,38.0,ACRES,TANGERINE,(none),3,12.133073863333335
182,"ORANGE, TANGERINE, AVOCADO",36.39922159,38.0,ACRES,AVOCADO,(none),3,12.133073863333335
183,LEMON,30.382025050000003,33.0,ACRES,LEMON,(none),1,30.382025050000003
184,AVOCADO,4.11924855,5.0,ACRES,AVOCADO,(none),1,4.11924855
185,AVOCADO,4.91820789,4.5,ACRES,AVOCADO,(none),1,4.91820789
186,"LEMON, LIME, AVOCADO",8.665231870000001,9.0,ACRES,LEMON,(none),3,2.8884106233333338
186,"LEMON, LIME, AVOCADO",8.665231870000001,9.0,ACRES,LIME,(none),3,2.8884106233333338
186,"LEMON, LIME, AVOCADO",8.665231870000001,9.0,ACRES,AVOCADO,(none),3,2.8884106233333338
187,AVOCADO,5.94793127,6.2,ACRES,AVOCADO,(none),1,5.94793127
188,AVOCADO,8.586330349999999,10.0,ACRES,AVOCADO,(none),1,8.586330349999999
189,"ORANGE, AVOCADO",22.72554285,19.0,ACRES,ORANGE,(none),2,11.362771425
189,"ORANGE, AVOCADO",22.72554285,19.0,ACRES,AVOCADO,(none),2,11.362771425
190,AVOCADO,8.45457122,11.0,ACRES,AVOCADO,(none),1,8.45457122
191,ORANGE,2.34286919,3.0,ACRES,ORANGE,(none),1,2.34286919
192,AVOCADO,9.801645180000001,9.0,ACRES,AVOCADO,(none),1,9.801645180000001
193,AVOCADO,6.38836091,3.0,ACRES,AVOCADO,(none),1,6.38836091
194,AVOCADO,17.58872469,22.1,ACRES,AVOCADO,(none),1,17.58872469
195,AVOCADO,15.26579805,12.0,ACRES,AVOCADO,(none),1,15.26579805
196,"LEMON, AVOCADO",21.86727555,22.9,ACRES,LEMON,(none),2,10.933637775
196,"LEMON, AVOCADO",21.86727555,22.9,ACRES,AVOCADO,(none),2,10.933637775
197,"TROPICAL/SUBTROPICAL FRUIT, AVOCADO",14.204615089999999,6.5,ACRES,TROPICAL/SUBTROPICAL FRUIT,(none),2,7.1023075449999995
197,"TROPICAL/SUBTROPICAL FRUIT, AVOCADO",14.204615089999999,6.5,ACRES,AVOCADO,(none),2,7.1023075449999995
198,AVOCADO,11.262797540000001,6.5,ACRES,AVOCADO,(none),1,11.262797540000001
199,AVOCADO,4.14961231,2.0,ACRES,AVOCADO,(none),1,4.14961231
200,AVOCADO,2.4372129699999996,2.0,ACRES,AVOCADO,(none),1,2.4372129699999996
201,N-OUTDR CONTAINER/FLD GRWN PLANTS,0.49995786000000003,0.5,ACRES,N-OUTDR CONTAINER/FLD GRWN PLANTS,N,1,0.49995786000000003
202,RECREATION AREA,57.48965973,60.0,ACRES,RECREATION AREA,(none),1,57.48965973
203,COMM. FUMIGATN,0.80250855,935.0,CUBIC FEET,COMM. FUMIGATN,(none),1,0.80250855
204,COMM. FUMIGATN,1.38678089,6000.0,CUBIC FEET,COMM. FUMIGATN,(none),1,1.38678089
205,"N-GRNHS GRWN PLANTS IN CONTAINERS, N-OUTDR CONTAINER/FLD GRWN PLANTS",10.74897035,117.0,ACRES,N-GRNHS GRWN PLANTS IN CONTAINERS,N,2,5.374485175
205,"N-GRNHS GRWN PLANTS IN CONTAINERS, N-OUTDR CONTAINER/FLD GRWN PLANTS",10.74897035,117.0,ACRES,N-OUTDR CONTAINER/FLD GRWN PLANTS,N,2,5.374485175
206,N-OUTDR CONTAINER/FLD GRWN PLANTS,12.25172141,13.0,ACRES,N-OUTDR CONTAINER/FLD GRWN PLANTS,N,1,12.25172141
207,N-OUTDR CONTAINER/FLD GRWN PLANTS,25.540620060000002,40.0,ACRES,N-OUTDR CONTAINER/FLD GRWN PLANTS,N,1,25.540620060000002
208,N-OUTDR CONTAINER/FLD GRWN PLANTS,115.53507839,100.0,ACRES,N-OUTDR CONTAINER/FLD GRWN PLANTS,N,1,115.53507839
209,"N-GRNHS GRWN PLANTS IN CONTAINERS, N-OUTDR CONTAINER/FLD GRWN PLANTS",342.29120041,318.0,ACRES,N-GRNHS GRWN PLANTS IN CONTAINERS,N,2,171.145600205
209,"N-GRNHS GRWN PLANTS IN CONTAINERS, N-OUTDR CONTAINER/FLD GRWN PLANTS",342.29120041,318.0,ACRES,N-OUTDR CONTAINER/FLD GRWN PLANTS,N,2,171.145600205
210,N-OUTDR CONTAINER/FLD GRWN PLANTS,11.48189455,12.0,ACRES,N-OUTDR CONTAINER/FLD GRWN PLANTS,N,1,11.48189455
211,"GRAPEFRUIT, AVOCADO",280.75381218,212.0,ACRES,GRAPEFRUIT,(none),2,140.37690609
211,"GRAPEFRUIT, AVOCADO",280.75381218,212.0,ACRES,AVOCADO,(none),2,140.37690609
212,"GRAPEFRUIT, AVOCADO",33.09356072,44.0,ACRES,GRAPEFRUIT,(none),2,16.54678036
212,"GRAPEFRUIT, AVOCADO",33.09356072,44.0,ACRES,AVOCADO,(none),2,16.54678036
213,AVOCADO,35.835509110000004,38.0,ACRES,AVOCADO,(none),1,35.835509110000004
214,"N-OUTDR CONTAINER/FLD GRWN PLANTS, GRAPEFRUIT, LEMON, LIME, ORANGE, TANGELO, TANGERINE, TROPICAL/SUBTROPICAL FRUIT, AVOCADO, GUAVA",52.02713898,45.0,ACRES,N-OUTDR CONTAINER/FLD GRWN PLANTS,N,10,5.202713898
214,"N-OUTDR CONTAINER/FLD GRWN PLANTS, GRAPEFRUIT, LEMON, LIME, ORANGE, TANGELO, TANGERINE, TROPICAL/SUBTROPICAL FRUIT, AVOCADO, GUAVA",52.02713898,45.0,ACRES,GRAPEFRUIT,(none),10,5.202713898
214,"N-OUTDR CONTAINER/FLD GRWN PLANTS, GRAPEFRUIT, LEMON, LIME, ORANGE, TANGELO, TANGERINE, TROPICAL/SUBTROPICAL FRUIT, AVOCADO, GUAVA",52.02713898,45.0,ACRES,LEMON,(none),10,5.202713898
214,"N-OUTDR CONTAINER/FLD GRWN PLANTS, GRAPEFRUIT, LEMON, LIME, ORANGE, TANGELO, TANGERINE, TROPICAL/SUBTROPICAL FRUIT, AVOCADO, GUAVA",52.02713898,45.0,ACRES,LIME,(none),10,5.202713898
214,"N-OUTDR CONTAINER/FLD GRWN PLANTS, GRAPEFRUIT, LEMON, LIME, ORANGE, TANGELO, TANGERINE, TROPICAL/SUBTROPICAL FRUIT, AVOCADO, GUAVA",52.02713898,45.0,ACRES,ORANGE,(none),10,5.202713898
214,"N-OUTDR CONTAINER/FLD GRWN PLANTS, GRAPEFRUIT, LEMON, LIME, ORANGE, TANGELO, TANGERINE, TROPICAL/SUBTROPICAL FRUIT, AVOCADO, GUAVA",52.02713898,45.0,ACRES,TANGELO,(none),10,5.202713898
214,"N-OUTDR CONTAINER/FLD GRWN PLANTS, GRAPEFRUIT, LEMON, LIME, ORANGE, TANGELO, TANGERINE, TROPICAL/SUBTROPICAL FRUIT, AVOCADO, GUAVA",52.02713898,45.0,ACRES,TANGERINE,(none),10,5.202713898
214,"N-OUTDR CONTAINER/FLD GRWN PLANTS, GRAPEFRUIT, LEMON, LIME, ORANGE, TANGELO, TANGERINE, TROPICAL/SUBTROPICAL FRUIT, AVOCADO, GUAVA",52.02713898,45.0,ACRES,TROPICAL/SUBTROPICAL FRUIT,(none),10,5.202713898
214,"N-OUTDR CONTAINER/FLD GRWN PLANTS, GRAPEFRUIT, LEMON, LIME, ORANGE, TANGELO, TANGERINE, TROPICAL/SUBTROPICAL FRUIT, AVOCADO, GUAVA",52.02713898,45.0,ACRES,AVOCADO,(none),10,5.202713898
214,"N-OUTDR CONTAINER/FLD GRWN PLANTS, GRAPEFRUIT, LEMON, LIME, ORANGE, TANGELO, TANGERINE, TROPICAL/SUBTROPICAL FRUIT, AVOCADO, GUAVA",52.02713898,45.0,ACRES,GUAVA,(none),10,5.202713898
215,ORANGE,11.09080292,10.0,ACRES,ORANGE,(none),1,11.09080292
216,ORANGE,9.75361627,10.0,ACRES,ORANGE,(none),1,9.75361627
217,ORANGE,9.01491612,8.0,ACRES,ORANGE,(none),1,9.01491612
218,ORANGE,11.21325435,6.0,ACRES,ORANGE,(none),1,11.21325435
219,"ORANGE, AVOCADO",21.95858322,100.0,ACRES,ORANGE,(none),2,10.97929161
219,"ORANGE, AVOCADO",21.95858322,100.0,ACRES,AVOCADO,(none),2,10.97929161
220,"GRAPEFRUIT, ORANGE",126.48381862000001,140.5,ACRES,GRAPEFRUIT,(none),2,63.241909310000004
220,"GRAPEFRUIT, ORANGE",126.48381862000001,140.5,ACRES,ORANGE,(none),2,63.241909310000004
221,"ORANGE, AVOCADO",36.65887326,42.0,ACRES,ORANGE,(none),2,18.32943663
221,"ORANGE, AVOCADO",36.65887326,42.0,ACRES,AVOCADO,(none),2,18.32943663
222,"GRAPEFRUIT, LEMON, ORANGE",96.29695887,97.0,ACRES,GRAPEFRUIT,(none),3,32.09898629
222,"GRAPEFRUIT, LEMON, ORANGE",96.29695887,97.0,ACRES,LEMON,(none),3,32.09898629
222,"GRAPEFRUIT, LEMON, ORANGE",96.29695887,97.0,ACRES,ORANGE,(none),3,32.09898629
223,"GRAPEFRUIT, ORANGE, AVOCADO",58.07846534,95.0,ACRES,GRAPEFRUIT,(none),3,19.359488446666667
223,"GRAPEFRUIT, ORANGE, AVOCADO",58.07846534,95.0,ACRES,ORANGE,(none),3,19.359488446666667
223,"GRAPEFRUIT, ORANGE, AVOCADO",58.07846534,95.0,ACRES,AVOCADO,(none),3,19.359488446666667
224,"ORANGE, AVOCADO",87.51386899,80.0,ACRES,ORANGE,(none),2,43.756934495
224,"ORANGE, AVOCADO",87.51386899,80.0,ACRES,AVOCADO,(none),2,43.756934495
225,"GRAPEFRUIT, AVOCADO",41.54371555,70.0,ACRES,GRAPEFRUIT,(none),2,20.771857775
225,"GRAPEFRUIT, AVOCADO",41.54371555,70.0,ACRES,AVOCADO,(none),2,20.771857775
226,"POME FRUIT, GUAVA",10.14808077,10.6,ACRES,POME FRUIT,(none),2,5.074040385
226,"POME FRUIT, GUAVA",10.14808077,10.6,ACRES,GUAVA,(none),2,5.074040385
227,"LIME, TROPICAL/SUBTROPICAL FRUIT, GUAVA",15.30560415,16.0,ACRES,LIME,(none),3,5.10186805
227,"LIME, TROPICAL/SUBTROPICAL FRUIT, GUAVA",15.30560415,16.0,ACRES,TROPICAL/SUBTROPICAL FRUIT,(none),3,5.10186805
227,"LIME, TROPICAL/SUBTROPICAL FRUIT, GUAVA",15.30560415,16.0,ACRES,GUAVA,(none),3,5.10186805
228,"N-OUTDR CONTAINER/FLD GRWN PLANTS, CITRUS, KUMQUAT, LEMON, TANGERINE, POME FRUIT, CHERIMOYA, GUAVA",8.62744259,10.0,ACRES,N-OUTDR CONTAINER/FLD GRWN PLANTS,N,8,1.07843032375
228,"N-OUTDR CONTAINER/FLD GRWN PLANTS, CITRUS, KUMQUAT, LEMON, TANGERINE, POME FRUIT, CHERIMOYA, GUAVA",8.62744259,10.0,ACRES,CITRUS,(none),8,1.07843032375
228,"N-OUTDR CONTAINER/FLD GRWN PLANTS, CITRUS, KUMQUAT, LEMON, TANGERINE, POME FRUIT, CHERIMOYA, GUAVA",8.62744259,10.0,ACRES,KUMQUAT,(none),8,1.07843032375
228,"N-OUTDR CONTAINER/FLD GRWN PLANTS, CITRUS, KUMQUAT, LEMON, TANGERINE, POME FRUIT, CHERIMOYA, GUAVA",8.62744259,10.0,ACRES,LEMON,(none),8,1.07843032375
228,"N-OUTDR CONTAINER/FLD GRWN PLANTS, CITRUS, KUMQUAT, LEMON, TANGERINE, POME FRUIT, CHERIMOYA, GUAVA",8.62744259,10.0,ACRES,TANGERINE,(none),8,1.07843032375
228,"N-OUTDR CONTAINER/FLD GRWN PLANTS, CITRUS, KUMQUAT, LEMON, TANGERINE, POME FRUIT, CHERIMOYA, GUAVA",8.62744259,10.0,ACRES,POME FRUIT,(none),8,1.07843032375
228,"N-OUTDR CONTAINER/FLD GRWN PLANTS, CITRUS, KUMQUAT, LEMON, TANGERINE, POME FRUIT, CHERIMOYA, GUAVA",8.62744259,10.0,ACRES,CHERIMOYA,(none),8,1.07843032375
228,"N-OUTDR CONTAINER/FLD GRWN PLANTS, CITRUS, KUMQUAT, LEMON, TANGERINE, POME FRUIT, CHERIMOYA, GUAVA",8.62744259,10.0,ACRES,GUAVA,(none),8,1.07843032375
229,"POME FRUIT, GUAVA",11.15224878,13.0,ACRES,POME FRUIT,(none),2,5.57612439
229,"POME FRUIT, GUAVA",11.15224878,13.0,ACRES,GUAVA,(none),2,5.57612439
230,"N-OUTDR CONTAINER/FLD GRWN PLANTS, LIME, GUAVA",8.34687584,8.0,ACRES,N-OUTDR CONTAINER/FLD GRWN PLANTS,N,3,2.7822919466666662
230,"N-OUTDR CONTAINER/FLD GRWN PLANTS, LIME, GUAVA",8.34687584,8.0,ACRES,LIME,(none),3,2.7822919466666662
230,"N-OUTDR CONTAINER/FLD GRWN PLANTS, LIME, GUAVA",8.34687584,8.0,ACRES,GUAVA,(none),3,2.7822919466666662
231,AVOCADO,5.630640560000001,5.0,ACRES,AVOCADO,(none),1,5.630640560000001
232,"N-OUTDR CONTAINER/FLD GRWN PLANTS, GUAVA",10.32631827,9.0,ACRES,N-OUTDR CONTAINER/FLD GRWN PLANTS,N,2,5.163159135
232,"N-OUTDR CONTAINER/FLD GRWN PLANTS, GUAVA",10.32631827,9.0,ACRES,GUAVA,(none),2,5.163159135
233,"LIME, TANGERINE, AVOCADO",5.2279716,5.0,ACRES,LIME,(none),3,1.7426572
233,"LIME, TANGERINE, AVOCADO",5.2279716,5.0,ACRES,TANGERINE,(none),3,1.7426572
233,"LIME, TANGERINE, AVOCADO",5.2279716,5.0,ACRES,AVOCADO,(none),3,1.7426572
234,"QUINCE, CHERRY, PERSIMMON, GUAVA",7.51937762,8.0,ACRES,QUINCE,(none),4,1.879844405
234,"QUINCE, CHERRY, PERSIMMON, GUAVA",7.51937762,8.0,ACRES,CHERRY,(none),4,1.879844405
234,"QUINCE, CHERRY, PERSIMMON, GUAVA",7.51937762,8.0,ACRES,PERSIMMON,(none),4,1.879844405
234,"QUINCE, CHERRY, PERSIMMON, GUAVA",7.51937762,8.0,ACRES,GUAVA,(none),4,1.879844405
235,"GRAPEFRUIT, KUMQUAT, ORANGE, AVOCADO",301.57071368,428.0,ACRES,GRAPEFRUIT,(none),4,75.39267842
235,"GRAPEFRUIT, KUMQUAT, ORANGE, AVOCADO",301.57071368,428.0,ACRES,KUMQUAT,(none),4,75.39267842
235,"GRAPEFRUIT, KUMQUAT, ORANGE, AVOCADO",301.57071368,428.0,ACRES,ORANGE,(none),4,75.39267842
235,"GRAPEFRUIT, KUMQUAT, ORANGE, AVOCADO",301.57071368,428.0,ACRES,AVOCADO,(none),4,75.39267842
236,"GRAPEFRUIT, ORANGE",43.32023882,32.0,ACRES,GRAPEFRUIT,(none),2,21.66011941
236,"GRAPEFRUIT, ORANGE",43.32023882,32.0,ACRES,ORANGE,(none),2,21.66011941
237,GRAPEFRUIT,4.65299729,5.0,ACRES,GRAPEFRUIT,(none),1,4.65299729
238,"GRAPEFRUIT, AVOCADO",25.446024350000002,28.0,ACRES,GRAPEFRUIT,(none),2,12.723012175000001
238,"GRAPEFRUIT, AVOCADO",25.446024350000002,28.0,ACRES,AVOCADO,(none),2,12.723012175000001
239,ORANGE,2.0342836999999996,2.0,ACRES,ORANGE,(none),1,2.0342836999999996
240,"GRAPEFRUIT, ORANGE, AVOCADO",172.50972788,153.0,ACRES,GRAPEFRUIT,(none),3,57.50324262666667
240,"GRAPEFRUIT, ORANGE, AVOCADO",172.50972788,153.0,ACRES,ORANGE,(none),3,57.50324262666667
240,"GRAPEFRUIT, ORANGE, AVOCADO",172.50972788,153.0,ACRES,AVOCADO,(none),3,57.50324262666667
241,ORANGE,7.79735244,8.0,ACRES,ORANGE,(none),1,7.79735244
242,ORANGE,8.38741759,10.0,ACRES,ORANGE,(none),1,8.38741759
243,ORANGE,23.34711892,22.2,ACRES,ORANGE,(none),1,23.34711892
244,ORANGE,8.635176659999999,8.0,ACRES,ORANGE,(none),1,8.635176659999999
245,GRAPEFRUIT,2.22462397,2.0,ACRES,GRAPEFRUIT,(none),1,2.22462397
246,AVOCADO,41.738885589999995,23.0,ACRES,AVOCADO,(none),1,41.738885589999995
247,AVOCADO,24.57156098,14.0,ACRES,AVOCADO,(none),1,24.57156098
248,AVOCADO,87.47493645,80.0,ACRES,AVOCADO,(none),1,87.47493645
249,AVOCADO,42.138884700000006,25.0,ACRES,AVOCADO,(none),1,42.138884700000006
250,"GRAPEFRUIT, ORANGE, AVOCADO",62.73188971,57.0,ACRES,GRAPEFRUIT,(none),3,20.910629903333334
250,"GRAPEFRUIT, ORANGE, AVOCADO",62.73188971,57.0,ACRES,ORANGE,(none),3,20.910629903333334
250,"GRAPEFRUIT, ORANGE, AVOCADO",62.73188971,57.0,ACRES,AVOCADO,(none),3,20.910629903333334
251,"CITRUS, GRAPEFRUIT, ORANGE, AVOCADO",81.22930534,53.0,ACRES,CITRUS,(none),4,20.307326335
251,"CITRUS, GRAPEFRUIT, ORANGE, AVOCADO",81.22930534,53.0,ACRES,GRAPEFRUIT,(none),4,20.307326335
251,"CITRUS, GRAPEFRUIT, ORANGE, AVOCADO",81.22930534,53.0,ACRES,ORANGE,(none),4,20.307326335
251,"CITRUS, GRAPEFRUIT, ORANGE, AVOCADO",81.22930534,53.0,ACRES,AVOCADO,(none),4,20.307326335
252,"ORANGE, AVOCADO",38.165691339999995,35.5,ACRES,ORANGE,(none),2,19.082845669999998
252,"ORANGE, AVOCADO",38.165691339999995,35.5,ACRES,AVOCADO,(none),2,19.082845669999998
253,AVOCADO,98.32852713000001,90.0,ACRES,AVOCADO,(none),1,98.32852713000001
254,AVOCADO,66.33644413,60.0,ACRES,AVOCADO,(none),1,66.33644413
255,AVOCADO,5.36400771,4.5,ACRES,AVOCADO,(none),1,5.36400771
256,GUAVA,17.819211449999997,14.5,ACRES,GUAVA,(none),1,17.819211449999997
257,"N-OUTDR CONTAINER/FLD GRWN PLANTS, KUMQUAT, LEMON, LIME, ORANGE, TROPICAL/SUBTROPICAL FRUIT, CHERIMOYA, AVOCADO, GUAVA",79.80061501,80.0,ACRES,N-OUTDR CONTAINER/FLD GRWN PLANTS,N,9,8.866735001111111
257,"N-OUTDR CONTAINER/FLD GRWN PLANTS, KUMQUAT, LEMON, LIME, ORANGE, TROPICAL/SUBTROPICAL FRUIT, CHERIMOYA, AVOCADO, GUAVA",79.80061501,80.0,ACRES,KUMQUAT,(none),9,8.866735001111111
257,"N-OUTDR CONTAINER/FLD GRWN PLANTS, KUMQUAT, LEMON, LIME, ORANGE, TROPICAL/SUBTROPICAL FRUIT, CHERIMOYA, AVOCADO, GUAVA",79.80061501,80.0,ACRES,LEMON,(none),9,8.866735001111111
257,"N-OUTDR CONTAINER/FLD GRWN PLANTS, KUMQUAT, LEMON, LIME, ORANGE, TROPICAL/SUBTROPICAL FRUIT, CHERIMOYA, AVOCADO, GUAVA",79.80061501,80.0,ACRES,LIME,(none),9,8.866735001111111
257,"N-OUTDR CONTAINER/FLD GRWN PLANTS, KUMQUAT, LEMON, LIME, ORANGE, TROPICAL/SUBTROPICAL FRUIT, CHERIMOYA, AVOCADO, GUAVA",79.80061501,80.0,ACRES,ORANGE,(none),9,8.866735001111111
257,"N-OUTDR CONTAINER/FLD GRWN PLANTS, KUMQUAT, LEMON, LIME, ORANGE, TROPICAL/SUBTROPICAL FRUIT, CHERIMOYA, AVOCADO, GUAVA",79.80061501,80.0,ACRES,TROPICAL/SUBTROPICAL FRUIT,(none),9,8.866735001111111
257,"N-OUTDR CONTAINER/FLD GRWN PLANTS, KUMQUAT, LEMON, LIME, ORANGE, TROPICAL/SUBTROPICAL FRUIT, CHERIMOYA, AVOCADO, GUAVA",79.80061501,80.0,ACRES,CHERIMOYA,(none),9,8.866735001111111
257,"N-OUTDR CONTAINER/FLD GRWN PLANTS, KUMQUAT, LEMON, LIME, ORANGE, TROPICAL/SUBTROPICAL FRUIT, CHERIMOYA, AVOCADO, GUAVA",79.80061501,80.0,ACRES,AVOCADO,(none),9,8.866735001111111
257,"N-OUTDR CONTAINER/FLD GRWN PLANTS, KUMQUAT, LEMON, LIME, ORANGE, TROPICAL/SUBTROPICAL FRUIT, CHERIMOYA, AVOCADO, GUAVA",79.80061501,80.0,ACRES,GUAVA,(none),9,8.866735001111111
258,AVOCADO,39.78978158,44.0,ACRES,AVOCADO,(none),1,39.78978158
259,"TROPICAL/SUBTROPICAL FRUIT, AVOCADO, GUAVA",160.17940310999998,161.0,ACRES,TROPICAL/SUBTROPICAL FRUIT,(none),3,53.39313436999999
259,"TROPICAL/SUBTROPICAL FRUIT, AVOCADO, GUAVA",160.17940310999998,161.0,ACRES,AVOCADO,(none),3,53.39313436999999
259,"TROPICAL/SUBTROPICAL FRUIT, AVOCADO, GUAVA",160.17940310999998,161.0,ACRES,GUAVA,(none),3,53.39313436999999
260,"LEMON, AVOCADO",36.54155117,36.0,ACRES,LEMON,(none),2,18.270775585
260,"LEMON, AVOCADO",36.54155117,36.0,ACRES,AVOCADO,(none),2,18.270775585
261,ORANGE,11.58799486,11.0,ACRES,ORANGE,(none),1,11.58799486
262,N-GRNHS GRWN PLANTS IN CONTAINERS,9.061425850000001,9.0,ACRES,N-GRNHS GRWN PLANTS IN CONTAINERS,N,1,9.061425850000001
263,N-GRNHS GRWN PLANTS IN CONTAINERS,11.20883144,11.0,ACRES,N-GRNHS GRWN PLANTS IN CONTAINERS,N,1,11.20883144
264,AVOCADO,9.19270719,10.0,ACRES,AVOCADO,(none),1,9.19270719
265,"ORANGE, TANGERINE",57.27772093,66.0,ACRES,ORANGE,(none),2,28.638860465
265,"ORANGE, TANGERINE",57.27772093,66.0,ACRES,TANGERINE,(none),2,28.638860465
266,ORANGE,70.36464586,98.0,ACRES,ORANGE,(none),1,70.36464586
267,"ORANGE, AVOCADO",56.54434635,53.0,ACRES,ORANGE,(none),2,28.272173175
267,"ORANGE, AVOCADO",56.54434635,53.0,ACRES,AVOCADO,(none),2,28.272173175
268,"GRAPE, WINE",18.530383,2.25,ACRES,GRAPE,(none),2,9.2651915
268,"GRAPE, WINE",18.530383,2.25,ACRES,WINE,(none),2,9.2651915
269,OAT,41.148139809999996,63.0,ACRES,OAT,(none),1,41.148139809999996
270,OAT,61.917932920000005,67.0,ACRES,OAT,(none),1,61.917932920000005
271,OAT,50.1002421,100.0,ACRES,OAT,(none),1,50.1002421
272,OAT,22.66950311,25.0,ACRES,OAT,(none),1,22.66950311
274,OAT,37.07462175,45.0,ACRES,OAT,(none),1,37.07462175
275,OAT,37.921388580000006,69.0,ACRES,OAT,(none),1,37.921388580000006
276,OAT,5.74810458,69.0,ACRES,OAT,(none),1,5.74810458
277,OAT,65.35682975,52.0,ACRES,OAT,(none),1,65.35682975
280,OAT,62.21713075,80.0,ACRES,OAT,(none),1,62.21713075
282,OAT,47.80615238,20.0,ACRES,OAT,(none),1,47.80615238
287,OAT,42.1557101,27.0,ACRES,OAT,(none),1,42.1557101
288,OAT,53.92267796,50.0,ACRES,OAT,(none),1,53.92267796
289,OAT,53.92267796,50.0,ACRES,OAT,(none),1,53.92267796
290,OAT,49.36113781,25.0,ACRES,OAT,(none),1,49.36113781
291,"RYEGRAS FOR/FOD, ALFALFA",155.39505636,160.0,ACRES,RYEGRAS FOR/FOD,(none),2,77.69752818
291,"RYEGRAS FOR/FOD, ALFALFA",155.39505636,160.0,ACRES,ALFALFA,(none),2,77.69752818
292,"BARLEY FOR/FOD, RYEGRAS FOR/FOD",204.33475546,205.0,ACRES,BARLEY FOR/FOD,(none),2,102.16737773
292,"BARLEY FOR/FOD, RYEGRAS FOR/FOD",204.33475546,205.0,ACRES,RYEGRAS FOR/FOD,(none),2,102.16737773
293,OAT,10.51467556,40.0,ACRES,OAT,(none),1,10.51467556
294,OAT,42.6039005,50.0,ACRES,OAT,(none),1,42.6039005
295,"N-GRNHS GRWN PLANTS IN CONTAINERS, N-OUTDR CONTAINER/FLD GRWN PLANTS",8.257197719999999,3.6,ACRES,N-GRNHS GRWN PLANTS IN CONTAINERS,N,2,4.128598859999999
295,"N-GRNHS GRWN PLANTS IN CONTAINERS, N-OUTDR CONTAINER/FLD GRWN PLANTS",8.257197719999999,3.6,ACRES,N-OUTDR CONTAINER/FLD GRWN PLANTS,N,2,4.128598859999999
296,N-OUTDR CONTAINER/FLD GRWN PLANTS,30.03716013,30.0,ACRES,N-OUTDR CONTAINER/FLD GRWN PLANTS,N,1,30.03716013
297,"N-GRNHS GRWN PLANTS IN CONTAINERS, N-OUTDR CONTAINER/FLD GRWN PLANTS",10.763365490000002,7.0,ACRES,N-GRNHS GRWN PLANTS IN CONTAINERS,N,2,5.381682745000001
297,"N-GRNHS GRWN PLANTS IN CONTAINERS, N-OUTDR CONTAINER/FLD GRWN PLANTS",10.763365490000002,7.0,ACRES,N-OUTDR CONTAINER/FLD GRWN PLANTS,N,2,5.381682745000001
298,N-OUTDR CONTAINER/FLD GRWN PLANTS,10.12552117,12.0,ACRES,N-OUTDR CONTAINER/FLD GRWN PLANTS,N,1,10.12552117
299,N-OUTDR CONTAINER/FLD GRWN PLANTS,16.83558336,17.0,ACRES,N-OUTDR CONTAINER/FLD GRWN PLANTS,N,1,16.83558336
300,"N-GRNHS GRWN PLANTS IN CONTAINERS, N-OUTDR CONTAINER/FLD GRWN PLANTS",15.14603935,10.5,ACRES,N-GRNHS GRWN PLANTS IN CONTAINERS,N,2,7.573019675
300,"N-GRNHS GRWN PLANTS IN CONTAINERS, N-OUTDR CONTAINER/FLD GRWN PLANTS",15.14603935,10.5,ACRES,N-OUTDR CONTAINER/FLD GRWN PLANTS,N,2,7.573019675
301,N-OUTDR CONTAINER/FLD GRWN PLANTS,31.23447582,100.0,ACRES,N-OUTDR CONTAINER/FLD GRWN PLANTS,N,1,31.23447582
302,PEPPER FRUITNG,112.51422307,100.0,ACRES,PEPPER FRUITNG,(none),1,112.51422307
303,"N-GRNHS GRWN PLANTS IN CONTAINERS, N-OUTDR CONTAINER/FLD GRWN PLANTS",15.04286842,15.0,ACRES,N-GRNHS GRWN PLANTS IN CONTAINERS,N,2,7.52143421
303,"N-GRNHS GRWN PLANTS IN CONTAINERS, N-OUTDR CONTAINER/FLD GRWN PLANTS",15.04286842,15.0,ACRES,N-OUTDR CONTAINER/FLD GRWN PLANTS,N,2,7.52143421
304,"N-GRNHS GRWN PLANTS IN CONTAINERS, N-OUTDR CONTAINER/FLD GRWN PLANTS",13.79075829,14.0,ACRES,N-GRNHS GRWN PLANTS IN CONTAINERS,N,2,6.895379145
304,"N-GRNHS GRWN PLANTS IN CONTAINERS, N-OUTDR CONTAINER/FLD GRWN PLANTS",13.79075829,14.0,ACRES,N-OUTDR CONTAINER/FLD GRWN PLANTS,N,2,6.895379145
305,"N-GRNHS GRWN PLANTS IN CONTAINERS, N-OUTDR CONTAINER/FLD GRWN PLANTS",59.99669692,62.0,ACRES,N-GRNHS GRWN PLANTS IN CONTAINERS,N,2,29.99834846
305,"N-GRNHS GRWN PLANTS IN CONTAINERS, N-OUTDR CONTAINER/FLD GRWN PLANTS",59.99669692,62.0,ACRES,N-OUTDR CONTAINER/FLD GRWN PLANTS,N,2,29.99834846
306,"N-GRNHS GRWN PLANTS IN CONTAINERS, N-OUTDR CONTAINER/FLD GRWN PLANTS",10.64924137,8.5,ACRES,N-GRNHS GRWN PLANTS IN CONTAINERS,N,2,5.324620685
306,"N-GRNHS GRWN PLANTS IN CONTAINERS, N-OUTDR CONTAINER/FLD GRWN PLANTS",10.64924137,8.5,ACRES,N-OUTDR CONTAINER/FLD GRWN PLANTS,N,2,5.324620685
307,N-OUTDR CONTAINER/FLD GRWN PLANTS,61.41170263,50.0,ACRES,N-OUTDR CONTAINER/FLD GRWN PLANTS,N,1,61.41170263
308,N-OUTDR CONTAINER/FLD GRWN PLANTS,2.8984447,3.5,ACRES,N-OUTDR CONTAINER/FLD GRWN PLANTS,N,1,2.8984447
309,N-OUTDR CONTAINER/FLD GRWN PLANTS,4.73002386,5.0,ACRES,N-OUTDR CONTAINER/FLD GRWN PLANTS,N,1,4.73002386
310,N-OUTDR CONTAINER/FLD GRWN PLANTS,49.23233982,60.0,ACRES,N-OUTDR CONTAINER/FLD GRWN PLANTS,N,1,49.23233982
311,"GRAPEFRUIT, LEMON, TANGELO",139.95037511,140.0,ACRES,GRAPEFRUIT,(none),3,46.65012503666667
311,"GRAPEFRUIT, LEMON, TANGELO",139.95037511,140.0,ACRES,LEMON,(none),3,46.65012503666667
311,"GRAPEFRUIT, LEMON, TANGELO",139.95037511,140.0,ACRES,TANGELO,(none),3,46.65012503666667
312,"GRAPEFRUIT, LEMON, LIME",111.37011224,114.0,ACRES,GRAPEFRUIT,(none),3,37.123370746666666
312,"GRAPEFRUIT, LEMON, LIME",111.37011224,114.0,ACRES,LEMON,(none),3,37.123370746666666
312,"GRAPEFRUIT, LEMON, LIME",111.37011224,114.0,ACRES,LIME,(none),3,37.123370746666666
313,"GRAPEFRUIT, TANGELO",118.07510407000001,114.0,ACRES,GRAPEFRUIT,(none),2,59.037552035000004
313,"GRAPEFRUIT, TANGELO",118.07510407000001,114.0,ACRES,TANGELO,(none),2,59.037552035000004
314,"LEMON, TANGELO",109.81378651,110.0,ACRES,LEMON,(none),2,54.906893255
314,"LEMON, TANGELO",109.81378651,110.0,ACRES,TANGELO,(none),2,54.906893255
315,"GRAPEFRUIT, LEMON, ORANGE, TANGELO",185.43099178,240.0,ACRES,GRAPEFRUIT,(none),4,46.357747945
315,"GRAPEFRUIT, LEMON, ORANGE, TANGELO",185.43099178,240.0,ACRES,LEMON,(none),4,46.357747945
315,"GRAPEFRUIT, LEMON, ORANGE, TANGELO",185.43099178,240.0,ACRES,ORANGE,(none),4,46.357747945
315,"GRAPEFRUIT, LEMON, ORANGE, TANGELO",185.43099178,240.0,ACRES,TANGELO,(none),4,46.357747945
316,"GRAPEFRUIT, LEMON",76.35521937,78.0,ACRES,GRAPEFRUIT,(none),2,38.177609685
316,"GRAPEFRUIT, LEMON",76.35521937,78.0,ACRES,LEMON,(none),2,38.177609685
317,AVOCADO,211.82462392,40.0,ACRES,AVOCADO,(none),1,211.82462392
318,LEMON,54.23142525,120.0,ACRES,LEMON,(none),1,54.23142525
319,LEMON,72.82753715,120.0,ACRES,LEMON,(none),1,72.82753715
320,"GRAPEFRUIT, LEMON, ORANGE",76.57354991999999,80.0,ACRES,GRAPEFRUIT,(none),3,25.524516639999998
320,"GRAPEFRUIT, LEMON, ORANGE",76.57354991999999,80.0,ACRES,LEMON,(none),3,25.524516639999998
320,"GRAPEFRUIT, LEMON, ORANGE",76.57354991999999,80.0,ACRES,ORANGE,(none),3,25.524516639999998
321,LEMON,82.98832299,38.0,ACRES,LEMON,(none),1,82.98832299
322,"POTATO, OAT, WHEAT",782.18664649,800.0,ACRES,POTATO,(none),3,260.72888216333337
322,"POTATO, OAT, WHEAT",782.18664649,800.0,ACRES,OAT,(none),3,260.72888216333337
322,"POTATO, OAT, WHEAT",782.18664649,800.0,ACRES,WHEAT,(none),3,260.72888216333337
323,"POTATO, OAT, WHEAT",1105.36902274,837.0,ACRES,POTATO,(none),3,368.45634091333335
323,"POTATO, OAT, WHEAT",1105.36902274,837.0,ACRES,OAT,(none),3,368.45634091333335
323,"POTATO, OAT, WHEAT",1105.36902274,837.0,ACRES,WHEAT,(none),3,368.45634091333335
324,"POTATO, OAT, WHEAT",96.31966695999999,80.0,ACRES,POTATO,(none),3,32.10655565333333
324,"POTATO, OAT, WHEAT",96.31966695999999,80.0,ACRES,OAT,(none),3,32.10655565333333
324,"POTATO, OAT, WHEAT",96.31966695999999,80.0,ACRES,WHEAT,(none),3,32.10655565333333
325,AVOCADO,12.42062675,15.0,ACRES,AVOCADO,(none),1,12.42062675
326,"GRAPEFRUIT, AVOCADO",166.93706485,143.0,ACRES,GRAPEFRUIT,(none),2,83.468532425
326,"GRAPEFRUIT, AVOCADO",166.93706485,143.0,ACRES,AVOCADO,(none),2,83.468532425
327,AVOCADO,14.835037790000001,15.0,ACRES,AVOCADO,(none),1,14.835037790000001
328,"GRAPEFRUIT, PERSIMMON, POMEGRANATE, AVOCADO",204.56075303,286.0,ACRES,GRAPEFRUIT,(none),4,51.1401882575
328,"GRAPEFRUIT, PERSIMMON, POMEGRANATE, AVOCADO",204.56075303,286.0,ACRES,PERSIMMON,(none),4,51.1401882575
328,"GRAPEFRUIT, PERSIMMON, POMEGRANATE, AVOCADO",204.56075303,286.0,ACRES,POMEGRANATE,(none),4,51.1401882575
328,"GRAPEFRUIT, PERSIMMON, POMEGRANATE, AVOCADO",204.56075303,286.0,ACRES,AVOCADO,(none),4,51.1401882575
329,EGG,18.519439650000002,20.0,ACRES,EGG,(none),1,18.519439650000002
330,N-OUTDR CONTAINER/FLD GRWN PLANTS,13.62124892,14.0,ACRES,N-OUTDR CONTAINER/FLD GRWN PLANTS,N,1,13.62124892
331,N-OUTDR CONTAINER/FLD GRWN PLANTS,12.82245022,15.0,ACRES,N-OUTDR CONTAINER/FLD GRWN PLANTS,N,1,12.82245022
332,AVOCADO,23.96098206,20.0,ACRES,AVOCADO,(none),1,23.96098206
333,AVOCADO,39.55014411,35.0,ACRES,AVOCADO,(none),1,39.55014411
334,"LEMON, AVOCADO",77.0770558,100.0,ACRES,LEMON,(none),2,38.5385279
334,"LEMON, AVOCADO",77.0770558,100.0,ACRES,AVOCADO,(none),2,38.5385279
335,AVOCADO,9.18799712,10.0,ACRES,AVOCADO,(none),1,9.18799712
336,AVOCADO,2.33363129,3.5,ACRES,AVOCADO,(none),1,2.33363129
337,"AVOCADO, GRAPE, WINE",17.19742596,16.0,ACRES,AVOCADO,(none),3,5.73247532
337,"AVOCADO, GRAPE, WINE",17.19742596,16.0,ACRES,GRAPE,(none),3,5.73247532
337,"AVOCADO, GRAPE, WINE",17.19742596,16.0,ACRES,WINE,(none),3,5.73247532
338,AVOCADO,10.079722030000001,10.0,ACRES,AVOCADO,(none),1,10.079722030000001
339,"LEMON, AVOCADO",4.49881811,3.0,ACRES,LEMON,(none),2,2.249409055
339,"LEMON, AVOCADO",4.49881811,3.0,ACRES,AVOCADO,(none),2,2.249409055
340,LEMON,4.56595509,6.2,ACRES,LEMON,(none),1,4.56595509
341,LEMON,54.84658795,62.0,ACRES,LEMON,(none),1,54.84658795
342,"EGG, INDUSTRIAL SITE",25.61442708,1.0,ACRES,EGG,(none),2,12.80721354
342,"EGG, INDUSTRIAL SITE",25.61442708,1.0,ACRES,INDUSTRIAL SITE,(none),2,12.80721354
343,RECREATION AREA,134.46223227,60.0,ACRES,RECREATION AREA,(none),1,134.46223227
344,RECREATION AREA,144.30448077999998,145.0,ACRES,RECREATION AREA,(none),1,144.30448077999998
345,N-GRNHS GRWN PLANTS IN CONTAINERS,1.53670652,1.5,ACRES,N-GRNHS GRWN PLANTS IN CONTAINERS,N,1,1.53670652
346,N-GRNHS GRWN PLANTS IN CONTAINERS,2.69826657,0.5,ACRES,N-GRNHS GRWN PLANTS IN CONTAINERS,N,1,2.69826657
347,N-GRNHS GRWN PLANTS IN CONTAINERS,1.35206907,1.0,ACRES,N-GRNHS GRWN PLANTS IN CONTAINERS,N,1,1.35206907
348,"N-GRNHS GRWN PLANTS IN CONTAINERS, N-OUTDR CONTAINER/FLD GRWN PLANTS",6.05544765,5.75,ACRES,N-GRNHS GRWN PLANTS IN CONTAINERS,N,2,3.027723825
348,"N-GRNHS GRWN PLANTS IN CONTAINERS, N-OUTDR CONTAINER/FLD GRWN PLANTS",6.05544765,5.75,ACRES,N-OUTDR CONTAINER/FLD GRWN PLANTS,N,2,3.027723825
349,RECREATION AREA,8.51422999,20.0,ACRES,RECREATION AREA,(none),1,8.51422999
350,PASTURELAND,9.11977912,10.0,ACRES,PASTURELAND,(none),1,9.11977912
351,OAT,134.4728155,100.0,ACRES,OAT,(none),1,134.4728155
352,OAT,49.24945906,85.0,ACRES,OAT,(none),1,49.24945906
353,"N-OUTDR CONTAINER/FLD GRWN PLANTS, SOIL FUM/PREPLT",278.78911352,151.0,ACRES,N-OUTDR CONTAINER/FLD GRWN PLANTS,N,2,139.39455676
353,"N-OUTDR CONTAINER/FLD GRWN PLANTS, SOIL FUM/PREPLT",278.78911352,151.0,ACRES,SOIL FUM/PREPLT,(none),2,139.39455676
354,N-GRNHS GRWN PLANTS IN CONTAINERS,3.8913987700000003,3.75,ACRES,N-GRNHS GRWN PLANTS IN CONTAINERS,N,1,3.8913987700000003
355,"N-GRNHS GRWN PLANTS IN CONTAINERS, N-OUTDR CONTAINER/FLD GRWN PLANTS",2.4978966,2.5,ACRES,N-GRNHS GRWN PLANTS IN CONTAINERS,N,2,1.2489483
355,"N-GRNHS GRWN PLANTS IN CONTAINERS, N-OUTDR CONTAINER/FLD GRWN PLANTS",2.4978966,2.5,ACRES,N-OUTDR CONTAINER/FLD GRWN PLANTS,N,2,1.2489483
356,"LEMON, AVOCADO",10.924914620000001,9.0,ACRES,LEMON,(none),2,5.4624573100000005
356,"LEMON, AVOCADO",10.924914620000001,9.0,ACRES,AVOCADO,(none),2,5.4624573100000005
357,ORANGE,17.173008439999997,19.0,ACRES,ORANGE,(none),1,17.173008439999997
358,ORANGE,6.935891150000001,9.0,ACRES,ORANGE,(none),1,6.935891150000001
359,GRAPEFRUIT,21.189314539999998,10.0,ACRES,GRAPEFRUIT,(none),1,21.189314539999998
360,ORANGE,2.5361363700000004,3.0,ACRES,ORANGE,(none),1,2.5361363700000004
361,"KUMQUAT, ORANGE, AVOCADO",18.38797906,19.5,ACRES,KUMQUAT,(none),3,6.129326353333333
361,"KUMQUAT, ORANGE, AVOCADO",18.38797906,19.5,ACRES,ORANGE,(none),3,6.129326353333333
361,"KUMQUAT, ORANGE, AVOCADO",18.38797906,19.5,ACRES,AVOCADO,(none),3,6.129326353333333
362,ORANGE,15.31110897,20.0,ACRES,ORANGE,(none),1,15.31110897
363,"STRAWBERRY, CUCUMBER, SQUASH, TOMATO, KALE, LETTUCE LEAF, BEAN UNSPECIFD, PEAS",9.97098004,13.0,ACRES,STRAWBERRY,(none),8,1.246372505
363,"STRAWBERRY, CUCUMBER, SQUASH, TOMATO, KALE, LETTUCE LEAF, BEAN UNSPECIFD, PEAS",9.97098004,13.0,ACRES,CUCUMBER,(none),8,1.246372505
363,"STRAWBERRY, CUCUMBER, SQUASH, TOMATO, KALE, LETTUCE LEAF, BEAN UNSPECIFD, PEAS",9.97098004,13.0,ACRES,SQUASH,(none),8,1.246372505
363,"STRAWBERRY, CUCUMBER, SQUASH, TOMATO, KALE, LETTUCE LEAF, BEAN UNSPECIFD, PEAS",9.97098004,13.0,ACRES,TOMATO,(none),8,1.246372505
363,"STRAWBERRY, CUCUMBER, SQUASH, TOMATO, KALE, LETTUCE LEAF, BEAN UNSPECIFD, PEAS",9.97098004,13.0,ACRES,KALE,(none),8,1.246372505
363,"STRAWBERRY, CUCUMBER, SQUASH, TOMATO, KALE, LETTUCE LEAF, BEAN UNSPECIFD, PEAS",9.97098004,13.0,ACRES,LETTUCE LEAF,(none),8,1.246372505
363,"STRAWBERRY, CUCUMBER, SQUASH, TOMATO, KALE, LETTUCE LEAF, BEAN UNSPECIFD, PEAS",9.97098004,13.0,ACRES,BEAN UNSPECIFD,(none),8,1.246372505
363,"STRAWBERRY, CUCUMBER, SQUASH, TOMATO, KALE, LETTUCE LEAF, BEAN UNSPECIFD, PEAS",9.97098004,13.0,ACRES,PEAS,(none),8,1.246372505
364,"GRAPEFRUIT, LEMON, AVOCADO",103.47141072000001,95.0,ACRES,GRAPEFRUIT,(none),3,34.49047024
364,"GRAPEFRUIT, LEMON, AVOCADO",103.47141072000001,95.0,ACRES,LEMON,(none),3,34.49047024
364,"GRAPEFRUIT, LEMON, AVOCADO",103.47141072000001,95.0,ACRES,AVOCADO,(none),3,34.49047024
365,"GRAPEFRUIT, ORANGE, AVOCADO",16.97520721,4.5,ACRES,GRAPEFRUIT,(none),3,5.6584024033333336
365,"GRAPEFRUIT, ORANGE, AVOCADO",16.97520721,4.5,ACRES,ORANGE,(none),3,5.6584024033333336
365,"GRAPEFRUIT, ORANGE, AVOCADO",16.97520721,4.5,ACRES,AVOCADO,(none),3,5.6584024033333336
366,"N-OUTDR GRWN CUT FLWRS OR GREENS, GRAPEFRUIT, ORANGE, GRAPE",93.80283492000001,142.0,ACRES,N-OUTDR GRWN CUT FLWRS OR GREENS,N,4,23.450708730000002
366,"N-OUTDR GRWN CUT FLWRS OR GREENS, GRAPEFRUIT, ORANGE, GRAPE",93.80283492000001,142.0,ACRES,GRAPEFRUIT,(none),4,23.450708730000002
366,"N-OUTDR GRWN CUT FLWRS OR GREENS, GRAPEFRUIT, ORANGE, GRAPE",93.80283492000001,142.0,ACRES,ORANGE,(none),4,23.450708730000002
366,"N-OUTDR GRWN CUT FLWRS OR GREENS, GRAPEFRUIT, ORANGE, GRAPE",93.80283492000001,142.0,ACRES,GRAPE,(none),4,23.450708730000002
367,"ORANGE, ALFALFA, AVOCADO, PASTURELAND, OAT, UNCULTIVATED AG",247.57925955,357.0,ACRES,ORANGE,(none),6,41.263209925
367,"ORANGE, ALFALFA, AVOCADO, PASTURELAND, OAT, UNCULTIVATED AG",247.57925955,357.0,ACRES,ALFALFA,(none),6,41.263209925
367,"ORANGE, ALFALFA, AVOCADO, PASTURELAND, OAT, UNCULTIVATED AG",247.57925955,357.0,ACRES,AVOCADO,(none),6,41.263209925
367,"ORANGE, ALFALFA, AVOCADO, PASTURELAND, OAT, UNCULTIVATED AG",247.57925955,357.0,ACRES,PASTURELAND,(none),6,41.263209925
367,"ORANGE, ALFALFA, AVOCADO, PASTURELAND, OAT, UNCULTIVATED AG",247.57925955,357.0,ACRES,OAT,(none),6,41.263209925
367,"ORANGE, ALFALFA, AVOCADO, PASTURELAND, OAT, UNCULTIVATED AG",247.57925955,357.0,ACRES,UNCULTIVATED AG,(none),6,41.263209925
368,"GRAPEFRUIT, ORANGE",46.12968696,39.0,ACRES,GRAPEFRUIT,(none),2,23.06484348
368,"GRAPEFRUIT, ORANGE",46.12968696,39.0,ACRES,ORANGE,(none),2,23.06484348
369,"ORANGE, AVOCADO",135.63569408,140.0,ACRES,ORANGE,(none),2,67.81784704
369,"ORANGE, AVOCADO",135.63569408,140.0,ACRES,AVOCADO,(none),2,67.81784704
370,N-OUTDR CONTAINER/FLD GRWN PLANTS,6.25419745,4.0,ACRES,N-OUTDR CONTAINER/FLD GRWN PLANTS,N,1,6.25419745
371,N-OUTDR CONTAINER/FLD GRWN PLANTS,7.68925627,4.0,ACRES,N-OUTDR CONTAINER/FLD GRWN PLANTS,N,1,7.68925627
372,KUMQUAT,4.27104095,0.5,ACRES,KUMQUAT,(none),1,4.27104095
373,"ORANGE, TANGERINE, APPLE, PEAR, QUINCE, NECTARINE, PEACH, PERSIMMON, KIWI, AVOCADO",35.221216440000006,50.0,ACRES,ORANGE,(none),10,3.5221216440000007
373,"ORANGE, TANGERINE, APPLE, PEAR, QUINCE, NECTARINE, PEACH, PERSIMMON, KIWI, AVOCADO",35.221216440000006,50.0,ACRES,TANGERINE,(none),10,3.5221216440000007
373,"ORANGE, TANGERINE, APPLE, PEAR, QUINCE, NECTARINE, PEACH, PERSIMMON, KIWI, AVOCADO",35.221216440000006,50.0,ACRES,APPLE,(none),10,3.5221216440000007
373,"ORANGE, TANGERINE, APPLE, PEAR, QUINCE, NECTARINE, PEACH, PERSIMMON, KIWI, AVOCADO",35.221216440000006,50.0,ACRES,PEAR,(none),10,3.5221216440000007
373,"ORANGE, TANGERINE, APPLE, PEAR, QUINCE, NECTARINE, PEACH, PERSIMMON, KIWI, AVOCADO",35.221216440000006,50.0,ACRES,QUINCE,(none),10,3.5221216440000007
373,"ORANGE, TANGERINE, APPLE, PEAR, QUINCE, NECTARINE, PEACH, PERSIMMON, KIWI, AVOCADO",35.221216440000006,50.0,ACRES,NECTARINE,(none),10,3.5221216440000007
373,"ORANGE, TANGERINE, APPLE, PEAR, QUINCE, NECTARINE, PEACH, PERSIMMON, KIWI, AVOCADO",35.221216440000006,50.0,ACRES,PEACH,(none),10,3.5221216440000007
373,"ORANGE, TANGERINE, APPLE, PEAR, QUINCE, NECTARINE, PEACH, PERSIMMON, KIWI, AVOCADO",35.221216440000006,50.0,ACRES,PERSIMMON,(none),10,3.5221216440000007
373,"ORANGE, TANGERINE, APPLE, PEAR, QUINCE, NECTARINE, PEACH, PERSIMMON, KIWI, AVOCADO",35.221216440000006,50.0,ACRES,KIWI,(none),10,3.5221216440000007
373,"ORANGE, TANGERINE, APPLE, PEAR, QUINCE, NECTARINE, PEACH, PERSIMMON, KIWI, AVOCADO",35.221216440000006,50.0,ACRES,AVOCADO,(none),10,3.5221216440000007
374,ORANGE,6.112719670000001,7.0,ACRES,ORANGE,(none),1,6.112719670000001
375,ORANGE,24.33941283,20.0,ACRES,ORANGE,(none),1,24.33941283
376,ORANGE,7.92406503,9.0,ACRES,ORANGE,(none),1,7.92406503
377,"GRAPEFRUIT, ORANGE, TANGERINE, OAT",52.01858818,52.0,ACRES,GRAPEFRUIT,(none),4,13.004647045
377,"GRAPEFRUIT, ORANGE, TANGERINE, OAT",52.01858818,52.0,ACRES,ORANGE,(none),4,13.004647045
377,"GRAPEFRUIT, ORANGE, TANGERINE, OAT",52.01858818,52.0,ACRES,TANGERINE,(none),4,13.004647045
377,"GRAPEFRUIT, ORANGE, TANGERINE, OAT",52.01858818,52.0,ACRES,OAT,(none),4,13.004647045
378,"GRAPEFRUIT, GRAPE, WINE",13.286823309999999,10.0,ACRES,GRAPEFRUIT,(none),3,4.428941103333333
378,"GRAPEFRUIT, GRAPE, WINE",13.286823309999999,10.0,ACRES,GRAPE,(none),3,4.428941103333333
378,"GRAPEFRUIT, GRAPE, WINE",13.286823309999999,10.0,ACRES,WINE,(none),3,4.428941103333333
379,"ORANGE, GRAPE, WINE",13.652113190000001,8.0,ACRES,ORANGE,(none),3,4.550704396666667
379,"ORANGE, GRAPE, WINE",13.652113190000001,8.0,ACRES,GRAPE,(none),3,4.550704396666667
379,"ORANGE, GRAPE, WINE",13.652113190000001,8.0,ACRES,WINE,(none),3,4.550704396666667
380,"OAT, GRAPE, WINE",8.93602954,6.0,ACRES,OAT,(none),3,2.9786765133333333
380,"OAT, GRAPE, WINE",8.93602954,6.0,ACRES,GRAPE,(none),3,2.9786765133333333
380,"OAT, GRAPE, WINE",8.93602954,6.0,ACRES,WINE,(none),3,2.9786765133333333
381,GRAPE,4.68204287,3.0,ACRES,GRAPE,(none),1,4.68204287
382,OAT,138.57929541,125.0,ACRES,OAT,(none),1,138.57929541
383,OAT,40.18419276,33.0,ACRES,OAT,(none),1,40.18419276
384,ORANGE,16.27785101,16.0,ACRES,ORANGE,(none),1,16.27785101
385,"GRAPEFRUIT, ORANGE, GRAPE, WINE",14.40497594,14.0,ACRES,GRAPEFRUIT,(none),4,3.601243985
385,"GRAPEFRUIT, ORANGE, GRAPE, WINE",14.40497594,14.0,ACRES,ORANGE,(none),4,3.601243985
385,"GRAPEFRUIT, ORANGE, GRAPE, WINE",14.40497594,14.0,ACRES,GRAPE,(none),4,3.601243985
385,"GRAPEFRUIT, ORANGE, GRAPE, WINE",14.40497594,14.0,ACRES,WINE,(none),4,3.601243985
386,OAT,34.834982849999996,18.0,ACRES,OAT,(none),1,34.834982849999996
387,N-OUTDR GRWN CUT FLWRS OR GREENS,197.70443229,200.0,ACRES,N-OUTDR GRWN CUT FLWRS OR GREENS,N,1,197.70443229
388,N-OUTDR CONTAINER/FLD GRWN PLANTS,27.32141386,24.0,ACRES,N-OUTDR CONTAINER/FLD GRWN PLANTS,N,1,27.32141386
389,"GRAPEFRUIT, LEMON, DATE",81.79052356999999,86.0,ACRES,GRAPEFRUIT,(none),3,27.263507856666664
389,"GRAPEFRUIT, LEMON, DATE",81.79052356999999,86.0,ACRES,LEMON,(none),3,27.263507856666664
389,"GRAPEFRUIT, LEMON, DATE",81.79052356999999,86.0,ACRES,DATE,(none),3,27.263507856666664
390,"GRAPEFRUIT, LEMON, TANGERINE",170.81624742,170.0,ACRES,GRAPEFRUIT,(none),3,56.93874914
390,"GRAPEFRUIT, LEMON, TANGERINE",170.81624742,170.0,ACRES,LEMON,(none),3,56.93874914
390,"GRAPEFRUIT, LEMON, TANGERINE",170.81624742,170.0,ACRES,TANGERINE,(none),3,56.93874914
391,"GRAPEFRUIT, LEMON, TANGELO, TANGERINE",215.41354019,150.0,ACRES,GRAPEFRUIT,(none),4,53.8533850475
391,"GRAPEFRUIT, LEMON, TANGELO, TANGERINE",215.41354019,150.0,ACRES,LEMON,(none),4,53.8533850475
391,"GRAPEFRUIT, LEMON, TANGELO, TANGERINE",215.41354019,150.0,ACRES,TANGELO,(none),4,53.8533850475
391,"GRAPEFRUIT, LEMON, TANGELO, TANGERINE",215.41354019,150.0,ACRES,TANGERINE,(none),4,53.8533850475
392,"N-OUTDR GRWN CUT FLWRS OR GREENS, N-OUTDR CONTAINER/FLD GRWN PLANTS, APPLE, PEAR",42.36725387,30.0,ACRES,N-OUTDR GRWN CUT FLWRS OR GREENS,N,4,10.5918134675
392,"N-OUTDR GRWN CUT FLWRS OR GREENS, N-OUTDR CONTAINER/FLD GRWN PLANTS, APPLE, PEAR",42.36725387,30.0,ACRES,N-OUTDR CONTAINER/FLD GRWN PLANTS,N,4,10.5918134675
392,"N-OUTDR GRWN CUT FLWRS OR GREENS, N-OUTDR CONTAINER/FLD GRWN PLANTS, APPLE, PEAR",42.36725387,30.0,ACRES,APPLE,(none),4,10.5918134675
392,"N-OUTDR GRWN CUT FLWRS OR GREENS, N-OUTDR CONTAINER/FLD GRWN PLANTS, APPLE, PEAR",42.36725387,30.0,ACRES,PEAR,(none),4,10.5918134675
393,"APPLE, PEAR",15.88513172,7.5,ACRES,APPLE,(none),2,7.94256586
393,"APPLE, PEAR",15.88513172,7.5,ACRES,PEAR,(none),2,7.94256586
394,APPLE,5.89383048,1.0,ACRES,APPLE,(none),1,5.89383048
395,"OAT FOR/FOD, WHEAT FOR/FOD, BARLEY FOR/FOD, RYEGRAS FOR/FOD",28.950785070000002,32.0,ACRES,OAT FOR/FOD,(none),4,7.2376962675000005
395,"OAT FOR/FOD, WHEAT FOR/FOD, BARLEY FOR/FOD, RYEGRAS FOR/FOD",28.950785070000002,32.0,ACRES,WHEAT FOR/FOD,(none),4,7.2376962675000005
395,"OAT FOR/FOD, WHEAT FOR/FOD, BARLEY FOR/FOD, RYEGRAS FOR/FOD",28.950785070000002,32.0,ACRES,BARLEY FOR/FOD,(none),4,7.2376962675000005
395,"OAT FOR/FOD, WHEAT FOR/FOD, BARLEY FOR/FOD, RYEGRAS FOR/FOD",28.950785070000002,32.0,ACRES,RYEGRAS FOR/FOD,(none),4,7.2376962675000005
396,"OAT FOR/FOD, WHEAT FOR/FOD, BARLEY FOR/FOD, RYEGRAS FOR/FOD",26.280052440000002,20.0,ACRES,OAT FOR/FOD,(none),4,6.5700131100000005
396,"OAT FOR/FOD, WHEAT FOR/FOD, BARLEY FOR/FOD, RYEGRAS FOR/FOD",26.280052440000002,20.0,ACRES,WHEAT FOR/FOD,(none),4,6.5700131100000005
396,"OAT FOR/FOD, WHEAT FOR/FOD, BARLEY FOR/FOD, RYEGRAS FOR/FOD",26.280052440000002,20.0,ACRES,BARLEY FOR/FOD,(none),4,6.5700131100000005
396,"OAT FOR/FOD, WHEAT FOR/FOD, BARLEY FOR/FOD, RYEGRAS FOR/FOD",26.280052440000002,20.0,ACRES,RYEGRAS FOR/FOD,(none),4,6.5700131100000005
397,"PUMPKIN, OAT FOR/FOD, WHEAT FOR/FOD, BARLEY FOR/FOD, RYEGRAS FOR/FOD, FARM/AG BUILDING",5.87452282,7.0,ACRES,PUMPKIN,(none),6,0.9790871366666667
397,"PUMPKIN, OAT FOR/FOD, WHEAT FOR/FOD, BARLEY FOR/FOD, RYEGRAS FOR/FOD, FARM/AG BUILDING",5.87452282,7.0,ACRES,OAT FOR/FOD,(none),6,0.9790871366666667
397,"PUMPKIN, OAT FOR/FOD, WHEAT FOR/FOD, BARLEY FOR/FOD, RYEGRAS FOR/FOD, FARM/AG BUILDING",5.87452282,7.0,ACRES,WHEAT FOR/FOD,(none),6,0.9790871366666667
397,"PUMPKIN, OAT FOR/FOD, WHEAT FOR/FOD, BARLEY FOR/FOD, RYEGRAS FOR/FOD, FARM/AG BUILDING",5.87452282,7.0,ACRES,BARLEY FOR/FOD,(none),6,0.9790871366666667
397,"PUMPKIN, OAT FOR/FOD, WHEAT FOR/FOD, BARLEY FOR/FOD, RYEGRAS FOR/FOD, FARM/AG BUILDING",5.87452282,7.0,ACRES,RYEGRAS FOR/FOD,(none),6,0.9790871366666667
397,"PUMPKIN, OAT FOR/FOD, WHEAT FOR/FOD, BARLEY FOR/FOD, RYEGRAS FOR/FOD, FARM/AG BUILDING",5.87452282,7.0,ACRES,FARM/AG BUILDING,(none),6,0.9790871366666667
398,"OAT FOR/FOD, SUDANGRASS, RYEGRAS FOR/FOD, ALFALFA, CLOVER",341.7219267,200.0,ACRES,OAT FOR/FOD,(none),5,68.34438534
398,"OAT FOR/FOD, SUDANGRASS, RYEGRAS FOR/FOD, ALFALFA, CLOVER",341.7219267,200.0,ACRES,SUDANGRASS,(none),5,68.34438534
398,"OAT FOR/FOD, SUDANGRASS, RYEGRAS FOR/FOD, ALFALFA, CLOVER",341.7219267,200.0,ACRES,RYEGRAS FOR/FOD,(none),5,68.34438534
398,"OAT FOR/FOD, SUDANGRASS, RYEGRAS FOR/FOD, ALFALFA, CLOVER",341.7219267,200.0,ACRES,ALFALFA,(none),5,68.34438534
398,"OAT FOR/FOD, SUDANGRASS, RYEGRAS FOR/FOD, ALFALFA, CLOVER",341.7219267,200.0,ACRES,CLOVER,(none),5,68.34438534
399,"OAT FOR/FOD, WHEAT FOR/FOD, BARLEY FOR/FOD, RYEGRAS FOR/FOD",11.88794048,13.0,ACRES,OAT FOR/FOD,(none),4,2.97198512
399,"OAT FOR/FOD, WHEAT FOR/FOD, BARLEY FOR/FOD, RYEGRAS FOR/FOD",11.88794048,13.0,ACRES,WHEAT FOR/FOD,(none),4,2.97198512
399,"OAT FOR/FOD, WHEAT FOR/FOD, BARLEY FOR/FOD, RYEGRAS FOR/FOD",11.88794048,13.0,ACRES,BARLEY FOR/FOD,(none),4,2.97198512
399,"OAT FOR/FOD, WHEAT FOR/FOD, BARLEY FOR/FOD, RYEGRAS FOR/FOD",11.88794048,13.0,ACRES,RYEGRAS FOR/FOD,(none),4,2.97198512
400,"OAT FOR/FOD, WHEAT FOR/FOD, BARLEY FOR/FOD, RYEGRAS FOR/FOD",15.799142949999998,16.0,ACRES,OAT FOR/FOD,(none),4,3.9497857374999996
400,"OAT FOR/FOD, WHEAT FOR/FOD, BARLEY FOR/FOD, RYEGRAS FOR/FOD",15.799142949999998,16.0,ACRES,WHEAT FOR/FOD,(none),4,3.9497857374999996
400,"OAT FOR/FOD, WHEAT FOR/FOD, BARLEY FOR/FOD, RYEGRAS FOR/FOD",15.799142949999998,16.0,ACRES,BARLEY FOR/FOD,(none),4,3.9497857374999996
400,"OAT FOR/FOD, WHEAT FOR/FOD, BARLEY FOR/FOD, RYEGRAS FOR/FOD",15.799142949999998,16.0,ACRES,RYEGRAS FOR/FOD,(none),4,3.9497857374999996
401,"OAT FOR/FOD, WHEAT FOR/FOD, BARLEY FOR/FOD, RYEGRAS FOR/FOD",23.77617507,11.0,ACRES,OAT FOR/FOD,(none),4,5.9440437675
401,"OAT FOR/FOD, WHEAT FOR/FOD, BARLEY FOR/FOD, RYEGRAS FOR/FOD",23.77617507,11.0,ACRES,WHEAT FOR/FOD,(none),4,5.9440437675
401,"OAT FOR/FOD, WHEAT FOR/FOD, BARLEY FOR/FOD, RYEGRAS FOR/FOD",23.77617507,11.0,ACRES,BARLEY FOR/FOD,(none),4,5.9440437675
401,"OAT FOR/FOD, WHEAT FOR/FOD, BARLEY FOR/FOD, RYEGRAS FOR/FOD",23.77617507,11.0,ACRES,RYEGRAS FOR/FOD,(none),4,5.9440437675
402,"OAT FOR/FOD, WHEAT FOR/FOD, BARLEY FOR/FOD, RYEGRAS FOR/FOD",51.01698459,50.0,ACRES,OAT FOR/FOD,(none),4,12.7542461475
402,"OAT FOR/FOD, WHEAT FOR/FOD, BARLEY FOR/FOD, RYEGRAS FOR/FOD",51.01698459,50.0,ACRES,WHEAT FOR/FOD,(none),4,12.7542461475
402,"OAT FOR/FOD, WHEAT FOR/FOD, BARLEY FOR/FOD, RYEGRAS FOR/FOD",51.01698459,50.0,ACRES,BARLEY FOR/FOD,(none),4,12.7542461475
402,"OAT FOR/FOD, WHEAT FOR/FOD, BARLEY FOR/FOD, RYEGRAS FOR/FOD",51.01698459,50.0,ACRES,RYEGRAS FOR/FOD,(none),4,12.7542461475
403,OAT FOR/FOD,30.78987325,32.0,ACRES,OAT FOR/FOD,(none),1,30.78987325
404,OAT,141.02806295,100.0,ACRES,OAT,(none),1,141.02806295
405,"N-OUTDR GRWN CUT FLWRS OR GREENS, N-OUTDR CONTAINER/FLD GRWN PLANTS, AVOCADO",29.95206466,26.5, ,N-OUTDR GRWN CUT FLWRS OR GREENS,N,3,9.984021553333333
405,"N-OUTDR GRWN CUT FLWRS OR GREENS, N-OUTDR CONTAINER/FLD GRWN PLANTS, AVOCADO",29.95206466,26.5, ,N-OUTDR CONTAINER/FLD GRWN PLANTS,N,3,9.984021553333333
405,"N-OUTDR GRWN CUT FLWRS OR GREENS, N-OUTDR CONTAINER/FLD GRWN PLANTS, AVOCADO",29.95206466,26.5, ,AVOCADO,(none),3,9.984021553333333
406,"LEMON, AVOCADO, GRAPE, WINE",84.32152832,70.3,ACRES,LEMON,(none),4,21.08038208
406,"LEMON, AVOCADO, GRAPE, WINE",84.32152832,70.3,ACRES,AVOCADO,(none),4,21.08038208
406,"LEMON, AVOCADO, GRAPE, WINE",84.32152832,70.3,ACRES,GRAPE,(none),4,21.08038208
406,"LEMON, AVOCADO, GRAPE, WINE",84.32152832,70.3,ACRES,WINE,(none),4,21.08038208
407,AVOCADO,8.13794902,20.0,ACRES,AVOCADO,(none),1,8.13794902
408,"N-GRNHS GRWN PLANTS IN CONTAINERS, UNCULTIVATED AG",14.86674994,4.0,ACRES,N-GRNHS GRWN PLANTS IN CONTAINERS,N,2,7.43337497
408,"N-GRNHS GRWN PLANTS IN CONTAINERS, UNCULTIVATED AG",14.86674994,4.0,ACRES,UNCULTIVATED AG,(none),2,7.43337497
409,N-OUTDR CONTAINER/FLD GRWN PLANTS,6.41939041,6.0,ACRES,N-OUTDR CONTAINER/FLD GRWN PLANTS,N,1,6.41939041
410,N-OUTDR CONTAINER/FLD GRWN PLANTS,37.24796188,50.0,ACRES,N-OUTDR CONTAINER/FLD GRWN PLANTS,N,1,37.24796188
411,N-OUTDR CONTAINER/FLD GRWN PLANTS,15.12915327,15.0,ACRES,N-OUTDR CONTAINER/FLD GRWN PLANTS,N,1,15.12915327
412,N-OUTDR CONTAINER/FLD GRWN PLANTS,6.946256,7.0,ACRES,N-OUTDR CONTAINER/FLD GRWN PLANTS,N,1,6.946256
413,N-OUTDR CONTAINER/FLD GRWN PLANTS,5.31988171,25.0,ACRES,N-OUTDR CONTAINER/FLD GRWN PLANTS,N,1,5.31988171
414,N-OUTDR CONTAINER/FLD GRWN PLANTS,6.711334369999999,5.0,ACRES,N-OUTDR CONTAINER/FLD GRWN PLANTS,N,1,6.711334369999999
415,N-OUTDR CONTAINER/FLD GRWN PLANTS,2.20646564,3.0,ACRES,N-OUTDR CONTAINER/FLD GRWN PLANTS,N,1,2.20646564
416,"N-GRNHS GRWN PLANTS IN CONTAINERS, N-OUTDR CONTAINER/FLD GRWN PLANTS",3.4582628800000004,3.0,ACRES,N-GRNHS GRWN PLANTS IN CONTAINERS,N,2,1.7291314400000002
416,"N-GRNHS GRWN PLANTS IN CONTAINERS, N-OUTDR CONTAINER/FLD GRWN PLANTS",3.4582628800000004,3.0,ACRES,N-OUTDR CONTAINER/FLD GRWN PLANTS,N,2,1.7291314400000002
417,N-OUTDR CONTAINER/FLD GRWN PLANTS,1.35804395,1.0,ACRES,N-OUTDR CONTAINER/FLD GRWN PLANTS,N,1,1.35804395
418,N-OUTDR CONTAINER/FLD GRWN PLANTS,20.55772683,24.0,ACRES,N-OUTDR CONTAINER/FLD GRWN PLANTS,N,1,20.55772683
419,"ORANGE, AVOCADO",10.338345480000001,4.5,ACRES,ORANGE,(none),2,5.1691727400000005
419,"ORANGE, AVOCADO",10.338345480000001,4.5,ACRES,AVOCADO,(none),2,5.1691727400000005
420,"CUCUMBER, EGGPLANT, PEPPER FRUITNG, TOMATO, ONION GREEN, TURNIP, UNCULTIVATED AG, CHRYSANTHEMUM, EDIBLE LEAVED",18.89328735,15.0,ACRES,CUCUMBER,(none),9,2.09925415
420,"CUCUMBER, EGGPLANT, PEPPER FRUITNG, TOMATO, ONION GREEN, TURNIP, UNCULTIVATED AG, CHRYSANTHEMUM, EDIBLE LEAVED",18.89328735,15.0,ACRES,EGGPLANT,(none),9,2.09925415
420,"CUCUMBER, EGGPLANT, PEPPER FRUITNG, TOMATO, ONION GREEN, TURNIP, UNCULTIVATED AG, CHRYSANTHEMUM, EDIBLE LEAVED",18.89328735,15.0,ACRES,PEPPER FRUITNG,(none),9,2.09925415
420,"CUCUMBER, EGGPLANT, PEPPER FRUITNG, TOMATO, ONION GREEN, TURNIP, UNCULTIVATED AG, CHRYSANTHEMUM, EDIBLE LEAVED",18.89328735,15.0,ACRES,TOMATO,(none),9,2.09925415
420,"CUCUMBER, EGGPLANT, PEPPER FRUITNG, TOMATO, ONION GREEN, TURNIP, UNCULTIVATED AG, CHRYSANTHEMUM, EDIBLE LEAVED",18.89328735,15.0,ACRES,ONION GREEN,(none),9,2.09925415
420,"CUCUMBER, EGGPLANT, PEPPER FRUITNG, TOMATO, ONION GREEN, TURNIP, UNCULTIVATED AG, CHRYSANTHEMUM, EDIBLE LEAVED",18.89328735,15.0,ACRES,TURNIP,(none),9,2.09925415
420,"CUCUMBER, EGGPLANT, PEPPER FRUITNG, TOMATO, ONION GREEN, TURNIP, UNCULTIVATED AG, CHRYSANTHEMUM, EDIBLE LEAVED",18.89328735,15.0,ACRES,UNCULTIVATED AG,(none),9,2.09925415
420,"CUCUMBER, EGGPLANT, PEPPER FRUITNG, TOMATO, ONION GREEN, TURNIP, UNCULTIVATED AG, CHRYSANTHEMUM, EDIBLE LEAVED",18.89328735,15.0,ACRES,CHRYSANTHEMUM,(none),9,2.09925415
420,"CUCUMBER, EGGPLANT, PEPPER FRUITNG, TOMATO, ONION GREEN, TURNIP, UNCULTIVATED AG, CHRYSANTHEMUM, EDIBLE LEAVED",18.89328735,15.0,ACRES,EDIBLE LEAVED,(none),9,2.09925415
421,"STRAWBERRY, CUCUMBER, PEPPER FRUITNG, TOMATO, CORN, HUMAN CON",8.67987377,7.0,ACRES,STRAWBERRY,(none),6,1.4466456283333333
421,"STRAWBERRY, CUCUMBER, PEPPER FRUITNG, TOMATO, CORN, HUMAN CON",8.67987377,7.0,ACRES,CUCUMBER,(none),6,1.4466456283333333
421,"STRAWBERRY, CUCUMBER, PEPPER FRUITNG, TOMATO, CORN, HUMAN CON",8.67987377,7.0,ACRES,PEPPER FRUITNG,(none),6,1.4466456283333333
421,"STRAWBERRY, CUCUMBER, PEPPER FRUITNG, TOMATO, CORN, HUMAN CON",8.67987377,7.0,ACRES,TOMATO,(none),6,1.4466456283333333
421,"STRAWBERRY, CUCUMBER, PEPPER FRUITNG, TOMATO, CORN, HUMAN CON",8.67987377,7.0,ACRES,CORN,(none),6,1.4466456283333333
421,"STRAWBERRY, CUCUMBER, PEPPER FRUITNG, TOMATO, CORN, HUMAN CON",8.67987377,7.0,ACRES,HUMAN CON,(none),6,1.4466456283333333
422,"STRAWBERRY, CUCUMBER, SQUASH, TOMATO, BEAN SUCCULENT",3.0192481,3.5,ACRES,STRAWBERRY,(none),5,0.60384962
422,"STRAWBERRY, CUCUMBER, SQUASH, TOMATO, BEAN SUCCULENT",3.0192481,3.5,ACRES,CUCUMBER,(none),5,0.60384962
422,"STRAWBERRY, CUCUMBER, SQUASH, TOMATO, BEAN SUCCULENT",3.0192481,3.5,ACRES,SQUASH,(none),5,0.60384962
422,"STRAWBERRY, CUCUMBER, SQUASH, TOMATO, BEAN SUCCULENT",3.0192481,3.5,ACRES,TOMATO,(none),5,0.60384962
422,"STRAWBERRY, CUCUMBER, SQUASH, TOMATO, BEAN SUCCULENT",3.0192481,3.5,ACRES,BEAN SUCCULENT,(none),5,0.60384962
423,N-OUTDR CONTAINER/FLD GRWN PLANTS,24.04731006,2.0,ACRES,N-OUTDR CONTAINER/FLD GRWN PLANTS,N,1,24.04731006
424,"N-OUTDR CONTAINER/FLD GRWN PLANTS, ORANGE, AVOCADO",152.27766077,84.0,ACRES,N-OUTDR CONTAINER/FLD GRWN PLANTS,N,3,50.75922025666667
424,"N-OUTDR CONTAINER/FLD GRWN PLANTS, ORANGE, AVOCADO",152.27766077,84.0,ACRES,ORANGE,(none),3,50.75922025666667
424,"N-OUTDR CONTAINER/FLD GRWN PLANTS, ORANGE, AVOCADO",152.27766077,84.0,ACRES,AVOCADO,(none),3,50.75922025666667
425,"GRAPEFRUIT, AVOCADO",49.70770309,32.0,ACRES,GRAPEFRUIT,(none),2,24.853851545
425,"GRAPEFRUIT, AVOCADO",49.70770309,32.0,ACRES,AVOCADO,(none),2,24.853851545
426,AVOCADO,42.84374914,43.0,ACRES,AVOCADO,(none),1,42.84374914
427,AVOCADO,14.00403349,16.0,ACRES,AVOCADO,(none),1,14.00403349
428,"LEMON, ORANGE, AVOCADO",2.25732945,3.0,ACRES,LEMON,(none),3,0.75244315
428,"LEMON, ORANGE, AVOCADO",2.25732945,3.0,ACRES,ORANGE,(none),3,0.75244315
428,"LEMON, ORANGE, AVOCADO",2.25732945,3.0,ACRES,AVOCADO,(none),3,0.75244315
429,AVOCADO,42.353753950000005,40.0,ACRES,AVOCADO,(none),1,42.353753950000005
430,AVOCADO,26.14558774,35.0,ACRES,AVOCADO,(none),1,26.14558774
431,AVOCADO,18.74687249,16.0,ACRES,AVOCADO,(none),1,18.74687249
432,"N-GRNHS GRWN PLANTS IN CONTAINERS, N-OUTDR CONTAINER/FLD GRWN PLANTS",0.5517995700000001,1.0,ACRES,N-GRNHS GRWN PLANTS IN CONTAINERS,N,2,0.27589978500000006
432,"N-GRNHS GRWN PLANTS IN CONTAINERS, N-OUTDR CONTAINER/FLD GRWN PLANTS",0.5517995700000001,1.0,ACRES,N-OUTDR CONTAINER/FLD GRWN PLANTS,N,2,0.27589978500000006
433,"N-GRNHS GRWN PLANTS IN CONTAINERS, FRUIT, BERRY, CITRUS, APPLE, PEAR, QUINCE, TROPICAL/SUBTROPICAL FRUIT, BANANA, FIG, MANGO, PERSIMMON, POMEGRANATE, CHERIMOYA, SUGARCANE, AVOCADO, OLIVE, MACADAMIA NUT, GUAVA",7.997992099999999,9.0,ACRES,N-GRNHS GRWN PLANTS IN CONTAINERS,N,19,0.42094695263157894
433,"N-GRNHS GRWN PLANTS IN CONTAINERS, FRUIT, BERRY, CITRUS, APPLE, PEAR, QUINCE, TROPICAL/SUBTROPICAL FRUIT, BANANA, FIG, MANGO, PERSIMMON, POMEGRANATE, CHERIMOYA, SUGARCANE, AVOCADO, OLIVE, MACADAMIA NUT, GUAVA",7.997992099999999,9.0,ACRES,FRUIT,(none),19,0.42094695263157894
433,"N-GRNHS GRWN PLANTS IN CONTAINERS, FRUIT, BERRY, CITRUS, APPLE, PEAR, QUINCE, TROPICAL/SUBTROPICAL FRUIT, BANANA, FIG, MANGO, PERSIMMON, POMEGRANATE, CHERIMOYA, SUGARCANE, AVOCADO, OLIVE, MACADAMIA NUT, GUAVA",7.997992099999999,9.0,ACRES,BERRY,(none),19,0.42094695263157894
433,"N-GRNHS GRWN PLANTS IN CONTAINERS, FRUIT, BERRY, CITRUS, APPLE, PEAR, QUINCE, TROPICAL/SUBTROPICAL FRUIT, BANANA, FIG, MANGO, PERSIMMON, POMEGRANATE, CHERIMOYA, SUGARCANE, AVOCADO, OLIVE, MACADAMIA NUT, GUAVA",7.997992099999999,9.0,ACRES,CITRUS,(none),19,0.42094695263157894
433,"N-GRNHS GRWN PLANTS IN CONTAINERS, FRUIT, BERRY, CITRUS, APPLE, PEAR, QUINCE, TROPICAL/SUBTROPICAL FRUIT, BANANA, FIG, MANGO, PERSIMMON, POMEGRANATE, CHERIMOYA, SUGARCANE, AVOCADO, OLIVE, MACADAMIA NUT, GUAVA",7.997992099999999,9.0,ACRES,APPLE,(none),19,0.42094695263157894
433,"N-GRNHS GRWN PLANTS IN CONTAINERS, FRUIT, BERRY, CITRUS, APPLE, PEAR, QUINCE, TROPICAL/SUBTROPICAL FRUIT, BANANA, FIG, MANGO, PERSIMMON, POMEGRANATE, CHERIMOYA, SUGARCANE, AVOCADO, OLIVE, MACADAMIA NUT, GUAVA",7.997992099999999,9.0,ACRES,PEAR,(none),19,0.42094695263157894
433,"N-GRNHS GRWN PLANTS IN CONTAINERS, FRUIT, BERRY, CITRUS, APPLE, PEAR, QUINCE, TROPICAL/SUBTROPICAL FRUIT, BANANA, FIG, MANGO, PERSIMMON, POMEGRANATE, CHERIMOYA, SUGARCANE, AVOCADO, OLIVE, MACADAMIA NUT, GUAVA",7.997992099999999,9.0,ACRES,QUINCE,(none),19,0.42094695263157894
433,"N-GRNHS GRWN PLANTS IN CONTAINERS, FRUIT, BERRY, CITRUS, APPLE, PEAR, QUINCE, TROPICAL/SUBTROPICAL FRUIT, BANANA, FIG, MANGO, PERSIMMON, POMEGRANATE, CHERIMOYA, SUGARCANE, AVOCADO, OLIVE, MACADAMIA NUT, GUAVA",7.997992099999999,9.0,ACRES,TROPICAL/SUBTROPICAL FRUIT,(none),19,0.42094695263157894
433,"N-GRNHS GRWN PLANTS IN CONTAINERS, FRUIT, BERRY, CITRUS, APPLE, PEAR, QUINCE, TROPICAL/SUBTROPICAL FRUIT, BANANA, FIG, MANGO, PERSIMMON, POMEGRANATE, CHERIMOYA, SUGARCANE, AVOCADO, OLIVE, MACADAMIA NUT, GUAVA",7.997992099999999,9.0,ACRES,BANANA,(none),19,0.42094695263157894
433,"N-GRNHS GRWN PLANTS IN CONTAINERS, FRUIT, BERRY, CITRUS, APPLE, PEAR, QUINCE, TROPICAL/SUBTROPICAL FRUIT, BANANA, FIG, MANGO, PERSIMMON, POMEGRANATE, CHERIMOYA, SUGARCANE, AVOCADO, OLIVE, MACADAMIA NUT, GUAVA",7.997992099999999,9.0,ACRES,FIG,(none),19,0.42094695263157894
433,"N-GRNHS GRWN PLANTS IN CONTAINERS, FRUIT, BERRY, CITRUS, APPLE, PEAR, QUINCE, TROPICAL/SUBTROPICAL FRUIT, BANANA, FIG, MANGO, PERSIMMON, POMEGRANATE, CHERIMOYA, SUGARCANE, AVOCADO, OLIVE, MACADAMIA NUT, GUAVA",7.997992099999999,9.0,ACRES,MANGO,(none),19,0.42094695263157894
433,"N-GRNHS GRWN PLANTS IN CONTAINERS, FRUIT, BERRY, CITRUS, APPLE, PEAR, QUINCE, TROPICAL/SUBTROPICAL FRUIT, BANANA, FIG, MANGO, PERSIMMON, POMEGRANATE, CHERIMOYA, SUGARCANE, AVOCADO, OLIVE, MACADAMIA NUT, GUAVA",7.997992099999999,9.0,ACRES,PERSIMMON,(none),19,0.42094695263157894
433,"N-GRNHS GRWN PLANTS IN CONTAINERS, FRUIT, BERRY, CITRUS, APPLE, PEAR, QUINCE, TROPICAL/SUBTROPICAL FRUIT, BANANA, FIG, MANGO, PERSIMMON, POMEGRANATE, CHERIMOYA, SUGARCANE, AVOCADO, OLIVE, MACADAMIA NUT, GUAVA",7.997992099999999,9.0,ACRES,POMEGRANATE,(none),19,0.42094695263157894
433,"N-GRNHS GRWN PLANTS IN CONTAINERS, FRUIT, BERRY, CITRUS, APPLE, PEAR, QUINCE, TROPICAL/SUBTROPICAL FRUIT, BANANA, FIG, MANGO, PERSIMMON, POMEGRANATE, CHERIMOYA, SUGARCANE, AVOCADO, OLIVE, MACADAMIA NUT, GUAVA",7.997992099999999,9.0,ACRES,CHERIMOYA,(none),19,0.42094695263157894
433,"N-GRNHS GRWN PLANTS IN CONTAINERS, FRUIT, BERRY, CITRUS, APPLE, PEAR, QUINCE, TROPICAL/SUBTROPICAL FRUIT, BANANA, FIG, MANGO, PERSIMMON, POMEGRANATE, CHERIMOYA, SUGARCANE, AVOCADO, OLIVE, MACADAMIA NUT, GUAVA",7.997992099999999,9.0,ACRES,SUGARCANE,(none),19,0.42094695263157894
433,"N-GRNHS GRWN PLANTS IN CONTAINERS, FRUIT, BERRY, CITRUS, APPLE, PEAR, QUINCE, TROPICAL/SUBTROPICAL FRUIT, BANANA, FIG, MANGO, PERSIMMON, POMEGRANATE, CHERIMOYA, SUGARCANE, AVOCADO, OLIVE, MACADAMIA NUT, GUAVA",7.997992099999999,9.0,ACRES,AVOCADO,(none),19,0.42094695263157894
433,"N-GRNHS GRWN PLANTS IN CONTAINERS, FRUIT, BERRY, CITRUS, APPLE, PEAR, QUINCE, TROPICAL/SUBTROPICAL FRUIT, BANANA, FIG, MANGO, PERSIMMON, POMEGRANATE, CHERIMOYA, SUGARCANE, AVOCADO, OLIVE, MACADAMIA NUT, GUAVA",7.997992099999999,9.0,ACRES,OLIVE,(none),19,0.42094695263157894
433,"N-GRNHS GRWN PLANTS IN CONTAINERS, FRUIT, BERRY, CITRUS, APPLE, PEAR, QUINCE, TROPICAL/SUBTROPICAL FRUIT, BANANA, FIG, MANGO, PERSIMMON, POMEGRANATE, CHERIMOYA, SUGARCANE, AVOCADO, OLIVE, MACADAMIA NUT, GUAVA",7.997992099999999,9.0,ACRES,MACADAMIA NUT,(none),19,0.42094695263157894
433,"N-GRNHS GRWN PLANTS IN CONTAINERS, FRUIT, BERRY, CITRUS, APPLE, PEAR, QUINCE, TROPICAL/SUBTROPICAL FRUIT, BANANA, FIG, MANGO, PERSIMMON, POMEGRANATE, CHERIMOYA, SUGARCANE, AVOCADO, OLIVE, MACADAMIA NUT, GUAVA",7.997992099999999,9.0,ACRES,GUAVA,(none),19,0.42094695263157894
434,"RASPBERRY, STRAWBERRY, CUCUMBER, SQUASH, EGGPLANT, TOMATO, BROCCOLI, LETTUCE LEAF, BEAN UNSPECIFD, CORN, HUMAN CON, PEAS",9.02342155,9.5,ACRES,RASPBERRY,(none),12,0.7519517958333334
434,"RASPBERRY, STRAWBERRY, CUCUMBER, SQUASH, EGGPLANT, TOMATO, BROCCOLI, LETTUCE LEAF, BEAN UNSPECIFD, CORN, HUMAN CON, PEAS",9.02342155,9.5,ACRES,STRAWBERRY,(none),12,0.7519517958333334
434,"RASPBERRY, STRAWBERRY, CUCUMBER, SQUASH, EGGPLANT, TOMATO, BROCCOLI, LETTUCE LEAF, BEAN UNSPECIFD, CORN, HUMAN CON, PEAS",9.02342155,9.5,ACRES,CUCUMBER,(none),12,0.7519517958333334
434,"RASPBERRY, STRAWBERRY, CUCUMBER, SQUASH, EGGPLANT, TOMATO, BROCCOLI, LETTUCE LEAF, BEAN UNSPECIFD, CORN, HUMAN CON, PEAS",9.02342155,9.5,ACRES,SQUASH,(none),12,0.7519517958333334
434,"RASPBERRY, STRAWBERRY, CUCUMBER, SQUASH, EGGPLANT, TOMATO, BROCCOLI, LETTUCE LEAF, BEAN UNSPECIFD, CORN, HUMAN CON, PEAS",9.02342155,9.5,ACRES,EGGPLANT,(none),12,0.7519517958333334
434,"RASPBERRY, STRAWBERRY, CUCUMBER, SQUASH, EGGPLANT, TOMATO, BROCCOLI, LETTUCE LEAF, BEAN UNSPECIFD, CORN, HUMAN CON, PEAS",9.02342155,9.5,ACRES,TOMATO,(none),12,0.7519517958333334
434,"RASPBERRY, STRAWBERRY, CUCUMBER, SQUASH, EGGPLANT, TOMATO, BROCCOLI, LETTUCE LEAF, BEAN UNSPECIFD, CORN, HUMAN CON, PEAS",9.02342155,9.5,ACRES,BROCCOLI,(none),12,0.7519517958333334
434,"RASPBERRY, STRAWBERRY, CUCUMBER, SQUASH, EGGPLANT, TOMATO, BROCCOLI, LETTUCE LEAF, BEAN UNSPECIFD, CORN, HUMAN CON, PEAS",9.02342155,9.5,ACRES,LETTUCE LEAF,(none),12,0.7519517958333334
434,"RASPBERRY, STRAWBERRY, CUCUMBER, SQUASH, EGGPLANT, TOMATO, BROCCOLI, LETTUCE LEAF, BEAN UNSPECIFD, CORN, HUMAN CON, PEAS",9.02342155,9.5,ACRES,BEAN UNSPECIFD,(none),12,0.7519517958333334
434,"RASPBERRY, STRAWBERRY, CUCUMBER, SQUASH, EGGPLANT, TOMATO, BROCCOLI, LETTUCE LEAF, BEAN UNSPECIFD, CORN, HUMAN CON, PEAS",9.02342155,9.5,ACRES,CORN,(none),12,0.7519517958333334
434,"RASPBERRY, STRAWBERRY, CUCUMBER, SQUASH, EGGPLANT, TOMATO, BROCCOLI, LETTUCE LEAF, BEAN UNSPECIFD, CORN, HUMAN CON, PEAS",9.02342155,9.5,ACRES,HUMAN CON,(none),12,0.7519517958333334
434,"RASPBERRY, STRAWBERRY, CUCUMBER, SQUASH, EGGPLANT, TOMATO, BROCCOLI, LETTUCE LEAF, BEAN UNSPECIFD, CORN, HUMAN CON, PEAS",9.02342155,9.5,ACRES,PEAS,(none),12,0.7519517958333334
435,"STRAWBERRY, WATERMELON, CUCUMBER, SQUASH, EGGPLANT, TOMATO, BROCCOLI, BRUSSEL SPROUT, CAULIFLOWER, LETTUCE LEAF, BEAN UNSPECIFD, CELERY, CORN, HUMAN CON, PEAS",4.63510042,4.5,ACRES,STRAWBERRY,(none),15,0.30900669466666664
435,"STRAWBERRY, WATERMELON, CUCUMBER, SQUASH, EGGPLANT, TOMATO, BROCCOLI, BRUSSEL SPROUT, CAULIFLOWER, LETTUCE LEAF, BEAN UNSPECIFD, CELERY, CORN, HUMAN CON, PEAS",4.63510042,4.5,ACRES,WATERMELON,(none),15,0.30900669466666664
435,"STRAWBERRY, WATERMELON, CUCUMBER, SQUASH, EGGPLANT, TOMATO, BROCCOLI, BRUSSEL SPROUT, CAULIFLOWER, LETTUCE LEAF, BEAN UNSPECIFD, CELERY, CORN, HUMAN CON, PEAS",4.63510042,4.5,ACRES,CUCUMBER,(none),15,0.30900669466666664
435,"STRAWBERRY, WATERMELON, CUCUMBER, SQUASH, EGGPLANT, TOMATO, BROCCOLI, BRUSSEL SPROUT, CAULIFLOWER, LETTUCE LEAF, BEAN UNSPECIFD, CELERY, CORN, HUMAN CON, PEAS",4.63510042,4.5,ACRES,SQUASH,(none),15,0.30900669466666664
435,"STRAWBERRY, WATERMELON, CUCUMBER, SQUASH, EGGPLANT, TOMATO, BROCCOLI, BRUSSEL SPROUT, CAULIFLOWER, LETTUCE LEAF, BEAN UNSPECIFD, CELERY, CORN, HUMAN CON, PEAS",4.63510042,4.5,ACRES,EGGPLANT,(none),15,0.30900669466666664
435,"STRAWBERRY, WATERMELON, CUCUMBER, SQUASH, EGGPLANT, TOMATO, BROCCOLI, BRUSSEL SPROUT, CAULIFLOWER, LETTUCE LEAF, BEAN UNSPECIFD, CELERY, CORN, HUMAN CON, PEAS",4.63510042,4.5,ACRES,TOMATO,(none),15,0.30900669466666664
435,"STRAWBERRY, WATERMELON, CUCUMBER, SQUASH, EGGPLANT, TOMATO, BROCCOLI, BRUSSEL SPROUT, CAULIFLOWER, LETTUCE LEAF, BEAN UNSPECIFD, CELERY, CORN, HUMAN CON, PEAS",4.63510042,4.5,ACRES,BROCCOLI,(none),15,0.30900669466666664
435,"STRAWBERRY, WATERMELON, CUCUMBER, SQUASH, EGGPLANT, TOMATO, BROCCOLI, BRUSSEL SPROUT, CAULIFLOWER, LETTUCE LEAF, BEAN UNSPECIFD, CELERY, CORN, HUMAN CON, PEAS",4.63510042,4.5,ACRES,BRUSSEL SPROUT,(none),15,0.30900669466666664
435,"STRAWBERRY, WATERMELON, CUCUMBER, SQUASH, EGGPLANT, TOMATO, BROCCOLI, BRUSSEL SPROUT, CAULIFLOWER, LETTUCE LEAF, BEAN UNSPECIFD, CELERY, CORN, HUMAN CON, PEAS",4.63510042,4.5,ACRES,CAULIFLOWER,(none),15,0.30900669466666664
435,"STRAWBERRY, WATERMELON, CUCUMBER, SQUASH, EGGPLANT, TOMATO, BROCCOLI, BRUSSEL SPROUT, CAULIFLOWER, LETTUCE LEAF, BEAN UNSPECIFD, CELERY, CORN, HUMAN CON, PEAS",4.63510042,4.5,ACRES,LETTUCE LEAF,(none),15,0.30900669466666664
435,"STRAWBERRY, WATERMELON, CUCUMBER, SQUASH, EGGPLANT, TOMATO, BROCCOLI, BRUSSEL SPROUT, CAULIFLOWER, LETTUCE LEAF, BEAN UNSPECIFD, CELERY, CORN, HUMAN CON, PEAS",4.63510042,4.5,ACRES,BEAN UNSPECIFD,(none),15,0.30900669466666664
435,"STRAWBERRY, WATERMELON, CUCUMBER, SQUASH, EGGPLANT, TOMATO, BROCCOLI, BRUSSEL SPROUT, CAULIFLOWER, LETTUCE LEAF, BEAN UNSPECIFD, CELERY, CORN, HUMAN CON, PEAS",4.63510042,4.5,ACRES,CELERY,(none),15,0.30900669466666664
435,"STRAWBERRY, WATERMELON, CUCUMBER, SQUASH, EGGPLANT, TOMATO, BROCCOLI, BRUSSEL SPROUT, CAULIFLOWER, LETTUCE LEAF, BEAN UNSPECIFD, CELERY, CORN, HUMAN CON, PEAS",4.63510042,4.5,ACRES,CORN,(none),15,0.30900669466666664
435,"STRAWBERRY, WATERMELON, CUCUMBER, SQUASH, EGGPLANT, TOMATO, BROCCOLI, BRUSSEL SPROUT, CAULIFLOWER, LETTUCE LEAF, BEAN UNSPECIFD, CELERY, CORN, HUMAN CON, PEAS",4.63510042,4.5,ACRES,HUMAN CON,(none),15,0.30900669466666664
435,"STRAWBERRY, WATERMELON, CUCUMBER, SQUASH, EGGPLANT, TOMATO, BROCCOLI, BRUSSEL SPROUT, CAULIFLOWER, LETTUCE LEAF, BEAN UNSPECIFD, CELERY, CORN, HUMAN CON, PEAS",4.63510042,4.5,ACRES,PEAS,(none),15,0.30900669466666664
436,N-OUTDR CONTAINER/FLD GRWN PLANTS,0.7868661100000001,3.0,ACRES,N-OUTDR CONTAINER/FLD GRWN PLANTS,N,1,0.7868661100000001
437,N-OUTDR CONTAINER/FLD GRWN PLANTS,5.3236421599999995,2.0,ACRES,N-OUTDR CONTAINER/FLD GRWN PLANTS,N,1,5.3236421599999995
438,N-OUTDR CONTAINER/FLD GRWN PLANTS,7.152542889999999,8.5,ACRES,N-OUTDR CONTAINER/FLD GRWN PLANTS,N,1,7.152542889999999
439,N-OUTDR CONTAINER/FLD GRWN PLANTS,16.697411940000002,7.0,ACRES,N-OUTDR CONTAINER/FLD GRWN PLANTS,N,1,16.697411940000002
440,N-OUTDR CONTAINER/FLD GRWN PLANTS,13.68754892,7.0,ACRES,N-OUTDR CONTAINER/FLD GRWN PLANTS,N,1,13.68754892
441,N-OUTDR CONTAINER/FLD GRWN PLANTS,5.3103082399999995,5.0,ACRES,N-OUTDR CONTAINER/FLD GRWN PLANTS,N,1,5.3103082399999995
442,"HERB, SPICE, PEPPER FRUITNG",0.08898083000000001,0.25,ACRES,HERB,(none),3,0.02966027666666667
442,"HERB, SPICE, PEPPER FRUITNG",0.08898083000000001,0.25,ACRES,SPICE,(none),3,0.02966027666666667
442,"HERB, SPICE, PEPPER FRUITNG",0.08898083000000001,0.25,ACRES,PEPPER FRUITNG,(none),3,0.02966027666666667
443,"GRAPE, WINE",2.1886144400000003,2.0,ACRES,GRAPE,(none),2,1.0943072200000001
443,"GRAPE, WINE",2.1886144400000003,2.0,ACRES,WINE,(none),2,1.0943072200000001
444,N-OUTDR GRWN CUT FLWRS OR GREENS,8.5259512,9.0,ACRES,N-OUTDR GRWN CUT FLWRS OR GREENS,N,1,8.5259512
445,N-OUTDR CONTAINER/FLD GRWN PLANTS,62.25735893,50.0,ACRES,N-OUTDR CONTAINER/FLD GRWN PLANTS,N,1,62.25735893
446,"N-OUTDR CONTAINER/FLD GRWN PLANTS, FARM/AG BUILDING",66.20114336,95.0,ACRES,N-OUTDR CONTAINER/FLD GRWN PLANTS,N,2,33.10057168
446,"N-OUTDR CONTAINER/FLD GRWN PLANTS, FARM/AG BUILDING",66.20114336,95.0,ACRES,FARM/AG BUILDING,(none),2,33.10057168
447,"N-OUTDR CONTAINER/FLD GRWN PLANTS, GRAPEFRUIT, LEMON, ORANGE, TANGERINE, AVOCADO, OLIVE, FARM/AG BUILDING",217.58923199,160.0,ACRES,N-OUTDR CONTAINER/FLD GRWN PLANTS,N,8,27.19865399875
447,"N-OUTDR CONTAINER/FLD GRWN PLANTS, GRAPEFRUIT, LEMON, ORANGE, TANGERINE, AVOCADO, OLIVE, FARM/AG BUILDING",217.58923199,160.0,ACRES,GRAPEFRUIT,(none),8,27.19865399875
447,"N-OUTDR CONTAINER/FLD GRWN PLANTS, GRAPEFRUIT, LEMON, ORANGE, TANGERINE, AVOCADO, OLIVE, FARM/AG BUILDING",217.58923199,160.0,ACRES,LEMON,(none),8,27.19865399875
447,"N-OUTDR CONTAINER/FLD GRWN PLANTS, GRAPEFRUIT, LEMON, ORANGE, TANGERINE, AVOCADO, OLIVE, FARM/AG BUILDING",217.58923199,160.0,ACRES,ORANGE,(none),8,27.19865399875
447,"N-OUTDR CONTAINER/FLD GRWN PLANTS, GRAPEFRUIT, LEMON, ORANGE, TANGERINE, AVOCADO, OLIVE, FARM/AG BUILDING",217.58923199,160.0,ACRES,TANGERINE,(none),8,27.19865399875
447,"N-OUTDR CONTAINER/FLD GRWN PLANTS, GRAPEFRUIT, LEMON, ORANGE, TANGERINE, AVOCADO, OLIVE, FARM/AG BUILDING",217.58923199,160.0,ACRES,AVOCADO,(none),8,27.19865399875
447,"N-OUTDR CONTAINER/FLD GRWN PLANTS, GRAPEFRUIT, LEMON, ORANGE, TANGERINE, AVOCADO, OLIVE, FARM/AG BUILDING",217.58923199,160.0,ACRES,OLIVE,(none),8,27.19865399875
447,"N-OUTDR CONTAINER/FLD GRWN PLANTS, GRAPEFRUIT, LEMON, ORANGE, TANGERINE, AVOCADO, OLIVE, FARM/AG BUILDING",217.58923199,160.0,ACRES,FARM/AG BUILDING,(none),8,27.19865399875
448,"N-OUTDR CONTAINER/FLD GRWN PLANTS, FARM/AG BUILDING",47.93519084,50.0,ACRES,N-OUTDR CONTAINER/FLD GRWN PLANTS,N,2,23.96759542
448,"N-OUTDR CONTAINER/FLD GRWN PLANTS, FARM/AG BUILDING",47.93519084,50.0,ACRES,FARM/AG BUILDING,(none),2,23.96759542
449,"N-GRNHS GRWN PLANTS IN CONTAINERS, N-OUTDR CONTAINER/FLD GRWN PLANTS, FARM/AG BUILDING",48.53428664,50.0,ACRES,N-GRNHS GRWN PLANTS IN CONTAINERS,N,3,16.178095546666665
449,"N-GRNHS GRWN PLANTS IN CONTAINERS, N-OUTDR CONTAINER/FLD GRWN PLANTS, FARM/AG BUILDING",48.53428664,50.0,ACRES,N-OUTDR CONTAINER/FLD GRWN PLANTS,N,3,16.178095546666665
449,"N-GRNHS GRWN PLANTS IN CONTAINERS, N-OUTDR CONTAINER/FLD GRWN PLANTS, FARM/AG BUILDING",48.53428664,50.0,ACRES,FARM/AG BUILDING,(none),3,16.178095546666665
450,ORANGE,5.10577973,5.0,ACRES,ORANGE,(none),1,5.10577973
451,"PERSIMMON, AVOCADO",22.00435204,17.0,ACRES,PERSIMMON,(none),2,11.00217602
451,"PERSIMMON, AVOCADO",22.00435204,17.0,ACRES,AVOCADO,(none),2,11.00217602
452,"N-GRNHS GRWN PLANTS IN CONTAINERS, N-OUTDR CONTAINER/FLD GRWN PLANTS",154.27715872,114.0,ACRES,N-GRNHS GRWN PLANTS IN CONTAINERS,N,2,77.13857936
452,"N-GRNHS GRWN PLANTS IN CONTAINERS, N-OUTDR CONTAINER/FLD GRWN PLANTS",154.27715872,114.0,ACRES,N-OUTDR CONTAINER/FLD GRWN PLANTS,N,2,77.13857936
453,"N-GRNHS GRWN TRNSPLNT/PRPGTV MTRL, N-OUTDR GRWN TRNSPLNT/PRPGTV MTRL",10.658391700000001,14.0,ACRES,N-GRNHS GRWN TRNSPLNT/PRPGTV MTRL,N,2,5.3291958500000005
453,"N-GRNHS GRWN TRNSPLNT/PRPGTV MTRL, N-OUTDR GRWN TRNSPLNT/PRPGTV MTRL",10.658391700000001,14.0,ACRES,N-OUTDR GRWN TRNSPLNT/PRPGTV MTRL,N,2,5.3291958500000005
454,N-OUTDR GRWN TRNSPLNT/PRPGTV MTRL,4.82930453,5.0,ACRES,N-OUTDR GRWN TRNSPLNT/PRPGTV MTRL,N,1,4.82930453
455,"N-OUTDR GRWN CUT FLWRS OR GREENS, N-GRNHS GRWN PLANTS IN CONTAINERS",9.7522859,17.0,ACRES,N-OUTDR GRWN CUT FLWRS OR GREENS,N,2,4.87614295
455,"N-OUTDR GRWN CUT FLWRS OR GREENS, N-GRNHS GRWN PLANTS IN CONTAINERS",9.7522859,17.0,ACRES,N-GRNHS GRWN PLANTS IN CONTAINERS,N,2,4.87614295
456,N-GRNHS GRWN PLANTS IN CONTAINERS,3.88630456,4.0,ACRES,N-GRNHS GRWN PLANTS IN CONTAINERS,N,1,3.88630456
457,"N-OUTDR CONTAINER/FLD GRWN PLANTS, CITRUS, CHERIMOYA, AVOCADO",11.07852613,9.0,ACRES,N-OUTDR CONTAINER/FLD GRWN PLANTS,N,4,2.7696315325
457,"N-OUTDR CONTAINER/FLD GRWN PLANTS, CITRUS, CHERIMOYA, AVOCADO",11.07852613,9.0,ACRES,CITRUS,(none),4,2.7696315325
457,"N-OUTDR CONTAINER/FLD GRWN PLANTS, CITRUS, CHERIMOYA, AVOCADO",11.07852613,9.0,ACRES,CHERIMOYA,(none),4,2.7696315325
457,"N-OUTDR CONTAINER/FLD GRWN PLANTS, CITRUS, CHERIMOYA, AVOCADO",11.07852613,9.0,ACRES,AVOCADO,(none),4,2.7696315325
458,"N-GRNHS GRWN PLANTS IN CONTAINERS, N-OUTDR CONTAINER/FLD GRWN PLANTS",33.83470857,20.0,ACRES,N-GRNHS GRWN PLANTS IN CONTAINERS,N,2,16.917354285
458,"N-GRNHS GRWN PLANTS IN CONTAINERS, N-OUTDR CONTAINER/FLD GRWN PLANTS",33.83470857,20.0,ACRES,N-OUTDR CONTAINER/FLD GRWN PLANTS,N,2,16.917354285
459,N-OUTDR CONTAINER/FLD GRWN PLANTS,12.81138047,12.0,ACRES,N-OUTDR CONTAINER/FLD GRWN PLANTS,N,1,12.81138047
460,N-OUTDR CONTAINER/FLD GRWN PLANTS,18.34113726,21.0,ACRES,N-OUTDR CONTAINER/FLD GRWN PLANTS,N,1,18.34113726
461,N-OUTDR CONTAINER/FLD GRWN PLANTS,30.74427034,7.0,ACRES,N-OUTDR CONTAINER/FLD GRWN PLANTS,N,1,30.74427034
462,N-GRNHS GRWN PLANTS IN CONTAINERS,10.0682452,7500.0,SQUARE FEET,N-GRNHS GRWN PLANTS IN CONTAINERS,N,1,10.0682452
463,"N-GRNHS GRWN PLANTS IN CONTAINERS, N-OUTDR CONTAINER/FLD GRWN PLANTS",19.30735039,7.0,ACRES,N-GRNHS GRWN PLANTS IN CONTAINERS,N,2,9.653675195
463,"N-GRNHS GRWN PLANTS IN CONTAINERS, N-OUTDR CONTAINER/FLD GRWN PLANTS",19.30735039,7.0,ACRES,N-OUTDR CONTAINER/FLD GRWN PLANTS,N,2,9.653675195
464,"N-GRNHS GRWN PLANTS IN CONTAINERS, N-OUTDR CONTAINER/FLD GRWN PLANTS",4.70373417,4.0,ACRES,N-GRNHS GRWN PLANTS IN CONTAINERS,N,2,2.351867085
464,"N-GRNHS GRWN PLANTS IN CONTAINERS, N-OUTDR CONTAINER/FLD GRWN PLANTS",4.70373417,4.0,ACRES,N-OUTDR CONTAINER/FLD GRWN PLANTS,N,2,2.351867085
465,N-OUTDR CONTAINER/FLD GRWN PLANTS,17.083400100000002,10.0,ACRES,N-OUTDR CONTAINER/FLD GRWN PLANTS,N,1,17.083400100000002
466,"ORANGE, AVOCADO",1.4876841600000001,2.0,ACRES,ORANGE,(none),2,0.7438420800000001
466,"ORANGE, AVOCADO",1.4876841600000001,2.0,ACRES,AVOCADO,(none),2,0.7438420800000001
467,AVOCADO,21.1076786,10.0,ACRES,AVOCADO,(none),1,21.1076786
468,AVOCADO,1.8640465,2.0,ACRES,AVOCADO,(none),1,1.8640465
469,AVOCADO,2.25973987,2.0,ACRES,AVOCADO,(none),1,2.25973987
470,AVOCADO,1.73950497,2.0,ACRES,AVOCADO,(none),1,1.73950497
471,AVOCADO,10.39867804,10.0,ACRES,AVOCADO,(none),1,10.39867804
472,AVOCADO,2.46191437,2.0,ACRES,AVOCADO,(none),1,2.46191437
473,AVOCADO,2.55878102,2.5,ACRES,AVOCADO,(none),1,2.55878102
474,AVOCADO,2.84092828,2.0,ACRES,AVOCADO,(none),1,2.84092828
475,AVOCADO,2.22315169,2.0,ACRES,AVOCADO,(none),1,2.22315169
476,CITRUS,1.3544471,2.0,ACRES,CITRUS,(none),1,1.3544471
477,"CITRUS, AVOCADO",4.560586890000001,4.5,ACRES,CITRUS,(none),2,2.2802934450000003
477,"CITRUS, AVOCADO",4.560586890000001,4.5,ACRES,AVOCADO,(none),2,2.2802934450000003
478,AVOCADO,4.2662197,2.0,ACRES,AVOCADO,(none),1,4.2662197
479,"CITRUS, AVOCADO",0.70850706,1.0,ACRES,CITRUS,(none),2,0.35425353
479,"CITRUS, AVOCADO",0.70850706,1.0,ACRES,AVOCADO,(none),2,0.35425353
480,ORANGE,4.6866626600000005,2.0,ACRES,ORANGE,(none),1,4.6866626600000005
481,AVOCADO,10.82620618,3.5,ACRES,AVOCADO,(none),1,10.82620618
482,AVOCADO,8.40085578,5.0,ACRES,AVOCADO,(none),1,8.40085578
483,AVOCADO,0.9465603,2.0,ACRES,AVOCADO,(none),1,0.9465603
484,"CITRUS, PERSIMMON, AVOCADO",11.1892163,10.0,ACRES,CITRUS,(none),3,3.729738766666667
484,"CITRUS, PERSIMMON, AVOCADO",11.1892163,10.0,ACRES,PERSIMMON,(none),3,3.729738766666667
484,"CITRUS, PERSIMMON, AVOCADO",11.1892163,10.0,ACRES,AVOCADO,(none),3,3.729738766666667
485,AVOCADO,1.3435861800000002,2.0,ACRES,AVOCADO,(none),1,1.3435861800000002
486,AVOCADO,2.29231879,2.5,ACRES,AVOCADO,(none),1,2.29231879
487,AVOCADO,2.69328952,3.0,ACRES,AVOCADO,(none),1,2.69328952
488,AVOCADO,4.96184169,2.0,ACRES,AVOCADO,(none),1,4.96184169
489,AVOCADO,3.0738180799999997,3.0,ACRES,AVOCADO,(none),1,3.0738180799999997
490,AVOCADO,2.23191489,2.0,ACRES,AVOCADO,(none),1,2.23191489
491,AVOCADO,1.7483863499999999,2.0,ACRES,AVOCADO,(none),1,1.7483863499999999
492,AVOCADO,1.0379067800000001,1.5,ACRES,AVOCADO,(none),1,1.0379067800000001
493,AVOCADO,1.84414216,2.0,ACRES,AVOCADO,(none),1,1.84414216
494,AVOCADO,3.98371627,2.0,ACRES,AVOCADO,(none),1,3.98371627
495,AVOCADO,1.4873093000000002,2.0,ACRES,AVOCADO,(none),1,1.4873093000000002
496,AVOCADO,6.32053915,3.2,ACRES,AVOCADO,(none),1,6.32053915
497,AVOCADO,3.04893822,1.0,ACRES,AVOCADO,(none),1,3.04893822
498,AVOCADO,3.6220804099999997,2.5,ACRES,AVOCADO,(none),1,3.6220804099999997
499,AVOCADO,2.99334154,2.5,ACRES,AVOCADO,(none),1,2.99334154
500,AVOCADO,7.4364431799999995,5.0,ACRES,AVOCADO,(none),1,7.4364431799999995
501,AVOCADO,1.27578719,1.5,ACRES,AVOCADO,(none),1,1.27578719
502,AVOCADO,3.9918866,2.0,ACRES,AVOCADO,(none),1,3.9918866
503,AVOCADO,2.12952705,2.0,ACRES,AVOCADO,(none),1,2.12952705
504,AVOCADO,3.5334267699999997,2.0,ACRES,AVOCADO,(none),1,3.5334267699999997
505,AVOCADO,2.5771224800000003,2.0,ACRES,AVOCADO,(none),1,2.5771224800000003
506,AVOCADO,1.3696713900000002,2.0,ACRES,AVOCADO,(none),1,1.3696713900000002
507,AVOCADO,6.28382718,4.75,ACRES,AVOCADO,(none),1,6.28382718
508,CITRUS,1.0118029800000001,1.0,ACRES,CITRUS,(none),1,1.0118029800000001
509,N-GRNHS GRWN PLANTS IN CONTAINERS,1.8024554,58500.0,SQUARE FEET,N-GRNHS GRWN PLANTS IN CONTAINERS,N,1,1.8024554
510,"N-GRNHS GRWN PLANTS IN CONTAINERS, N-OUTDR CONTAINER/FLD GRWN PLANTS",11.76654315,8.0,ACRES,N-GRNHS GRWN PLANTS IN CONTAINERS,N,2,5.883271575
510,"N-GRNHS GRWN PLANTS IN CONTAINERS, N-OUTDR CONTAINER/FLD GRWN PLANTS",11.76654315,8.0,ACRES,N-OUTDR CONTAINER/FLD GRWN PLANTS,N,2,5.883271575
511,"N-GRNHS GRWN PLANTS IN CONTAINERS, N-OUTDR CONTAINER/FLD GRWN PLANTS",31.03631517,15.0,ACRES,N-GRNHS GRWN PLANTS IN CONTAINERS,N,2,15.518157585
511,"N-GRNHS GRWN PLANTS IN CONTAINERS, N-OUTDR CONTAINER/FLD GRWN PLANTS",31.03631517,15.0,ACRES,N-OUTDR CONTAINER/FLD GRWN PLANTS,N,2,15.518157585
512,"N-GRNHS GRWN PLANTS IN CONTAINERS, N-OUTDR CONTAINER/FLD GRWN PLANTS",17.647272880000003,13.0,ACRES,N-GRNHS GRWN PLANTS IN CONTAINERS,N,2,8.823636440000001
512,"N-GRNHS GRWN PLANTS IN CONTAINERS, N-OUTDR CONTAINER/FLD GRWN PLANTS",17.647272880000003,13.0,ACRES,N-OUTDR CONTAINER/FLD GRWN PLANTS,N,2,8.823636440000001
513,N-GRNHS GRWN PLANTS IN CONTAINERS,16.09364401,4.0,ACRES,N-GRNHS GRWN PLANTS IN CONTAINERS,N,1,16.09364401
514,N-GRNHS GRWN PLANTS IN CONTAINERS,7.566907690000001,86000.0,SQUARE FEET,N-GRNHS GRWN PLANTS IN CONTAINERS,N,1,7.566907690000001
515,AVOCADO,9.76693339,10.0,ACRES,AVOCADO,(none),1,9.76693339
516,AVOCADO,4.58188244,4.0,ACRES,AVOCADO,(none),1,4.58188244
517,AVOCADO,5.10415349,4.0,ACRES,AVOCADO,(none),1,5.10415349
518,AVOCADO,49.3155327,55.0,ACRES,AVOCADO,(none),1,49.3155327
519,AVOCADO,38.40141422,16.0,ACRES,AVOCADO,(none),1,38.40141422
520,AVOCADO,8.90024185,10.0,ACRES,AVOCADO,(none),1,8.90024185
521,AVOCADO,20.56713303,20.0,ACRES,AVOCADO,(none),1,20.56713303
522,"GRAPEFRUIT, AVOCADO",12.09566619,16.0,ACRES,GRAPEFRUIT,(none),2,6.047833095
522,"GRAPEFRUIT, AVOCADO",12.09566619,16.0,ACRES,AVOCADO,(none),2,6.047833095
523,AVOCADO,18.58605291,10.0,ACRES,AVOCADO,(none),1,18.58605291
524,"ORANGE, AVOCADO",15.16497972,4.5,ACRES,ORANGE,(none),2,7.58248986
524,"ORANGE, AVOCADO",15.16497972,4.5,ACRES,AVOCADO,(none),2,7.58248986
525,AVOCADO,11.76692112,8.0,ACRES,AVOCADO,(none),1,11.76692112
526,AVOCADO,2.48606526,2.5,ACRES,AVOCADO,(none),1,2.48606526
527,AVOCADO,8.33565891,8.0,ACRES,AVOCADO,(none),1,8.33565891
528,AVOCADO,3.50430422,2.5,ACRES,AVOCADO,(none),1,3.50430422
529,"GRAPEFRUIT, PERSIMMON, AVOCADO",133.19332251999998,52.0,ACRES,GRAPEFRUIT,(none),3,44.397774173333325
529,"GRAPEFRUIT, PERSIMMON, AVOCADO",133.19332251999998,52.0,ACRES,PERSIMMON,(none),3,44.397774173333325
529,"GRAPEFRUIT, PERSIMMON, AVOCADO",133.19332251999998,52.0,ACRES,AVOCADO,(none),3,44.397774173333325
530,"GRAPEFRUIT, LEMON, LIME, ORANGE, TANGELO, TANGERINE, APPLE, PEAR, APRICOT, PEACH, PLUM, TROPICAL/SUBTROPICAL FRUIT, FIG, PERSIMMON, POMEGRANATE, CHERIMOYA, AVOCADO, POMELO, GUAVA",9.31255191,8.0,ACRES,GRAPEFRUIT,(none),19,0.49013431105263155
530,"GRAPEFRUIT, LEMON, LIME, ORANGE, TANGELO, TANGERINE, APPLE, PEAR, APRICOT, PEACH, PLUM, TROPICAL/SUBTROPICAL FRUIT, FIG, PERSIMMON, POMEGRANATE, CHERIMOYA, AVOCADO, POMELO, GUAVA",9.31255191,8.0,ACRES,LEMON,(none),19,0.49013431105263155
530,"GRAPEFRUIT, LEMON, LIME, ORANGE, TANGELO, TANGERINE, APPLE, PEAR, APRICOT, PEACH, PLUM, TROPICAL/SUBTROPICAL FRUIT, FIG, PERSIMMON, POMEGRANATE, CHERIMOYA, AVOCADO, POMELO, GUAVA",9.31255191,8.0,ACRES,LIME,(none),19,0.49013431105263155
530,"GRAPEFRUIT, LEMON, LIME, ORANGE, TANGELO, TANGERINE, APPLE, PEAR, APRICOT, PEACH, PLUM, TROPICAL/SUBTROPICAL FRUIT, FIG, PERSIMMON, POMEGRANATE, CHERIMOYA, AVOCADO, POMELO, GUAVA",9.31255191,8.0,ACRES,ORANGE,(none),19,0.49013431105263155
530,"GRAPEFRUIT, LEMON, LIME, ORANGE, TANGELO, TANGERINE, APPLE, PEAR, APRICOT, PEACH, PLUM, TROPICAL/SUBTROPICAL FRUIT, FIG, PERSIMMON, POMEGRANATE, CHERIMOYA, AVOCADO, POMELO, GUAVA",9.31255191,8.0,ACRES,TANGELO,(none),19,0.49013431105263155
530,"GRAPEFRUIT, LEMON, LIME, ORANGE, TANGELO, TANGERINE, APPLE, PEAR, APRICOT, PEACH, PLUM, TROPICAL/SUBTROPICAL FRUIT, FIG, PERSIMMON, POMEGRANATE, CHERIMOYA, AVOCADO, POMELO, GUAVA",9.31255191,8.0,ACRES,TANGERINE,(none),19,0.49013431105263155
530,"GRAPEFRUIT, LEMON, LIME, ORANGE, TANGELO, TANGERINE, APPLE, PEAR, APRICOT, PEACH, PLUM, TROPICAL/SUBTROPICAL FRUIT, FIG, PERSIMMON, POMEGRANATE, CHERIMOYA, AVOCADO, POMELO, GUAVA",9.31255191,8.0,ACRES,APPLE,(none),19,0.49013431105263155
530,"GRAPEFRUIT, LEMON, LIME, ORANGE, TANGELO, TANGERINE, APPLE, PEAR, APRICOT, PEACH, PLUM, TROPICAL/SUBTROPICAL FRUIT, FIG, PERSIMMON, POMEGRANATE, CHERIMOYA, AVOCADO, POMELO, GUAVA",9.31255191,8.0,ACRES,PEAR,(none),19,0.49013431105263155
530,"GRAPEFRUIT, LEMON, LIME, ORANGE, TANGELO, TANGERINE, APPLE, PEAR, APRICOT, PEACH, PLUM, TROPICAL/SUBTROPICAL FRUIT, FIG, PERSIMMON, POMEGRANATE, CHERIMOYA, AVOCADO, POMELO, GUAVA",9.31255191,8.0,ACRES,APRICOT,(none),19,0.49013431105263155
530,"GRAPEFRUIT, LEMON, LIME, ORANGE, TANGELO, TANGERINE, APPLE, PEAR, APRICOT, PEACH, PLUM, TROPICAL/SUBTROPICAL FRUIT, FIG, PERSIMMON, POMEGRANATE, CHERIMOYA, AVOCADO, POMELO, GUAVA",9.31255191,8.0,ACRES,PEACH,(none),19,0.49013431105263155
530,"GRAPEFRUIT, LEMON, LIME, ORANGE, TANGELO, TANGERINE, APPLE, PEAR, APRICOT, PEACH, PLUM, TROPICAL/SUBTROPICAL FRUIT, FIG, PERSIMMON, POMEGRANATE, CHERIMOYA, AVOCADO, POMELO, GUAVA",9.31255191,8.0,ACRES,PLUM,(none),19,0.49013431105263155
530,"GRAPEFRUIT, LEMON, LIME, ORANGE, TANGELO, TANGERINE, APPLE, PEAR, APRICOT, PEACH, PLUM, TROPICAL/SUBTROPICAL FRUIT, FIG, PERSIMMON, POMEGRANATE, CHERIMOYA, AVOCADO, POMELO, GUAVA",9.31255191,8.0,ACRES,TROPICAL/SUBTROPICAL FRUIT,(none),19,0.49013431105263155
530,"GRAPEFRUIT, LEMON, LIME, ORANGE, TANGELO, TANGERINE, APPLE, PEAR, APRICOT, PEACH, PLUM, TROPICAL/SUBTROPICAL FRUIT, FIG, PERSIMMON, POMEGRANATE, CHERIMOYA, AVOCADO, POMELO, GUAVA",9.31255191,8.0,ACRES,FIG,(none),19,0.49013431105263155
530,"GRAPEFRUIT, LEMON, LIME, ORANGE, TANGELO, TANGERINE, APPLE, PEAR, APRICOT, PEACH, PLUM, TROPICAL/SUBTROPICAL FRUIT, FIG, PERSIMMON, POMEGRANATE, CHERIMOYA, AVOCADO, POMELO, GUAVA",9.31255191,8.0,ACRES,PERSIMMON,(none),19,0.49013431105263155
530,"GRAPEFRUIT, LEMON, LIME, ORANGE, TANGELO, TANGERINE, APPLE, PEAR, APRICOT, PEACH, PLUM, TROPICAL/SUBTROPICAL FRUIT, FIG, PERSIMMON, POMEGRANATE, CHERIMOYA, AVOCADO, POMELO, GUAVA",9.31255191,8.0,ACRES,POMEGRANATE,(none),19,0.49013431105263155
530,"GRAPEFRUIT, LEMON, LIME, ORANGE, TANGELO, TANGERINE, APPLE, PEAR, APRICOT, PEACH, PLUM, TROPICAL/SUBTROPICAL FRUIT, FIG, PERSIMMON, POMEGRANATE, CHERIMOYA, AVOCADO, POMELO, GUAVA",9.31255191,8.0,ACRES,CHERIMOYA,(none),19,0.49013431105263155
530,"GRAPEFRUIT, LEMON, LIME, ORANGE, TANGELO, TANGERINE, APPLE, PEAR, APRICOT, PEACH, PLUM, TROPICAL/SUBTROPICAL FRUIT, FIG, PERSIMMON, POMEGRANATE, CHERIMOYA, AVOCADO, POMELO, GUAVA",9.31255191,8.0,ACRES,AVOCADO,(none),19,0.49013431105263155
530,"GRAPEFRUIT, LEMON, LIME, ORANGE, TANGELO, TANGERINE, APPLE, PEAR, APRICOT, PEACH, PLUM, TROPICAL/SUBTROPICAL FRUIT, FIG, PERSIMMON, POMEGRANATE, CHERIMOYA, AVOCADO, POMELO, GUAVA",9.31255191,8.0,ACRES,POMELO,(none),19,0.49013431105263155
530,"GRAPEFRUIT, LEMON, LIME, ORANGE, TANGELO, TANGERINE, APPLE, PEAR, APRICOT, PEACH, PLUM, TROPICAL/SUBTROPICAL FRUIT, FIG, PERSIMMON, POMEGRANATE, CHERIMOYA, AVOCADO, POMELO, GUAVA",9.31255191,8.0,ACRES,GUAVA,(none),19,0.49013431105263155
531,N-OUTDR GRWN CUT FLWRS OR GREENS,8.46329863,10.0,ACRES,N-OUTDR GRWN CUT FLWRS OR GREENS,N,1,8.46329863
532,"N-OUTDR GRWN CUT FLWRS OR GREENS, LEMON, LIME",13.66181845,19.0,ACRES,N-OUTDR GRWN CUT FLWRS OR GREENS,N,3,4.553939483333333
532,"N-OUTDR GRWN CUT FLWRS OR GREENS, LEMON, LIME",13.66181845,19.0,ACRES,LEMON,(none),3,4.553939483333333
532,"N-OUTDR GRWN CUT FLWRS OR GREENS, LEMON, LIME",13.66181845,19.0,ACRES,LIME,(none),3,4.553939483333333
533,"GRAPEFRUIT, LEMON, AVOCADO",23.48242195,19.0,ACRES,GRAPEFRUIT,(none),3,7.827473983333333
533,"GRAPEFRUIT, LEMON, AVOCADO",23.48242195,19.0,ACRES,LEMON,(none),3,7.827473983333333
533,"GRAPEFRUIT, LEMON, AVOCADO",23.48242195,19.0,ACRES,AVOCADO,(none),3,7.827473983333333
534,"GRAPEFRUIT, LEMON, AVOCADO",14.03307016,21.0,ACRES,GRAPEFRUIT,(none),3,4.677690053333333
534,"GRAPEFRUIT, LEMON, AVOCADO",14.03307016,21.0,ACRES,LEMON,(none),3,4.677690053333333
534,"GRAPEFRUIT, LEMON, AVOCADO",14.03307016,21.0,ACRES,AVOCADO,(none),3,4.677690053333333
535,AVOCADO,25.66706465,20.0,ACRES,AVOCADO,(none),1,25.66706465
536,AVOCADO,10.474492549999999,10.0,ACRES,AVOCADO,(none),1,10.474492549999999
537,AVOCADO,8.13951949,5.0,ACRES,AVOCADO,(none),1,8.13951949
538,"PERSIMMON, AVOCADO",18.12302211,13.5,ACRES,PERSIMMON,(none),2,9.061511055
538,"PERSIMMON, AVOCADO",18.12302211,13.5,ACRES,AVOCADO,(none),2,9.061511055
539,AVOCADO,28.48911489,17.0,ACRES,AVOCADO,(none),1,28.48911489
540,AVOCADO,3.14614701,2.0,ACRES,AVOCADO,(none),1,3.14614701
541,AVOCADO,1.40706368,1.0,ACRES,AVOCADO,(none),1,1.40706368
542,"LIME, AVOCADO",3.30227909,3.5,ACRES,LIME,(none),2,1.651139545
542,"LIME, AVOCADO",3.30227909,3.5,ACRES,AVOCADO,(none),2,1.651139545
543,ORANGE,5.197242719999999,3.75,ACRES,ORANGE,(none),1,5.197242719999999
544,"PERSIMMON, AVOCADO",4.67679164,3.0,ACRES,PERSIMMON,(none),2,2.33839582
544,"PERSIMMON, AVOCADO",4.67679164,3.0,ACRES,AVOCADO,(none),2,2.33839582
545,AVOCADO,7.13955386,4.0,ACRES,AVOCADO,(none),1,7.13955386
546,AVOCADO,1.03013594,1.5,ACRES,AVOCADO,(none),1,1.03013594
547,AVOCADO,3.93770753,3.0,ACRES,AVOCADO,(none),1,3.93770753
548,AVOCADO,5.35096773,5.0,ACRES,AVOCADO,(none),1,5.35096773
549,AVOCADO,1.31706671,2.0,ACRES,AVOCADO,(none),1,1.31706671
550,AVOCADO,5.190018360000001,4.0,ACRES,AVOCADO,(none),1,5.190018360000001
551,AVOCADO,7.12395938,7.0,ACRES,AVOCADO,(none),1,7.12395938
552,AVOCADO,1.7798789400000001,1.0,ACRES,AVOCADO,(none),1,1.7798789400000001
553,AVOCADO,24.12753026,20.0,ACRES,AVOCADO,(none),1,24.12753026
554,AVOCADO,4.09378614,2.0,ACRES,AVOCADO,(none),1,4.09378614
555,AVOCADO,15.85662561,13.5,ACRES,AVOCADO,(none),1,15.85662561
556,AVOCADO,15.335887000000001,13.0,ACRES,AVOCADO,(none),1,15.335887000000001
557,AVOCADO,13.135056,12.0,ACRES,AVOCADO,(none),1,13.135056
558,AVOCADO,5.79815839,5.0,ACRES,AVOCADO,(none),1,5.79815839
559,AVOCADO,10.32971597,10.0,ACRES,AVOCADO,(none),1,10.32971597
560,AVOCADO,2.54758719,3.0,ACRES,AVOCADO,(none),1,2.54758719
561,"N-OUTDR GRWN CUT FLWRS OR GREENS, AVOCADO",5.44404221,5.0,ACRES,N-OUTDR GRWN CUT FLWRS OR GREENS,N,2,2.722021105
561,"N-OUTDR GRWN CUT FLWRS OR GREENS, AVOCADO",5.44404221,5.0,ACRES,AVOCADO,(none),2,2.722021105
562,"N-OUTDR GRWN CUT FLWRS OR GREENS, AVOCADO",3.29454896,6.0,ACRES,N-OUTDR GRWN CUT FLWRS OR GREENS,N,2,1.64727448
562,"N-OUTDR GRWN CUT FLWRS OR GREENS, AVOCADO",3.29454896,6.0,ACRES,AVOCADO,(none),2,1.64727448
563,"N-OUTDR GRWN CUT FLWRS OR GREENS, AVOCADO",5.34223103,6.0,ACRES,N-OUTDR GRWN CUT FLWRS OR GREENS,N,2,2.671115515
563,"N-OUTDR GRWN CUT FLWRS OR GREENS, AVOCADO",5.34223103,6.0,ACRES,AVOCADO,(none),2,2.671115515
564,AVOCADO,4.3071725700000005,4.0,ACRES,AVOCADO,(none),1,4.3071725700000005
565,AVOCADO,3.95839284,4.1,ACRES,AVOCADO,(none),1,3.95839284
566,AVOCADO,3.08470698,3.0,ACRES,AVOCADO,(none),1,3.08470698
567,AVOCADO,8.56559556,5.0,ACRES,AVOCADO,(none),1,8.56559556
568,AVOCADO,6.40762633,5.5,ACRES,AVOCADO,(none),1,6.40762633
569,AVOCADO,4.37022117,2.0,ACRES,AVOCADO,(none),1,4.37022117
570,LIME,1.17159667,0.75,ACRES,LIME,(none),1,1.17159667
571,AVOCADO,2.33964114,2.0,ACRES,AVOCADO,(none),1,2.33964114
572,AVOCADO,2.37657884,2.75,ACRES,AVOCADO,(none),1,2.37657884
573,AVOCADO,4.85985189,4.0,ACRES,AVOCADO,(none),1,4.85985189
575,"N-GRNHS GRWN PLANTS IN CONTAINERS, N-OUTDR CONTAINER/FLD GRWN PLANTS, MINT",4.744844199999999,5.0,ACRES,N-GRNHS GRWN PLANTS IN CONTAINERS,N,3,1.581614733333333
575,"N-GRNHS GRWN PLANTS IN CONTAINERS, N-OUTDR CONTAINER/FLD GRWN PLANTS, MINT",4.744844199999999,5.0,ACRES,N-OUTDR CONTAINER/FLD GRWN PLANTS,N,3,1.581614733333333
575,"N-GRNHS GRWN PLANTS IN CONTAINERS, N-OUTDR CONTAINER/FLD GRWN PLANTS, MINT",4.744844199999999,5.0,ACRES,MINT,(none),3,1.581614733333333
576,AVOCADO,15.7969012,12.0,ACRES,AVOCADO,(none),1,15.7969012
577,"N-GRNHS GRWN PLANTS IN CONTAINERS, FARM/AG BUILDING",0.87443285,30000.0,SQUARE FEET,N-GRNHS GRWN PLANTS IN CONTAINERS,N,2,0.437216425
577,"N-GRNHS GRWN PLANTS IN CONTAINERS, FARM/AG BUILDING",0.87443285,30000.0,SQUARE FEET,FARM/AG BUILDING,(none),2,0.437216425
578,"N-OUTDR GRWN CUT FLWRS OR GREENS, PASTURELAND, FARM/AG BUILDING",2.72672472,2.5,ACRES,N-OUTDR GRWN CUT FLWRS OR GREENS,N,3,0.90890824
578,"N-OUTDR GRWN CUT FLWRS OR GREENS, PASTURELAND, FARM/AG BUILDING",2.72672472,2.5,ACRES,PASTURELAND,(none),3,0.90890824
578,"N-OUTDR GRWN CUT FLWRS OR GREENS, PASTURELAND, FARM/AG BUILDING",2.72672472,2.5,ACRES,FARM/AG BUILDING,(none),3,0.90890824
579,"N-GRNHS GRWN CUT FLWRS OR GREENS, FARM/AG BUILDING",2.82795925,2.0,ACRES,N-GRNHS GRWN CUT FLWRS OR GREENS,N,2,1.413979625
579,"N-GRNHS GRWN CUT FLWRS OR GREENS, FARM/AG BUILDING",2.82795925,2.0,ACRES,FARM/AG BUILDING,(none),2,1.413979625
580,N-GRNHS GRWN PLANTS IN CONTAINERS,6.72391115,7.0,ACRES,N-GRNHS GRWN PLANTS IN CONTAINERS,N,1,6.72391115
581,LEMON,10.38923591,5.0,ACRES,LEMON,(none),1,10.38923591
582,LEMON,1.69521736,1.75,ACRES,LEMON,(none),1,1.69521736
583,LEMON,2.8322458100000003,4.0,ACRES,LEMON,(none),1,2.8322458100000003
584,LEMON,0.8727566400000001,1.1,ACRES,LEMON,(none),1,0.8727566400000001
585,ORANGE,1.76368735,1.0,ACRES,ORANGE,(none),1,1.76368735
586,LEMON,2.6653609300000003,2.75,ACRES,LEMON,(none),1,2.6653609300000003
587,LEMON,3.530754,3.5,ACRES,LEMON,(none),1,3.530754
588,LEMON,10.02385105,10.25,ACRES,LEMON,(none),1,10.02385105
589,LEMON,1.14723472,1.42,ACRES,LEMON,(none),1,1.14723472
590,LEMON,1.85185468,1.5,ACRES,LEMON,(none),1,1.85185468
591,LEMON,0.9601282900000001,1.0,ACRES,LEMON,(none),1,0.9601282900000001
592,"N-OUTDR GRWN CUT FLWRS OR GREENS, LEMON",0.33551561,1.0,ACRES,N-OUTDR GRWN CUT FLWRS OR GREENS,N,2,0.167757805
592,"N-OUTDR GRWN CUT FLWRS OR GREENS, LEMON",0.33551561,1.0,ACRES,LEMON,(none),2,0.167757805
593,LEMON,1.33547796,3.0,ACRES,LEMON,(none),1,1.33547796
594,LEMON,6.34154162,6.5,ACRES,LEMON,(none),1,6.34154162
595,ORANGE,1.43873719,1.5,ACRES,ORANGE,(none),1,1.43873719
596,ORANGE,0.13783902,0.51,ACRES,ORANGE,(none),1,0.13783902
597,LEMON,0.63141325,1.0,ACRES,LEMON,(none),1,0.63141325
598,LEMON,1.00996158,1.5,ACRES,LEMON,(none),1,1.00996158
599,LEMON,0.5573701,1.0,ACRES,LEMON,(none),1,0.5573701
600,ORANGE,1.4003017500000001,1.75,ACRES,ORANGE,(none),1,1.4003017500000001
601,"LEMON, ORANGE",8.7112318,2.75,ACRES,LEMON,(none),2,4.3556159
601,"LEMON, ORANGE",8.7112318,2.75,ACRES,ORANGE,(none),2,4.3556159
602,LEMON,4.0494090400000005,4.0,ACRES,LEMON,(none),1,4.0494090400000005
603,LEMON,1.16482719,1.25,ACRES,LEMON,(none),1,1.16482719
604,ORANGE,3.97302273,4.0,ACRES,ORANGE,(none),1,3.97302273
605,LEMON,3.5182272500000003,5.0,ACRES,LEMON,(none),1,3.5182272500000003
606,LEMON,3.8652294,3.0,ACRES,LEMON,(none),1,3.8652294
607,LEMON,7.3471265400000005,10.0,ACRES,LEMON,(none),1,7.3471265400000005
608,ORANGE,1.39420655,1.0,ACRES,ORANGE,(none),1,1.39420655
609,LEMON,0.75855017,1.5,ACRES,LEMON,(none),1,0.75855017
610,LEMON,1.12084408,1.5,ACRES,LEMON,(none),1,1.12084408
611,LEMON,0.34562046,0.54,ACRES,LEMON,(none),1,0.34562046
612,ORANGE,0.9492157,1.3,ACRES,ORANGE,(none),1,0.9492157
613,LEMON,1.0049225099999999,1.5,ACRES,LEMON,(none),1,1.0049225099999999
614,LEMON,1.45109793,1.5,ACRES,LEMON,(none),1,1.45109793
615,LEMON,0.88881856,1.5,ACRES,LEMON,(none),1,0.88881856
616,LEMON,0.29843856,0.5,ACRES,LEMON,(none),1,0.29843856
617,LEMON,1.60365233,2.0,ACRES,LEMON,(none),1,1.60365233
618,LEMON,4.0404574,3.5,ACRES,LEMON,(none),1,4.0404574
619,LEMON,4.35972613,1.5,ACRES,LEMON,(none),1,4.35972613
620,LEMON,1.6720286700000002,2.0,ACRES,LEMON,(none),1,1.6720286700000002
621,ORANGE,2.0965543999999996,1.75,ACRES,ORANGE,(none),1,2.0965543999999996
622,LEMON,0.56492737,1.0,ACRES,LEMON,(none),1,0.56492737
623,LEMON,1.39758173,3.0,ACRES,LEMON,(none),1,1.39758173
624,LEMON,1.93263878,2.0,ACRES,LEMON,(none),1,1.93263878
625,ORANGE,1.2206903900000001,3.5,ACRES,ORANGE,(none),1,1.2206903900000001
626,LEMON,0.6485445700000001,0.65,ACRES,LEMON,(none),1,0.6485445700000001
627,LEMON,1.0931152499999999,2.5,ACRES,LEMON,(none),1,1.0931152499999999
628,LEMON,1.19773256,1.5,ACRES,LEMON,(none),1,1.19773256
629,LEMON,0.92405483,1.25,ACRES,LEMON,(none),1,0.92405483
630,LEMON,0.67643822,1.3,ACRES,LEMON,(none),1,0.67643822
631,ORANGE,0.8291166000000001,1.25,ACRES,ORANGE,(none),1,0.8291166000000001
632,LEMON,1.57208553,2.5,ACRES,LEMON,(none),1,1.57208553
633,LEMON,0.57384277,0.75,ACRES,LEMON,(none),1,0.57384277
634,LEMON,4.46781468,4.0,ACRES,LEMON,(none),1,4.46781468
635,LEMON,3.2579494400000004,3.5,ACRES,LEMON,(none),1,3.2579494400000004
636,LEMON,0.8360427400000001,1.5,ACRES,LEMON,(none),1,0.8360427400000001
637,LEMON,1.36406316,2.5,ACRES,LEMON,(none),1,1.36406316
638,LEMON,3.4380008,4.0,ACRES,LEMON,(none),1,3.4380008
639,LEMON,1.8631608600000003,1.25,ACRES,LEMON,(none),1,1.8631608600000003
640,LEMON,0.5391554900000001,0.75,ACRES,LEMON,(none),1,0.5391554900000001
641,ORANGE,0.38333015000000004,0.75,ACRES,ORANGE,(none),1,0.38333015000000004
642,ORANGE,0.95734361,2.5,ACRES,ORANGE,(none),1,0.95734361
643,LEMON,1.08678016,1.25,ACRES,LEMON,(none),1,1.08678016
644,LEMON,12.7644917,8.0,ACRES,LEMON,(none),1,12.7644917
645,LEMON,2.3307379200000002,3.0,ACRES,LEMON,(none),1,2.3307379200000002
646,LEMON,2.46936256,3.0,ACRES,LEMON,(none),1,2.46936256
647,LEMON,3.9994658100000002,3.0,ACRES,LEMON,(none),1,3.9994658100000002
648,ORANGE,7.8448022900000005,1.0,ACRES,ORANGE,(none),1,7.8448022900000005
649,LEMON,3.33024458,3.0,ACRES,LEMON,(none),1,3.33024458
650,LEMON,1.1459365899999998,2.0,ACRES,LEMON,(none),1,1.1459365899999998
651,LEMON,0.43315925000000005,0.7000000000000001,ACRES,LEMON,(none),1,0.43315925000000005
652,LEMON,0.71389265,1.5,ACRES,LEMON,(none),1,0.71389265
653,LEMON,0.30678183000000003,0.35000000000000003,ACRES,LEMON,(none),1,0.30678183000000003
654,LEMON,2.3724773,0.75,ACRES,LEMON,(none),1,2.3724773
655,LEMON,2.68241938,2.3,ACRES,LEMON,(none),1,2.68241938
656,LEMON,2.22231443,3.5,ACRES,LEMON,(none),1,2.22231443
657,ORANGE,1.66854821,1.5,ACRES,ORANGE,(none),1,1.66854821
658,LEMON,0.45756898,0.4,ACRES,LEMON,(none),1,0.45756898
659,LEMON,0.44253309,1.5,ACRES,LEMON,(none),1,0.44253309
660,LEMON,0.44774159,1.0,ACRES,LEMON,(none),1,0.44774159
661,LEMON,0.73192673,1.0,ACRES,LEMON,(none),1,0.73192673
662,LEMON,2.96173104,2.0,ACRES,LEMON,(none),1,2.96173104
663,LEMON,0.98463515,1.5,ACRES,LEMON,(none),1,0.98463515
664,LEMON,0.6013236500000001,1.25,ACRES,LEMON,(none),1,0.6013236500000001
665,LEMON,0.6939577100000001,0.5,ACRES,LEMON,(none),1,0.6939577100000001
666,LEMON,0.5937788,0.75,ACRES,LEMON,(none),1,0.5937788
667,LEMON,0.74965143,1.0,ACRES,LEMON,(none),1,0.74965143
668,LEMON,0.9986816700000001,1.25,ACRES,LEMON,(none),1,0.9986816700000001
669,ORANGE,0.3748805,0.4,ACRES,ORANGE,(none),1,0.3748805
670,ORANGE,2.11951705,1.5,ACRES,ORANGE,(none),1,2.11951705
671,N-OUTDR GRWN CUT FLWRS OR GREENS,1.86114842,0.5,ACRES,N-OUTDR GRWN CUT FLWRS OR GREENS,N,1,1.86114842
672,LEMON,0.8737389200000001,1.0,ACRES,LEMON,(none),1,0.8737389200000001
673,LEMON,0.9730327300000001,1.5,ACRES,LEMON,(none),1,0.9730327300000001
674,LEMON,1.1552135000000001,1.2,ACRES,LEMON,(none),1,1.1552135000000001
675,"LEMON, ORANGE",1.13838477,1.0,ACRES,LEMON,(none),2,0.569192385
675,"LEMON, ORANGE",1.13838477,1.0,ACRES,ORANGE,(none),2,0.569192385
676,ORANGE,1.98797314,2.75,ACRES,ORANGE,(none),1,1.98797314
677,LEMON,1.68120726,2.5,ACRES,LEMON,(none),1,1.68120726
678,LEMON,5.06527714,0.8,ACRES,LEMON,(none),1,5.06527714
679,LEMON,0.6456318000000001,1.0,ACRES,LEMON,(none),1,0.6456318000000001
680,LEMON,0.48993211,1.0,ACRES,LEMON,(none),1,0.48993211
681,LEMON,1.38789813,2.5,ACRES,LEMON,(none),1,1.38789813
682,LEMON,1.00383792,1.75,ACRES,LEMON,(none),1,1.00383792
683,LEMON,1.26958499,1.0,ACRES,LEMON,(none),1,1.26958499
684,LEMON,0.8302348100000001,1.5,ACRES,LEMON,(none),1,0.8302348100000001
685,LEMON,1.21242534,1.0,ACRES,LEMON,(none),1,1.21242534
686,ORANGE,0.3054788,0.4,ACRES,ORANGE,(none),1,0.3054788
687,LEMON,1.5238877800000001,2.5,ACRES,LEMON,(none),1,1.5238877800000001
688,LEMON,1.28102201,1.25,ACRES,LEMON,(none),1,1.28102201
689,LEMON,1.33028607,2.0,ACRES,LEMON,(none),1,1.33028607
690,LEMON,1.10098865,1.0,ACRES,LEMON,(none),1,1.10098865
691,LEMON,0.6615153899999999,1.0,ACRES,LEMON,(none),1,0.6615153899999999
692,"LEMON, ORANGE",1.3983454800000001,4.25,ACRES,LEMON,(none),2,0.6991727400000001
692,"LEMON, ORANGE",1.3983454800000001,4.25,ACRES,ORANGE,(none),2,0.6991727400000001
693,LEMON,1.57560172,2.0,ACRES,LEMON,(none),1,1.57560172
694,LEMON,0.22229535,0.5,ACRES,LEMON,(none),1,0.22229535
695,LEMON,0.16745103000000003,0.4,ACRES,LEMON,(none),1,0.16745103000000003
696,LEMON,0.34809358,1.2,ACRES,LEMON,(none),1,0.34809358
697,LEMON,1.25065922,2.0,ACRES,LEMON,(none),1,1.25065922
698,LEMON,10.556145690000001,12.0,ACRES,LEMON,(none),1,10.556145690000001
699,ORANGE,1.41798705,3.0,ACRES,ORANGE,(none),1,1.41798705
700,LEMON,1.07693931,1.0,ACRES,LEMON,(none),1,1.07693931
701,LEMON,1.8959065300000002,1.5,ACRES,LEMON,(none),1,1.8959065300000002
702,LEMON,0.58485309,0.6,ACRES,LEMON,(none),1,0.58485309
703,LEMON,2.6933309999999997,2.5,ACRES,LEMON,(none),1,2.6933309999999997
704,LEMON,0.45413435,1.0,ACRES,LEMON,(none),1,0.45413435
705,LEMON,0.40051545,0.75,ACRES,LEMON,(none),1,0.40051545
706,LEMON,1.7991499700000002,2.0,ACRES,LEMON,(none),1,1.7991499700000002
707,LEMON,1.42804486,2.0,ACRES,LEMON,(none),1,1.42804486
708,LEMON,1.3068279299999999,1.5,ACRES,LEMON,(none),1,1.3068279299999999
709,LEMON,0.36312578,0.75,ACRES,LEMON,(none),1,0.36312578
710,LEMON,1.40801713,2.0,ACRES,LEMON,(none),1,1.40801713
711,ORANGE,1.11240479,5.0,ACRES,ORANGE,(none),1,1.11240479
712,LEMON,1.12337746,1.5,ACRES,LEMON,(none),1,1.12337746
713,LEMON,2.44621198,2.75,ACRES,LEMON,(none),1,2.44621198
714,LEMON,3.57268786,3.75,ACRES,LEMON,(none),1,3.57268786
715,LEMON,1.22987343,1.5,ACRES,LEMON,(none),1,1.22987343
716,LEMON,3.79746556,3.75,ACRES,LEMON,(none),1,3.79746556
717,LEMON,1.62651004,1.5,ACRES,LEMON,(none),1,1.62651004
718,LEMON,0.25234975000000004,0.5,ACRES,LEMON,(none),1,0.25234975000000004
719,LEMON,1.20799732,1.0,ACRES,LEMON,(none),1,1.20799732
720,LEMON,0.44298258,1.0,ACRES,LEMON,(none),1,0.44298258
721,LEMON,0.7283317800000001,0.75,ACRES,LEMON,(none),1,0.7283317800000001
722,LEMON,0.8054240500000001,0.75,ACRES,LEMON,(none),1,0.8054240500000001
723,LEMON,0.82844105,1.0,ACRES,LEMON,(none),1,0.82844105
724,LEMON,0.54862575,0.5,ACRES,LEMON,(none),1,0.54862575
725,LEMON,0.36493424,0.75,ACRES,LEMON,(none),1,0.36493424
726,LEMON,1.02062527,1.0,ACRES,LEMON,(none),1,1.02062527
727,LEMON,0.55343068,1.0,ACRES,LEMON,(none),1,0.55343068
728,LEMON,0.8580181700000001,1.0,ACRES,LEMON,(none),1,0.8580181700000001
729,LEMON,0.9105437500000001,0.75,ACRES,LEMON,(none),1,0.9105437500000001
730,LEMON,8.25747126,12.5,ACRES,LEMON,(none),1,8.25747126
731,"N-OUTDR GRWN CUT FLWRS OR GREENS, LEMON",0.5433714000000001,2.0,ACRES,N-OUTDR GRWN CUT FLWRS OR GREENS,N,2,0.27168570000000003
731,"N-OUTDR GRWN CUT FLWRS OR GREENS, LEMON",0.5433714000000001,2.0,ACRES,LEMON,(none),2,0.27168570000000003
732,LEMON,0.93622368,1.0,ACRES,LEMON,(none),1,0.93622368
733,LEMON,1.0231696899999998,1.0,ACRES,LEMON,(none),1,1.0231696899999998
734,ORANGE,0.5238829,0.5,ACRES,ORANGE,(none),1,0.5238829
735,LEMON,0.17778581,0.5,ACRES,LEMON,(none),1,0.17778581
736,ORANGE,0.6857952300000001,0.5,ACRES,ORANGE,(none),1,0.6857952300000001
737,LEMON,0.9054200400000001,1.0,ACRES,LEMON,(none),1,0.9054200400000001
738,LEMON,2.84137583,3.0,ACRES,LEMON,(none),1,2.84137583
739,LEMON,2.07980622,2.0,ACRES,LEMON,(none),1,2.07980622
740,LEMON,1.0333723600000002,1.0,ACRES,LEMON,(none),1,1.0333723600000002
741,LEMON,1.77194766,1.5,ACRES,LEMON,(none),1,1.77194766
742,LEMON,2.59081438,2.0,ACRES,LEMON,(none),1,2.59081438
743,LEMON,2.70861523,2.5,ACRES,LEMON,(none),1,2.70861523
744,LEMON,1.44429938,2.0,ACRES,LEMON,(none),1,1.44429938
745,LEMON,0.23650267000000003,0.5,ACRES,LEMON,(none),1,0.23650267000000003
746,LEMON,0.42044405,0.5,ACRES,LEMON,(none),1,0.42044405
747,ORANGE,3.48778662,0.75,ACRES,ORANGE,(none),1,3.48778662
748,LEMON,0.43855298,0.5,ACRES,LEMON,(none),1,0.43855298
749,LEMON,3.48412156,2.5,ACRES,LEMON,(none),1,3.48412156
750,LEMON,0.25618504999999997,0.5,ACRES,LEMON,(none),1,0.25618504999999997
751,LEMON,0.5377411400000001,0.4,ACRES,LEMON,(none),1,0.5377411400000001
752,LEMON,0.64844943,1.0,ACRES,LEMON,(none),1,0.64844943
753,LEMON,0.48967133,1.0,ACRES,LEMON,(none),1,0.48967133
754,LEMON,0.34287416,1.0,ACRES,LEMON,(none),1,0.34287416
755,LEMON,1.16338587,1.25,ACRES,LEMON,(none),1,1.16338587
756,LEMON,0.66970041,0.75,ACRES,LEMON,(none),1,0.66970041
757,LEMON,0.92485963,1.0,ACRES,LEMON,(none),1,0.92485963
758,LEMON,1.13486222,1.5,ACRES,LEMON,(none),1,1.13486222
759,LEMON,0.44259349,1.0,ACRES,LEMON,(none),1,0.44259349
760,LEMON,0.98251522,1.0,ACRES,LEMON,(none),1,0.98251522
761,LEMON,1.30129909,2.0,ACRES,LEMON,(none),1,1.30129909
762,LEMON,1.04772748,1.5,ACRES,LEMON,(none),1,1.04772748
763,LEMON,3.75748633,4.0,ACRES,LEMON,(none),1,3.75748633
764,LEMON,0.91669962,1.0,ACRES,LEMON,(none),1,0.91669962
765,LEMON,1.60232686,1.0,ACRES,LEMON,(none),1,1.60232686
766,LEMON,0.72639321,0.75,ACRES,LEMON,(none),1,0.72639321
767,LEMON,1.77331694,2.2,ACRES,LEMON,(none),1,1.77331694
768,LEMON,0.4127186,0.5,ACRES,LEMON,(none),1,0.4127186
769,LEMON,3.099183,3.0,ACRES,LEMON,(none),1,3.099183
770,LEMON,0.71337156,0.75,ACRES,LEMON,(none),1,0.71337156
771,LEMON,1.11872507,0.8500000000000001,ACRES,LEMON,(none),1,1.11872507
772,LEMON,1.2729370999999998,1.2,ACRES,LEMON,(none),1,1.2729370999999998
773,LEMON,1.01128211,1.2,ACRES,LEMON,(none),1,1.01128211
774,LEMON,0.64904065,1.0,ACRES,LEMON,(none),1,0.64904065
775,LEMON,1.07507156,1.0,ACRES,LEMON,(none),1,1.07507156
776,LEMON,0.7153274900000001,0.75,ACRES,LEMON,(none),1,0.7153274900000001
777,LEMON,1.5750190000000002,2.25,ACRES,LEMON,(none),1,1.5750190000000002
778,LEMON,0.97108855,0.75,ACRES,LEMON,(none),1,0.97108855
779,LEMON,0.57061604,1.2,ACRES,LEMON,(none),1,0.57061604
780,LEMON,0.6778886900000001,1.25,ACRES,LEMON,(none),1,0.6778886900000001
781,LEMON,0.57558329,0.6,ACRES,LEMON,(none),1,0.57558329
782,LEMON,0.5387064,0.5,ACRES,LEMON,(none),1,0.5387064
783,LEMON,0.43295349,0.5,ACRES,LEMON,(none),1,0.43295349
784,LEMON,0.6398822700000001,1.25,ACRES,LEMON,(none),1,0.6398822700000001
785,LEMON,0.3468252,0.5,ACRES,LEMON,(none),1,0.3468252
786,LEMON,0.60353217,0.75,ACRES,LEMON,(none),1,0.60353217
787,LEMON,0.26757872,0.5,ACRES,LEMON,(none),1,0.26757872
788,LEMON,0.29456297000000004,0.5,ACRES,LEMON,(none),1,0.29456297000000004
789,LEMON,0.28389572,0.75,ACRES,LEMON,(none),1,0.28389572
790,LEMON,1.3811309999999999,1.6,ACRES,LEMON,(none),1,1.3811309999999999
791,LEMON,0.6355501000000001,1.2,ACRES,LEMON,(none),1,0.6355501000000001
792,LEMON,2.3698401000000002,2.0,ACRES,LEMON,(none),1,2.3698401000000002
793,LEMON,1.51318156,1.75,ACRES,LEMON,(none),1,1.51318156
794,LEMON,0.6346846700000001,0.5,ACRES,LEMON,(none),1,0.6346846700000001
795,LEMON,0.23959265000000002,0.5,ACRES,LEMON,(none),1,0.23959265000000002
796,LEMON,1.03953827,1.5,ACRES,LEMON,(none),1,1.03953827
797,LEMON,1.03008937,1.5,ACRES,LEMON,(none),1,1.03008937
798,LEMON,1.0307724,1.0,ACRES,LEMON,(none),1,1.0307724
799,LEMON,0.89884138,1.25,ACRES,LEMON,(none),1,0.89884138
800,"LEMON, OLIVE",0.41986422,1.0,ACRES,LEMON,(none),2,0.20993211
800,"LEMON, OLIVE",0.41986422,1.0,ACRES,OLIVE,(none),2,0.20993211
801,LEMON,1.49012985,1.25,ACRES,LEMON,(none),1,1.49012985
802,N-OUTDR GRWN CUT FLWRS OR GREENS,0.5654367100000001,0.5,ACRES,N-OUTDR GRWN CUT FLWRS OR GREENS,N,1,0.5654367100000001
803,LEMON,1.65157041,2.0,ACRES,LEMON,(none),1,1.65157041
804,LEMON,0.38878535000000003,0.5,ACRES,LEMON,(none),1,0.38878535000000003
805,LEMON,1.2865349,1.2,ACRES,LEMON,(none),1,1.2865349
806,ORANGE,2.0493084400000003,1.5,ACRES,ORANGE,(none),1,2.0493084400000003
807,LEMON,0.9394540100000001,0.75,ACRES,LEMON,(none),1,0.9394540100000001
808,LEMON,0.57924436,0.75,ACRES,LEMON,(none),1,0.57924436
809,LEMON,0.36085499,0.5,ACRES,LEMON,(none),1,0.36085499
810,LEMON,1.17604469,1.0,ACRES,LEMON,(none),1,1.17604469
811,LEMON,1.06531684,1.0,ACRES,LEMON,(none),1,1.06531684
812,LEMON,1.0641968400000001,1.0,ACRES,LEMON,(none),1,1.0641968400000001
813,LEMON,1.7108142999999998,1.0,ACRES,LEMON,(none),1,1.7108142999999998
814,LEMON,2.60475418,2.0,ACRES,LEMON,(none),1,2.60475418
815,N-OUTDR GRWN CUT FLWRS OR GREENS,0.76016265,0.75,ACRES,N-OUTDR GRWN CUT FLWRS OR GREENS,N,1,0.76016265
816,LEMON,2.9804773,2.5,ACRES,LEMON,(none),1,2.9804773
817,LEMON,0.17095675999999999,0.5,ACRES,LEMON,(none),1,0.17095675999999999
818,LEMON,1.84655433,1.7000000000000002,ACRES,LEMON,(none),1,1.84655433
819,LEMON,0.35650907000000004,0.5,ACRES,LEMON,(none),1,0.35650907000000004
820,LEMON,1.4582273399999999,1.7000000000000002,ACRES,LEMON,(none),1,1.4582273399999999
821,LEMON,0.75887496,1.0,ACRES,LEMON,(none),1,0.75887496
822,ORANGE,1.4321545800000002,1.5,ACRES,ORANGE,(none),1,1.4321545800000002
823,LEMON,1.11343273,1.0,ACRES,LEMON,(none),1,1.11343273
824,LEMON,0.39030403,0.5,ACRES,LEMON,(none),1,0.39030403
825,LEMON,0.29743087,0.5,ACRES,LEMON,(none),1,0.29743087
826,LEMON,0.34981425,0.5,ACRES,LEMON,(none),1,0.34981425
827,N-OUTDR GRWN CUT FLWRS OR GREENS,6.577124329999999,9.0,ACRES,N-OUTDR GRWN CUT FLWRS OR GREENS,N,1,6.577124329999999
828,LEMON,0.5466164299999999,1.0,ACRES,LEMON,(none),1,0.5466164299999999
829,LEMON,1.44399801,1.0,ACRES,LEMON,(none),1,1.44399801
830,ORANGE,0.61900098,0.5,ACRES,ORANGE,(none),1,0.61900098
831,LEMON,0.31161309,1.0,ACRES,LEMON,(none),1,0.31161309
832,LEMON,1.0210291599999999,1.0,ACRES,LEMON,(none),1,1.0210291599999999
833,LEMON,1.22657357,1.25,ACRES,LEMON,(none),1,1.22657357
834,LEMON,1.09493853,2.0,ACRES,LEMON,(none),1,1.09493853
835,ORANGE,3.76039359,2.0,ACRES,ORANGE,(none),1,3.76039359
836,ORANGE,0.94356219,1.0,ACRES,ORANGE,(none),1,0.94356219
837,LEMON,0.89922706,1.0,ACRES,LEMON,(none),1,0.89922706
838,LEMON,0.68692317,2.0,ACRES,LEMON,(none),1,0.68692317
839,LEMON,0.45543453,1.0,ACRES,LEMON,(none),1,0.45543453
840,LEMON,0.41719049,0.5,ACRES,LEMON,(none),1,0.41719049
841,LEMON,0.7071039200000001,1.5,ACRES,LEMON,(none),1,0.7071039200000001
842,LEMON,1.01534798,1.0,ACRES,LEMON,(none),1,1.01534798
843,ORANGE,1.39728888,1.0,ACRES,ORANGE,(none),1,1.39728888
844,LEMON,0.7567208400000001,0.5,ACRES,LEMON,(none),1,0.7567208400000001
845,LEMON,0.35493655,0.5,ACRES,LEMON,(none),1,0.35493655
846,ORANGE,1.9077671100000002,1.0,ACRES,ORANGE,(none),1,1.9077671100000002
847,LEMON,2.80360003,2.5,ACRES,LEMON,(none),1,2.80360003
848,LEMON,0.7674926300000001,1.0,ACRES,LEMON,(none),1,0.7674926300000001
849,"LEMON, ORANGE",76.10721074,54.0,ACRES,LEMON,(none),2,38.05360537
849,"LEMON, ORANGE",76.10721074,54.0,ACRES,ORANGE,(none),2,38.05360537
850,LEMON,0.65942963,0.75,ACRES,LEMON,(none),1,0.65942963
851,ORANGE,4.22595214,4.0,ACRES,ORANGE,(none),1,4.22595214
852,LEMON,3.01528716,1.5,ACRES,LEMON,(none),1,3.01528716
853,LEMON,5.33508176,2.5,ACRES,LEMON,(none),1,5.33508176
854,LEMON,0.96346153,1.1,ACRES,LEMON,(none),1,0.96346153
855,"N-GRNHS GRWN TRNSPLNT/PRPGTV MTRL, STRAWBERRY, NECTARINE, PLUM, FIG, HERB, SPICE, PEPPER SPICE, WATERMELON, CUCUMBER, SQUASH, EGGPLANT, PEPPER FRUITNG, TOMATO, BROCCOLI, BRUSSEL SPROUT, CABBAGE, CAULIFLOWER, ARTICHOKE, SPINACH, LETTUCE LEAF, CARDOON, CEL",57.21676498,107.5,ACRES,N-GRNHS GRWN TRNSPLNT/PRPGTV MTRL,N,23,2.4876854339130436
855,"N-GRNHS GRWN TRNSPLNT/PRPGTV MTRL, STRAWBERRY, NECTARINE, PLUM, FIG, HERB, SPICE, PEPPER SPICE, WATERMELON, CUCUMBER, SQUASH, EGGPLANT, PEPPER FRUITNG, TOMATO, BROCCOLI, BRUSSEL SPROUT, CABBAGE, CAULIFLOWER, ARTICHOKE, SPINACH, LETTUCE LEAF, CARDOON, CEL",57.21676498,107.5,ACRES,STRAWBERRY,(none),23,2.4876854339130436
855,"N-GRNHS GRWN TRNSPLNT/PRPGTV MTRL, STRAWBERRY, NECTARINE, PLUM, FIG, HERB, SPICE, PEPPER SPICE, WATERMELON, CUCUMBER, SQUASH, EGGPLANT, PEPPER FRUITNG, TOMATO, BROCCOLI, BRUSSEL SPROUT, CABBAGE, CAULIFLOWER, ARTICHOKE, SPINACH, LETTUCE LEAF, CARDOON, CEL",57.21676498,107.5,ACRES,NECTARINE,(none),23,2.4876854339130436
855,"N-GRNHS GRWN TRNSPLNT/PRPGTV MTRL, STRAWBERRY, NECTARINE, PLUM, FIG, HERB, SPICE, PEPPER SPICE, WATERMELON, CUCUMBER, SQUASH, EGGPLANT, PEPPER FRUITNG, TOMATO, BROCCOLI, BRUSSEL SPROUT, CABBAGE, CAULIFLOWER, ARTICHOKE, SPINACH, LETTUCE LEAF, CARDOON, CEL",57.21676498,107.5,ACRES,PLUM,(none),23,2.4876854339130436
855,"N-GRNHS GRWN TRNSPLNT/PRPGTV MTRL, STRAWBERRY, NECTARINE, PLUM, FIG, HERB, SPICE, PEPPER SPICE, WATERMELON, CUCUMBER, SQUASH, EGGPLANT, PEPPER FRUITNG, TOMATO, BROCCOLI, BRUSSEL SPROUT, CABBAGE, CAULIFLOWER, ARTICHOKE, SPINACH, LETTUCE LEAF, CARDOON, CEL",57.21676498,107.5,ACRES,FIG,(none),23,2.4876854339130436
855,"N-GRNHS GRWN TRNSPLNT/PRPGTV MTRL, STRAWBERRY, NECTARINE, PLUM, FIG, HERB, SPICE, PEPPER SPICE, WATERMELON, CUCUMBER, SQUASH, EGGPLANT, PEPPER FRUITNG, TOMATO, BROCCOLI, BRUSSEL SPROUT, CABBAGE, CAULIFLOWER, ARTICHOKE, SPINACH, LETTUCE LEAF, CARDOON, CEL",57.21676498,107.5,ACRES,HERB,(none),23,2.4876854339130436
855,"N-GRNHS GRWN TRNSPLNT/PRPGTV MTRL, STRAWBERRY, NECTARINE, PLUM, FIG, HERB, SPICE, PEPPER SPICE, WATERMELON, CUCUMBER, SQUASH, EGGPLANT, PEPPER FRUITNG, TOMATO, BROCCOLI, BRUSSEL SPROUT, CABBAGE, CAULIFLOWER, ARTICHOKE, SPINACH, LETTUCE LEAF, CARDOON, CEL",57.21676498,107.5,ACRES,SPICE,(none),23,2.4876854339130436
855,"N-GRNHS GRWN TRNSPLNT/PRPGTV MTRL, STRAWBERRY, NECTARINE, PLUM, FIG, HERB, SPICE, PEPPER SPICE, WATERMELON, CUCUMBER, SQUASH, EGGPLANT, PEPPER FRUITNG, TOMATO, BROCCOLI, BRUSSEL SPROUT, CABBAGE, CAULIFLOWER, ARTICHOKE, SPINACH, LETTUCE LEAF, CARDOON, CEL",57.21676498,107.5,ACRES,PEPPER SPICE,(none),23,2.4876854339130436
855,"N-GRNHS GRWN TRNSPLNT/PRPGTV MTRL, STRAWBERRY, NECTARINE, PLUM, FIG, HERB, SPICE, PEPPER SPICE, WATERMELON, CUCUMBER, SQUASH, EGGPLANT, PEPPER FRUITNG, TOMATO, BROCCOLI, BRUSSEL SPROUT, CABBAGE, CAULIFLOWER, ARTICHOKE, SPINACH, LETTUCE LEAF, CARDOON, CEL",57.21676498,107.5,ACRES,WATERMELON,(none),23,2.4876854339130436
855,"N-GRNHS GRWN TRNSPLNT/PRPGTV MTRL, STRAWBERRY, NECTARINE, PLUM, FIG, HERB, SPICE, PEPPER SPICE, WATERMELON, CUCUMBER, SQUASH, EGGPLANT, PEPPER FRUITNG, TOMATO, BROCCOLI, BRUSSEL SPROUT, CABBAGE, CAULIFLOWER, ARTICHOKE, SPINACH, LETTUCE LEAF, CARDOON, CEL",57.21676498,107.5,ACRES,CUCUMBER,(none),23,2.4876854339130436
855,"N-GRNHS GRWN TRNSPLNT/PRPGTV MTRL, STRAWBERRY, NECTARINE, PLUM, FIG, HERB, SPICE, PEPPER SPICE, WATERMELON, CUCUMBER, SQUASH, EGGPLANT, PEPPER FRUITNG, TOMATO, BROCCOLI, BRUSSEL SPROUT, CABBAGE, CAULIFLOWER, ARTICHOKE, SPINACH, LETTUCE LEAF, CARDOON, CEL",57.21676498,107.5,ACRES,SQUASH,(none),23,2.4876854339130436
855,"N-GRNHS GRWN TRNSPLNT/PRPGTV MTRL, STRAWBERRY, NECTARINE, PLUM, FIG, HERB, SPICE, PEPPER SPICE, WATERMELON, CUCUMBER, SQUASH, EGGPLANT, PEPPER FRUITNG, TOMATO, BROCCOLI, BRUSSEL SPROUT, CABBAGE, CAULIFLOWER, ARTICHOKE, SPINACH, LETTUCE LEAF, CARDOON, CEL",57.21676498,107.5,ACRES,EGGPLANT,(none),23,2.4876854339130436
855,"N-GRNHS GRWN TRNSPLNT/PRPGTV MTRL, STRAWBERRY, NECTARINE, PLUM, FIG, HERB, SPICE, PEPPER SPICE, WATERMELON, CUCUMBER, SQUASH, EGGPLANT, PEPPER FRUITNG, TOMATO, BROCCOLI, BRUSSEL SPROUT, CABBAGE, CAULIFLOWER, ARTICHOKE, SPINACH, LETTUCE LEAF, CARDOON, CEL",57.21676498,107.5,ACRES,PEPPER FRUITNG,(none),23,2.4876854339130436
855,"N-GRNHS GRWN TRNSPLNT/PRPGTV MTRL, STRAWBERRY, NECTARINE, PLUM, FIG, HERB, SPICE, PEPPER SPICE, WATERMELON, CUCUMBER, SQUASH, EGGPLANT, PEPPER FRUITNG, TOMATO, BROCCOLI, BRUSSEL SPROUT, CABBAGE, CAULIFLOWER, ARTICHOKE, SPINACH, LETTUCE LEAF, CARDOON, CEL",57.21676498,107.5,ACRES,TOMATO,(none),23,2.4876854339130436
855,"N-GRNHS GRWN TRNSPLNT/PRPGTV MTRL, STRAWBERRY, NECTARINE, PLUM, FIG, HERB, SPICE, PEPPER SPICE, WATERMELON, CUCUMBER, SQUASH, EGGPLANT, PEPPER FRUITNG, TOMATO, BROCCOLI, BRUSSEL SPROUT, CABBAGE, CAULIFLOWER, ARTICHOKE, SPINACH, LETTUCE LEAF, CARDOON, CEL",57.21676498,107.5,ACRES,BROCCOLI,(none),23,2.4876854339130436
855,"N-GRNHS GRWN TRNSPLNT/PRPGTV MTRL, STRAWBERRY, NECTARINE, PLUM, FIG, HERB, SPICE, PEPPER SPICE, WATERMELON, CUCUMBER, SQUASH, EGGPLANT, PEPPER FRUITNG, TOMATO, BROCCOLI, BRUSSEL SPROUT, CABBAGE, CAULIFLOWER, ARTICHOKE, SPINACH, LETTUCE LEAF, CARDOON, CEL",57.21676498,107.5,ACRES,BRUSSEL SPROUT,(none),23,2.4876854339130436
855,"N-GRNHS GRWN TRNSPLNT/PRPGTV MTRL, STRAWBERRY, NECTARINE, PLUM, FIG, HERB, SPICE, PEPPER SPICE, WATERMELON, CUCUMBER, SQUASH, EGGPLANT, PEPPER FRUITNG, TOMATO, BROCCOLI, BRUSSEL SPROUT, CABBAGE, CAULIFLOWER, ARTICHOKE, SPINACH, LETTUCE LEAF, CARDOON, CEL",57.21676498,107.5,ACRES,CABBAGE,(none),23,2.4876854339130436
855,"N-GRNHS GRWN TRNSPLNT/PRPGTV MTRL, STRAWBERRY, NECTARINE, PLUM, FIG, HERB, SPICE, PEPPER SPICE, WATERMELON, CUCUMBER, SQUASH, EGGPLANT, PEPPER FRUITNG, TOMATO, BROCCOLI, BRUSSEL SPROUT, CABBAGE, CAULIFLOWER, ARTICHOKE, SPINACH, LETTUCE LEAF, CARDOON, CEL",57.21676498,107.5,ACRES,CAULIFLOWER,(none),23,2.4876854339130436
855,"N-GRNHS GRWN TRNSPLNT/PRPGTV MTRL, STRAWBERRY, NECTARINE, PLUM, FIG, HERB, SPICE, PEPPER SPICE, WATERMELON, CUCUMBER, SQUASH, EGGPLANT, PEPPER FRUITNG, TOMATO, BROCCOLI, BRUSSEL SPROUT, CABBAGE, CAULIFLOWER, ARTICHOKE, SPINACH, LETTUCE LEAF, CARDOON, CEL",57.21676498,107.5,ACRES,ARTICHOKE,(none),23,2.4876854339130436
855,"N-GRNHS GRWN TRNSPLNT/PRPGTV MTRL, STRAWBERRY, NECTARINE, PLUM, FIG, HERB, SPICE, PEPPER SPICE, WATERMELON, CUCUMBER, SQUASH, EGGPLANT, PEPPER FRUITNG, TOMATO, BROCCOLI, BRUSSEL SPROUT, CABBAGE, CAULIFLOWER, ARTICHOKE, SPINACH, LETTUCE LEAF, CARDOON, CEL",57.21676498,107.5,ACRES,SPINACH,(none),23,2.4876854339130436
855,"N-GRNHS GRWN TRNSPLNT/PRPGTV MTRL, STRAWBERRY, NECTARINE, PLUM, FIG, HERB, SPICE, PEPPER SPICE, WATERMELON, CUCUMBER, SQUASH, EGGPLANT, PEPPER FRUITNG, TOMATO, BROCCOLI, BRUSSEL SPROUT, CABBAGE, CAULIFLOWER, ARTICHOKE, SPINACH, LETTUCE LEAF, CARDOON, CEL",57.21676498,107.5,ACRES,LETTUCE LEAF,(none),23,2.4876854339130436
855,"N-GRNHS GRWN TRNSPLNT/PRPGTV MTRL, STRAWBERRY, NECTARINE, PLUM, FIG, HERB, SPICE, PEPPER SPICE, WATERMELON, CUCUMBER, SQUASH, EGGPLANT, PEPPER FRUITNG, TOMATO, BROCCOLI, BRUSSEL SPROUT, CABBAGE, CAULIFLOWER, ARTICHOKE, SPINACH, LETTUCE LEAF, CARDOON, CEL",57.21676498,107.5,ACRES,CARDOON,(none),23,2.4876854339130436
855,"N-GRNHS GRWN TRNSPLNT/PRPGTV MTRL, STRAWBERRY, NECTARINE, PLUM, FIG, HERB, SPICE, PEPPER SPICE, WATERMELON, CUCUMBER, SQUASH, EGGPLANT, PEPPER FRUITNG, TOMATO, BROCCOLI, BRUSSEL SPROUT, CABBAGE, CAULIFLOWER, ARTICHOKE, SPINACH, LETTUCE LEAF, CARDOON, CEL",57.21676498,107.5,ACRES,CEL,(none),23,2.4876854339130436
856,"N-GRNHS GRWN PLANTS IN CONTAINERS, N-OUTDR CONTAINER/FLD GRWN PLANTS",24.39110708,27.0,ACRES,N-GRNHS GRWN PLANTS IN CONTAINERS,N,2,12.19555354
856,"N-GRNHS GRWN PLANTS IN CONTAINERS, N-OUTDR CONTAINER/FLD GRWN PLANTS",24.39110708,27.0,ACRES,N-OUTDR CONTAINER/FLD GRWN PLANTS,N,2,12.19555354
857,"N-OUTDR GRWN CUT FLWRS OR GREENS, GRAPEFRUIT, LEMON, ORANGE, TANGERINE, APPLE, PERSIMMON, POMEGRANATE, AVOCADO, UNCULTIVATED AG",522.64202277,392.0,ACRES,N-OUTDR GRWN CUT FLWRS OR GREENS,N,10,52.264202277
857,"N-OUTDR GRWN CUT FLWRS OR GREENS, GRAPEFRUIT, LEMON, ORANGE, TANGERINE, APPLE, PERSIMMON, POMEGRANATE, AVOCADO, UNCULTIVATED AG",522.64202277,392.0,ACRES,GRAPEFRUIT,(none),10,52.264202277
857,"N-OUTDR GRWN CUT FLWRS OR GREENS, GRAPEFRUIT, LEMON, ORANGE, TANGERINE, APPLE, PERSIMMON, POMEGRANATE, AVOCADO, UNCULTIVATED AG",522.64202277,392.0,ACRES,LEMON,(none),10,52.264202277
857,"N-OUTDR GRWN CUT FLWRS OR GREENS, GRAPEFRUIT, LEMON, ORANGE, TANGERINE, APPLE, PERSIMMON, POMEGRANATE, AVOCADO, UNCULTIVATED AG",522.64202277,392.0,ACRES,ORANGE,(none),10,52.264202277
857,"N-OUTDR GRWN CUT FLWRS OR GREENS, GRAPEFRUIT, LEMON, ORANGE, TANGERINE, APPLE, PERSIMMON, POMEGRANATE, AVOCADO, UNCULTIVATED AG",522.64202277,392.0,ACRES,TANGERINE,(none),10,52.264202277
857,"N-OUTDR GRWN CUT FLWRS OR GREENS, GRAPEFRUIT, LEMON, ORANGE, TANGERINE, APPLE, PERSIMMON, POMEGRANATE, AVOCADO, UNCULTIVATED AG",522.64202277,392.0,ACRES,APPLE,(none),10,52.264202277
857,"N-OUTDR GRWN CUT FLWRS OR GREENS, GRAPEFRUIT, LEMON, ORANGE, TANGERINE, APPLE, PERSIMMON, POMEGRANATE, AVOCADO, UNCULTIVATED AG",522.64202277,392.0,ACRES,PERSIMMON,(none),10,52.264202277
857,"N-OUTDR GRWN CUT FLWRS OR GREENS, GRAPEFRUIT, LEMON, ORANGE, TANGERINE, APPLE, PERSIMMON, POMEGRANATE, AVOCADO, UNCULTIVATED AG",522.64202277,392.0,ACRES,POMEGRANATE,(none),10,52.264202277
857,"N-OUTDR GRWN CUT FLWRS OR GREENS, GRAPEFRUIT, LEMON, ORANGE, TANGERINE, APPLE, PERSIMMON, POMEGRANATE, AVOCADO, UNCULTIVATED AG",522.64202277,392.0,ACRES,AVOCADO,(none),10,52.264202277
857,"N-OUTDR GRWN CUT FLWRS OR GREENS, GRAPEFRUIT, LEMON, ORANGE, TANGERINE, APPLE, PERSIMMON, POMEGRANATE, AVOCADO, UNCULTIVATED AG",522.64202277,392.0,ACRES,UNCULTIVATED AG,(none),10,52.264202277
858,N-GRNHS GRWN PLANTS IN CONTAINERS,2.02234468,3.5,ACRES,N-GRNHS GRWN PLANTS IN CONTAINERS,N,1,2.02234468
859,AVOCADO,17.368021889999998,12.0,ACRES,AVOCADO,(none),1,17.368021889999998
860,AVOCADO,9.86196812,10.0,ACRES,AVOCADO,(none),1,9.86196812
861,AVOCADO,15.95391635,36.0,ACRES,AVOCADO,(none),1,15.95391635
862,AVOCADO,15.14857345,17.0,ACRES,AVOCADO,(none),1,15.14857345
863,"N-OUTDR GRWN CUT FLWRS OR GREENS, AVOCADO",44.22008042,43.0,ACRES,N-OUTDR GRWN CUT FLWRS OR GREENS,N,2,22.11004021
863,"N-OUTDR GRWN CUT FLWRS OR GREENS, AVOCADO",44.22008042,43.0,ACRES,AVOCADO,(none),2,22.11004021
864,N-GRNHS GRWN PLANTS IN CONTAINERS,1.3336253900000001,30000.0,SQUARE FEET,N-GRNHS GRWN PLANTS IN CONTAINERS,N,1,1.3336253900000001
865,ORANGE,35.70356728,35.0,ACRES,ORANGE,(none),1,35.70356728
866,"CUCUMBER, ZUCCHINI, TOMATO, BROCCOLI, CABBAGE, COLLARD, KALE, SWISS CHARD, BEET",78.93959656,45.0,ACRES,CUCUMBER,(none),9,8.771066284444444
866,"CUCUMBER, ZUCCHINI, TOMATO, BROCCOLI, CABBAGE, COLLARD, KALE, SWISS CHARD, BEET",78.93959656,45.0,ACRES,ZUCCHINI,(none),9,8.771066284444444
866,"CUCUMBER, ZUCCHINI, TOMATO, BROCCOLI, CABBAGE, COLLARD, KALE, SWISS CHARD, BEET",78.93959656,45.0,ACRES,TOMATO,(none),9,8.771066284444444
866,"CUCUMBER, ZUCCHINI, TOMATO, BROCCOLI, CABBAGE, COLLARD, KALE, SWISS CHARD, BEET",78.93959656,45.0,ACRES,BROCCOLI,(none),9,8.771066284444444
866,"CUCUMBER, ZUCCHINI, TOMATO, BROCCOLI, CABBAGE, COLLARD, KALE, SWISS CHARD, BEET",78.93959656,45.0,ACRES,CABBAGE,(none),9,8.771066284444444
866,"CUCUMBER, ZUCCHINI, TOMATO, BROCCOLI, CABBAGE, COLLARD, KALE, SWISS CHARD, BEET",78.93959656,45.0,ACRES,COLLARD,(none),9,8.771066284444444
866,"CUCUMBER, ZUCCHINI, TOMATO, BROCCOLI, CABBAGE, COLLARD, KALE, SWISS CHARD, BEET",78.93959656,45.0,ACRES,KALE,(none),9,8.771066284444444
866,"CUCUMBER, ZUCCHINI, TOMATO, BROCCOLI, CABBAGE, COLLARD, KALE, SWISS CHARD, BEET",78.93959656,45.0,ACRES,SWISS CHARD,(none),9,8.771066284444444
866,"CUCUMBER, ZUCCHINI, TOMATO, BROCCOLI, CABBAGE, COLLARD, KALE, SWISS CHARD, BEET",78.93959656,45.0,ACRES,BEET,(none),9,8.771066284444444
867,"CUCUMBER, ZUCCHINI, TOMATO, COLLARD, KALE, SWISS CHARD, BEAN UNSPECIFD, CELERY, PEAS",23.67089622,36.0,ACRES,CUCUMBER,(none),9,2.63009958
867,"CUCUMBER, ZUCCHINI, TOMATO, COLLARD, KALE, SWISS CHARD, BEAN UNSPECIFD, CELERY, PEAS",23.67089622,36.0,ACRES,ZUCCHINI,(none),9,2.63009958
867,"CUCUMBER, ZUCCHINI, TOMATO, COLLARD, KALE, SWISS CHARD, BEAN UNSPECIFD, CELERY, PEAS",23.67089622,36.0,ACRES,TOMATO,(none),9,2.63009958
867,"CUCUMBER, ZUCCHINI, TOMATO, COLLARD, KALE, SWISS CHARD, BEAN UNSPECIFD, CELERY, PEAS",23.67089622,36.0,ACRES,COLLARD,(none),9,2.63009958
867,"CUCUMBER, ZUCCHINI, TOMATO, COLLARD, KALE, SWISS CHARD, BEAN UNSPECIFD, CELERY, PEAS",23.67089622,36.0,ACRES,KALE,(none),9,2.63009958
867,"CUCUMBER, ZUCCHINI, TOMATO, COLLARD, KALE, SWISS CHARD, BEAN UNSPECIFD, CELERY, PEAS",23.67089622,36.0,ACRES,SWISS CHARD,(none),9,2.63009958
867,"CUCUMBER, ZUCCHINI, TOMATO, COLLARD, KALE, SWISS CHARD, BEAN UNSPECIFD, CELERY, PEAS",23.67089622,36.0,ACRES,BEAN UNSPECIFD,(none),9,2.63009958
867,"CUCUMBER, ZUCCHINI, TOMATO, COLLARD, KALE, SWISS CHARD, BEAN UNSPECIFD, CELERY, PEAS",23.67089622,36.0,ACRES,CELERY,(none),9,2.63009958
867,"CUCUMBER, ZUCCHINI, TOMATO, COLLARD, KALE, SWISS CHARD, BEAN UNSPECIFD, CELERY, PEAS",23.67089622,36.0,ACRES,PEAS,(none),9,2.63009958
868,"STRAWBERRY, SWEET BASIL, PEPPER SPICE, WATERMELON, CUCUMBER, PUMPKIN, SQUASH, WINTER, ZUCCHINI, EGGPLANT, TOMATO, BROCCOLI, CABBAGE, COLLARD, KALE, PARSLEY, SWISS CHARD, RUTABAGA, BEAN UNSPECIFD, BEET, CARROT, MELON, PEAS",139.15059642,200.0,ACRES,STRAWBERRY,(none),23,6.050025931304348
868,"STRAWBERRY, SWEET BASIL, PEPPER SPICE, WATERMELON, CUCUMBER, PUMPKIN, SQUASH, WINTER, ZUCCHINI, EGGPLANT, TOMATO, BROCCOLI, CABBAGE, COLLARD, KALE, PARSLEY, SWISS CHARD, RUTABAGA, BEAN UNSPECIFD, BEET, CARROT, MELON, PEAS",139.15059642,200.0,ACRES,SWEET BASIL,(none),23,6.050025931304348
868,"STRAWBERRY, SWEET BASIL, PEPPER SPICE, WATERMELON, CUCUMBER, PUMPKIN, SQUASH, WINTER, ZUCCHINI, EGGPLANT, TOMATO, BROCCOLI, CABBAGE, COLLARD, KALE, PARSLEY, SWISS CHARD, RUTABAGA, BEAN UNSPECIFD, BEET, CARROT, MELON, PEAS",139.15059642,200.0,ACRES,PEPPER SPICE,(none),23,6.050025931304348
868,"STRAWBERRY, SWEET BASIL, PEPPER SPICE, WATERMELON, CUCUMBER, PUMPKIN, SQUASH, WINTER, ZUCCHINI, EGGPLANT, TOMATO, BROCCOLI, CABBAGE, COLLARD, KALE, PARSLEY, SWISS CHARD, RUTABAGA, BEAN UNSPECIFD, BEET, CARROT, MELON, PEAS",139.15059642,200.0,ACRES,WATERMELON,(none),23,6.050025931304348
868,"STRAWBERRY, SWEET BASIL, PEPPER SPICE, WATERMELON, CUCUMBER, PUMPKIN, SQUASH, WINTER, ZUCCHINI, EGGPLANT, TOMATO, BROCCOLI, CABBAGE, COLLARD, KALE, PARSLEY, SWISS CHARD, RUTABAGA, BEAN UNSPECIFD, BEET, CARROT, MELON, PEAS",139.15059642,200.0,ACRES,CUCUMBER,(none),23,6.050025931304348
868,"STRAWBERRY, SWEET BASIL, PEPPER SPICE, WATERMELON, CUCUMBER, PUMPKIN, SQUASH, WINTER, ZUCCHINI, EGGPLANT, TOMATO, BROCCOLI, CABBAGE, COLLARD, KALE, PARSLEY, SWISS CHARD, RUTABAGA, BEAN UNSPECIFD, BEET, CARROT, MELON, PEAS",139.15059642,200.0,ACRES,PUMPKIN,(none),23,6.050025931304348
868,"STRAWBERRY, SWEET BASIL, PEPPER SPICE, WATERMELON, CUCUMBER, PUMPKIN, SQUASH, WINTER, ZUCCHINI, EGGPLANT, TOMATO, BROCCOLI, CABBAGE, COLLARD, KALE, PARSLEY, SWISS CHARD, RUTABAGA, BEAN UNSPECIFD, BEET, CARROT, MELON, PEAS",139.15059642,200.0,ACRES,SQUASH,(none),23,6.050025931304348
868,"STRAWBERRY, SWEET BASIL, PEPPER SPICE, WATERMELON, CUCUMBER, PUMPKIN, SQUASH, WINTER, ZUCCHINI, EGGPLANT, TOMATO, BROCCOLI, CABBAGE, COLLARD, KALE, PARSLEY, SWISS CHARD, RUTABAGA, BEAN UNSPECIFD, BEET, CARROT, MELON, PEAS",139.15059642,200.0,ACRES,WINTER,(none),23,6.050025931304348
868,"STRAWBERRY, SWEET BASIL, PEPPER SPICE, WATERMELON, CUCUMBER, PUMPKIN, SQUASH, WINTER, ZUCCHINI, EGGPLANT, TOMATO, BROCCOLI, CABBAGE, COLLARD, KALE, PARSLEY, SWISS CHARD, RUTABAGA, BEAN UNSPECIFD, BEET, CARROT, MELON, PEAS",139.15059642,200.0,ACRES,ZUCCHINI,(none),23,6.050025931304348
868,"STRAWBERRY, SWEET BASIL, PEPPER SPICE, WATERMELON, CUCUMBER, PUMPKIN, SQUASH, WINTER, ZUCCHINI, EGGPLANT, TOMATO, BROCCOLI, CABBAGE, COLLARD, KALE, PARSLEY, SWISS CHARD, RUTABAGA, BEAN UNSPECIFD, BEET, CARROT, MELON, PEAS",139.15059642,200.0,ACRES,EGGPLANT,(none),23,6.050025931304348
868,"STRAWBERRY, SWEET BASIL, PEPPER SPICE, WATERMELON, CUCUMBER, PUMPKIN, SQUASH, WINTER, ZUCCHINI, EGGPLANT, TOMATO, BROCCOLI, CABBAGE, COLLARD, KALE, PARSLEY, SWISS CHARD, RUTABAGA, BEAN UNSPECIFD, BEET, CARROT, MELON, PEAS",139.15059642,200.0,ACRES,TOMATO,(none),23,6.050025931304348
868,"STRAWBERRY, SWEET BASIL, PEPPER SPICE, WATERMELON, CUCUMBER, PUMPKIN, SQUASH, WINTER, ZUCCHINI, EGGPLANT, TOMATO, BROCCOLI, CABBAGE, COLLARD, KALE, PARSLEY, SWISS CHARD, RUTABAGA, BEAN UNSPECIFD, BEET, CARROT, MELON, PEAS",139.15059642,200.0,ACRES,BROCCOLI,(none),23,6.050025931304348
868,"STRAWBERRY, SWEET BASIL, PEPPER SPICE, WATERMELON, CUCUMBER, PUMPKIN, SQUASH, WINTER, ZUCCHINI, EGGPLANT, TOMATO, BROCCOLI, CABBAGE, COLLARD, KALE, PARSLEY, SWISS CHARD, RUTABAGA, BEAN UNSPECIFD, BEET, CARROT, MELON, PEAS",139.15059642,200.0,ACRES,CABBAGE,(none),23,6.050025931304348
868,"STRAWBERRY, SWEET BASIL, PEPPER SPICE, WATERMELON, CUCUMBER, PUMPKIN, SQUASH, WINTER, ZUCCHINI, EGGPLANT, TOMATO, BROCCOLI, CABBAGE, COLLARD, KALE, PARSLEY, SWISS CHARD, RUTABAGA, BEAN UNSPECIFD, BEET, CARROT, MELON, PEAS",139.15059642,200.0,ACRES,COLLARD,(none),23,6.050025931304348
868,"STRAWBERRY, SWEET BASIL, PEPPER SPICE, WATERMELON, CUCUMBER, PUMPKIN, SQUASH, WINTER, ZUCCHINI, EGGPLANT, TOMATO, BROCCOLI, CABBAGE, COLLARD, KALE, PARSLEY, SWISS CHARD, RUTABAGA, BEAN UNSPECIFD, BEET, CARROT, MELON, PEAS",139.15059642,200.0,ACRES,KALE,(none),23,6.050025931304348
868,"STRAWBERRY, SWEET BASIL, PEPPER SPICE, WATERMELON, CUCUMBER, PUMPKIN, SQUASH, WINTER, ZUCCHINI, EGGPLANT, TOMATO, BROCCOLI, CABBAGE, COLLARD, KALE, PARSLEY, SWISS CHARD, RUTABAGA, BEAN UNSPECIFD, BEET, CARROT, MELON, PEAS",139.15059642,200.0,ACRES,PARSLEY,(none),23,6.050025931304348
868,"STRAWBERRY, SWEET BASIL, PEPPER SPICE, WATERMELON, CUCUMBER, PUMPKIN, SQUASH, WINTER, ZUCCHINI, EGGPLANT, TOMATO, BROCCOLI, CABBAGE, COLLARD, KALE, PARSLEY, SWISS CHARD, RUTABAGA, BEAN UNSPECIFD, BEET, CARROT, MELON, PEAS",139.15059642,200.0,ACRES,SWISS CHARD,(none),23,6.050025931304348
868,"STRAWBERRY, SWEET BASIL, PEPPER SPICE, WATERMELON, CUCUMBER, PUMPKIN, SQUASH, WINTER, ZUCCHINI, EGGPLANT, TOMATO, BROCCOLI, CABBAGE, COLLARD, KALE, PARSLEY, SWISS CHARD, RUTABAGA, BEAN UNSPECIFD, BEET, CARROT, MELON, PEAS",139.15059642,200.0,ACRES,RUTABAGA,(none),23,6.050025931304348
868,"STRAWBERRY, SWEET BASIL, PEPPER SPICE, WATERMELON, CUCUMBER, PUMPKIN, SQUASH, WINTER, ZUCCHINI, EGGPLANT, TOMATO, BROCCOLI, CABBAGE, COLLARD, KALE, PARSLEY, SWISS CHARD, RUTABAGA, BEAN UNSPECIFD, BEET, CARROT, MELON, PEAS",139.15059642,200.0,ACRES,BEAN UNSPECIFD,(none),23,6.050025931304348
868,"STRAWBERRY, SWEET BASIL, PEPPER SPICE, WATERMELON, CUCUMBER, PUMPKIN, SQUASH, WINTER, ZUCCHINI, EGGPLANT, TOMATO, BROCCOLI, CABBAGE, COLLARD, KALE, PARSLEY, SWISS CHARD, RUTABAGA, BEAN UNSPECIFD, BEET, CARROT, MELON, PEAS",139.15059642,200.0,ACRES,BEET,(none),23,6.050025931304348
868,"STRAWBERRY, SWEET BASIL, PEPPER SPICE, WATERMELON, CUCUMBER, PUMPKIN, SQUASH, WINTER, ZUCCHINI, EGGPLANT, TOMATO, BROCCOLI, CABBAGE, COLLARD, KALE, PARSLEY, SWISS CHARD, RUTABAGA, BEAN UNSPECIFD, BEET, CARROT, MELON, PEAS",139.15059642,200.0,ACRES,CARROT,(none),23,6.050025931304348
868,"STRAWBERRY, SWEET BASIL, PEPPER SPICE, WATERMELON, CUCUMBER, PUMPKIN, SQUASH, WINTER, ZUCCHINI, EGGPLANT, TOMATO, BROCCOLI, CABBAGE, COLLARD, KALE, PARSLEY, SWISS CHARD, RUTABAGA, BEAN UNSPECIFD, BEET, CARROT, MELON, PEAS",139.15059642,200.0,ACRES,MELON,(none),23,6.050025931304348
868,"STRAWBERRY, SWEET BASIL, PEPPER SPICE, WATERMELON, CUCUMBER, PUMPKIN, SQUASH, WINTER, ZUCCHINI, EGGPLANT, TOMATO, BROCCOLI, CABBAGE, COLLARD, KALE, PARSLEY, SWISS CHARD, RUTABAGA, BEAN UNSPECIFD, BEET, CARROT, MELON, PEAS",139.15059642,200.0,ACRES,PEAS,(none),23,6.050025931304348
869,ORANGE,38.31955723,35.0,ACRES,ORANGE,(none),1,38.31955723
870,N-GRNHS GRWN CUT FLWRS OR GREENS,1.65556503,2.5,ACRES,N-GRNHS GRWN CUT FLWRS OR GREENS,N,1,1.65556503
871,N-GRNHS GRWN CUT FLWRS OR GREENS,14.20534107,9.5,ACRES,N-GRNHS GRWN CUT FLWRS OR GREENS,N,1,14.20534107
872,N-GRNHS GRWN CUT FLWRS OR GREENS,7.12359509,300000.0,SQUARE FEET,N-GRNHS GRWN CUT FLWRS OR GREENS,N,1,7.12359509
873,N-GRNHS GRWN PLANTS IN CONTAINERS,0.86663102,0.5,ACRES,N-GRNHS GRWN PLANTS IN CONTAINERS,N,1,0.86663102
874,N-GRNHS GRWN PLANTS IN CONTAINERS,8.32566652,3.5,ACRES,N-GRNHS GRWN PLANTS IN CONTAINERS,N,1,8.32566652
875,"N-GRNHS GRWN CUT FLWRS OR GREENS, N-GRNHS GRWN PLANTS IN CONTAINERS",2.2947526500000004,2.0,ACRES,N-GRNHS GRWN CUT FLWRS OR GREENS,N,2,1.1473763250000002
875,"N-GRNHS GRWN CUT FLWRS OR GREENS, N-GRNHS GRWN PLANTS IN CONTAINERS",2.2947526500000004,2.0,ACRES,N-GRNHS GRWN PLANTS IN CONTAINERS,N,2,1.1473763250000002
876,N-GRNHS GRWN PLANTS IN CONTAINERS,0.9578514200000001,1.25,ACRES,N-GRNHS GRWN PLANTS IN CONTAINERS,N,1,0.9578514200000001
877,N-GRNHS GRWN PLANTS IN CONTAINERS,0.14215448,0.35000000000000003,ACRES,N-GRNHS GRWN PLANTS IN CONTAINERS,N,1,0.14215448
878,N-GRNHS GRWN PLANTS IN CONTAINERS,2.4759268700000003,2.0,ACRES,N-GRNHS GRWN PLANTS IN CONTAINERS,N,1,2.4759268700000003
879,N-GRNHS GRWN PLANTS IN CONTAINERS,18.1623892,7.0,ACRES,N-GRNHS GRWN PLANTS IN CONTAINERS,N,1,18.1623892
880,OF-PALM,23.719398860000002,26.0,ACRES,OF-PALM,OF,1,23.719398860000002
881,"N-GRNHS GRWN PLANTS IN CONTAINERS, OP-PALM, CITRUS",56.93479788,19.0,ACRES,N-GRNHS GRWN PLANTS IN CONTAINERS,N,3,18.978265959999998
881,"N-GRNHS GRWN PLANTS IN CONTAINERS, OP-PALM, CITRUS",56.93479788,19.0,ACRES,OP-PALM,OP,3,18.978265959999998
881,"N-GRNHS GRWN PLANTS IN CONTAINERS, OP-PALM, CITRUS",56.93479788,19.0,ACRES,CITRUS,(none),3,18.978265959999998
882,"N-OUTDR GRWN CUT FLWRS OR GREENS, N-GRNHS GRWN PLANTS IN CONTAINERS",4.88125056,1.0,ACRES,N-OUTDR GRWN CUT FLWRS OR GREENS,N,2,2.44062528
882,"N-OUTDR GRWN CUT FLWRS OR GREENS, N-GRNHS GRWN PLANTS IN CONTAINERS",4.88125056,1.0,ACRES,N-GRNHS GRWN PLANTS IN CONTAINERS,N,2,2.44062528
883,"N-GRNHS GRWN PLANTS IN CONTAINERS, N-OUTDR CONTAINER/FLD GRWN PLANTS",2.4687729000000003,2.0,ACRES,N-GRNHS GRWN PLANTS IN CONTAINERS,N,2,1.2343864500000001
883,"N-GRNHS GRWN PLANTS IN CONTAINERS, N-OUTDR CONTAINER/FLD GRWN PLANTS",2.4687729000000003,2.0,ACRES,N-OUTDR CONTAINER/FLD GRWN PLANTS,N,2,1.2343864500000001
884,"PERSIMMON, OAT",40.07363837,151.0,ACRES,PERSIMMON,(none),2,20.036819185
884,"PERSIMMON, OAT",40.07363837,151.0,ACRES,OAT,(none),2,20.036819185
885,"N-OUTDR CONTAINER/FLD GRWN PLANTS, LIME, AVOCADO",6.05049786,6.0,ACRES,N-OUTDR CONTAINER/FLD GRWN PLANTS,N,3,2.01683262
885,"N-OUTDR CONTAINER/FLD GRWN PLANTS, LIME, AVOCADO",6.05049786,6.0,ACRES,LIME,(none),3,2.01683262
885,"N-OUTDR CONTAINER/FLD GRWN PLANTS, LIME, AVOCADO",6.05049786,6.0,ACRES,AVOCADO,(none),3,2.01683262
886,"LIME, ORANGE, AVOCADO, GUAVA",6.77944898,6.0,ACRES,LIME,(none),4,1.694862245
886,"LIME, ORANGE, AVOCADO, GUAVA",6.77944898,6.0,ACRES,ORANGE,(none),4,1.694862245
886,"LIME, ORANGE, AVOCADO, GUAVA",6.77944898,6.0,ACRES,AVOCADO,(none),4,1.694862245
886,"LIME, ORANGE, AVOCADO, GUAVA",6.77944898,6.0,ACRES,GUAVA,(none),4,1.694862245
887,AVOCADO,5.764381490000001,7.5,ACRES,AVOCADO,(none),1,5.764381490000001
888,N-GRNHS GRWN PLANTS IN CONTAINERS,1.30262518,25000.0,SQUARE FEET,N-GRNHS GRWN PLANTS IN CONTAINERS,N,1,1.30262518
889,N-GRNHS GRWN CUT FLWRS OR GREENS,1.4748799700000002,2.0,ACRES,N-GRNHS GRWN CUT FLWRS OR GREENS,N,1,1.4748799700000002
890,N-GRNHS GRWN CUT FLWRS OR GREENS,1.0482454700000001,2.0,ACRES,N-GRNHS GRWN CUT FLWRS OR GREENS,N,1,1.0482454700000001
891,"N-GRNHS GRWN PLANTS IN CONTAINERS, AVOCADO",10.12416406,7.0,ACRES,N-GRNHS GRWN PLANTS IN CONTAINERS,N,2,5.06208203
891,"N-GRNHS GRWN PLANTS IN CONTAINERS, AVOCADO",10.12416406,7.0,ACRES,AVOCADO,(none),2,5.06208203
892,AVOCADO,2.25501489,2.0,ACRES,AVOCADO,(none),1,2.25501489
893,"AVOCADO, GUAVA",54.48639715,61.0,ACRES,AVOCADO,(none),2,27.243198575
893,"AVOCADO, GUAVA",54.48639715,61.0,ACRES,GUAVA,(none),2,27.243198575
894,AVOCADO,14.72166107,27.0,ACRES,AVOCADO,(none),1,14.72166107
895,AVOCADO,4.59231586,4.0,ACRES,AVOCADO,(none),1,4.59231586
896,GUAVA,2.85025362,2.0,ACRES,GUAVA,(none),1,2.85025362
897,AVOCADO,2.58863394,2.0,ACRES,AVOCADO,(none),1,2.58863394
898,AVOCADO,2.0990292200000003,2.0,ACRES,AVOCADO,(none),1,2.0990292200000003
899,GUAVA,2.48088193,2.0,ACRES,GUAVA,(none),1,2.48088193
900,AVOCADO,1.4957849,2.0,ACRES,AVOCADO,(none),1,1.4957849
901,"N-OUTDR GRWN CUT FLWRS OR GREENS, AVOCADO",9.57647978,15.0,ACRES,N-OUTDR GRWN CUT FLWRS OR GREENS,N,2,4.78823989
901,"N-OUTDR GRWN CUT FLWRS OR GREENS, AVOCADO",9.57647978,15.0,ACRES,AVOCADO,(none),2,4.78823989
902,AVOCADO,1.60168067,2.5,ACRES,AVOCADO,(none),1,1.60168067
903,AVOCADO,2.13571832,2.8,ACRES,AVOCADO,(none),1,2.13571832
904,AVOCADO,3.6123378,3.0,ACRES,AVOCADO,(none),1,3.6123378
905,AVOCADO,2.34668994,2.5,ACRES,AVOCADO,(none),1,2.34668994
906,AVOCADO,4.48753142,4.0,ACRES,AVOCADO,(none),1,4.48753142
907,GUAVA,1.89060004,2.0,ACRES,GUAVA,(none),1,1.89060004
908,AVOCADO,2.3814711500000003,2.5,ACRES,AVOCADO,(none),1,2.3814711500000003
909,"LIME, SQUASH, AVOCADO",2.2972799900000003,2.5,ACRES,LIME,(none),3,0.7657599966666667
909,"LIME, SQUASH, AVOCADO",2.2972799900000003,2.5,ACRES,SQUASH,(none),3,0.7657599966666667
909,"LIME, SQUASH, AVOCADO",2.2972799900000003,2.5,ACRES,AVOCADO,(none),3,0.7657599966666667
910,N-GRNHS GRWN PLANTS IN CONTAINERS,21.09411859,25.0,ACRES,N-GRNHS GRWN PLANTS IN CONTAINERS,N,1,21.09411859
911,N-GRNHS GRWN TRNSPLNT/PRPGTV MTRL,5.8071138200000005,7.0,ACRES,N-GRNHS GRWN TRNSPLNT/PRPGTV MTRL,N,1,5.8071138200000005
912,N-OUTDR CONTAINER/FLD GRWN PLANTS,13.634838890000001,14.0,ACRES,N-OUTDR CONTAINER/FLD GRWN PLANTS,N,1,13.634838890000001
913,N-OUTDR CONTAINER/FLD GRWN PLANTS,2.68103458,2.0,ACRES,N-OUTDR CONTAINER/FLD GRWN PLANTS,N,1,2.68103458
914,N-OUTDR CONTAINER/FLD GRWN PLANTS,2.3191010600000004,8.0,ACRES,N-OUTDR CONTAINER/FLD GRWN PLANTS,N,1,2.3191010600000004
915,N-GRNHS GRWN TRNSPLNT/PRPGTV MTRL,14.22484935,9.0,ACRES,N-GRNHS GRWN TRNSPLNT/PRPGTV MTRL,N,1,14.22484935
916,TURF/SOD,311.11650763999995,250.0,ACRES,TURF/SOD,(none),1,311.11650763999995
917,AVOCADO,108.53072295,70.0,ACRES,AVOCADO,(none),1,108.53072295
918,AVOCADO,214.82960766,525.0,ACRES,AVOCADO,(none),1,214.82960766
919,"N-GRNHS GRWN CUT FLWRS OR GREENS, N-OUTDR CONTAINER/FLD GRWN PLANTS",7.82789641,3.03,ACRES,N-GRNHS GRWN CUT FLWRS OR GREENS,N,2,3.913948205
919,"N-GRNHS GRWN CUT FLWRS OR GREENS, N-OUTDR CONTAINER/FLD GRWN PLANTS",7.82789641,3.03,ACRES,N-OUTDR CONTAINER/FLD GRWN PLANTS,N,2,3.913948205
920,APPLE,17.875454939999997,14.0,ACRES,APPLE,(none),1,17.875454939999997
921,"APPLE, PEAR",17.81417123,20.0,ACRES,APPLE,(none),2,8.907085615
921,"APPLE, PEAR",17.81417123,20.0,ACRES,PEAR,(none),2,8.907085615
922,N-GRNHS GRWN PLANTS IN CONTAINERS,4.20331094,5.0,ACRES,N-GRNHS GRWN PLANTS IN CONTAINERS,N,1,4.20331094
923,N-GRNHS GRWN PLANTS IN CONTAINERS,5.1040109000000005,4.0,ACRES,N-GRNHS GRWN PLANTS IN CONTAINERS,N,1,5.1040109000000005
924,N-OUTDR GRWN CUT FLWRS OR GREENS,0.10954482,6000.0,SQUARE FEET,N-OUTDR GRWN CUT FLWRS OR GREENS,N,1,0.10954482
925,TOMATO,12.51631076,10.0,ACRES,TOMATO,(none),1,12.51631076
926,"BLACKBERRY, BLUEBERRY, STRAWBERRY, CHERIMOYA",19.29619356,39.0,ACRES,BLACKBERRY,(none),4,4.82404839
926,"BLACKBERRY, BLUEBERRY, STRAWBERRY, CHERIMOYA",19.29619356,39.0,ACRES,BLUEBERRY,(none),4,4.82404839
926,"BLACKBERRY, BLUEBERRY, STRAWBERRY, CHERIMOYA",19.29619356,39.0,ACRES,STRAWBERRY,(none),4,4.82404839
926,"BLACKBERRY, BLUEBERRY, STRAWBERRY, CHERIMOYA",19.29619356,39.0,ACRES,CHERIMOYA,(none),4,4.82404839
927,"N-GRNHS GRWN PLANTS IN CONTAINERS, UNCULTIVATED AG",1.0272385400000001,3.0,ACRES,N-GRNHS GRWN PLANTS IN CONTAINERS,N,2,0.5136192700000001
927,"N-GRNHS GRWN PLANTS IN CONTAINERS, UNCULTIVATED AG",1.0272385400000001,3.0,ACRES,UNCULTIVATED AG,(none),2,0.5136192700000001
928,"GRAPEFRUIT, ORANGE, AVOCADO",160.75111705,175.0,ACRES,GRAPEFRUIT,(none),3,53.583705683333335
928,"GRAPEFRUIT, ORANGE, AVOCADO",160.75111705,175.0,ACRES,ORANGE,(none),3,53.583705683333335
928,"GRAPEFRUIT, ORANGE, AVOCADO",160.75111705,175.0,ACRES,AVOCADO,(none),3,53.583705683333335
929,"ORANGE, AVOCADO",32.09507172,54.0,ACRES,ORANGE,(none),2,16.04753586
929,"ORANGE, AVOCADO",32.09507172,54.0,ACRES,AVOCADO,(none),2,16.04753586
930,AVOCADO,4.32289008,4.0,ACRES,AVOCADO,(none),1,4.32289008
931,N-GRNHS GRWN TRNSPLNT/PRPGTV MTRL,0.7316790000000001,21000.0,SQUARE FEET,N-GRNHS GRWN TRNSPLNT/PRPGTV MTRL,N,1,0.7316790000000001
932,AVOCADO,57.921831659999995,55.0,ACRES,AVOCADO,(none),1,57.921831659999995
933,"GRAPEFRUIT, AVOCADO",2.9516576900000002,1.5,ACRES,GRAPEFRUIT,(none),2,1.4758288450000001
933,"GRAPEFRUIT, AVOCADO",2.9516576900000002,1.5,ACRES,AVOCADO,(none),2,1.4758288450000001
934,AVOCADO,9.13080277,10.0,ACRES,AVOCADO,(none),1,9.13080277
935,AVOCADO,63.10667384,63.0,ACRES,AVOCADO,(none),1,63.10667384
936,"OT-PALM, AVOCADO",82.45872143999999,56.0,ACRES,OT-PALM,OT,2,41.229360719999995
936,"OT-PALM, AVOCADO",82.45872143999999,56.0,ACRES,AVOCADO,(none),2,41.229360719999995
937,AVOCADO,24.47433361,22.0,ACRES,AVOCADO,(none),1,24.47433361
938,AVOCADO,47.692957990000004,60.0,ACRES,AVOCADO,(none),1,47.692957990000004
939,AVOCADO,139.15887575000002,420.0,ACRES,AVOCADO,(none),1,139.15887575000002
940,AVOCADO,16.56744343,17.0,ACRES,AVOCADO,(none),1,16.56744343
941,AVOCADO,17.5037405,17.0,ACRES,AVOCADO,(none),1,17.5037405
942,AVOCADO,67.67312559000001,65.0,ACRES,AVOCADO,(none),1,67.67312559000001
943,AVOCADO,2.7296258,2.5,ACRES,AVOCADO,(none),1,2.7296258
944,AVOCADO,4.70938663,3.0,ACRES,AVOCADO,(none),1,4.70938663
945,AVOCADO,72.81568234000001,80.0,ACRES,AVOCADO,(none),1,72.81568234000001
946,AVOCADO,9.873955100000002,12.0,ACRES,AVOCADO,(none),1,9.873955100000002
947,AVOCADO,16.09265477,16.0,ACRES,AVOCADO,(none),1,16.09265477
948,AVOCADO,18.8181671,25.0,ACRES,AVOCADO,(none),1,18.8181671
949,AVOCADO,5.19393,5.5,ACRES,AVOCADO,(none),1,5.19393
950,AVOCADO,19.90887805,20.0,ACRES,AVOCADO,(none),1,19.90887805
951,AVOCADO,19.66165039,15.0,ACRES,AVOCADO,(none),1,19.66165039
952,"LEMON, AVOCADO",1.97780588,2.0,ACRES,LEMON,(none),2,0.98890294
952,"LEMON, AVOCADO",1.97780588,2.0,ACRES,AVOCADO,(none),2,0.98890294
953,"LEMON, AVOCADO",36.60934664,32.0,ACRES,LEMON,(none),2,18.30467332
953,"LEMON, AVOCADO",36.60934664,32.0,ACRES,AVOCADO,(none),2,18.30467332
954,AVOCADO,5.90122733,4.0,ACRES,AVOCADO,(none),1,5.90122733
955,AVOCADO,90.27246641,80.0,ACRES,AVOCADO,(none),1,90.27246641
956,AVOCADO,17.06869362,20.0,ACRES,AVOCADO,(none),1,17.06869362
957,AVOCADO,8.62289105,9.0,ACRES,AVOCADO,(none),1,8.62289105
958,AVOCADO,18.70988703,21.0,ACRES,AVOCADO,(none),1,18.70988703
959,AVOCADO,4.27504169,2.0,ACRES,AVOCADO,(none),1,4.27504169
960,AVOCADO,8.93988664,10.0,ACRES,AVOCADO,(none),1,8.93988664
961,AVOCADO,1.9686402699999999,4.0,ACRES,AVOCADO,(none),1,1.9686402699999999
962,AVOCADO,5.67309842,5.0,ACRES,AVOCADO,(none),1,5.67309842
963,AVOCADO,30.02588547,30.0,ACRES,AVOCADO,(none),1,30.02588547
964,AVOCADO,34.42255093,30.0,ACRES,AVOCADO,(none),1,34.42255093
965,AVOCADO,1.53759972,1.5,ACRES,AVOCADO,(none),1,1.53759972
966,AVOCADO,4.4488484800000005,3.0,ACRES,AVOCADO,(none),1,4.4488484800000005
967,AVOCADO,19.286994659999998,20.0,ACRES,AVOCADO,(none),1,19.286994659999998
968,AVOCADO,26.79468726,30.0,ACRES,AVOCADO,(none),1,26.79468726
969,AVOCADO,11.66368866,12.0,ACRES,AVOCADO,(none),1,11.66368866
970,AVOCADO,57.36225579,58.0,ACRES,AVOCADO,(none),1,57.36225579
971,AVOCADO,7.82821185,8.0,ACRES,AVOCADO,(none),1,7.82821185
972,AVOCADO,50.95950403,50.0,ACRES,AVOCADO,(none),1,50.95950403
973,AVOCADO,14.532556790000001,12.0,ACRES,AVOCADO,(none),1,14.532556790000001
974,AVOCADO,4.22226792,4.0,ACRES,AVOCADO,(none),1,4.22226792
975,AVOCADO,12.26165065,11.0,ACRES,AVOCADO,(none),1,12.26165065
976,"AVOCADO, GRAPE, GUAVA",13.16673246,14.5,ACRES,AVOCADO,(none),3,4.38891082
976,"AVOCADO, GRAPE, GUAVA",13.16673246,14.5,ACRES,GRAPE,(none),3,4.38891082
976,"AVOCADO, GRAPE, GUAVA",13.16673246,14.5,ACRES,GUAVA,(none),3,4.38891082
977,AVOCADO,1.97971228,3.0,ACRES,AVOCADO,(none),1,1.97971228
978,AVOCADO,1.39672624,1.5,ACRES,AVOCADO,(none),1,1.39672624
979,AVOCADO,8.83861186,6.0,ACRES,AVOCADO,(none),1,8.83861186
980,AVOCADO,1.74073641,2.0,ACRES,AVOCADO,(none),1,1.74073641
981,"LEMON, AVOCADO",73.00250772,74.0,ACRES,LEMON,(none),2,36.50125386
981,"LEMON, AVOCADO",73.00250772,74.0,ACRES,AVOCADO,(none),2,36.50125386
982,AVOCADO,103.95259874,95.0,ACRES,AVOCADO,(none),1,103.95259874
983,AVOCADO,37.47874576,40.0,ACRES,AVOCADO,(none),1,37.47874576
984,AVOCADO,8.181185430000001,8.0,ACRES,AVOCADO,(none),1,8.181185430000001
985,AVOCADO,18.429394000000002,16.5,ACRES,AVOCADO,(none),1,18.429394000000002
986,AVOCADO,15.5155678,12.0,ACRES,AVOCADO,(none),1,15.5155678
987,AVOCADO,59.85730722,60.0,ACRES,AVOCADO,(none),1,59.85730722
988,AVOCADO,10.060712330000001,9.0,ACRES,AVOCADO,(none),1,10.060712330000001
989,AVOCADO,27.48501598,22.0,ACRES,AVOCADO,(none),1,27.48501598
990,AVOCADO,13.496410899999999,10.0,ACRES,AVOCADO,(none),1,13.496410899999999
991,AVOCADO,13.28444714,13.0,ACRES,AVOCADO,(none),1,13.28444714
992,AVOCADO,2.01346941,2.0,ACRES,AVOCADO,(none),1,2.01346941
993,AVOCADO,8.28345201,8.5,ACRES,AVOCADO,(none),1,8.28345201
994,AVOCADO,4.17189907,4.0,ACRES,AVOCADO,(none),1,4.17189907
995,"MUSHROOM, MUSHROOM HOUSE",8.93500451,110000.0,SQUARE FEET,MUSHROOM,(none),2,4.467502255
995,"MUSHROOM, MUSHROOM HOUSE",8.93500451,110000.0,SQUARE FEET,MUSHROOM HOUSE,(none),2,4.467502255
996,"N-OUTDR GRWN CUT FLWRS OR GREENS, PLUM, PUMPKIN, TOMATO, CORN, HUMAN CON",7.94715125,5.5,ACRES,N-OUTDR GRWN CUT FLWRS OR GREENS,N,6,1.3245252083333334
996,"N-OUTDR GRWN CUT FLWRS OR GREENS, PLUM, PUMPKIN, TOMATO, CORN, HUMAN CON",7.94715125,5.5,ACRES,PLUM,(none),6,1.3245252083333334
996,"N-OUTDR GRWN CUT FLWRS OR GREENS, PLUM, PUMPKIN, TOMATO, CORN, HUMAN CON",7.94715125,5.5,ACRES,PUMPKIN,(none),6,1.3245252083333334
996,"N-OUTDR GRWN CUT FLWRS OR GREENS, PLUM, PUMPKIN, TOMATO, CORN, HUMAN CON",7.94715125,5.5,ACRES,TOMATO,(none),6,1.3245252083333334
996,"N-OUTDR GRWN CUT FLWRS OR GREENS, PLUM, PUMPKIN, TOMATO, CORN, HUMAN CON",7.94715125,5.5,ACRES,CORN,(none),6,1.3245252083333334
996,"N-OUTDR GRWN CUT FLWRS OR GREENS, PLUM, PUMPKIN, TOMATO, CORN, HUMAN CON",7.94715125,5.5,ACRES,HUMAN CON,(none),6,1.3245252083333334
997,"N-OUTDR GRWN CUT FLWRS OR GREENS, PLUM, PUMPKIN, TOMATO, CORN, HUMAN CON",7.94715125,5.5,ACRES,N-OUTDR GRWN CUT FLWRS OR GREENS,N,6,1.3245252083333334
997,"N-OUTDR GRWN CUT FLWRS OR GREENS, PLUM, PUMPKIN, TOMATO, CORN, HUMAN CON",7.94715125,5.5,ACRES,PLUM,(none),6,1.3245252083333334
997,"N-OUTDR GRWN CUT FLWRS OR GREENS, PLUM, PUMPKIN, TOMATO, CORN, HUMAN CON",7.94715125,5.5,ACRES,PUMPKIN,(none),6,1.3245252083333334
997,"N-OUTDR GRWN CUT FLWRS OR GREENS, PLUM, PUMPKIN, TOMATO, CORN, HUMAN CON",7.94715125,5.5,ACRES,TOMATO,(none),6,1.3245252083333334
997,"N-OUTDR GRWN CUT FLWRS OR GREENS, PLUM, PUMPKIN, TOMATO, CORN, HUMAN CON",7.94715125,5.5,ACRES,CORN,(none),6,1.3245252083333334
997,"N-OUTDR GRWN CUT FLWRS OR GREENS, PLUM, PUMPKIN, TOMATO, CORN, HUMAN CON",7.94715125,5.5,ACRES,HUMAN CON,(none),6,1.3245252083333334
998,"N-OUTDR GRWN CUT FLWRS OR GREENS, PLUM, PUMPKIN, TOMATO, CORN, HUMAN CON",7.94715125,5.5,ACRES,N-OUTDR GRWN CUT FLWRS OR GREENS,N,6,1.3245252083333334
998,"N-OUTDR GRWN CUT FLWRS OR GREENS, PLUM, PUMPKIN, TOMATO, CORN, HUMAN CON",7.94715125,5.5,ACRES,PLUM,(none),6,1.3245252083333334
998,"N-OUTDR GRWN CUT FLWRS OR GREENS, PLUM, PUMPKIN, TOMATO, CORN, HUMAN CON",7.94715125,5.5,ACRES,PUMPKIN,(none),6,1.3245252083333334
998,"N-OUTDR GRWN CUT FLWRS OR GREENS, PLUM, PUMPKIN, TOMATO, CORN, HUMAN CON",7.94715125,5.5,ACRES,TOMATO,(none),6,1.3245252083333334
998,"N-OUTDR GRWN CUT FLWRS OR GREENS, PLUM, PUMPKIN, TOMATO, CORN, HUMAN CON",7.94715125,5.5,ACRES,CORN,(none),6,1.3245252083333334
998,"N-OUTDR GRWN CUT FLWRS OR GREENS, PLUM, PUMPKIN, TOMATO, CORN, HUMAN CON",7.94715125,5.5,ACRES,HUMAN CON,(none),6,1.3245252083333334
999,"N-OUTDR GRWN CUT FLWRS OR GREENS, PLUM, PUMPKIN, TOMATO, CORN, HUMAN CON",7.94715125,5.5,ACRES,N-OUTDR GRWN CUT FLWRS OR GREENS,N,6,1.3245252083333334
999,"N-OUTDR GRWN CUT FLWRS OR GREENS, PLUM, PUMPKIN, TOMATO, CORN, HUMAN CON",7.94715125,5.5,ACRES,PLUM,(none),6,1.3245252083333334
999,"N-OUTDR GRWN CUT FLWRS OR GREENS, PLUM, PUMPKIN, TOMATO, CORN, HUMAN CON",7.94715125,5.5,ACRES,PUMPKIN,(none),6,1.3245252083333334
999,"N-OUTDR GRWN CUT FLWRS OR GREENS, PLUM, PUMPKIN, TOMATO, CORN, HUMAN CON",7.94715125,5.5,ACRES,TOMATO,(none),6,1.3245252083333334
999,"N-OUTDR GRWN CUT FLWRS OR GREENS, PLUM, PUMPKIN, TOMATO, CORN, HUMAN CON",7.94715125,5.5,ACRES,CORN,(none),6,1.3245252083333334
999,"N-OUTDR GRWN CUT FLWRS OR GREENS, PLUM, PUMPKIN, TOMATO, CORN, HUMAN CON",7.94715125,5.5,ACRES,HUMAN CON,(none),6,1.3245252083333334
1000,"N-OUTDR GRWN CUT FLWRS OR GREENS, PLUM, PUMPKIN, TOMATO, CORN, HUMAN CON",7.94715125,5.5,ACRES,N-OUTDR GRWN CUT FLWRS OR GREENS,N,6,1.3245252083333334
1000,"N-OUTDR GRWN CUT FLWRS OR GREENS, PLUM, PUMPKIN, TOMATO, CORN, HUMAN CON",7.94715125,5.5,ACRES,PLUM,(none),6,1.3245252083333334
1000,"N-OUTDR GRWN CUT FLWRS OR GREENS, PLUM, PUMPKIN, TOMATO, CORN, HUMAN CON",7.94715125,5.5,ACRES,PUMPKIN,(none),6,1.3245252083333334
1000,"N-OUTDR GRWN CUT FLWRS OR GREENS, PLUM, PUMPKIN, TOMATO, CORN, HUMAN CON",7.94715125,5.5,ACRES,TOMATO,(none),6,1.3245252083333334
1000,"N-OUTDR GRWN CUT FLWRS OR GREENS, PLUM, PUMPKIN, TOMATO, CORN, HUMAN CON",7.94715125,5.5,ACRES,CORN,(none),6,1.3245252083333334
1000,"N-OUTDR GRWN CUT FLWRS OR GREENS, PLUM, PUMPKIN, TOMATO, CORN, HUMAN CON",7.94715125,5.5,ACRES,HUMAN CON,(none),6,1.3245252083333334
1001,"ORANGE, APPLE, PERSIMMON, WATERMELON, TOMATO, AVOCADO, CORN, HUMAN CON, GRAPE",103.75418891999999,124.0,ACRES,ORANGE,(none),9,11.528243213333333
1001,"ORANGE, APPLE, PERSIMMON, WATERMELON, TOMATO, AVOCADO, CORN, HUMAN CON, GRAPE",103.75418891999999,124.0,ACRES,APPLE,(none),9,11.528243213333333
1001,"ORANGE, APPLE, PERSIMMON, WATERMELON, TOMATO, AVOCADO, CORN, HUMAN CON, GRAPE",103.75418891999999,124.0,ACRES,PERSIMMON,(none),9,11.528243213333333
1001,"ORANGE, APPLE, PERSIMMON, WATERMELON, TOMATO, AVOCADO, CORN, HUMAN CON, GRAPE",103.75418891999999,124.0,ACRES,WATERMELON,(none),9,11.528243213333333
1001,"ORANGE, APPLE, PERSIMMON, WATERMELON, TOMATO, AVOCADO, CORN, HUMAN CON, GRAPE",103.75418891999999,124.0,ACRES,TOMATO,(none),9,11.528243213333333
1001,"ORANGE, APPLE, PERSIMMON, WATERMELON, TOMATO, AVOCADO, CORN, HUMAN CON, GRAPE",103.75418891999999,124.0,ACRES,AVOCADO,(none),9,11.528243213333333
1001,"ORANGE, APPLE, PERSIMMON, WATERMELON, TOMATO, AVOCADO, CORN, HUMAN CON, GRAPE",103.75418891999999,124.0,ACRES,CORN,(none),9,11.528243213333333
1001,"ORANGE, APPLE, PERSIMMON, WATERMELON, TOMATO, AVOCADO, CORN, HUMAN CON, GRAPE",103.75418891999999,124.0,ACRES,HUMAN CON,(none),9,11.528243213333333
1001,"ORANGE, APPLE, PERSIMMON, WATERMELON, TOMATO, AVOCADO, CORN, HUMAN CON, GRAPE",103.75418891999999,124.0,ACRES,GRAPE,(none),9,11.528243213333333
1002,"ORANGE, WATERMELON, PUMPKIN, TOMATO",2.51308784,2.0,ACRES,ORANGE,(none),4,0.62827196
1002,"ORANGE, WATERMELON, PUMPKIN, TOMATO",2.51308784,2.0,ACRES,WATERMELON,(none),4,0.62827196
1002,"ORANGE, WATERMELON, PUMPKIN, TOMATO",2.51308784,2.0,ACRES,PUMPKIN,(none),4,0.62827196
1002,"ORANGE, WATERMELON, PUMPKIN, TOMATO",2.51308784,2.0,ACRES,TOMATO,(none),4,0.62827196
1003,"BLACKBERRY, STRAWBERRY, GRAPEFRUIT, LEMON, ORANGE, TANGERINE, STONE FRUIT, TROPICAL/SUBTROPICAL FRUIT, HERB, SPICE, WATERMELON, CUCUMBER, SQUASH, SUMMER, SQUASH, WINTER, EGGPLANT, PEPPER FRUITNG, TOMATO, TOMATILLO, BROCCOLI, CABBAGE, KALE, SWISS CHARD, L",19.29312621,7.0,ACRES,BLACKBERRY,(none),25,0.7717250484
1003,"BLACKBERRY, STRAWBERRY, GRAPEFRUIT, LEMON, ORANGE, TANGERINE, STONE FRUIT, TROPICAL/SUBTROPICAL FRUIT, HERB, SPICE, WATERMELON, CUCUMBER, SQUASH, SUMMER, SQUASH, WINTER, EGGPLANT, PEPPER FRUITNG, TOMATO, TOMATILLO, BROCCOLI, CABBAGE, KALE, SWISS CHARD, L",19.29312621,7.0,ACRES,STRAWBERRY,(none),25,0.7717250484
1003,"BLACKBERRY, STRAWBERRY, GRAPEFRUIT, LEMON, ORANGE, TANGERINE, STONE FRUIT, TROPICAL/SUBTROPICAL FRUIT, HERB, SPICE, WATERMELON, CUCUMBER, SQUASH, SUMMER, SQUASH, WINTER, EGGPLANT, PEPPER FRUITNG, TOMATO, TOMATILLO, BROCCOLI, CABBAGE, KALE, SWISS CHARD, L",19.29312621,7.0,ACRES,GRAPEFRUIT,(none),25,0.7717250484
1003,"BLACKBERRY, STRAWBERRY, GRAPEFRUIT, LEMON, ORANGE, TANGERINE, STONE FRUIT, TROPICAL/SUBTROPICAL FRUIT, HERB, SPICE, WATERMELON, CUCUMBER, SQUASH, SUMMER, SQUASH, WINTER, EGGPLANT, PEPPER FRUITNG, TOMATO, TOMATILLO, BROCCOLI, CABBAGE, KALE, SWISS CHARD, L",19.29312621,7.0,ACRES,LEMON,(none),25,0.7717250484
1003,"BLACKBERRY, STRAWBERRY, GRAPEFRUIT, LEMON, ORANGE, TANGERINE, STONE FRUIT, TROPICAL/SUBTROPICAL FRUIT, HERB, SPICE, WATERMELON, CUCUMBER, SQUASH, SUMMER, SQUASH, WINTER, EGGPLANT, PEPPER FRUITNG, TOMATO, TOMATILLO, BROCCOLI, CABBAGE, KALE, SWISS CHARD, L",19.29312621,7.0,ACRES,ORANGE,(none),25,0.7717250484
1003,"BLACKBERRY, STRAWBERRY, GRAPEFRUIT, LEMON, ORANGE, TANGERINE, STONE FRUIT, TROPICAL/SUBTROPICAL FRUIT, HERB, SPICE, WATERMELON, CUCUMBER, SQUASH, SUMMER, SQUASH, WINTER, EGGPLANT, PEPPER FRUITNG, TOMATO, TOMATILLO, BROCCOLI, CABBAGE, KALE, SWISS CHARD, L",19.29312621,7.0,ACRES,TANGERINE,(none),25,0.7717250484
1003,"BLACKBERRY, STRAWBERRY, GRAPEFRUIT, LEMON, ORANGE, TANGERINE, STONE FRUIT, TROPICAL/SUBTROPICAL FRUIT, HERB, SPICE, WATERMELON, CUCUMBER, SQUASH, SUMMER, SQUASH, WINTER, EGGPLANT, PEPPER FRUITNG, TOMATO, TOMATILLO, BROCCOLI, CABBAGE, KALE, SWISS CHARD, L",19.29312621,7.0,ACRES,STONE FRUIT,(none),25,0.7717250484
1003,"BLACKBERRY, STRAWBERRY, GRAPEFRUIT, LEMON, ORANGE, TANGERINE, STONE FRUIT, TROPICAL/SUBTROPICAL FRUIT, HERB, SPICE, WATERMELON, CUCUMBER, SQUASH, SUMMER, SQUASH, WINTER, EGGPLANT, PEPPER FRUITNG, TOMATO, TOMATILLO, BROCCOLI, CABBAGE, KALE, SWISS CHARD, L",19.29312621,7.0,ACRES,TROPICAL/SUBTROPICAL FRUIT,(none),25,0.7717250484
1003,"BLACKBERRY, STRAWBERRY, GRAPEFRUIT, LEMON, ORANGE, TANGERINE, STONE FRUIT, TROPICAL/SUBTROPICAL FRUIT, HERB, SPICE, WATERMELON, CUCUMBER, SQUASH, SUMMER, SQUASH, WINTER, EGGPLANT, PEPPER FRUITNG, TOMATO, TOMATILLO, BROCCOLI, CABBAGE, KALE, SWISS CHARD, L",19.29312621,7.0,ACRES,HERB,(none),25,0.7717250484
1003,"BLACKBERRY, STRAWBERRY, GRAPEFRUIT, LEMON, ORANGE, TANGERINE, STONE FRUIT, TROPICAL/SUBTROPICAL FRUIT, HERB, SPICE, WATERMELON, CUCUMBER, SQUASH, SUMMER, SQUASH, WINTER, EGGPLANT, PEPPER FRUITNG, TOMATO, TOMATILLO, BROCCOLI, CABBAGE, KALE, SWISS CHARD, L",19.29312621,7.0,ACRES,SPICE,(none),25,0.7717250484
1003,"BLACKBERRY, STRAWBERRY, GRAPEFRUIT, LEMON, ORANGE, TANGERINE, STONE FRUIT, TROPICAL/SUBTROPICAL FRUIT, HERB, SPICE, WATERMELON, CUCUMBER, SQUASH, SUMMER, SQUASH, WINTER, EGGPLANT, PEPPER FRUITNG, TOMATO, TOMATILLO, BROCCOLI, CABBAGE, KALE, SWISS CHARD, L",19.29312621,7.0,ACRES,WATERMELON,(none),25,0.7717250484
1003,"BLACKBERRY, STRAWBERRY, GRAPEFRUIT, LEMON, ORANGE, TANGERINE, STONE FRUIT, TROPICAL/SUBTROPICAL FRUIT, HERB, SPICE, WATERMELON, CUCUMBER, SQUASH, SUMMER, SQUASH, WINTER, EGGPLANT, PEPPER FRUITNG, TOMATO, TOMATILLO, BROCCOLI, CABBAGE, KALE, SWISS CHARD, L",19.29312621,7.0,ACRES,CUCUMBER,(none),25,0.7717250484
1003,"BLACKBERRY, STRAWBERRY, GRAPEFRUIT, LEMON, ORANGE, TANGERINE, STONE FRUIT, TROPICAL/SUBTROPICAL FRUIT, HERB, SPICE, WATERMELON, CUCUMBER, SQUASH, SUMMER, SQUASH, WINTER, EGGPLANT, PEPPER FRUITNG, TOMATO, TOMATILLO, BROCCOLI, CABBAGE, KALE, SWISS CHARD, L",19.29312621,7.0,ACRES,SQUASH,(none),25,0.7717250484
1003,"BLACKBERRY, STRAWBERRY, GRAPEFRUIT, LEMON, ORANGE, TANGERINE, STONE FRUIT, TROPICAL/SUBTROPICAL FRUIT, HERB, SPICE, WATERMELON, CUCUMBER, SQUASH, SUMMER, SQUASH, WINTER, EGGPLANT, PEPPER FRUITNG, TOMATO, TOMATILLO, BROCCOLI, CABBAGE, KALE, SWISS CHARD, L",19.29312621,7.0,ACRES,SUMMER,(none),25,0.7717250484
1003,"BLACKBERRY, STRAWBERRY, GRAPEFRUIT, LEMON, ORANGE, TANGERINE, STONE FRUIT, TROPICAL/SUBTROPICAL FRUIT, HERB, SPICE, WATERMELON, CUCUMBER, SQUASH, SUMMER, SQUASH, WINTER, EGGPLANT, PEPPER FRUITNG, TOMATO, TOMATILLO, BROCCOLI, CABBAGE, KALE, SWISS CHARD, L",19.29312621,7.0,ACRES,SQUASH,(none),25,0.7717250484
1003,"BLACKBERRY, STRAWBERRY, GRAPEFRUIT, LEMON, ORANGE, TANGERINE, STONE FRUIT, TROPICAL/SUBTROPICAL FRUIT, HERB, SPICE, WATERMELON, CUCUMBER, SQUASH, SUMMER, SQUASH, WINTER, EGGPLANT, PEPPER FRUITNG, TOMATO, TOMATILLO, BROCCOLI, CABBAGE, KALE, SWISS CHARD, L",19.29312621,7.0,ACRES,WINTER,(none),25,0.7717250484
1003,"BLACKBERRY, STRAWBERRY, GRAPEFRUIT, LEMON, ORANGE, TANGERINE, STONE FRUIT, TROPICAL/SUBTROPICAL FRUIT, HERB, SPICE, WATERMELON, CUCUMBER, SQUASH, SUMMER, SQUASH, WINTER, EGGPLANT, PEPPER FRUITNG, TOMATO, TOMATILLO, BROCCOLI, CABBAGE, KALE, SWISS CHARD, L",19.29312621,7.0,ACRES,EGGPLANT,(none),25,0.7717250484
1003,"BLACKBERRY, STRAWBERRY, GRAPEFRUIT, LEMON, ORANGE, TANGERINE, STONE FRUIT, TROPICAL/SUBTROPICAL FRUIT, HERB, SPICE, WATERMELON, CUCUMBER, SQUASH, SUMMER, SQUASH, WINTER, EGGPLANT, PEPPER FRUITNG, TOMATO, TOMATILLO, BROCCOLI, CABBAGE, KALE, SWISS CHARD, L",19.29312621,7.0,ACRES,PEPPER FRUITNG,(none),25,0.7717250484
1003,"BLACKBERRY, STRAWBERRY, GRAPEFRUIT, LEMON, ORANGE, TANGERINE, STONE FRUIT, TROPICAL/SUBTROPICAL FRUIT, HERB, SPICE, WATERMELON, CUCUMBER, SQUASH, SUMMER, SQUASH, WINTER, EGGPLANT, PEPPER FRUITNG, TOMATO, TOMATILLO, BROCCOLI, CABBAGE, KALE, SWISS CHARD, L",19.29312621,7.0,ACRES,TOMATO,(none),25,0.7717250484
1003,"BLACKBERRY, STRAWBERRY, GRAPEFRUIT, LEMON, ORANGE, TANGERINE, STONE FRUIT, TROPICAL/SUBTROPICAL FRUIT, HERB, SPICE, WATERMELON, CUCUMBER, SQUASH, SUMMER, SQUASH, WINTER, EGGPLANT, PEPPER FRUITNG, TOMATO, TOMATILLO, BROCCOLI, CABBAGE, KALE, SWISS CHARD, L",19.29312621,7.0,ACRES,TOMATILLO,(none),25,0.7717250484
1003,"BLACKBERRY, STRAWBERRY, GRAPEFRUIT, LEMON, ORANGE, TANGERINE, STONE FRUIT, TROPICAL/SUBTROPICAL FRUIT, HERB, SPICE, WATERMELON, CUCUMBER, SQUASH, SUMMER, SQUASH, WINTER, EGGPLANT, PEPPER FRUITNG, TOMATO, TOMATILLO, BROCCOLI, CABBAGE, KALE, SWISS CHARD, L",19.29312621,7.0,ACRES,BROCCOLI,(none),25,0.7717250484
1003,"BLACKBERRY, STRAWBERRY, GRAPEFRUIT, LEMON, ORANGE, TANGERINE, STONE FRUIT, TROPICAL/SUBTROPICAL FRUIT, HERB, SPICE, WATERMELON, CUCUMBER, SQUASH, SUMMER, SQUASH, WINTER, EGGPLANT, PEPPER FRUITNG, TOMATO, TOMATILLO, BROCCOLI, CABBAGE, KALE, SWISS CHARD, L",19.29312621,7.0,ACRES,CABBAGE,(none),25,0.7717250484
1003,"BLACKBERRY, STRAWBERRY, GRAPEFRUIT, LEMON, ORANGE, TANGERINE, STONE FRUIT, TROPICAL/SUBTROPICAL FRUIT, HERB, SPICE, WATERMELON, CUCUMBER, SQUASH, SUMMER, SQUASH, WINTER, EGGPLANT, PEPPER FRUITNG, TOMATO, TOMATILLO, BROCCOLI, CABBAGE, KALE, SWISS CHARD, L",19.29312621,7.0,ACRES,KALE,(none),25,0.7717250484
1003,"BLACKBERRY, STRAWBERRY, GRAPEFRUIT, LEMON, ORANGE, TANGERINE, STONE FRUIT, TROPICAL/SUBTROPICAL FRUIT, HERB, SPICE, WATERMELON, CUCUMBER, SQUASH, SUMMER, SQUASH, WINTER, EGGPLANT, PEPPER FRUITNG, TOMATO, TOMATILLO, BROCCOLI, CABBAGE, KALE, SWISS CHARD, L",19.29312621,7.0,ACRES,SWISS CHARD,(none),25,0.7717250484
1003,"BLACKBERRY, STRAWBERRY, GRAPEFRUIT, LEMON, ORANGE, TANGERINE, STONE FRUIT, TROPICAL/SUBTROPICAL FRUIT, HERB, SPICE, WATERMELON, CUCUMBER, SQUASH, SUMMER, SQUASH, WINTER, EGGPLANT, PEPPER FRUITNG, TOMATO, TOMATILLO, BROCCOLI, CABBAGE, KALE, SWISS CHARD, L",19.29312621,7.0,ACRES,L,(none),25,0.7717250484
1004,CHRISTMAS TREE,3.35353902,10.0,ACRES,CHRISTMAS TREE,(none),1,3.35353902
1005,"ORANGE, AVOCADO",2.16643523,2.0,ACRES,ORANGE,(none),2,1.083217615
1005,"ORANGE, AVOCADO",2.16643523,2.0,ACRES,AVOCADO,(none),2,1.083217615
1006,"ORANGE, AVOCADO",9.60231403,7.5,ACRES,ORANGE,(none),2,4.801157015
1006,"ORANGE, AVOCADO",9.60231403,7.5,ACRES,AVOCADO,(none),2,4.801157015
1007,AVOCADO,5.7264731399999995,5.8,ACRES,AVOCADO,(none),1,5.7264731399999995
1008,AVOCADO,10.09204929,11.0,ACRES,AVOCADO,(none),1,10.09204929
1009,AVOCADO,11.2212097,13.6,ACRES,AVOCADO,(none),1,11.2212097
1010,AVOCADO,3.4180869,9.0,ACRES,AVOCADO,(none),1,3.4180869
1011,AVOCADO,1.4288694100000001,1.5,ACRES,AVOCADO,(none),1,1.4288694100000001
1012,"GRAPE, WINE",0.7098591399999999,4.0,ACRES,GRAPE,(none),2,0.35492956999999997
1012,"GRAPE, WINE",0.7098591399999999,4.0,ACRES,WINE,(none),2,0.35492956999999997
1013,"GRAPE, WINE",18.56841529,6.0,ACRES,GRAPE,(none),2,9.284207645
1013,"GRAPE, WINE",18.56841529,6.0,ACRES,WINE,(none),2,9.284207645
1014,"GRAPE, WINE",3.7168319000000003,7.0,ACRES,GRAPE,(none),2,1.8584159500000001
1014,"GRAPE, WINE",3.7168319000000003,7.0,ACRES,WINE,(none),2,1.8584159500000001
1015,AVOCADO,6.7107415900000005,8.0,ACRES,AVOCADO,(none),1,6.7107415900000005
1016,"N-OUTDR GRWN CUT FLWRS OR GREENS, LEMON, AVOCADO",175.85815893,200.0,ACRES,N-OUTDR GRWN CUT FLWRS OR GREENS,N,3,58.61938631
1016,"N-OUTDR GRWN CUT FLWRS OR GREENS, LEMON, AVOCADO",175.85815893,200.0,ACRES,LEMON,(none),3,58.61938631
1016,"N-OUTDR GRWN CUT FLWRS OR GREENS, LEMON, AVOCADO",175.85815893,200.0,ACRES,AVOCADO,(none),3,58.61938631
1017,N-GRNHS GRWN TRNSPLNT/PRPGTV MTRL,0.38025095000000003,4400.0,SQUARE FEET,N-GRNHS GRWN TRNSPLNT/PRPGTV MTRL,N,1,0.38025095000000003
1018,N-OUTDR CONTAINER/FLD GRWN PLANTS,0.04002594,3.0,ACRES,N-OUTDR CONTAINER/FLD GRWN PLANTS,N,1,0.04002594
1019,N-OUTDR CONTAINER/FLD GRWN PLANTS,1.8383516,1.5,ACRES,N-OUTDR CONTAINER/FLD GRWN PLANTS,N,1,1.8383516
1020,N-OUTDR CONTAINER/FLD GRWN PLANTS,5.3042937299999995,5.0,ACRES,N-OUTDR CONTAINER/FLD GRWN PLANTS,N,1,5.3042937299999995
1021,AVOCADO,0.9722972000000001,1.0,ACRES,AVOCADO,(none),1,0.9722972000000001
1022,"LEMON, ORANGE, AVOCADO",7.02250377,8.25,ACRES,LEMON,(none),3,2.34083459
1022,"LEMON, ORANGE, AVOCADO",7.02250377,8.25,ACRES,ORANGE,(none),3,2.34083459
1022,"LEMON, ORANGE, AVOCADO",7.02250377,8.25,ACRES,AVOCADO,(none),3,2.34083459
1023,ORANGE,9.741300070000001,10.0,ACRES,ORANGE,(none),1,9.741300070000001
1024,"N-OUTDR GRWN CUT FLWRS OR GREENS, AVOCADO",8.13961481,6.0,ACRES,N-OUTDR GRWN CUT FLWRS OR GREENS,N,2,4.069807405
1024,"N-OUTDR GRWN CUT FLWRS OR GREENS, AVOCADO",8.13961481,6.0,ACRES,AVOCADO,(none),2,4.069807405
1025,AVOCADO,32.897496569999994,25.0,ACRES,AVOCADO,(none),1,32.897496569999994
1026,ORANGE,4.97290352,4.0,ACRES,ORANGE,(none),1,4.97290352
1027,"GRAPEFRUIT, LEMON, ORANGE, TANGERINE",73.46626723,33.0,ACRES,GRAPEFRUIT,(none),4,18.3665668075
1027,"GRAPEFRUIT, LEMON, ORANGE, TANGERINE",73.46626723,33.0,ACRES,LEMON,(none),4,18.3665668075
1027,"GRAPEFRUIT, LEMON, ORANGE, TANGERINE",73.46626723,33.0,ACRES,ORANGE,(none),4,18.3665668075
1027,"GRAPEFRUIT, LEMON, ORANGE, TANGERINE",73.46626723,33.0,ACRES,TANGERINE,(none),4,18.3665668075
1028,AVOCADO,1.66919698,2.0,ACRES,AVOCADO,(none),1,1.66919698
1029,AVOCADO,9.0196532,7.0,ACRES,AVOCADO,(none),1,9.0196532
1030,AVOCADO,3.57640067,5.2,ACRES,AVOCADO,(none),1,3.57640067
1031,AVOCADO,7.79424337,7.5,ACRES,AVOCADO,(none),1,7.79424337
1032,"N-OUTDR GRWN CUT FLWRS OR GREENS, AVOCADO",22.55089194,21.0,ACRES,N-OUTDR GRWN CUT FLWRS OR GREENS,N,2,11.27544597
1032,"N-OUTDR GRWN CUT FLWRS OR GREENS, AVOCADO",22.55089194,21.0,ACRES,AVOCADO,(none),2,11.27544597
1033,"ORANGE, AVOCADO",22.1221092,20.0,ACRES,ORANGE,(none),2,11.0610546
1033,"ORANGE, AVOCADO",22.1221092,20.0,ACRES,AVOCADO,(none),2,11.0610546
1034,AVOCADO,26.0492872,30.0,ACRES,AVOCADO,(none),1,26.0492872
1035,N-OUTDR CONTAINER/FLD GRWN PLANTS,4.744107359999999,5.0,ACRES,N-OUTDR CONTAINER/FLD GRWN PLANTS,N,1,4.744107359999999
1037,N-OUTDR CONTAINER/FLD GRWN PLANTS,3.34393129,2.0,ACRES,N-OUTDR CONTAINER/FLD GRWN PLANTS,N,1,3.34393129
1038,N-OUTDR CONTAINER/FLD GRWN PLANTS,2.57462713,4.5,ACRES,N-OUTDR CONTAINER/FLD GRWN PLANTS,N,1,2.57462713
1039,N-OUTDR CONTAINER/FLD GRWN PLANTS,1.15247052,1.0,ACRES,N-OUTDR CONTAINER/FLD GRWN PLANTS,N,1,1.15247052
1040,"N-OUTDR GRWN CUT FLWRS OR GREENS, STONE FRUIT, PERSIMMON, SQUASH, MELON",8.17329114,17.5,ACRES,N-OUTDR GRWN CUT FLWRS OR GREENS,N,5,1.634658228
1040,"N-OUTDR GRWN CUT FLWRS OR GREENS, STONE FRUIT, PERSIMMON, SQUASH, MELON",8.17329114,17.5,ACRES,STONE FRUIT,(none),5,1.634658228
1040,"N-OUTDR GRWN CUT FLWRS OR GREENS, STONE FRUIT, PERSIMMON, SQUASH, MELON",8.17329114,17.5,ACRES,PERSIMMON,(none),5,1.634658228
1040,"N-OUTDR GRWN CUT FLWRS OR GREENS, STONE FRUIT, PERSIMMON, SQUASH, MELON",8.17329114,17.5,ACRES,SQUASH,(none),5,1.634658228
1040,"N-OUTDR GRWN CUT FLWRS OR GREENS, STONE FRUIT, PERSIMMON, SQUASH, MELON",8.17329114,17.5,ACRES,MELON,(none),5,1.634658228
1041,"GRAPE, WINE",61.10126227,3.0,ACRES,GRAPE,(none),2,30.550631135
1041,"GRAPE, WINE",61.10126227,3.0,ACRES,WINE,(none),2,30.550631135
1042,"GRAPE, WINE, CHRISTMAS TREE",9.04392084,7.0,ACRES,GRAPE,(none),3,3.01464028
1042,"GRAPE, WINE, CHRISTMAS TREE",9.04392084,7.0,ACRES,WINE,(none),3,3.01464028
1042,"GRAPE, WINE, CHRISTMAS TREE",9.04392084,7.0,ACRES,CHRISTMAS TREE,(none),3,3.01464028
1043,"GRAPE, WINE",9.97278607,9.79,ACRES,GRAPE,(none),2,4.986393035
1043,"GRAPE, WINE",9.97278607,9.79,ACRES,WINE,(none),2,4.986393035
1044,"GRAPE, WINE",3.93622343,3.8,ACRES,GRAPE,(none),2,1.968111715
1044,"GRAPE, WINE",3.93622343,3.8,ACRES,WINE,(none),2,1.968111715
1045,"GRAPE, WINE",8.54195935,6.0,ACRES,GRAPE,(none),2,4.270979675
1045,"GRAPE, WINE",8.54195935,6.0,ACRES,WINE,(none),2,4.270979675
1046,"OLIVE, GRAPE, WINE",30.21609369,17.5,ACRES,OLIVE,(none),3,10.07203123
1046,"OLIVE, GRAPE, WINE",30.21609369,17.5,ACRES,GRAPE,(none),3,10.07203123
1046,"OLIVE, GRAPE, WINE",30.21609369,17.5,ACRES,WINE,(none),3,10.07203123
1047,"GRAPE, WINE",9.82050803,1.0,ACRES,GRAPE,(none),2,4.910254015
1047,"GRAPE, WINE",9.82050803,1.0,ACRES,WINE,(none),2,4.910254015
1048,OLIVE,2.73596584,2.5,ACRES,OLIVE,(none),1,2.73596584
1049,"N-GRNHS GRWN TRNSPLNT/PRPGTV MTRL, OLIVE, GRAPE, WINE",2.22990117,1.25,ACRES,N-GRNHS GRWN TRNSPLNT/PRPGTV MTRL,N,4,0.5574752925
1049,"N-GRNHS GRWN TRNSPLNT/PRPGTV MTRL, OLIVE, GRAPE, WINE",2.22990117,1.25,ACRES,OLIVE,(none),4,0.5574752925
1049,"N-GRNHS GRWN TRNSPLNT/PRPGTV MTRL, OLIVE, GRAPE, WINE",2.22990117,1.25,ACRES,GRAPE,(none),4,0.5574752925
1049,"N-GRNHS GRWN TRNSPLNT/PRPGTV MTRL, OLIVE, GRAPE, WINE",2.22990117,1.25,ACRES,WINE,(none),4,0.5574752925
1050,"GRAPE, WINE",1.05483618,4.0,ACRES,GRAPE,(none),2,0.52741809
1050,"GRAPE, WINE",1.05483618,4.0,ACRES,WINE,(none),2,0.52741809
1051,N-OUTDR GRWN CUT FLWRS OR GREENS,1.2065385300000002,1.0,ACRES,N-OUTDR GRWN CUT FLWRS OR GREENS,N,1,1.2065385300000002
1052,"GRAPE, WINE",3.31290387,1.0,ACRES,GRAPE,(none),2,1.656451935
1052,"GRAPE, WINE",3.31290387,1.0,ACRES,WINE,(none),2,1.656451935
1053,"OLIVE, GRAPE, WINE",4.10306678,1.13,ACRES,OLIVE,(none),3,1.3676889266666665
1053,"OLIVE, GRAPE, WINE",4.10306678,1.13,ACRES,GRAPE,(none),3,1.3676889266666665
1053,"OLIVE, GRAPE, WINE",4.10306678,1.13,ACRES,WINE,(none),3,1.3676889266666665
1054,"GRAPE, WINE",0.96484671,1.25,ACRES,GRAPE,(none),2,0.482423355
1054,"GRAPE, WINE",0.96484671,1.25,ACRES,WINE,(none),2,0.482423355
1055,"GRAPE, WINE",0.58720589,0.5,ACRES,GRAPE,(none),2,0.293602945
1055,"GRAPE, WINE",0.58720589,0.5,ACRES,WINE,(none),2,0.293602945
1056,OLIVE,2.07345328,3.0,ACRES,OLIVE,(none),1,2.07345328
1057,N-OUTDR CONTAINER/FLD GRWN PLANTS,0.11983096,0.5,ACRES,N-OUTDR CONTAINER/FLD GRWN PLANTS,N,1,0.11983096
1058,"TROPICAL/SUBTROPICAL FRUIT, AVOCADO",5.34536548,6.0,ACRES,TROPICAL/SUBTROPICAL FRUIT,(none),2,2.67268274
1058,"TROPICAL/SUBTROPICAL FRUIT, AVOCADO",5.34536548,6.0,ACRES,AVOCADO,(none),2,2.67268274
1059,"TROPICAL/SUBTROPICAL FRUIT, AVOCADO",5.2792467400000005,7.5,ACRES,TROPICAL/SUBTROPICAL FRUIT,(none),2,2.6396233700000002
1059,"TROPICAL/SUBTROPICAL FRUIT, AVOCADO",5.2792467400000005,7.5,ACRES,AVOCADO,(none),2,2.6396233700000002
1060,AVOCADO,7.0841807800000005,4.0,ACRES,AVOCADO,(none),1,7.0841807800000005
1061,"GRAPE, WINE",4.091270779999999,0.5,ACRES,GRAPE,(none),2,2.0456353899999997
1061,"GRAPE, WINE",4.091270779999999,0.5,ACRES,WINE,(none),2,2.0456353899999997
1062,"GRAPE, WINE",0.6151941,0.5,ACRES,GRAPE,(none),2,0.30759705
1062,"GRAPE, WINE",0.6151941,0.5,ACRES,WINE,(none),2,0.30759705
1063,"GRAPE, WINE",3.90535186,2.0,ACRES,GRAPE,(none),2,1.95267593
1063,"GRAPE, WINE",3.90535186,2.0,ACRES,WINE,(none),2,1.95267593
1064,"GRAPE, WINE",0.32933602000000006,0.2,ACRES,GRAPE,(none),2,0.16466801000000003
1064,"GRAPE, WINE",0.32933602000000006,0.2,ACRES,WINE,(none),2,0.16466801000000003
1065,N-GRNHS GRWN PLANTS IN CONTAINERS,1.43783445,2.25,ACRES,N-GRNHS GRWN PLANTS IN CONTAINERS,N,1,1.43783445
1066,"N-GRNHS GRWN PLANTS IN CONTAINERS, N-OUTDR CONTAINER/FLD GRWN PLANTS",7.48501176,3.5,ACRES,N-GRNHS GRWN PLANTS IN CONTAINERS,N,2,3.74250588
1066,"N-GRNHS GRWN PLANTS IN CONTAINERS, N-OUTDR CONTAINER/FLD GRWN PLANTS",7.48501176,3.5,ACRES,N-OUTDR CONTAINER/FLD GRWN PLANTS,N,2,3.74250588
1067,"AVOCADO, GRAPE, WINE",4.95232649,1.0,ACRES,AVOCADO,(none),3,1.6507754966666666
1067,"AVOCADO, GRAPE, WINE",4.95232649,1.0,ACRES,GRAPE,(none),3,1.6507754966666666
1067,"AVOCADO, GRAPE, WINE",4.95232649,1.0,ACRES,WINE,(none),3,1.6507754966666666
1068,"GRAPE, WINE",3.1792074699999997,2.5,ACRES,GRAPE,(none),2,1.5896037349999999
1068,"GRAPE, WINE",3.1792074699999997,2.5,ACRES,WINE,(none),2,1.5896037349999999
1069,AVOCADO,6.8505117900000005,14.0,ACRES,AVOCADO,(none),1,6.8505117900000005
1070,"N-OUTDR CONTAINER/FLD GRWN PLANTS, AVOCADO",26.11575376,18.0,ACRES,N-OUTDR CONTAINER/FLD GRWN PLANTS,N,2,13.05787688
1070,"N-OUTDR CONTAINER/FLD GRWN PLANTS, AVOCADO",26.11575376,18.0,ACRES,AVOCADO,(none),2,13.05787688
1071,"N-OUTDR CONTAINER/FLD GRWN PLANTS, AVOCADO",28.464558460000003,10.0,ACRES,N-OUTDR CONTAINER/FLD GRWN PLANTS,N,2,14.232279230000001
1071,"N-OUTDR CONTAINER/FLD GRWN PLANTS, AVOCADO",28.464558460000003,10.0,ACRES,AVOCADO,(none),2,14.232279230000001
1072,AVOCADO,9.72256692,10.0,ACRES,AVOCADO,(none),1,9.72256692
1073,AVOCADO,28.30531103,30.0,ACRES,AVOCADO,(none),1,28.30531103
1074,"GRAPEFRUIT, ORANGE, AVOCADO",88.19594893,107.0,ACRES,GRAPEFRUIT,(none),3,29.398649643333332
1074,"GRAPEFRUIT, ORANGE, AVOCADO",88.19594893,107.0,ACRES,ORANGE,(none),3,29.398649643333332
1074,"GRAPEFRUIT, ORANGE, AVOCADO",88.19594893,107.0,ACRES,AVOCADO,(none),3,29.398649643333332
1075,AVOCADO,34.21135184,40.0,ACRES,AVOCADO,(none),1,34.21135184
1076,"GRAPEFRUIT, LEMON, ORANGE, TANGERINE, AVOCADO",130.25748392999998,153.0,ACRES,GRAPEFRUIT,(none),5,26.051496785999994
1076,"GRAPEFRUIT, LEMON, ORANGE, TANGERINE, AVOCADO",130.25748392999998,153.0,ACRES,LEMON,(none),5,26.051496785999994
1076,"GRAPEFRUIT, LEMON, ORANGE, TANGERINE, AVOCADO",130.25748392999998,153.0,ACRES,ORANGE,(none),5,26.051496785999994
1076,"GRAPEFRUIT, LEMON, ORANGE, TANGERINE, AVOCADO",130.25748392999998,153.0,ACRES,TANGERINE,(none),5,26.051496785999994
1076,"GRAPEFRUIT, LEMON, ORANGE, TANGERINE, AVOCADO",130.25748392999998,153.0,ACRES,AVOCADO,(none),5,26.051496785999994
1077,AVOCADO,3.4694373200000004,10.0,ACRES,AVOCADO,(none),1,3.4694373200000004
1078,N-GRNHS GRWN PLANTS IN CONTAINERS,1.17055884,33250.0,SQUARE FEET,N-GRNHS GRWN PLANTS IN CONTAINERS,N,1,1.17055884
1079,"N-OUTDR GRWN CUT FLWRS OR GREENS, AVOCADO",23.60834091,18.0,ACRES,N-OUTDR GRWN CUT FLWRS OR GREENS,N,2,11.804170455
1079,"N-OUTDR GRWN CUT FLWRS OR GREENS, AVOCADO",23.60834091,18.0,ACRES,AVOCADO,(none),2,11.804170455
1080,N-OUTDR GRWN CUT FLWRS OR GREENS,3.19573488,6.0,ACRES,N-OUTDR GRWN CUT FLWRS OR GREENS,N,1,3.19573488
1081,AVOCADO,71.35144245,40.0,ACRES,AVOCADO,(none),1,71.35144245
1082,AVOCADO,56.81815347,45.0,ACRES,AVOCADO,(none),1,56.81815347
1083,GRAPE,35.39187226000001,35.0,ACRES,GRAPE,(none),1,35.39187226000001
1084,"N-GRNHS GRWN PLANTS IN CONTAINERS, N-OUTDR CONTAINER/FLD GRWN PLANTS",1.71172832,2.0,ACRES,N-GRNHS GRWN PLANTS IN CONTAINERS,N,2,0.85586416
1084,"N-GRNHS GRWN PLANTS IN CONTAINERS, N-OUTDR CONTAINER/FLD GRWN PLANTS",1.71172832,2.0,ACRES,N-OUTDR CONTAINER/FLD GRWN PLANTS,N,2,0.85586416
1085,"N-GRNHS GRWN PLANTS IN CONTAINERS, N-OUTDR CONTAINER/FLD GRWN PLANTS, GRAPEFRUIT, LEMON, ORANGE, TANGERINE, TROPICAL/SUBTROPICAL FRUIT, MANGO, PERSIMMON, POMEGRANATE, CHERIMOYA, AVOCADO, BEEHIVE, GUAVA",675.27083667,759.5,ACRES,N-GRNHS GRWN PLANTS IN CONTAINERS,N,14,48.233631190714284
1085,"N-GRNHS GRWN PLANTS IN CONTAINERS, N-OUTDR CONTAINER/FLD GRWN PLANTS, GRAPEFRUIT, LEMON, ORANGE, TANGERINE, TROPICAL/SUBTROPICAL FRUIT, MANGO, PERSIMMON, POMEGRANATE, CHERIMOYA, AVOCADO, BEEHIVE, GUAVA",675.27083667,759.5,ACRES,N-OUTDR CONTAINER/FLD GRWN PLANTS,N,14,48.233631190714284
1085,"N-GRNHS GRWN PLANTS IN CONTAINERS, N-OUTDR CONTAINER/FLD GRWN PLANTS, GRAPEFRUIT, LEMON, ORANGE, TANGERINE, TROPICAL/SUBTROPICAL FRUIT, MANGO, PERSIMMON, POMEGRANATE, CHERIMOYA, AVOCADO, BEEHIVE, GUAVA",675.27083667,759.5,ACRES,GRAPEFRUIT,(none),14,48.233631190714284
1085,"N-GRNHS GRWN PLANTS IN CONTAINERS, N-OUTDR CONTAINER/FLD GRWN PLANTS, GRAPEFRUIT, LEMON, ORANGE, TANGERINE, TROPICAL/SUBTROPICAL FRUIT, MANGO, PERSIMMON, POMEGRANATE, CHERIMOYA, AVOCADO, BEEHIVE, GUAVA",675.27083667,759.5,ACRES,LEMON,(none),14,48.233631190714284
1085,"N-GRNHS GRWN PLANTS IN CONTAINERS, N-OUTDR CONTAINER/FLD GRWN PLANTS, GRAPEFRUIT, LEMON, ORANGE, TANGERINE, TROPICAL/SUBTROPICAL FRUIT, MANGO, PERSIMMON, POMEGRANATE, CHERIMOYA, AVOCADO, BEEHIVE, GUAVA",675.27083667,759.5,ACRES,ORANGE,(none),14,48.233631190714284
1085,"N-GRNHS GRWN PLANTS IN CONTAINERS, N-OUTDR CONTAINER/FLD GRWN PLANTS, GRAPEFRUIT, LEMON, ORANGE, TANGERINE, TROPICAL/SUBTROPICAL FRUIT, MANGO, PERSIMMON, POMEGRANATE, CHERIMOYA, AVOCADO, BEEHIVE, GUAVA",675.27083667,759.5,ACRES,TANGERINE,(none),14,48.233631190714284
1085,"N-GRNHS GRWN PLANTS IN CONTAINERS, N-OUTDR CONTAINER/FLD GRWN PLANTS, GRAPEFRUIT, LEMON, ORANGE, TANGERINE, TROPICAL/SUBTROPICAL FRUIT, MANGO, PERSIMMON, POMEGRANATE, CHERIMOYA, AVOCADO, BEEHIVE, GUAVA",675.27083667,759.5,ACRES,TROPICAL/SUBTROPICAL FRUIT,(none),14,48.233631190714284
1085,"N-GRNHS GRWN PLANTS IN CONTAINERS, N-OUTDR CONTAINER/FLD GRWN PLANTS, GRAPEFRUIT, LEMON, ORANGE, TANGERINE, TROPICAL/SUBTROPICAL FRUIT, MANGO, PERSIMMON, POMEGRANATE, CHERIMOYA, AVOCADO, BEEHIVE, GUAVA",675.27083667,759.5,ACRES,MANGO,(none),14,48.233631190714284
1085,"N-GRNHS GRWN PLANTS IN CONTAINERS, N-OUTDR CONTAINER/FLD GRWN PLANTS, GRAPEFRUIT, LEMON, ORANGE, TANGERINE, TROPICAL/SUBTROPICAL FRUIT, MANGO, PERSIMMON, POMEGRANATE, CHERIMOYA, AVOCADO, BEEHIVE, GUAVA",675.27083667,759.5,ACRES,PERSIMMON,(none),14,48.233631190714284
1085,"N-GRNHS GRWN PLANTS IN CONTAINERS, N-OUTDR CONTAINER/FLD GRWN PLANTS, GRAPEFRUIT, LEMON, ORANGE, TANGERINE, TROPICAL/SUBTROPICAL FRUIT, MANGO, PERSIMMON, POMEGRANATE, CHERIMOYA, AVOCADO, BEEHIVE, GUAVA",675.27083667,759.5,ACRES,POMEGRANATE,(none),14,48.233631190714284
1085,"N-GRNHS GRWN PLANTS IN CONTAINERS, N-OUTDR CONTAINER/FLD GRWN PLANTS, GRAPEFRUIT, LEMON, ORANGE, TANGERINE, TROPICAL/SUBTROPICAL FRUIT, MANGO, PERSIMMON, POMEGRANATE, CHERIMOYA, AVOCADO, BEEHIVE, GUAVA",675.27083667,759.5,ACRES,CHERIMOYA,(none),14,48.233631190714284
1085,"N-GRNHS GRWN PLANTS IN CONTAINERS, N-OUTDR CONTAINER/FLD GRWN PLANTS, GRAPEFRUIT, LEMON, ORANGE, TANGERINE, TROPICAL/SUBTROPICAL FRUIT, MANGO, PERSIMMON, POMEGRANATE, CHERIMOYA, AVOCADO, BEEHIVE, GUAVA",675.27083667,759.5,ACRES,AVOCADO,(none),14,48.233631190714284
1085,"N-GRNHS GRWN PLANTS IN CONTAINERS, N-OUTDR CONTAINER/FLD GRWN PLANTS, GRAPEFRUIT, LEMON, ORANGE, TANGERINE, TROPICAL/SUBTROPICAL FRUIT, MANGO, PERSIMMON, POMEGRANATE, CHERIMOYA, AVOCADO, BEEHIVE, GUAVA",675.27083667,759.5,ACRES,BEEHIVE,(none),14,48.233631190714284
1085,"N-GRNHS GRWN PLANTS IN CONTAINERS, N-OUTDR CONTAINER/FLD GRWN PLANTS, GRAPEFRUIT, LEMON, ORANGE, TANGERINE, TROPICAL/SUBTROPICAL FRUIT, MANGO, PERSIMMON, POMEGRANATE, CHERIMOYA, AVOCADO, BEEHIVE, GUAVA",675.27083667,759.5,ACRES,GUAVA,(none),14,48.233631190714284
1086,"PUMPKIN, SQUASH, CORN, HUMAN CON",23.07939185,13.0,ACRES,PUMPKIN,(none),4,5.7698479625
1086,"PUMPKIN, SQUASH, CORN, HUMAN CON",23.07939185,13.0,ACRES,SQUASH,(none),4,5.7698479625
1086,"PUMPKIN, SQUASH, CORN, HUMAN CON",23.07939185,13.0,ACRES,CORN,(none),4,5.7698479625
1086,"PUMPKIN, SQUASH, CORN, HUMAN CON",23.07939185,13.0,ACRES,HUMAN CON,(none),4,5.7698479625
1087,"N-OUTDR CONTAINER/FLD GRWN PLANTS, ORANGE, PUMPKIN",36.281010869999996,24.0,ACRES,N-OUTDR CONTAINER/FLD GRWN PLANTS,N,3,12.093670289999999
1087,"N-OUTDR CONTAINER/FLD GRWN PLANTS, ORANGE, PUMPKIN",36.281010869999996,24.0,ACRES,ORANGE,(none),3,12.093670289999999
1087,"N-OUTDR CONTAINER/FLD GRWN PLANTS, ORANGE, PUMPKIN",36.281010869999996,24.0,ACRES,PUMPKIN,(none),3,12.093670289999999
1088,"N-OUTDR GRWN CUT FLWRS OR GREENS, N-OUTDR CONTAINER/FLD GRWN PLANTS",11.35908825,19.0,ACRES,N-OUTDR GRWN CUT FLWRS OR GREENS,N,2,5.679544125
1088,"N-OUTDR GRWN CUT FLWRS OR GREENS, N-OUTDR CONTAINER/FLD GRWN PLANTS",11.35908825,19.0,ACRES,N-OUTDR CONTAINER/FLD GRWN PLANTS,N,2,5.679544125
1089,"N-OUTDR GRWN CUT FLWRS OR GREENS, GRAPEFRUIT, PERSIMMON, POMEGRANATE, AVOCADO",331.20246066,300.0,ACRES,N-OUTDR GRWN CUT FLWRS OR GREENS,N,5,66.240492132
1089,"N-OUTDR GRWN CUT FLWRS OR GREENS, GRAPEFRUIT, PERSIMMON, POMEGRANATE, AVOCADO",331.20246066,300.0,ACRES,GRAPEFRUIT,(none),5,66.240492132
1089,"N-OUTDR GRWN CUT FLWRS OR GREENS, GRAPEFRUIT, PERSIMMON, POMEGRANATE, AVOCADO",331.20246066,300.0,ACRES,PERSIMMON,(none),5,66.240492132
1089,"N-OUTDR GRWN CUT FLWRS OR GREENS, GRAPEFRUIT, PERSIMMON, POMEGRANATE, AVOCADO",331.20246066,300.0,ACRES,POMEGRANATE,(none),5,66.240492132
1089,"N-OUTDR GRWN CUT FLWRS OR GREENS, GRAPEFRUIT, PERSIMMON, POMEGRANATE, AVOCADO",331.20246066,300.0,ACRES,AVOCADO,(none),5,66.240492132
1090,"PUMPKIN, EGGPLANT, PEPPER FRUITNG",19.14186017,10.0,ACRES,PUMPKIN,(none),3,6.380620056666667
1090,"PUMPKIN, EGGPLANT, PEPPER FRUITNG",19.14186017,10.0,ACRES,EGGPLANT,(none),3,6.380620056666667
1090,"PUMPKIN, EGGPLANT, PEPPER FRUITNG",19.14186017,10.0,ACRES,PEPPER FRUITNG,(none),3,6.380620056666667
1091,N-OUTDR GRWN CUT FLWRS OR GREENS,59.0220771,10.0,ACRES,N-OUTDR GRWN CUT FLWRS OR GREENS,N,1,59.0220771
1092,"N-GRNHS GRWN PLANTS IN CONTAINERS, N-OUTDR CONTAINER/FLD GRWN PLANTS",4.561930459999999,6.0,ACRES,N-GRNHS GRWN PLANTS IN CONTAINERS,N,2,2.2809652299999996
1092,"N-GRNHS GRWN PLANTS IN CONTAINERS, N-OUTDR CONTAINER/FLD GRWN PLANTS",4.561930459999999,6.0,ACRES,N-OUTDR CONTAINER/FLD GRWN PLANTS,N,2,2.2809652299999996
1093,N-GRNHS GRWN PLANTS IN CONTAINERS,1.8494402600000002,4.0,ACRES,N-GRNHS GRWN PLANTS IN CONTAINERS,N,1,1.8494402600000002
1094,N-GRNHS GRWN PLANTS IN CONTAINERS,5.0085020799999995,1.5,ACRES,N-GRNHS GRWN PLANTS IN CONTAINERS,N,1,5.0085020799999995
1095,"N-GRNHS GRWN PLANTS IN CONTAINERS, N-OUTDR CONTAINER/FLD GRWN PLANTS",2.4239748700000003,2.5,ACRES,N-GRNHS GRWN PLANTS IN CONTAINERS,N,2,1.2119874350000002
1095,"N-GRNHS GRWN PLANTS IN CONTAINERS, N-OUTDR CONTAINER/FLD GRWN PLANTS",2.4239748700000003,2.5,ACRES,N-OUTDR CONTAINER/FLD GRWN PLANTS,N,2,1.2119874350000002
1096,AVOCADO,19.5991999,19.0,ACRES,AVOCADO,(none),1,19.5991999
1097,"N-OUTDR GRWN CUT FLWRS OR GREENS, STRAWBERRY, CUCUMBER, SQUASH, PEPPER FRUITNG, TOMATO, VEGETABLE LEAF, SWISS CHARD, LETTUCE LEAF, RADISH, BEAN SUCCULENT, BEET, CARROT, CORN, HUMAN CON, MELON, MUSTARD, PEAS, TURNIP",76.10067189,16.0,ACRES,N-OUTDR GRWN CUT FLWRS OR GREENS,N,19,4.005298520526316
1097,"N-OUTDR GRWN CUT FLWRS OR GREENS, STRAWBERRY, CUCUMBER, SQUASH, PEPPER FRUITNG, TOMATO, VEGETABLE LEAF, SWISS CHARD, LETTUCE LEAF, RADISH, BEAN SUCCULENT, BEET, CARROT, CORN, HUMAN CON, MELON, MUSTARD, PEAS, TURNIP",76.10067189,16.0,ACRES,STRAWBERRY,(none),19,4.005298520526316
1097,"N-OUTDR GRWN CUT FLWRS OR GREENS, STRAWBERRY, CUCUMBER, SQUASH, PEPPER FRUITNG, TOMATO, VEGETABLE LEAF, SWISS CHARD, LETTUCE LEAF, RADISH, BEAN SUCCULENT, BEET, CARROT, CORN, HUMAN CON, MELON, MUSTARD, PEAS, TURNIP",76.10067189,16.0,ACRES,CUCUMBER,(none),19,4.005298520526316
1097,"N-OUTDR GRWN CUT FLWRS OR GREENS, STRAWBERRY, CUCUMBER, SQUASH, PEPPER FRUITNG, TOMATO, VEGETABLE LEAF, SWISS CHARD, LETTUCE LEAF, RADISH, BEAN SUCCULENT, BEET, CARROT, CORN, HUMAN CON, MELON, MUSTARD, PEAS, TURNIP",76.10067189,16.0,ACRES,SQUASH,(none),19,4.005298520526316
1097,"N-OUTDR GRWN CUT FLWRS OR GREENS, STRAWBERRY, CUCUMBER, SQUASH, PEPPER FRUITNG, TOMATO, VEGETABLE LEAF, SWISS CHARD, LETTUCE LEAF, RADISH, BEAN SUCCULENT, BEET, CARROT, CORN, HUMAN CON, MELON, MUSTARD, PEAS, TURNIP",76.10067189,16.0,ACRES,PEPPER FRUITNG,(none),19,4.005298520526316
1097,"N-OUTDR GRWN CUT FLWRS OR GREENS, STRAWBERRY, CUCUMBER, SQUASH, PEPPER FRUITNG, TOMATO, VEGETABLE LEAF, SWISS CHARD, LETTUCE LEAF, RADISH, BEAN SUCCULENT, BEET, CARROT, CORN, HUMAN CON, MELON, MUSTARD, PEAS, TURNIP",76.10067189,16.0,ACRES,TOMATO,(none),19,4.005298520526316
1097,"N-OUTDR GRWN CUT FLWRS OR GREENS, STRAWBERRY, CUCUMBER, SQUASH, PEPPER FRUITNG, TOMATO, VEGETABLE LEAF, SWISS CHARD, LETTUCE LEAF, RADISH, BEAN SUCCULENT, BEET, CARROT, CORN, HUMAN CON, MELON, MUSTARD, PEAS, TURNIP",76.10067189,16.0,ACRES,VEGETABLE LEAF,(none),19,4.005298520526316
1097,"N-OUTDR GRWN CUT FLWRS OR GREENS, STRAWBERRY, CUCUMBER, SQUASH, PEPPER FRUITNG, TOMATO, VEGETABLE LEAF, SWISS CHARD, LETTUCE LEAF, RADISH, BEAN SUCCULENT, BEET, CARROT, CORN, HUMAN CON, MELON, MUSTARD, PEAS, TURNIP",76.10067189,16.0,ACRES,SWISS CHARD,(none),19,4.005298520526316
1097,"N-OUTDR GRWN CUT FLWRS OR GREENS, STRAWBERRY, CUCUMBER, SQUASH, PEPPER FRUITNG, TOMATO, VEGETABLE LEAF, SWISS CHARD, LETTUCE LEAF, RADISH, BEAN SUCCULENT, BEET, CARROT, CORN, HUMAN CON, MELON, MUSTARD, PEAS, TURNIP",76.10067189,16.0,ACRES,LETTUCE LEAF,(none),19,4.005298520526316
1097,"N-OUTDR GRWN CUT FLWRS OR GREENS, STRAWBERRY, CUCUMBER, SQUASH, PEPPER FRUITNG, TOMATO, VEGETABLE LEAF, SWISS CHARD, LETTUCE LEAF, RADISH, BEAN SUCCULENT, BEET, CARROT, CORN, HUMAN CON, MELON, MUSTARD, PEAS, TURNIP",76.10067189,16.0,ACRES,RADISH,(none),19,4.005298520526316
1097,"N-OUTDR GRWN CUT FLWRS OR GREENS, STRAWBERRY, CUCUMBER, SQUASH, PEPPER FRUITNG, TOMATO, VEGETABLE LEAF, SWISS CHARD, LETTUCE LEAF, RADISH, BEAN SUCCULENT, BEET, CARROT, CORN, HUMAN CON, MELON, MUSTARD, PEAS, TURNIP",76.10067189,16.0,ACRES,BEAN SUCCULENT,(none),19,4.005298520526316
1097,"N-OUTDR GRWN CUT FLWRS OR GREENS, STRAWBERRY, CUCUMBER, SQUASH, PEPPER FRUITNG, TOMATO, VEGETABLE LEAF, SWISS CHARD, LETTUCE LEAF, RADISH, BEAN SUCCULENT, BEET, CARROT, CORN, HUMAN CON, MELON, MUSTARD, PEAS, TURNIP",76.10067189,16.0,ACRES,BEET,(none),19,4.005298520526316
1097,"N-OUTDR GRWN CUT FLWRS OR GREENS, STRAWBERRY, CUCUMBER, SQUASH, PEPPER FRUITNG, TOMATO, VEGETABLE LEAF, SWISS CHARD, LETTUCE LEAF, RADISH, BEAN SUCCULENT, BEET, CARROT, CORN, HUMAN CON, MELON, MUSTARD, PEAS, TURNIP",76.10067189,16.0,ACRES,CARROT,(none),19,4.005298520526316
1097,"N-OUTDR GRWN CUT FLWRS OR GREENS, STRAWBERRY, CUCUMBER, SQUASH, PEPPER FRUITNG, TOMATO, VEGETABLE LEAF, SWISS CHARD, LETTUCE LEAF, RADISH, BEAN SUCCULENT, BEET, CARROT, CORN, HUMAN CON, MELON, MUSTARD, PEAS, TURNIP",76.10067189,16.0,ACRES,CORN,(none),19,4.005298520526316
1097,"N-OUTDR GRWN CUT FLWRS OR GREENS, STRAWBERRY, CUCUMBER, SQUASH, PEPPER FRUITNG, TOMATO, VEGETABLE LEAF, SWISS CHARD, LETTUCE LEAF, RADISH, BEAN SUCCULENT, BEET, CARROT, CORN, HUMAN CON, MELON, MUSTARD, PEAS, TURNIP",76.10067189,16.0,ACRES,HUMAN CON,(none),19,4.005298520526316
1097,"N-OUTDR GRWN CUT FLWRS OR GREENS, STRAWBERRY, CUCUMBER, SQUASH, PEPPER FRUITNG, TOMATO, VEGETABLE LEAF, SWISS CHARD, LETTUCE LEAF, RADISH, BEAN SUCCULENT, BEET, CARROT, CORN, HUMAN CON, MELON, MUSTARD, PEAS, TURNIP",76.10067189,16.0,ACRES,MELON,(none),19,4.005298520526316
1097,"N-OUTDR GRWN CUT FLWRS OR GREENS, STRAWBERRY, CUCUMBER, SQUASH, PEPPER FRUITNG, TOMATO, VEGETABLE LEAF, SWISS CHARD, LETTUCE LEAF, RADISH, BEAN SUCCULENT, BEET, CARROT, CORN, HUMAN CON, MELON, MUSTARD, PEAS, TURNIP",76.10067189,16.0,ACRES,MUSTARD,(none),19,4.005298520526316
1097,"N-OUTDR GRWN CUT FLWRS OR GREENS, STRAWBERRY, CUCUMBER, SQUASH, PEPPER FRUITNG, TOMATO, VEGETABLE LEAF, SWISS CHARD, LETTUCE LEAF, RADISH, BEAN SUCCULENT, BEET, CARROT, CORN, HUMAN CON, MELON, MUSTARD, PEAS, TURNIP",76.10067189,16.0,ACRES,PEAS,(none),19,4.005298520526316
1097,"N-OUTDR GRWN CUT FLWRS OR GREENS, STRAWBERRY, CUCUMBER, SQUASH, PEPPER FRUITNG, TOMATO, VEGETABLE LEAF, SWISS CHARD, LETTUCE LEAF, RADISH, BEAN SUCCULENT, BEET, CARROT, CORN, HUMAN CON, MELON, MUSTARD, PEAS, TURNIP",76.10067189,16.0,ACRES,TURNIP,(none),19,4.005298520526316
1098,"N-GRNHS GRWN CUT FLWRS OR GREENS, N-OUTDR GRWN CUT FLWRS OR GREENS, STRAWBERRY, CUCUMBER, SQUASH, PEPPER FRUITNG, TOMATO, VEGETABLE LEAF, SWISS CHARD, LETTUCE LEAF, RADISH, BEAN SUCCULENT, BEET, CARROT, CORN, HUMAN CON, MELON, MUSTARD, PEAS, TURNIP, SOIL",24.0080921,18.0,ACRES,N-GRNHS GRWN CUT FLWRS OR GREENS,N,21,1.143242480952381
1098,"N-GRNHS GRWN CUT FLWRS OR GREENS, N-OUTDR GRWN CUT FLWRS OR GREENS, STRAWBERRY, CUCUMBER, SQUASH, PEPPER FRUITNG, TOMATO, VEGETABLE LEAF, SWISS CHARD, LETTUCE LEAF, RADISH, BEAN SUCCULENT, BEET, CARROT, CORN, HUMAN CON, MELON, MUSTARD, PEAS, TURNIP, SOIL",24.0080921,18.0,ACRES,N-OUTDR GRWN CUT FLWRS OR GREENS,N,21,1.143242480952381
1098,"N-GRNHS GRWN CUT FLWRS OR GREENS, N-OUTDR GRWN CUT FLWRS OR GREENS, STRAWBERRY, CUCUMBER, SQUASH, PEPPER FRUITNG, TOMATO, VEGETABLE LEAF, SWISS CHARD, LETTUCE LEAF, RADISH, BEAN SUCCULENT, BEET, CARROT, CORN, HUMAN CON, MELON, MUSTARD, PEAS, TURNIP, SOIL",24.0080921,18.0,ACRES,STRAWBERRY,(none),21,1.143242480952381
1098,"N-GRNHS GRWN CUT FLWRS OR GREENS, N-OUTDR GRWN CUT FLWRS OR GREENS, STRAWBERRY, CUCUMBER, SQUASH, PEPPER FRUITNG, TOMATO, VEGETABLE LEAF, SWISS CHARD, LETTUCE LEAF, RADISH, BEAN SUCCULENT, BEET, CARROT, CORN, HUMAN CON, MELON, MUSTARD, PEAS, TURNIP, SOIL",24.0080921,18.0,ACRES,CUCUMBER,(none),21,1.143242480952381
1098,"N-GRNHS GRWN CUT FLWRS OR GREENS, N-OUTDR GRWN CUT FLWRS OR GREENS, STRAWBERRY, CUCUMBER, SQUASH, PEPPER FRUITNG, TOMATO, VEGETABLE LEAF, SWISS CHARD, LETTUCE LEAF, RADISH, BEAN SUCCULENT, BEET, CARROT, CORN, HUMAN CON, MELON, MUSTARD, PEAS, TURNIP, SOIL",24.0080921,18.0,ACRES,SQUASH,(none),21,1.143242480952381
1098,"N-GRNHS GRWN CUT FLWRS OR GREENS, N-OUTDR GRWN CUT FLWRS OR GREENS, STRAWBERRY, CUCUMBER, SQUASH, PEPPER FRUITNG, TOMATO, VEGETABLE LEAF, SWISS CHARD, LETTUCE LEAF, RADISH, BEAN SUCCULENT, BEET, CARROT, CORN, HUMAN CON, MELON, MUSTARD, PEAS, TURNIP, SOIL",24.0080921,18.0,ACRES,PEPPER FRUITNG,(none),21,1.143242480952381
1098,"N-GRNHS GRWN CUT FLWRS OR GREENS, N-OUTDR GRWN CUT FLWRS OR GREENS, STRAWBERRY, CUCUMBER, SQUASH, PEPPER FRUITNG, TOMATO, VEGETABLE LEAF, SWISS CHARD, LETTUCE LEAF, RADISH, BEAN SUCCULENT, BEET, CARROT, CORN, HUMAN CON, MELON, MUSTARD, PEAS, TURNIP, SOIL",24.0080921,18.0,ACRES,TOMATO,(none),21,1.143242480952381
1098,"N-GRNHS GRWN CUT FLWRS OR GREENS, N-OUTDR GRWN CUT FLWRS OR GREENS, STRAWBERRY, CUCUMBER, SQUASH, PEPPER FRUITNG, TOMATO, VEGETABLE LEAF, SWISS CHARD, LETTUCE LEAF, RADISH, BEAN SUCCULENT, BEET, CARROT, CORN, HUMAN CON, MELON, MUSTARD, PEAS, TURNIP, SOIL",24.0080921,18.0,ACRES,VEGETABLE LEAF,(none),21,1.143242480952381
1098,"N-GRNHS GRWN CUT FLWRS OR GREENS, N-OUTDR GRWN CUT FLWRS OR GREENS, STRAWBERRY, CUCUMBER, SQUASH, PEPPER FRUITNG, TOMATO, VEGETABLE LEAF, SWISS CHARD, LETTUCE LEAF, RADISH, BEAN SUCCULENT, BEET, CARROT, CORN, HUMAN CON, MELON, MUSTARD, PEAS, TURNIP, SOIL",24.0080921,18.0,ACRES,SWISS CHARD,(none),21,1.143242480952381
1098,"N-GRNHS GRWN CUT FLWRS OR GREENS, N-OUTDR GRWN CUT FLWRS OR GREENS, STRAWBERRY, CUCUMBER, SQUASH, PEPPER FRUITNG, TOMATO, VEGETABLE LEAF, SWISS CHARD, LETTUCE LEAF, RADISH, BEAN SUCCULENT, BEET, CARROT, CORN, HUMAN CON, MELON, MUSTARD, PEAS, TURNIP, SOIL",24.0080921,18.0,ACRES,LETTUCE LEAF,(none),21,1.143242480952381
1098,"N-GRNHS GRWN CUT FLWRS OR GREENS, N-OUTDR GRWN CUT FLWRS OR GREENS, STRAWBERRY, CUCUMBER, SQUASH, PEPPER FRUITNG, TOMATO, VEGETABLE LEAF, SWISS CHARD, LETTUCE LEAF, RADISH, BEAN SUCCULENT, BEET, CARROT, CORN, HUMAN CON, MELON, MUSTARD, PEAS, TURNIP, SOIL",24.0080921,18.0,ACRES,RADISH,(none),21,1.143242480952381
1098,"N-GRNHS GRWN CUT FLWRS OR GREENS, N-OUTDR GRWN CUT FLWRS OR GREENS, STRAWBERRY, CUCUMBER, SQUASH, PEPPER FRUITNG, TOMATO, VEGETABLE LEAF, SWISS CHARD, LETTUCE LEAF, RADISH, BEAN SUCCULENT, BEET, CARROT, CORN, HUMAN CON, MELON, MUSTARD, PEAS, TURNIP, SOIL",24.0080921,18.0,ACRES,BEAN SUCCULENT,(none),21,1.143242480952381
1098,"N-GRNHS GRWN CUT FLWRS OR GREENS, N-OUTDR GRWN CUT FLWRS OR GREENS, STRAWBERRY, CUCUMBER, SQUASH, PEPPER FRUITNG, TOMATO, VEGETABLE LEAF, SWISS CHARD, LETTUCE LEAF, RADISH, BEAN SUCCULENT, BEET, CARROT, CORN, HUMAN CON, MELON, MUSTARD, PEAS, TURNIP, SOIL",24.0080921,18.0,ACRES,BEET,(none),21,1.143242480952381
1098,"N-GRNHS GRWN CUT FLWRS OR GREENS, N-OUTDR GRWN CUT FLWRS OR GREENS, STRAWBERRY, CUCUMBER, SQUASH, PEPPER FRUITNG, TOMATO, VEGETABLE LEAF, SWISS CHARD, LETTUCE LEAF, RADISH, BEAN SUCCULENT, BEET, CARROT, CORN, HUMAN CON, MELON, MUSTARD, PEAS, TURNIP, SOIL",24.0080921,18.0,ACRES,CARROT,(none),21,1.143242480952381
1098,"N-GRNHS GRWN CUT FLWRS OR GREENS, N-OUTDR GRWN CUT FLWRS OR GREENS, STRAWBERRY, CUCUMBER, SQUASH, PEPPER FRUITNG, TOMATO, VEGETABLE LEAF, SWISS CHARD, LETTUCE LEAF, RADISH, BEAN SUCCULENT, BEET, CARROT, CORN, HUMAN CON, MELON, MUSTARD, PEAS, TURNIP, SOIL",24.0080921,18.0,ACRES,CORN,(none),21,1.143242480952381
1098,"N-GRNHS GRWN CUT FLWRS OR GREENS, N-OUTDR GRWN CUT FLWRS OR GREENS, STRAWBERRY, CUCUMBER, SQUASH, PEPPER FRUITNG, TOMATO, VEGETABLE LEAF, SWISS CHARD, LETTUCE LEAF, RADISH, BEAN SUCCULENT, BEET, CARROT, CORN, HUMAN CON, MELON, MUSTARD, PEAS, TURNIP, SOIL",24.0080921,18.0,ACRES,HUMAN CON,(none),21,1.143242480952381
1098,"N-GRNHS GRWN CUT FLWRS OR GREENS, N-OUTDR GRWN CUT FLWRS OR GREENS, STRAWBERRY, CUCUMBER, SQUASH, PEPPER FRUITNG, TOMATO, VEGETABLE LEAF, SWISS CHARD, LETTUCE LEAF, RADISH, BEAN SUCCULENT, BEET, CARROT, CORN, HUMAN CON, MELON, MUSTARD, PEAS, TURNIP, SOIL",24.0080921,18.0,ACRES,MELON,(none),21,1.143242480952381
1098,"N-GRNHS GRWN CUT FLWRS OR GREENS, N-OUTDR GRWN CUT FLWRS OR GREENS, STRAWBERRY, CUCUMBER, SQUASH, PEPPER FRUITNG, TOMATO, VEGETABLE LEAF, SWISS CHARD, LETTUCE LEAF, RADISH, BEAN SUCCULENT, BEET, CARROT, CORN, HUMAN CON, MELON, MUSTARD, PEAS, TURNIP, SOIL",24.0080921,18.0,ACRES,MUSTARD,(none),21,1.143242480952381
1098,"N-GRNHS GRWN CUT FLWRS OR GREENS, N-OUTDR GRWN CUT FLWRS OR GREENS, STRAWBERRY, CUCUMBER, SQUASH, PEPPER FRUITNG, TOMATO, VEGETABLE LEAF, SWISS CHARD, LETTUCE LEAF, RADISH, BEAN SUCCULENT, BEET, CARROT, CORN, HUMAN CON, MELON, MUSTARD, PEAS, TURNIP, SOIL",24.0080921,18.0,ACRES,PEAS,(none),21,1.143242480952381
1098,"N-GRNHS GRWN CUT FLWRS OR GREENS, N-OUTDR GRWN CUT FLWRS OR GREENS, STRAWBERRY, CUCUMBER, SQUASH, PEPPER FRUITNG, TOMATO, VEGETABLE LEAF, SWISS CHARD, LETTUCE LEAF, RADISH, BEAN SUCCULENT, BEET, CARROT, CORN, HUMAN CON, MELON, MUSTARD, PEAS, TURNIP, SOIL",24.0080921,18.0,ACRES,TURNIP,(none),21,1.143242480952381
1098,"N-GRNHS GRWN CUT FLWRS OR GREENS, N-OUTDR GRWN CUT FLWRS OR GREENS, STRAWBERRY, CUCUMBER, SQUASH, PEPPER FRUITNG, TOMATO, VEGETABLE LEAF, SWISS CHARD, LETTUCE LEAF, RADISH, BEAN SUCCULENT, BEET, CARROT, CORN, HUMAN CON, MELON, MUSTARD, PEAS, TURNIP, SOIL",24.0080921,18.0,ACRES,SOIL,(none),21,1.143242480952381
1099,AVOCADO,11.46352037,23.0,ACRES,AVOCADO,(none),1,11.46352037
1100,"N-GRNHS GRWN PLANTS IN CONTAINERS, N-OUTDR CONTAINER/FLD GRWN PLANTS",1.8529249,5.85,ACRES,N-GRNHS GRWN PLANTS IN CONTAINERS,N,2,0.92646245
1100,"N-GRNHS GRWN PLANTS IN CONTAINERS, N-OUTDR CONTAINER/FLD GRWN PLANTS",1.8529249,5.85,ACRES,N-OUTDR CONTAINER/FLD GRWN PLANTS,N,2,0.92646245
1101,N-OUTDR CONTAINER/FLD GRWN PLANTS,1.1942868899999999,13.0,ACRES,N-OUTDR CONTAINER/FLD GRWN PLANTS,N,1,1.1942868899999999
1102,N-GRNHS GRWN PLANTS IN CONTAINERS,0.37757458,0.3,ACRES,N-GRNHS GRWN PLANTS IN CONTAINERS,N,1,0.37757458
1103,AVOCADO,264.63350281000004,250.0,ACRES,AVOCADO,(none),1,264.63350281000004
1104,"N-GRNHS GRWN PLANTS IN CONTAINERS, N-OUTDR CONTAINER/FLD GRWN PLANTS",10.04212008,7.0,ACRES,N-GRNHS GRWN PLANTS IN CONTAINERS,N,2,5.02106004
1104,"N-GRNHS GRWN PLANTS IN CONTAINERS, N-OUTDR CONTAINER/FLD GRWN PLANTS",10.04212008,7.0,ACRES,N-OUTDR CONTAINER/FLD GRWN PLANTS,N,2,5.02106004
1105,"N-GRNHS GRWN PLANTS IN CONTAINERS, N-OUTDR CONTAINER/FLD GRWN PLANTS",10.04212008,7.0,ACRES,N-GRNHS GRWN PLANTS IN CONTAINERS,N,2,5.02106004
1105,"N-GRNHS GRWN PLANTS IN CONTAINERS, N-OUTDR CONTAINER/FLD GRWN PLANTS",10.04212008,7.0,ACRES,N-OUTDR CONTAINER/FLD GRWN PLANTS,N,2,5.02106004
1106,"TROPICAL/SUBTROPICAL FRUIT, AVOCADO",19.6071518,18.0,ACRES,TROPICAL/SUBTROPICAL FRUIT,(none),2,9.8035759
1106,"TROPICAL/SUBTROPICAL FRUIT, AVOCADO",19.6071518,18.0,ACRES,AVOCADO,(none),2,9.8035759
1107,"KUMQUAT, LIME, TROPICAL/SUBTROPICAL FRUIT",36.3527351,39.0,ACRES,KUMQUAT,(none),3,12.117578366666665
1107,"KUMQUAT, LIME, TROPICAL/SUBTROPICAL FRUIT",36.3527351,39.0,ACRES,LIME,(none),3,12.117578366666665
1107,"KUMQUAT, LIME, TROPICAL/SUBTROPICAL FRUIT",36.3527351,39.0,ACRES,TROPICAL/SUBTROPICAL FRUIT,(none),3,12.117578366666665
1108,N-OUTDR CONTAINER/FLD GRWN PLANTS,1.68467623,1.0,ACRES,N-OUTDR CONTAINER/FLD GRWN PLANTS,N,1,1.68467623
1109,N-OUTDR CONTAINER/FLD GRWN PLANTS,4.864550449999999,5.0,ACRES,N-OUTDR CONTAINER/FLD GRWN PLANTS,N,1,4.864550449999999
1110,N-OUTDR CONTAINER/FLD GRWN PLANTS,6.10944422,4.0,ACRES,N-OUTDR CONTAINER/FLD GRWN PLANTS,N,1,6.10944422
1111,N-OUTDR CONTAINER/FLD GRWN PLANTS,9.38858354,7.0,ACRES,N-OUTDR CONTAINER/FLD GRWN PLANTS,N,1,9.38858354
1112,"GRAPEFRUIT, ORANGE, AVOCADO",26.58174189,13.0,ACRES,GRAPEFRUIT,(none),3,8.86058063
1112,"GRAPEFRUIT, ORANGE, AVOCADO",26.58174189,13.0,ACRES,ORANGE,(none),3,8.86058063
1112,"GRAPEFRUIT, ORANGE, AVOCADO",26.58174189,13.0,ACRES,AVOCADO,(none),3,8.86058063
1113,"N-OUTDR GRWN CUT FLWRS OR GREENS, WATERMELON, CUCUMBER, PUMPKIN, SQUASH, PEPPER FRUITNG, TOMATO, BROCCOLI, POTATO, RADISH, BEAN SUCCULENT, ONION GREEN, AVOCADO, BEET, CARROT",242.58114959,229.0,ACRES,N-OUTDR GRWN CUT FLWRS OR GREENS,N,15,16.172076639333334
1113,"N-OUTDR GRWN CUT FLWRS OR GREENS, WATERMELON, CUCUMBER, PUMPKIN, SQUASH, PEPPER FRUITNG, TOMATO, BROCCOLI, POTATO, RADISH, BEAN SUCCULENT, ONION GREEN, AVOCADO, BEET, CARROT",242.58114959,229.0,ACRES,WATERMELON,(none),15,16.172076639333334
1113,"N-OUTDR GRWN CUT FLWRS OR GREENS, WATERMELON, CUCUMBER, PUMPKIN, SQUASH, PEPPER FRUITNG, TOMATO, BROCCOLI, POTATO, RADISH, BEAN SUCCULENT, ONION GREEN, AVOCADO, BEET, CARROT",242.58114959,229.0,ACRES,CUCUMBER,(none),15,16.172076639333334
1113,"N-OUTDR GRWN CUT FLWRS OR GREENS, WATERMELON, CUCUMBER, PUMPKIN, SQUASH, PEPPER FRUITNG, TOMATO, BROCCOLI, POTATO, RADISH, BEAN SUCCULENT, ONION GREEN, AVOCADO, BEET, CARROT",242.58114959,229.0,ACRES,PUMPKIN,(none),15,16.172076639333334
1113,"N-OUTDR GRWN CUT FLWRS OR GREENS, WATERMELON, CUCUMBER, PUMPKIN, SQUASH, PEPPER FRUITNG, TOMATO, BROCCOLI, POTATO, RADISH, BEAN SUCCULENT, ONION GREEN, AVOCADO, BEET, CARROT",242.58114959,229.0,ACRES,SQUASH,(none),15,16.172076639333334
1113,"N-OUTDR GRWN CUT FLWRS OR GREENS, WATERMELON, CUCUMBER, PUMPKIN, SQUASH, PEPPER FRUITNG, TOMATO, BROCCOLI, POTATO, RADISH, BEAN SUCCULENT, ONION GREEN, AVOCADO, BEET, CARROT",242.58114959,229.0,ACRES,PEPPER FRUITNG,(none),15,16.172076639333334
1113,"N-OUTDR GRWN CUT FLWRS OR GREENS, WATERMELON, CUCUMBER, PUMPKIN, SQUASH, PEPPER FRUITNG, TOMATO, BROCCOLI, POTATO, RADISH, BEAN SUCCULENT, ONION GREEN, AVOCADO, BEET, CARROT",242.58114959,229.0,ACRES,TOMATO,(none),15,16.172076639333334
1113,"N-OUTDR GRWN CUT FLWRS OR GREENS, WATERMELON, CUCUMBER, PUMPKIN, SQUASH, PEPPER FRUITNG, TOMATO, BROCCOLI, POTATO, RADISH, BEAN SUCCULENT, ONION GREEN, AVOCADO, BEET, CARROT",242.58114959,229.0,ACRES,BROCCOLI,(none),15,16.172076639333334
1113,"N-OUTDR GRWN CUT FLWRS OR GREENS, WATERMELON, CUCUMBER, PUMPKIN, SQUASH, PEPPER FRUITNG, TOMATO, BROCCOLI, POTATO, RADISH, BEAN SUCCULENT, ONION GREEN, AVOCADO, BEET, CARROT",242.58114959,229.0,ACRES,POTATO,(none),15,16.172076639333334
1113,"N-OUTDR GRWN CUT FLWRS OR GREENS, WATERMELON, CUCUMBER, PUMPKIN, SQUASH, PEPPER FRUITNG, TOMATO, BROCCOLI, POTATO, RADISH, BEAN SUCCULENT, ONION GREEN, AVOCADO, BEET, CARROT",242.58114959,229.0,ACRES,RADISH,(none),15,16.172076639333334
1113,"N-OUTDR GRWN CUT FLWRS OR GREENS, WATERMELON, CUCUMBER, PUMPKIN, SQUASH, PEPPER FRUITNG, TOMATO, BROCCOLI, POTATO, RADISH, BEAN SUCCULENT, ONION GREEN, AVOCADO, BEET, CARROT",242.58114959,229.0,ACRES,BEAN SUCCULENT,(none),15,16.172076639333334
1113,"N-OUTDR GRWN CUT FLWRS OR GREENS, WATERMELON, CUCUMBER, PUMPKIN, SQUASH, PEPPER FRUITNG, TOMATO, BROCCOLI, POTATO, RADISH, BEAN SUCCULENT, ONION GREEN, AVOCADO, BEET, CARROT",242.58114959,229.0,ACRES,ONION GREEN,(none),15,16.172076639333334
1113,"N-OUTDR GRWN CUT FLWRS OR GREENS, WATERMELON, CUCUMBER, PUMPKIN, SQUASH, PEPPER FRUITNG, TOMATO, BROCCOLI, POTATO, RADISH, BEAN SUCCULENT, ONION GREEN, AVOCADO, BEET, CARROT",242.58114959,229.0,ACRES,AVOCADO,(none),15,16.172076639333334
1113,"N-OUTDR GRWN CUT FLWRS OR GREENS, WATERMELON, CUCUMBER, PUMPKIN, SQUASH, PEPPER FRUITNG, TOMATO, BROCCOLI, POTATO, RADISH, BEAN SUCCULENT, ONION GREEN, AVOCADO, BEET, CARROT",242.58114959,229.0,ACRES,BEET,(none),15,16.172076639333334
1113,"N-OUTDR GRWN CUT FLWRS OR GREENS, WATERMELON, CUCUMBER, PUMPKIN, SQUASH, PEPPER FRUITNG, TOMATO, BROCCOLI, POTATO, RADISH, BEAN SUCCULENT, ONION GREEN, AVOCADO, BEET, CARROT",242.58114959,229.0,ACRES,CARROT,(none),15,16.172076639333334
1114,"N-GRNHS GRWN PLANTS IN CONTAINERS, N-OUTDR CONTAINER/FLD GRWN PLANTS",2.08084855,1.5,ACRES,N-GRNHS GRWN PLANTS IN CONTAINERS,N,2,1.040424275
1114,"N-GRNHS GRWN PLANTS IN CONTAINERS, N-OUTDR CONTAINER/FLD GRWN PLANTS",2.08084855,1.5,ACRES,N-OUTDR CONTAINER/FLD GRWN PLANTS,N,2,1.040424275
1115,AVOCADO,10.50040072,12.0,ACRES,AVOCADO,(none),1,10.50040072
1116,AVOCADO,12.01732933,14.0,ACRES,AVOCADO,(none),1,12.01732933
1117,AVOCADO,6.59118747,8.0,ACRES,AVOCADO,(none),1,6.59118747
1118,AVOCADO,18.54458304,21.0,ACRES,AVOCADO,(none),1,18.54458304
1119,AVOCADO,9.07408521,11.0,ACRES,AVOCADO,(none),1,9.07408521
1120,AVOCADO,95.26093515000001,37.0,ACRES,AVOCADO,(none),1,95.26093515000001
1121,AVOCADO,59.082644269999996,123.0,ACRES,AVOCADO,(none),1,59.082644269999996
1122,AVOCADO,27.52099866,25.0,ACRES,AVOCADO,(none),1,27.52099866
1123,AVOCADO,6.20874284,5.0,ACRES,AVOCADO,(none),1,6.20874284
1124,AVOCADO,14.55417482,17.0,ACRES,AVOCADO,(none),1,14.55417482
1125,AVOCADO,80.93192541,70.0,ACRES,AVOCADO,(none),1,80.93192541
1126,"ORANGE, AVOCADO",36.40337808,24.0,ACRES,ORANGE,(none),2,18.20168904
1126,"ORANGE, AVOCADO",36.40337808,24.0,ACRES,AVOCADO,(none),2,18.20168904
1127,AVOCADO,41.292998110000006,35.0,ACRES,AVOCADO,(none),1,41.292998110000006
1128,AVOCADO,37.1950804,38.0,ACRES,AVOCADO,(none),1,37.1950804
1129,AVOCADO,34.84851693,30.0,ACRES,AVOCADO,(none),1,34.84851693
1130,AVOCADO,94.03293769,75.0,ACRES,AVOCADO,(none),1,94.03293769
1131,AVOCADO,24.97050287,14.0,ACRES,AVOCADO,(none),1,24.97050287
1132,AVOCADO,6.41642169,1.0,ACRES,AVOCADO,(none),1,6.41642169
1133,"GRAPE, WINE",8.08963916,7.0,ACRES,GRAPE,(none),2,4.04481958
1133,"GRAPE, WINE",8.08963916,7.0,ACRES,WINE,(none),2,4.04481958
1134,"GRAPE, WINE",3.06961067,8.0,ACRES,GRAPE,(none),2,1.534805335
1134,"GRAPE, WINE",3.06961067,8.0,ACRES,WINE,(none),2,1.534805335
1135,"PERSIMMON, AVOCADO",12.13487429,10.0,ACRES,PERSIMMON,(none),2,6.067437145
1135,"PERSIMMON, AVOCADO",12.13487429,10.0,ACRES,AVOCADO,(none),2,6.067437145
1136,"KUMQUAT, PERSIMMON, AVOCADO",15.37790212,25.0,ACRES,KUMQUAT,(none),3,5.125967373333333
1136,"KUMQUAT, PERSIMMON, AVOCADO",15.37790212,25.0,ACRES,PERSIMMON,(none),3,5.125967373333333
1136,"KUMQUAT, PERSIMMON, AVOCADO",15.37790212,25.0,ACRES,AVOCADO,(none),3,5.125967373333333
1137,"GRAPEFRUIT, LEMON, ORANGE, TANGELO, TANGERINE, AVOCADO",777.9961673199999,571.0,ACRES,GRAPEFRUIT,(none),6,129.66602788666665
1137,"GRAPEFRUIT, LEMON, ORANGE, TANGELO, TANGERINE, AVOCADO",777.9961673199999,571.0,ACRES,LEMON,(none),6,129.66602788666665
1137,"GRAPEFRUIT, LEMON, ORANGE, TANGELO, TANGERINE, AVOCADO",777.9961673199999,571.0,ACRES,ORANGE,(none),6,129.66602788666665
1137,"GRAPEFRUIT, LEMON, ORANGE, TANGELO, TANGERINE, AVOCADO",777.9961673199999,571.0,ACRES,TANGELO,(none),6,129.66602788666665
1137,"GRAPEFRUIT, LEMON, ORANGE, TANGELO, TANGERINE, AVOCADO",777.9961673199999,571.0,ACRES,TANGERINE,(none),6,129.66602788666665
1137,"GRAPEFRUIT, LEMON, ORANGE, TANGELO, TANGERINE, AVOCADO",777.9961673199999,571.0,ACRES,AVOCADO,(none),6,129.66602788666665
1138,N-GRNHS GRWN PLANTS IN CONTAINERS,2.71431059,4.0,ACRES,N-GRNHS GRWN PLANTS IN CONTAINERS,N,1,2.71431059
1139,"GRAPEFRUIT, LEMON, ORANGE",9.179441279999999,7.0,ACRES,GRAPEFRUIT,(none),3,3.0598137599999995
1139,"GRAPEFRUIT, LEMON, ORANGE",9.179441279999999,7.0,ACRES,LEMON,(none),3,3.0598137599999995
1139,"GRAPEFRUIT, LEMON, ORANGE",9.179441279999999,7.0,ACRES,ORANGE,(none),3,3.0598137599999995
1140,"N-OUTDR GRWN CUT FLWRS OR GREENS, LIME, AVOCADO",38.18308367,36.5,ACRES,N-OUTDR GRWN CUT FLWRS OR GREENS,N,3,12.727694556666668
1140,"N-OUTDR GRWN CUT FLWRS OR GREENS, LIME, AVOCADO",38.18308367,36.5,ACRES,LIME,(none),3,12.727694556666668
1140,"N-OUTDR GRWN CUT FLWRS OR GREENS, LIME, AVOCADO",38.18308367,36.5,ACRES,AVOCADO,(none),3,12.727694556666668
1141,"CITRUS, PERSIMMON, AVOCADO, ASIAN PEAR",17.16926718,11.0,ACRES,CITRUS,(none),4,4.292316795
1141,"CITRUS, PERSIMMON, AVOCADO, ASIAN PEAR",17.16926718,11.0,ACRES,PERSIMMON,(none),4,4.292316795
1141,"CITRUS, PERSIMMON, AVOCADO, ASIAN PEAR",17.16926718,11.0,ACRES,AVOCADO,(none),4,4.292316795
1141,"CITRUS, PERSIMMON, AVOCADO, ASIAN PEAR",17.16926718,11.0,ACRES,ASIAN PEAR,(none),4,4.292316795
1142,"CITRUS, AVOCADO, GUAVA",8.48474236,8.0,ACRES,CITRUS,(none),3,2.8282474533333333
1142,"CITRUS, AVOCADO, GUAVA",8.48474236,8.0,ACRES,AVOCADO,(none),3,2.8282474533333333
1142,"CITRUS, AVOCADO, GUAVA",8.48474236,8.0,ACRES,GUAVA,(none),3,2.8282474533333333
1143,"CITRUS, AVOCADO",2.00773175,3.0,ACRES,CITRUS,(none),2,1.003865875
1143,"CITRUS, AVOCADO",2.00773175,3.0,ACRES,AVOCADO,(none),2,1.003865875
1144,"CITRUS, AVOCADO",2.6626281300000003,3.0,ACRES,CITRUS,(none),2,1.3313140650000002
1144,"CITRUS, AVOCADO",2.6626281300000003,3.0,ACRES,AVOCADO,(none),2,1.3313140650000002
1145,"CITRUS, AVOCADO",11.38880325,7.0,ACRES,CITRUS,(none),2,5.694401625
1145,"CITRUS, AVOCADO",11.38880325,7.0,ACRES,AVOCADO,(none),2,5.694401625
1146,"GRAPEFRUIT, AVOCADO",5.15850881,1.0,ACRES,GRAPEFRUIT,(none),2,2.579254405
1146,"GRAPEFRUIT, AVOCADO",5.15850881,1.0,ACRES,AVOCADO,(none),2,2.579254405
1147,"AVOCADO, GRAPE, WINE",12.89213873,16.0,ACRES,AVOCADO,(none),3,4.297379576666667
1147,"AVOCADO, GRAPE, WINE",12.89213873,16.0,ACRES,GRAPE,(none),3,4.297379576666667
1147,"AVOCADO, GRAPE, WINE",12.89213873,16.0,ACRES,WINE,(none),3,4.297379576666667
1148,"GRAPE, WINE",21.570424029999998,22.0,ACRES,GRAPE,(none),2,10.785212014999999
1148,"GRAPE, WINE",21.570424029999998,22.0,ACRES,WINE,(none),2,10.785212014999999
1149,"GRAPE, WINE",7.60132679,4.5,ACRES,GRAPE,(none),2,3.800663395
1149,"GRAPE, WINE",7.60132679,4.5,ACRES,WINE,(none),2,3.800663395
1150,AVOCADO,2.85267175,2.5,ACRES,AVOCADO,(none),1,2.85267175
1151,AVOCADO,1.82282321,1.0,ACRES,AVOCADO,(none),1,1.82282321
1152,AVOCADO,19.29940762,19.0,ACRES,AVOCADO,(none),1,19.29940762
1153,AVOCADO,23.91107479,20.0,ACRES,AVOCADO,(none),1,23.91107479
1154,AVOCADO,4.050389,4.0,ACRES,AVOCADO,(none),1,4.050389
1155,"AVOCADO, GRAPE, WINE",2.92068246,1.5,ACRES,AVOCADO,(none),3,0.97356082
1155,"AVOCADO, GRAPE, WINE",2.92068246,1.5,ACRES,GRAPE,(none),3,0.97356082
1155,"AVOCADO, GRAPE, WINE",2.92068246,1.5,ACRES,WINE,(none),3,0.97356082
1156,"LIME, AVOCADO",12.060320879999999,1.75,ACRES,LIME,(none),2,6.0301604399999995
1156,"LIME, AVOCADO",12.060320879999999,1.75,ACRES,AVOCADO,(none),2,6.0301604399999995
1157,"GRAPE, WINE",6.62127835,1.0,ACRES,GRAPE,(none),2,3.310639175
1157,"GRAPE, WINE",6.62127835,1.0,ACRES,WINE,(none),2,3.310639175
1158,"GRAPEFRUIT, ORANGE, AVOCADO",20.709342359999997,23.0,ACRES,GRAPEFRUIT,(none),3,6.903114119999999
1158,"GRAPEFRUIT, ORANGE, AVOCADO",20.709342359999997,23.0,ACRES,ORANGE,(none),3,6.903114119999999
1158,"GRAPEFRUIT, ORANGE, AVOCADO",20.709342359999997,23.0,ACRES,AVOCADO,(none),3,6.903114119999999
1159,"STRAWBERRY, CUCUMBER, TOMATO, LETTUCE LEAF",1.55281045,43000.0,SQUARE FEET,STRAWBERRY,(none),4,0.3882026125
1159,"STRAWBERRY, CUCUMBER, TOMATO, LETTUCE LEAF",1.55281045,43000.0,SQUARE FEET,CUCUMBER,(none),4,0.3882026125
1159,"STRAWBERRY, CUCUMBER, TOMATO, LETTUCE LEAF",1.55281045,43000.0,SQUARE FEET,TOMATO,(none),4,0.3882026125
1159,"STRAWBERRY, CUCUMBER, TOMATO, LETTUCE LEAF",1.55281045,43000.0,SQUARE FEET,LETTUCE LEAF,(none),4,0.3882026125
1160,"GRAPEFRUIT, TANGERINE, AVOCADO",86.29415732,69.0,ACRES,GRAPEFRUIT,(none),3,28.764719106666664
1160,"GRAPEFRUIT, TANGERINE, AVOCADO",86.29415732,69.0,ACRES,TANGERINE,(none),3,28.764719106666664
1160,"GRAPEFRUIT, TANGERINE, AVOCADO",86.29415732,69.0,ACRES,AVOCADO,(none),3,28.764719106666664
1161,AVOCADO,4.91224137,7.0,ACRES,AVOCADO,(none),1,4.91224137
1162,"TROPICAL/SUBTROPICAL FRUIT, MANGO, AVOCADO, GUAVA",51.92550868,59.0,ACRES,TROPICAL/SUBTROPICAL FRUIT,(none),4,12.98137717
1162,"TROPICAL/SUBTROPICAL FRUIT, MANGO, AVOCADO, GUAVA",51.92550868,59.0,ACRES,MANGO,(none),4,12.98137717
1162,"TROPICAL/SUBTROPICAL FRUIT, MANGO, AVOCADO, GUAVA",51.92550868,59.0,ACRES,AVOCADO,(none),4,12.98137717
1162,"TROPICAL/SUBTROPICAL FRUIT, MANGO, AVOCADO, GUAVA",51.92550868,59.0,ACRES,GUAVA,(none),4,12.98137717
1163,"GRAPE, WINE",2.5348056000000003,1.5,ACRES,GRAPE,(none),2,1.2674028000000002
1163,"GRAPE, WINE",2.5348056000000003,1.5,ACRES,WINE,(none),2,1.2674028000000002
1164,AVOCADO,12.99526503,12.0,ACRES,AVOCADO,(none),1,12.99526503
1165,"ORANGE, AVOCADO",31.71633187,25.0,ACRES,ORANGE,(none),2,15.858165935
1165,"ORANGE, AVOCADO",31.71633187,25.0,ACRES,AVOCADO,(none),2,15.858165935
1166,AVOCADO,9.41242722,9.8,ACRES,AVOCADO,(none),1,9.41242722
1167,AVOCADO,26.6873191,27.0,ACRES,AVOCADO,(none),1,26.6873191
1168,AVOCADO,23.961567040000002,25.5,ACRES,AVOCADO,(none),1,23.961567040000002
1169,AVOCADO,4.50755998,2.0,ACRES,AVOCADO,(none),1,4.50755998
1170,"LEMON, PERSIMMON, AVOCADO",11.73866642,12.0,ACRES,LEMON,(none),3,3.9128888066666665
1170,"LEMON, PERSIMMON, AVOCADO",11.73866642,12.0,ACRES,PERSIMMON,(none),3,3.9128888066666665
1170,"LEMON, PERSIMMON, AVOCADO",11.73866642,12.0,ACRES,AVOCADO,(none),3,3.9128888066666665
1171,"GRAPEFRUIT, LEMON, ORANGE, AVOCADO, UNCUL NON-AG",397.52805955,259.0,ACRES,GRAPEFRUIT,(none),5,79.50561191
1171,"GRAPEFRUIT, LEMON, ORANGE, AVOCADO, UNCUL NON-AG",397.52805955,259.0,ACRES,LEMON,(none),5,79.50561191
1171,"GRAPEFRUIT, LEMON, ORANGE, AVOCADO, UNCUL NON-AG",397.52805955,259.0,ACRES,ORANGE,(none),5,79.50561191
1171,"GRAPEFRUIT, LEMON, ORANGE, AVOCADO, UNCUL NON-AG",397.52805955,259.0,ACRES,AVOCADO,(none),5,79.50561191
1171,"GRAPEFRUIT, LEMON, ORANGE, AVOCADO, UNCUL NON-AG",397.52805955,259.0,ACRES,UNCUL NON-AG,(none),5,79.50561191
1172,N-OUTDR CONTAINER/FLD GRWN PLANTS,34.2216018,10.0,ACRES,N-OUTDR CONTAINER/FLD GRWN PLANTS,N,1,34.2216018
1173,N-OUTDR GRWN CUT FLWRS OR GREENS,7.76612385,20.0,ACRES,N-OUTDR GRWN CUT FLWRS OR GREENS,N,1,7.76612385
1174,N-OUTDR GRWN CUT FLWRS OR GREENS,18.7090046,17.0,ACRES,N-OUTDR GRWN CUT FLWRS OR GREENS,N,1,18.7090046
1175,N-OUTDR GRWN CUT FLWRS OR GREENS,13.58204149,16.0,ACRES,N-OUTDR GRWN CUT FLWRS OR GREENS,N,1,13.58204149
1176,N-GRNHS GRWN TRNSPLNT/PRPGTV MTRL,9.9893123,13.0,ACRES,N-GRNHS GRWN TRNSPLNT/PRPGTV MTRL,N,1,9.9893123
1177,"N-GRNHS GRWN PLANTS IN CONTAINERS, N-OUTDR CONTAINER/FLD GRWN PLANTS",38.67180971,80.0,ACRES,N-GRNHS GRWN PLANTS IN CONTAINERS,N,2,19.335904855
1177,"N-GRNHS GRWN PLANTS IN CONTAINERS, N-OUTDR CONTAINER/FLD GRWN PLANTS",38.67180971,80.0,ACRES,N-OUTDR CONTAINER/FLD GRWN PLANTS,N,2,19.335904855
1178,"N-OUTDR GRWN CUT FLWRS OR GREENS, AVOCADO",4.47831091,8.0,ACRES,N-OUTDR GRWN CUT FLWRS OR GREENS,N,2,2.239155455
1178,"N-OUTDR GRWN CUT FLWRS OR GREENS, AVOCADO",4.47831091,8.0,ACRES,AVOCADO,(none),2,2.239155455
1179,AVOCADO,18.09292808,2.0,ACRES,AVOCADO,(none),1,18.09292808
1180,"N-OUTDR GRWN CUT FLWRS OR GREENS, AVOCADO",38.29486429,14.0,ACRES,N-OUTDR GRWN CUT FLWRS OR GREENS,N,2,19.147432145
1180,"N-OUTDR GRWN CUT FLWRS OR GREENS, AVOCADO",38.29486429,14.0,ACRES,AVOCADO,(none),2,19.147432145
1181,"N-GRNHS GRWN PLANTS IN CONTAINERS, N-OUTDR CONTAINER/FLD GRWN PLANTS",1.0005091099999999,2.0,ACRES,N-GRNHS GRWN PLANTS IN CONTAINERS,N,2,0.5002545549999999
1181,"N-GRNHS GRWN PLANTS IN CONTAINERS, N-OUTDR CONTAINER/FLD GRWN PLANTS",1.0005091099999999,2.0,ACRES,N-OUTDR CONTAINER/FLD GRWN PLANTS,N,2,0.5002545549999999
1182,"N-GRNHS GRWN PLANTS IN CONTAINERS, N-OUTDR CONTAINER/FLD GRWN PLANTS",3.52518317,4.0,ACRES,N-GRNHS GRWN PLANTS IN CONTAINERS,N,2,1.762591585
1182,"N-GRNHS GRWN PLANTS IN CONTAINERS, N-OUTDR CONTAINER/FLD GRWN PLANTS",3.52518317,4.0,ACRES,N-OUTDR CONTAINER/FLD GRWN PLANTS,N,2,1.762591585
1183,"LANDSCAPE/PARK, N-GRNHS GRWN PLANTS IN CONTAINERS",0.37523804000000005,35.0,ACRES,LANDSCAPE/PARK,(none),2,0.18761902000000003
1183,"LANDSCAPE/PARK, N-GRNHS GRWN PLANTS IN CONTAINERS",0.37523804000000005,35.0,ACRES,N-GRNHS GRWN PLANTS IN CONTAINERS,N,2,0.18761902000000003
1184,"N-GRNHS GRWN PLANTS IN CONTAINERS, N-OUTDR CONTAINER/FLD GRWN PLANTS, FARM/AG BUILDING",15.41690759,11.0,ACRES,N-GRNHS GRWN PLANTS IN CONTAINERS,N,3,5.138969196666666
1184,"N-GRNHS GRWN PLANTS IN CONTAINERS, N-OUTDR CONTAINER/FLD GRWN PLANTS, FARM/AG BUILDING",15.41690759,11.0,ACRES,N-OUTDR CONTAINER/FLD GRWN PLANTS,N,3,5.138969196666666
1184,"N-GRNHS GRWN PLANTS IN CONTAINERS, N-OUTDR CONTAINER/FLD GRWN PLANTS, FARM/AG BUILDING",15.41690759,11.0,ACRES,FARM/AG BUILDING,(none),3,5.138969196666666
1185,"N-GRNHS GRWN PLANTS IN CONTAINERS, N-OUTDR CONTAINER/FLD GRWN PLANTS, FARM/AG BUILDING",11.58382867,8.0,ACRES,N-GRNHS GRWN PLANTS IN CONTAINERS,N,3,3.8612762233333338
1185,"N-GRNHS GRWN PLANTS IN CONTAINERS, N-OUTDR CONTAINER/FLD GRWN PLANTS, FARM/AG BUILDING",11.58382867,8.0,ACRES,N-OUTDR CONTAINER/FLD GRWN PLANTS,N,3,3.8612762233333338
1185,"N-GRNHS GRWN PLANTS IN CONTAINERS, N-OUTDR CONTAINER/FLD GRWN PLANTS, FARM/AG BUILDING",11.58382867,8.0,ACRES,FARM/AG BUILDING,(none),3,3.8612762233333338
1186,LIME,1.65686914,1.0,ACRES,LIME,(none),1,1.65686914
1187,"GRAPE, WINE",2.2581979899999998,3.5,ACRES,GRAPE,(none),2,1.1290989949999999
1187,"GRAPE, WINE",2.2581979899999998,3.5,ACRES,WINE,(none),2,1.1290989949999999
1188,"OLIVE, GRAPE, WINE",4.9485288,3.0,ACRES,OLIVE,(none),3,1.6495096
1188,"OLIVE, GRAPE, WINE",4.9485288,3.0,ACRES,GRAPE,(none),3,1.6495096
1188,"OLIVE, GRAPE, WINE",4.9485288,3.0,ACRES,WINE,(none),3,1.6495096
1189,AVOCADO,11.32096228,12.0,ACRES,AVOCADO,(none),1,11.32096228
1190,"GRAPE, WINE",2.5410601699999997,1.5,ACRES,GRAPE,(none),2,1.2705300849999999
1190,"GRAPE, WINE",2.5410601699999997,1.5,ACRES,WINE,(none),2,1.2705300849999999
1191,"LIME, TANGELO",2.4526636699999997,2.0,ACRES,LIME,(none),2,1.2263318349999999
1191,"LIME, TANGELO",2.4526636699999997,2.0,ACRES,TANGELO,(none),2,1.2263318349999999
1192,AVOCADO,35.86110937,30.0,ACRES,AVOCADO,(none),1,35.86110937
1193,AVOCADO,5.241857359999999,4.0,ACRES,AVOCADO,(none),1,5.241857359999999
1194,"GRAPE, WINE",0.7095057100000001,1.0,ACRES,GRAPE,(none),2,0.35475285500000003
1194,"GRAPE, WINE",0.7095057100000001,1.0,ACRES,WINE,(none),2,0.35475285500000003
1195,AVOCADO,45.97843612,38.0,ACRES,AVOCADO,(none),1,45.97843612
1196,"APPLE, PEACH",4.958270929999999,5.0,ACRES,APPLE,(none),2,2.4791354649999997
1196,"APPLE, PEACH",4.958270929999999,5.0,ACRES,PEACH,(none),2,2.4791354649999997
1197,AVOCADO,105.43163146,100.0,ACRES,AVOCADO,(none),1,105.43163146
1198,"GRAPE, WINE",7.444542129999999,1.0,ACRES,GRAPE,(none),2,3.7222710649999997
1198,"GRAPE, WINE",7.444542129999999,1.0,ACRES,WINE,(none),2,3.7222710649999997
1199,ORANGE,22.21494358,11.2,ACRES,ORANGE,(none),1,22.21494358
1200,"WATERMELON, SQUASH, BEAN DRIED, CORN, HUMAN CON",61.42752438,15.0,ACRES,WATERMELON,(none),5,12.285504876000001
1200,"WATERMELON, SQUASH, BEAN DRIED, CORN, HUMAN CON",61.42752438,15.0,ACRES,SQUASH,(none),5,12.285504876000001
1200,"WATERMELON, SQUASH, BEAN DRIED, CORN, HUMAN CON",61.42752438,15.0,ACRES,BEAN DRIED,(none),5,12.285504876000001
1200,"WATERMELON, SQUASH, BEAN DRIED, CORN, HUMAN CON",61.42752438,15.0,ACRES,CORN,(none),5,12.285504876000001
1200,"WATERMELON, SQUASH, BEAN DRIED, CORN, HUMAN CON",61.42752438,15.0,ACRES,HUMAN CON,(none),5,12.285504876000001
1201,"GRAPE, WINE",0.17758638000000002,2.0,ACRES,GRAPE,(none),2,0.08879319000000001
1201,"GRAPE, WINE",0.17758638000000002,2.0,ACRES,WINE,(none),2,0.08879319000000001
1202,"APPLE, GRAPE, WINE",10.332618049999999,10.0,ACRES,APPLE,(none),3,3.444206016666666
1202,"APPLE, GRAPE, WINE",10.332618049999999,10.0,ACRES,GRAPE,(none),3,3.444206016666666
1202,"APPLE, GRAPE, WINE",10.332618049999999,10.0,ACRES,WINE,(none),3,3.444206016666666
1203,APPLE,9.53450314,10.0,ACRES,APPLE,(none),1,9.53450314
1204,"POMEGRANATE, AVOCADO, GRAPE, WINE",42.04248593,26.0,ACRES,POMEGRANATE,(none),4,10.5106214825
1204,"POMEGRANATE, AVOCADO, GRAPE, WINE",42.04248593,26.0,ACRES,AVOCADO,(none),4,10.5106214825
1204,"POMEGRANATE, AVOCADO, GRAPE, WINE",42.04248593,26.0,ACRES,GRAPE,(none),4,10.5106214825
1204,"POMEGRANATE, AVOCADO, GRAPE, WINE",42.04248593,26.0,ACRES,WINE,(none),4,10.5106214825
1205,UNCULTIVATED AG,117.33570707,111.0,ACRES,UNCULTIVATED AG,(none),1,117.33570707
1206,N-OUTDR CONTAINER/FLD GRWN PLANTS,7.57690019,7.0,ACRES,N-OUTDR CONTAINER/FLD GRWN PLANTS,N,1,7.57690019
1207,AVOCADO,24.99441297,8.0,ACRES,AVOCADO,(none),1,24.99441297
1208,N-OUTDR GRWN CUT FLWRS OR GREENS,8.01359109,11.0,ACRES,N-OUTDR GRWN CUT FLWRS OR GREENS,N,1,8.01359109
1209,N-OUTDR GRWN CUT FLWRS OR GREENS,6.39064235,7.0,ACRES,N-OUTDR GRWN CUT FLWRS OR GREENS,N,1,6.39064235
1210,"GRAPEFRUIT, LEMON",12.97795733,9.5,ACRES,GRAPEFRUIT,(none),2,6.488978665
1210,"GRAPEFRUIT, LEMON",12.97795733,9.5,ACRES,LEMON,(none),2,6.488978665
1211,"ORANGE, AVOCADO",9.84331675,10.0,ACRES,ORANGE,(none),2,4.921658375
1211,"ORANGE, AVOCADO",9.84331675,10.0,ACRES,AVOCADO,(none),2,4.921658375
1212,"GRAPEFRUIT, ORANGE",12.851702979999999,9.0,ACRES,GRAPEFRUIT,(none),2,6.425851489999999
1212,"GRAPEFRUIT, ORANGE",12.851702979999999,9.0,ACRES,ORANGE,(none),2,6.425851489999999
1213,"CITRUS, KUMQUAT, LEMON, ORANGE, TANGERINE, AVOCADO",27.017761680000003,29.0,ACRES,CITRUS,(none),6,4.502960280000001
1213,"CITRUS, KUMQUAT, LEMON, ORANGE, TANGERINE, AVOCADO",27.017761680000003,29.0,ACRES,KUMQUAT,(none),6,4.502960280000001
1213,"CITRUS, KUMQUAT, LEMON, ORANGE, TANGERINE, AVOCADO",27.017761680000003,29.0,ACRES,LEMON,(none),6,4.502960280000001
1213,"CITRUS, KUMQUAT, LEMON, ORANGE, TANGERINE, AVOCADO",27.017761680000003,29.0,ACRES,ORANGE,(none),6,4.502960280000001
1213,"CITRUS, KUMQUAT, LEMON, ORANGE, TANGERINE, AVOCADO",27.017761680000003,29.0,ACRES,TANGERINE,(none),6,4.502960280000001
1213,"CITRUS, KUMQUAT, LEMON, ORANGE, TANGERINE, AVOCADO",27.017761680000003,29.0,ACRES,AVOCADO,(none),6,4.502960280000001
1214,"CITRUS, KUMQUAT, LEMON, ORANGE, TANGELO, TANGERINE, AVOCADO",17.06872535,20.0,ACRES,CITRUS,(none),7,2.438389335714286
1214,"CITRUS, KUMQUAT, LEMON, ORANGE, TANGELO, TANGERINE, AVOCADO",17.06872535,20.0,ACRES,KUMQUAT,(none),7,2.438389335714286
1214,"CITRUS, KUMQUAT, LEMON, ORANGE, TANGELO, TANGERINE, AVOCADO",17.06872535,20.0,ACRES,LEMON,(none),7,2.438389335714286
1214,"CITRUS, KUMQUAT, LEMON, ORANGE, TANGELO, TANGERINE, AVOCADO",17.06872535,20.0,ACRES,ORANGE,(none),7,2.438389335714286
1214,"CITRUS, KUMQUAT, LEMON, ORANGE, TANGELO, TANGERINE, AVOCADO",17.06872535,20.0,ACRES,TANGELO,(none),7,2.438389335714286
1214,"CITRUS, KUMQUAT, LEMON, ORANGE, TANGELO, TANGERINE, AVOCADO",17.06872535,20.0,ACRES,TANGERINE,(none),7,2.438389335714286
1214,"CITRUS, KUMQUAT, LEMON, ORANGE, TANGELO, TANGERINE, AVOCADO",17.06872535,20.0,ACRES,AVOCADO,(none),7,2.438389335714286
1215,"LEMON, TANGERINE, TROPICAL/SUBTROPICAL FRUIT, AVOCADO",19.51697885,14.0,ACRES,LEMON,(none),4,4.8792447125
1215,"LEMON, TANGERINE, TROPICAL/SUBTROPICAL FRUIT, AVOCADO",19.51697885,14.0,ACRES,TANGERINE,(none),4,4.8792447125
1215,"LEMON, TANGERINE, TROPICAL/SUBTROPICAL FRUIT, AVOCADO",19.51697885,14.0,ACRES,TROPICAL/SUBTROPICAL FRUIT,(none),4,4.8792447125
1215,"LEMON, TANGERINE, TROPICAL/SUBTROPICAL FRUIT, AVOCADO",19.51697885,14.0,ACRES,AVOCADO,(none),4,4.8792447125
1216,"KUMQUAT, ORANGE, TANGERINE",4.54648378,5.0,ACRES,KUMQUAT,(none),3,1.5154945933333333
1216,"KUMQUAT, ORANGE, TANGERINE",4.54648378,5.0,ACRES,ORANGE,(none),3,1.5154945933333333
1216,"KUMQUAT, ORANGE, TANGERINE",4.54648378,5.0,ACRES,TANGERINE,(none),3,1.5154945933333333
1217,ORANGE,1.91997568,9.58,ACRES,ORANGE,(none),1,1.91997568
1218,"GRAPEFRUIT, AVOCADO",3.90306566,4.5,ACRES,GRAPEFRUIT,(none),2,1.95153283
1218,"GRAPEFRUIT, AVOCADO",3.90306566,4.5,ACRES,AVOCADO,(none),2,1.95153283
1219,ORANGE,12.42872605,12.0,ACRES,ORANGE,(none),1,12.42872605
1220,"ORANGE, TANGELO, AVOCADO",4.97235012,5.5,ACRES,ORANGE,(none),3,1.6574500399999998
1220,"ORANGE, TANGELO, AVOCADO",4.97235012,5.5,ACRES,TANGELO,(none),3,1.6574500399999998
1220,"ORANGE, TANGELO, AVOCADO",4.97235012,5.5,ACRES,AVOCADO,(none),3,1.6574500399999998
1221,"KUMQUAT, LEMON, LIME, ORANGE, TANGELO, TANGERINE, APPLE, AVOCADO, GUAVA",22.31760906,19.0,ACRES,KUMQUAT,(none),9,2.47973434
1221,"KUMQUAT, LEMON, LIME, ORANGE, TANGELO, TANGERINE, APPLE, AVOCADO, GUAVA",22.31760906,19.0,ACRES,LEMON,(none),9,2.47973434
1221,"KUMQUAT, LEMON, LIME, ORANGE, TANGELO, TANGERINE, APPLE, AVOCADO, GUAVA",22.31760906,19.0,ACRES,LIME,(none),9,2.47973434
1221,"KUMQUAT, LEMON, LIME, ORANGE, TANGELO, TANGERINE, APPLE, AVOCADO, GUAVA",22.31760906,19.0,ACRES,ORANGE,(none),9,2.47973434
1221,"KUMQUAT, LEMON, LIME, ORANGE, TANGELO, TANGERINE, APPLE, AVOCADO, GUAVA",22.31760906,19.0,ACRES,TANGELO,(none),9,2.47973434
1221,"KUMQUAT, LEMON, LIME, ORANGE, TANGELO, TANGERINE, APPLE, AVOCADO, GUAVA",22.31760906,19.0,ACRES,TANGERINE,(none),9,2.47973434
1221,"KUMQUAT, LEMON, LIME, ORANGE, TANGELO, TANGERINE, APPLE, AVOCADO, GUAVA",22.31760906,19.0,ACRES,APPLE,(none),9,2.47973434
1221,"KUMQUAT, LEMON, LIME, ORANGE, TANGELO, TANGERINE, APPLE, AVOCADO, GUAVA",22.31760906,19.0,ACRES,AVOCADO,(none),9,2.47973434
1221,"KUMQUAT, LEMON, LIME, ORANGE, TANGELO, TANGERINE, APPLE, AVOCADO, GUAVA",22.31760906,19.0,ACRES,GUAVA,(none),9,2.47973434
1222,"ORANGE, TANGELO, POMEGRANATE",2.3036668,3.0,ACRES,ORANGE,(none),3,0.7678889333333333
1222,"ORANGE, TANGELO, POMEGRANATE",2.3036668,3.0,ACRES,TANGELO,(none),3,0.7678889333333333
1222,"ORANGE, TANGELO, POMEGRANATE",2.3036668,3.0,ACRES,POMEGRANATE,(none),3,0.7678889333333333
1223,"CITRUS, GRAPEFRUIT, LEMON, LIME, ORANGE, TANGELO, TANGERINE, AVOCADO",6.146153099999999,7.0,ACRES,CITRUS,(none),8,0.7682691374999999
1223,"CITRUS, GRAPEFRUIT, LEMON, LIME, ORANGE, TANGELO, TANGERINE, AVOCADO",6.146153099999999,7.0,ACRES,GRAPEFRUIT,(none),8,0.7682691374999999
1223,"CITRUS, GRAPEFRUIT, LEMON, LIME, ORANGE, TANGELO, TANGERINE, AVOCADO",6.146153099999999,7.0,ACRES,LEMON,(none),8,0.7682691374999999
1223,"CITRUS, GRAPEFRUIT, LEMON, LIME, ORANGE, TANGELO, TANGERINE, AVOCADO",6.146153099999999,7.0,ACRES,LIME,(none),8,0.7682691374999999
1223,"CITRUS, GRAPEFRUIT, LEMON, LIME, ORANGE, TANGELO, TANGERINE, AVOCADO",6.146153099999999,7.0,ACRES,ORANGE,(none),8,0.7682691374999999
1223,"CITRUS, GRAPEFRUIT, LEMON, LIME, ORANGE, TANGELO, TANGERINE, AVOCADO",6.146153099999999,7.0,ACRES,TANGELO,(none),8,0.7682691374999999
1223,"CITRUS, GRAPEFRUIT, LEMON, LIME, ORANGE, TANGELO, TANGERINE, AVOCADO",6.146153099999999,7.0,ACRES,TANGERINE,(none),8,0.7682691374999999
1223,"CITRUS, GRAPEFRUIT, LEMON, LIME, ORANGE, TANGELO, TANGERINE, AVOCADO",6.146153099999999,7.0,ACRES,AVOCADO,(none),8,0.7682691374999999
1224,TANGELO,6.31689559,6.0,ACRES,TANGELO,(none),1,6.31689559
1225,LEMON,9.35357637,9.0,ACRES,LEMON,(none),1,9.35357637
1226,"GRAPEFRUIT, ORANGE",9.16867702,9.5,ACRES,GRAPEFRUIT,(none),2,4.58433851
1226,"GRAPEFRUIT, ORANGE",9.16867702,9.5,ACRES,ORANGE,(none),2,4.58433851
1227,"GRAPEFRUIT, LEMON, LIME, ORANGE, PERSIMMON, AVOCADO",4.83708559,5.0,ACRES,GRAPEFRUIT,(none),6,0.8061809316666667
1227,"GRAPEFRUIT, LEMON, LIME, ORANGE, PERSIMMON, AVOCADO",4.83708559,5.0,ACRES,LEMON,(none),6,0.8061809316666667
1227,"GRAPEFRUIT, LEMON, LIME, ORANGE, PERSIMMON, AVOCADO",4.83708559,5.0,ACRES,LIME,(none),6,0.8061809316666667
1227,"GRAPEFRUIT, LEMON, LIME, ORANGE, PERSIMMON, AVOCADO",4.83708559,5.0,ACRES,ORANGE,(none),6,0.8061809316666667
1227,"GRAPEFRUIT, LEMON, LIME, ORANGE, PERSIMMON, AVOCADO",4.83708559,5.0,ACRES,PERSIMMON,(none),6,0.8061809316666667
1227,"GRAPEFRUIT, LEMON, LIME, ORANGE, PERSIMMON, AVOCADO",4.83708559,5.0,ACRES,AVOCADO,(none),6,0.8061809316666667
1228,ORANGE,1.41547566,1.5,ACRES,ORANGE,(none),1,1.41547566
1229,"LEMON, LIME, ORANGE",1.1661406699999999,1.5,ACRES,LEMON,(none),3,0.3887135566666666
1229,"LEMON, LIME, ORANGE",1.1661406699999999,1.5,ACRES,LIME,(none),3,0.3887135566666666
1229,"LEMON, LIME, ORANGE",1.1661406699999999,1.5,ACRES,ORANGE,(none),3,0.3887135566666666
1230,"LEMON, UNCULTIVATED AG",3.91820162,4.0,ACRES,LEMON,(none),2,1.95910081
1230,"LEMON, UNCULTIVATED AG",3.91820162,4.0,ACRES,UNCULTIVATED AG,(none),2,1.95910081
1231,LEMON,3.66417638,2.0,ACRES,LEMON,(none),1,3.66417638
1232,"ORANGE, AVOCADO",4.23209499,3.01,ACRES,ORANGE,(none),2,2.116047495
1232,"ORANGE, AVOCADO",4.23209499,3.01,ACRES,AVOCADO,(none),2,2.116047495
1233,LEMON,7.34951781,5.0,ACRES,LEMON,(none),1,7.34951781
1234,"AVOCADO, GRAPE, WINE",20.69138678,16.0,ACRES,AVOCADO,(none),3,6.897128926666666
1234,"AVOCADO, GRAPE, WINE",20.69138678,16.0,ACRES,GRAPE,(none),3,6.897128926666666
1234,"AVOCADO, GRAPE, WINE",20.69138678,16.0,ACRES,WINE,(none),3,6.897128926666666
1235,"N-GRNHS GRWN PLANTS IN CONTAINERS, N-OUTDR CONTAINER/FLD GRWN PLANTS",10.62041824,6.0,ACRES,N-GRNHS GRWN PLANTS IN CONTAINERS,N,2,5.31020912
1235,"N-GRNHS GRWN PLANTS IN CONTAINERS, N-OUTDR CONTAINER/FLD GRWN PLANTS",10.62041824,6.0,ACRES,N-OUTDR CONTAINER/FLD GRWN PLANTS,N,2,5.31020912
1236,N-OUTDR GRWN TRNSPLNT/PRPGTV MTRL,14.133930280000001,12.0,ACRES,N-OUTDR GRWN TRNSPLNT/PRPGTV MTRL,N,1,14.133930280000001
1237,N-OUTDR CONTAINER/FLD GRWN PLANTS,8.87344819,5.0,ACRES,N-OUTDR CONTAINER/FLD GRWN PLANTS,N,1,8.87344819
1238,N-OUTDR CONTAINER/FLD GRWN PLANTS,9.16694583,7.0,ACRES,N-OUTDR CONTAINER/FLD GRWN PLANTS,N,1,9.16694583
1239,N-OUTDR CONTAINER/FLD GRWN PLANTS,2.82774472,5.0,ACRES,N-OUTDR CONTAINER/FLD GRWN PLANTS,N,1,2.82774472
1240,AVOCADO,37.87710745,45.0,ACRES,AVOCADO,(none),1,37.87710745
1241,"N-OUTDR GRWN CUT FLWRS OR GREENS, AVOCADO",25.037569320000003,26.0,ACRES,N-OUTDR GRWN CUT FLWRS OR GREENS,N,2,12.518784660000001
1241,"N-OUTDR GRWN CUT FLWRS OR GREENS, AVOCADO",25.037569320000003,26.0,ACRES,AVOCADO,(none),2,12.518784660000001
1242,"LEMON, AVOCADO, UNCULTIVATED AG",9.75332235,9.0,ACRES,LEMON,(none),3,3.2511074499999997
1242,"LEMON, AVOCADO, UNCULTIVATED AG",9.75332235,9.0,ACRES,AVOCADO,(none),3,3.2511074499999997
1242,"LEMON, AVOCADO, UNCULTIVATED AG",9.75332235,9.0,ACRES,UNCULTIVATED AG,(none),3,3.2511074499999997
1243,AVOCADO,5.465121679999999,5.0,ACRES,AVOCADO,(none),1,5.465121679999999
1244,AVOCADO,5.84131054,6.0,ACRES,AVOCADO,(none),1,5.84131054
1245,"ORANGE, AVOCADO",16.48377854,8.7,ACRES,ORANGE,(none),2,8.24188927
1245,"ORANGE, AVOCADO",16.48377854,8.7,ACRES,AVOCADO,(none),2,8.24188927
1246,AVOCADO,11.278511539999998,12.0,ACRES,AVOCADO,(none),1,11.278511539999998
1247,AVOCADO,39.43203783,38.5,ACRES,AVOCADO,(none),1,39.43203783
1248,"N-OUTDR GRWN CUT FLWRS OR GREENS, AVOCADO",16.09789498,12.0,ACRES,N-OUTDR GRWN CUT FLWRS OR GREENS,N,2,8.04894749
1248,"N-OUTDR GRWN CUT FLWRS OR GREENS, AVOCADO",16.09789498,12.0,ACRES,AVOCADO,(none),2,8.04894749
1249,"RASPBERRY, STRAWBERRY, GRAPEFRUIT, LEMON, LIME, ORANGE, SQUASH, TOMATO, AVOCADO, VEGETABLE, CORN, HUMAN CON",160.51693641,120.0,ACRES,RASPBERRY,(none),12,13.3764113675
1249,"RASPBERRY, STRAWBERRY, GRAPEFRUIT, LEMON, LIME, ORANGE, SQUASH, TOMATO, AVOCADO, VEGETABLE, CORN, HUMAN CON",160.51693641,120.0,ACRES,STRAWBERRY,(none),12,13.3764113675
1249,"RASPBERRY, STRAWBERRY, GRAPEFRUIT, LEMON, LIME, ORANGE, SQUASH, TOMATO, AVOCADO, VEGETABLE, CORN, HUMAN CON",160.51693641,120.0,ACRES,GRAPEFRUIT,(none),12,13.3764113675
1249,"RASPBERRY, STRAWBERRY, GRAPEFRUIT, LEMON, LIME, ORANGE, SQUASH, TOMATO, AVOCADO, VEGETABLE, CORN, HUMAN CON",160.51693641,120.0,ACRES,LEMON,(none),12,13.3764113675
1249,"RASPBERRY, STRAWBERRY, GRAPEFRUIT, LEMON, LIME, ORANGE, SQUASH, TOMATO, AVOCADO, VEGETABLE, CORN, HUMAN CON",160.51693641,120.0,ACRES,LIME,(none),12,13.3764113675
1249,"RASPBERRY, STRAWBERRY, GRAPEFRUIT, LEMON, LIME, ORANGE, SQUASH, TOMATO, AVOCADO, VEGETABLE, CORN, HUMAN CON",160.51693641,120.0,ACRES,ORANGE,(none),12,13.3764113675
1249,"RASPBERRY, STRAWBERRY, GRAPEFRUIT, LEMON, LIME, ORANGE, SQUASH, TOMATO, AVOCADO, VEGETABLE, CORN, HUMAN CON",160.51693641,120.0,ACRES,SQUASH,(none),12,13.3764113675
1249,"RASPBERRY, STRAWBERRY, GRAPEFRUIT, LEMON, LIME, ORANGE, SQUASH, TOMATO, AVOCADO, VEGETABLE, CORN, HUMAN CON",160.51693641,120.0,ACRES,TOMATO,(none),12,13.3764113675
1249,"RASPBERRY, STRAWBERRY, GRAPEFRUIT, LEMON, LIME, ORANGE, SQUASH, TOMATO, AVOCADO, VEGETABLE, CORN, HUMAN CON",160.51693641,120.0,ACRES,AVOCADO,(none),12,13.3764113675
1249,"RASPBERRY, STRAWBERRY, GRAPEFRUIT, LEMON, LIME, ORANGE, SQUASH, TOMATO, AVOCADO, VEGETABLE, CORN, HUMAN CON",160.51693641,120.0,ACRES,VEGETABLE,(none),12,13.3764113675
1249,"RASPBERRY, STRAWBERRY, GRAPEFRUIT, LEMON, LIME, ORANGE, SQUASH, TOMATO, AVOCADO, VEGETABLE, CORN, HUMAN CON",160.51693641,120.0,ACRES,CORN,(none),12,13.3764113675
1249,"RASPBERRY, STRAWBERRY, GRAPEFRUIT, LEMON, LIME, ORANGE, SQUASH, TOMATO, AVOCADO, VEGETABLE, CORN, HUMAN CON",160.51693641,120.0,ACRES,HUMAN CON,(none),12,13.3764113675
1250,"STRAWBERRY, SWEET BASIL, CUCUMBER, SQUASH, TOMATO, BROCCOLI, CABBAGE, KALE, PARSLEY, LETTUCE LEAF, CILANTRO, BEAN SUCCULENT, BEET, CARROT",43.96748657,45.0,ACRES,STRAWBERRY,(none),14,3.140534755
1250,"STRAWBERRY, SWEET BASIL, CUCUMBER, SQUASH, TOMATO, BROCCOLI, CABBAGE, KALE, PARSLEY, LETTUCE LEAF, CILANTRO, BEAN SUCCULENT, BEET, CARROT",43.96748657,45.0,ACRES,SWEET BASIL,(none),14,3.140534755
1250,"STRAWBERRY, SWEET BASIL, CUCUMBER, SQUASH, TOMATO, BROCCOLI, CABBAGE, KALE, PARSLEY, LETTUCE LEAF, CILANTRO, BEAN SUCCULENT, BEET, CARROT",43.96748657,45.0,ACRES,CUCUMBER,(none),14,3.140534755
1250,"STRAWBERRY, SWEET BASIL, CUCUMBER, SQUASH, TOMATO, BROCCOLI, CABBAGE, KALE, PARSLEY, LETTUCE LEAF, CILANTRO, BEAN SUCCULENT, BEET, CARROT",43.96748657,45.0,ACRES,SQUASH,(none),14,3.140534755
1250,"STRAWBERRY, SWEET BASIL, CUCUMBER, SQUASH, TOMATO, BROCCOLI, CABBAGE, KALE, PARSLEY, LETTUCE LEAF, CILANTRO, BEAN SUCCULENT, BEET, CARROT",43.96748657,45.0,ACRES,TOMATO,(none),14,3.140534755
1250,"STRAWBERRY, SWEET BASIL, CUCUMBER, SQUASH, TOMATO, BROCCOLI, CABBAGE, KALE, PARSLEY, LETTUCE LEAF, CILANTRO, BEAN SUCCULENT, BEET, CARROT",43.96748657,45.0,ACRES,BROCCOLI,(none),14,3.140534755
1250,"STRAWBERRY, SWEET BASIL, CUCUMBER, SQUASH, TOMATO, BROCCOLI, CABBAGE, KALE, PARSLEY, LETTUCE LEAF, CILANTRO, BEAN SUCCULENT, BEET, CARROT",43.96748657,45.0,ACRES,CABBAGE,(none),14,3.140534755
1250,"STRAWBERRY, SWEET BASIL, CUCUMBER, SQUASH, TOMATO, BROCCOLI, CABBAGE, KALE, PARSLEY, LETTUCE LEAF, CILANTRO, BEAN SUCCULENT, BEET, CARROT",43.96748657,45.0,ACRES,KALE,(none),14,3.140534755
1250,"STRAWBERRY, SWEET BASIL, CUCUMBER, SQUASH, TOMATO, BROCCOLI, CABBAGE, KALE, PARSLEY, LETTUCE LEAF, CILANTRO, BEAN SUCCULENT, BEET, CARROT",43.96748657,45.0,ACRES,PARSLEY,(none),14,3.140534755
1250,"STRAWBERRY, SWEET BASIL, CUCUMBER, SQUASH, TOMATO, BROCCOLI, CABBAGE, KALE, PARSLEY, LETTUCE LEAF, CILANTRO, BEAN SUCCULENT, BEET, CARROT",43.96748657,45.0,ACRES,LETTUCE LEAF,(none),14,3.140534755
1250,"STRAWBERRY, SWEET BASIL, CUCUMBER, SQUASH, TOMATO, BROCCOLI, CABBAGE, KALE, PARSLEY, LETTUCE LEAF, CILANTRO, BEAN SUCCULENT, BEET, CARROT",43.96748657,45.0,ACRES,CILANTRO,(none),14,3.140534755
1250,"STRAWBERRY, SWEET BASIL, CUCUMBER, SQUASH, TOMATO, BROCCOLI, CABBAGE, KALE, PARSLEY, LETTUCE LEAF, CILANTRO, BEAN SUCCULENT, BEET, CARROT",43.96748657,45.0,ACRES,BEAN SUCCULENT,(none),14,3.140534755
1250,"STRAWBERRY, SWEET BASIL, CUCUMBER, SQUASH, TOMATO, BROCCOLI, CABBAGE, KALE, PARSLEY, LETTUCE LEAF, CILANTRO, BEAN SUCCULENT, BEET, CARROT",43.96748657,45.0,ACRES,BEET,(none),14,3.140534755
1250,"STRAWBERRY, SWEET BASIL, CUCUMBER, SQUASH, TOMATO, BROCCOLI, CABBAGE, KALE, PARSLEY, LETTUCE LEAF, CILANTRO, BEAN SUCCULENT, BEET, CARROT",43.96748657,45.0,ACRES,CARROT,(none),14,3.140534755
1251,"STRAWBERRY, SWEET BASIL, CUCUMBER, SQUASH, TOMATO, BROCCOLI, CABBAGE, KALE, PARSLEY, LETTUCE LEAF, CILANTRO, BEAN SUCCULENT, BEET, CARROT, MELON",2.67570045,0.0, ,STRAWBERRY,(none),15,0.17838003
1251,"STRAWBERRY, SWEET BASIL, CUCUMBER, SQUASH, TOMATO, BROCCOLI, CABBAGE, KALE, PARSLEY, LETTUCE LEAF, CILANTRO, BEAN SUCCULENT, BEET, CARROT, MELON",2.67570045,0.0, ,SWEET BASIL,(none),15,0.17838003
1251,"STRAWBERRY, SWEET BASIL, CUCUMBER, SQUASH, TOMATO, BROCCOLI, CABBAGE, KALE, PARSLEY, LETTUCE LEAF, CILANTRO, BEAN SUCCULENT, BEET, CARROT, MELON",2.67570045,0.0, ,CUCUMBER,(none),15,0.17838003
1251,"STRAWBERRY, SWEET BASIL, CUCUMBER, SQUASH, TOMATO, BROCCOLI, CABBAGE, KALE, PARSLEY, LETTUCE LEAF, CILANTRO, BEAN SUCCULENT, BEET, CARROT, MELON",2.67570045,0.0, ,SQUASH,(none),15,0.17838003
1251,"STRAWBERRY, SWEET BASIL, CUCUMBER, SQUASH, TOMATO, BROCCOLI, CABBAGE, KALE, PARSLEY, LETTUCE LEAF, CILANTRO, BEAN SUCCULENT, BEET, CARROT, MELON",2.67570045,0.0, ,TOMATO,(none),15,0.17838003
1251,"STRAWBERRY, SWEET BASIL, CUCUMBER, SQUASH, TOMATO, BROCCOLI, CABBAGE, KALE, PARSLEY, LETTUCE LEAF, CILANTRO, BEAN SUCCULENT, BEET, CARROT, MELON",2.67570045,0.0, ,BROCCOLI,(none),15,0.17838003
1251,"STRAWBERRY, SWEET BASIL, CUCUMBER, SQUASH, TOMATO, BROCCOLI, CABBAGE, KALE, PARSLEY, LETTUCE LEAF, CILANTRO, BEAN SUCCULENT, BEET, CARROT, MELON",2.67570045,0.0, ,CABBAGE,(none),15,0.17838003
1251,"STRAWBERRY, SWEET BASIL, CUCUMBER, SQUASH, TOMATO, BROCCOLI, CABBAGE, KALE, PARSLEY, LETTUCE LEAF, CILANTRO, BEAN SUCCULENT, BEET, CARROT, MELON",2.67570045,0.0, ,KALE,(none),15,0.17838003
1251,"STRAWBERRY, SWEET BASIL, CUCUMBER, SQUASH, TOMATO, BROCCOLI, CABBAGE, KALE, PARSLEY, LETTUCE LEAF, CILANTRO, BEAN SUCCULENT, BEET, CARROT, MELON",2.67570045,0.0, ,PARSLEY,(none),15,0.17838003
1251,"STRAWBERRY, SWEET BASIL, CUCUMBER, SQUASH, TOMATO, BROCCOLI, CABBAGE, KALE, PARSLEY, LETTUCE LEAF, CILANTRO, BEAN SUCCULENT, BEET, CARROT, MELON",2.67570045,0.0, ,LETTUCE LEAF,(none),15,0.17838003
1251,"STRAWBERRY, SWEET BASIL, CUCUMBER, SQUASH, TOMATO, BROCCOLI, CABBAGE, KALE, PARSLEY, LETTUCE LEAF, CILANTRO, BEAN SUCCULENT, BEET, CARROT, MELON",2.67570045,0.0, ,CILANTRO,(none),15,0.17838003
1251,"STRAWBERRY, SWEET BASIL, CUCUMBER, SQUASH, TOMATO, BROCCOLI, CABBAGE, KALE, PARSLEY, LETTUCE LEAF, CILANTRO, BEAN SUCCULENT, BEET, CARROT, MELON",2.67570045,0.0, ,BEAN SUCCULENT,(none),15,0.17838003
1251,"STRAWBERRY, SWEET BASIL, CUCUMBER, SQUASH, TOMATO, BROCCOLI, CABBAGE, KALE, PARSLEY, LETTUCE LEAF, CILANTRO, BEAN SUCCULENT, BEET, CARROT, MELON",2.67570045,0.0, ,BEET,(none),15,0.17838003
1251,"STRAWBERRY, SWEET BASIL, CUCUMBER, SQUASH, TOMATO, BROCCOLI, CABBAGE, KALE, PARSLEY, LETTUCE LEAF, CILANTRO, BEAN SUCCULENT, BEET, CARROT, MELON",2.67570045,0.0, ,CARROT,(none),15,0.17838003
1251,"STRAWBERRY, SWEET BASIL, CUCUMBER, SQUASH, TOMATO, BROCCOLI, CABBAGE, KALE, PARSLEY, LETTUCE LEAF, CILANTRO, BEAN SUCCULENT, BEET, CARROT, MELON",2.67570045,0.0, ,MELON,(none),15,0.17838003
1252,N-GRNHS GRWN PLANTS IN CONTAINERS,2.43282061,86000.0,SQUARE FEET,N-GRNHS GRWN PLANTS IN CONTAINERS,N,1,2.43282061
1253,N-GRNHS GRWN PLANTS IN CONTAINERS,1.97626782,69000.0,SQUARE FEET,N-GRNHS GRWN PLANTS IN CONTAINERS,N,1,1.97626782
1254,"AVOCADO, FARM/AG BUILDING",82.74505904,70.0,ACRES,AVOCADO,(none),2,41.37252952
1254,"AVOCADO, FARM/AG BUILDING",82.74505904,70.0,ACRES,FARM/AG BUILDING,(none),2,41.37252952
1255,"ORANGE, AVOCADO",12.33639226,28.0,ACRES,ORANGE,(none),2,6.16819613
1255,"ORANGE, AVOCADO",12.33639226,28.0,ACRES,AVOCADO,(none),2,6.16819613
1256,"LEMON, AVOCADO",28.95867497,65.0,ACRES,LEMON,(none),2,14.479337485
1256,"LEMON, AVOCADO",28.95867497,65.0,ACRES,AVOCADO,(none),2,14.479337485
1257,"LEMON, AVOCADO",168.13907894000002,160.0,ACRES,LEMON,(none),2,84.06953947000001
1257,"LEMON, AVOCADO",168.13907894000002,160.0,ACRES,AVOCADO,(none),2,84.06953947000001
1258,"GRAPE, WINE",7.84124947,5.0,ACRES,GRAPE,(none),2,3.920624735
1258,"GRAPE, WINE",7.84124947,5.0,ACRES,WINE,(none),2,3.920624735
1259,"GRAPE, WINE",10.79310607,8.0,ACRES,GRAPE,(none),2,5.396553035
1259,"GRAPE, WINE",10.79310607,8.0,ACRES,WINE,(none),2,5.396553035
1260,"GRAPE, WINE",4.00481436,1.2,ACRES,GRAPE,(none),2,2.00240718
1260,"GRAPE, WINE",4.00481436,1.2,ACRES,WINE,(none),2,2.00240718
1261,"GRAPE, WINE",3.78967076,0.4,ACRES,GRAPE,(none),2,1.89483538
1261,"GRAPE, WINE",3.78967076,0.4,ACRES,WINE,(none),2,1.89483538
1262,"GRAPE, WINE",2.3408185699999997,1.0,ACRES,GRAPE,(none),2,1.1704092849999999
1262,"GRAPE, WINE",2.3408185699999997,1.0,ACRES,WINE,(none),2,1.1704092849999999
1263,"GRAPE, WINE",0.7151768500000001,4.0,ACRES,GRAPE,(none),2,0.35758842500000004
1263,"GRAPE, WINE",0.7151768500000001,4.0,ACRES,WINE,(none),2,0.35758842500000004
1264,"SQUASH, EGGPLANT, TOMATO, MELON",2.30550984,0.5,ACRES,SQUASH,(none),4,0.57637746
1264,"SQUASH, EGGPLANT, TOMATO, MELON",2.30550984,0.5,ACRES,EGGPLANT,(none),4,0.57637746
1264,"SQUASH, EGGPLANT, TOMATO, MELON",2.30550984,0.5,ACRES,TOMATO,(none),4,0.57637746
1264,"SQUASH, EGGPLANT, TOMATO, MELON",2.30550984,0.5,ACRES,MELON,(none),4,0.57637746
1265,"GRAPE, WINE",0.69427749,0.66,ACRES,GRAPE,(none),2,0.347138745
1265,"GRAPE, WINE",0.69427749,0.66,ACRES,WINE,(none),2,0.347138745
1266,"GRAPE, WINE",4.010295080000001,0.5,ACRES,GRAPE,(none),2,2.0051475400000003
1266,"GRAPE, WINE",4.010295080000001,0.5,ACRES,WINE,(none),2,2.0051475400000003
1267,LEMON,12.18364899,10.0,ACRES,LEMON,(none),1,12.18364899
1268,"GRAPE, WINE",1.3698607600000001,4.5,ACRES,GRAPE,(none),2,0.6849303800000001
1268,"GRAPE, WINE",1.3698607600000001,4.5,ACRES,WINE,(none),2,0.6849303800000001
1269,"CITRUS, APPLE, STONE FRUIT, CHERRY, TROPICAL/SUBTROPICAL FRUIT, POMEGRANATE, JUJUBE, AVOCADO, GRAPE",6.94649306,7.0,ACRES,CITRUS,(none),9,0.7718325622222222
1269,"CITRUS, APPLE, STONE FRUIT, CHERRY, TROPICAL/SUBTROPICAL FRUIT, POMEGRANATE, JUJUBE, AVOCADO, GRAPE",6.94649306,7.0,ACRES,APPLE,(none),9,0.7718325622222222
1269,"CITRUS, APPLE, STONE FRUIT, CHERRY, TROPICAL/SUBTROPICAL FRUIT, POMEGRANATE, JUJUBE, AVOCADO, GRAPE",6.94649306,7.0,ACRES,STONE FRUIT,(none),9,0.7718325622222222
1269,"CITRUS, APPLE, STONE FRUIT, CHERRY, TROPICAL/SUBTROPICAL FRUIT, POMEGRANATE, JUJUBE, AVOCADO, GRAPE",6.94649306,7.0,ACRES,CHERRY,(none),9,0.7718325622222222
1269,"CITRUS, APPLE, STONE FRUIT, CHERRY, TROPICAL/SUBTROPICAL FRUIT, POMEGRANATE, JUJUBE, AVOCADO, GRAPE",6.94649306,7.0,ACRES,TROPICAL/SUBTROPICAL FRUIT,(none),9,0.7718325622222222
1269,"CITRUS, APPLE, STONE FRUIT, CHERRY, TROPICAL/SUBTROPICAL FRUIT, POMEGRANATE, JUJUBE, AVOCADO, GRAPE",6.94649306,7.0,ACRES,POMEGRANATE,(none),9,0.7718325622222222
1269,"CITRUS, APPLE, STONE FRUIT, CHERRY, TROPICAL/SUBTROPICAL FRUIT, POMEGRANATE, JUJUBE, AVOCADO, GRAPE",6.94649306,7.0,ACRES,JUJUBE,(none),9,0.7718325622222222
1269,"CITRUS, APPLE, STONE FRUIT, CHERRY, TROPICAL/SUBTROPICAL FRUIT, POMEGRANATE, JUJUBE, AVOCADO, GRAPE",6.94649306,7.0,ACRES,AVOCADO,(none),9,0.7718325622222222
1269,"CITRUS, APPLE, STONE FRUIT, CHERRY, TROPICAL/SUBTROPICAL FRUIT, POMEGRANATE, JUJUBE, AVOCADO, GRAPE",6.94649306,7.0,ACRES,GRAPE,(none),9,0.7718325622222222
1270,"N-GRNHS GRWN PLANTS IN CONTAINERS, N-OUTDR CONTAINER/FLD GRWN PLANTS",0.41173369,0.4,ACRES,N-GRNHS GRWN PLANTS IN CONTAINERS,N,2,0.205866845
1270,"N-GRNHS GRWN PLANTS IN CONTAINERS, N-OUTDR CONTAINER/FLD GRWN PLANTS",0.41173369,0.4,ACRES,N-OUTDR CONTAINER/FLD GRWN PLANTS,N,2,0.205866845
1271,"GRAPE, WINE",19.0576148,19.0,ACRES,GRAPE,(none),2,9.5288074
1271,"GRAPE, WINE",19.0576148,19.0,ACRES,WINE,(none),2,9.5288074
1272,"GRAPE, WINE",1.00231476,1.0,ACRES,GRAPE,(none),2,0.50115738
1272,"GRAPE, WINE",1.00231476,1.0,ACRES,WINE,(none),2,0.50115738
1273,OLIVE,6.658820550000001,10.0,ACRES,OLIVE,(none),1,6.658820550000001
1274,"GRAPE, WINE",0.57731056,0.5,ACRES,GRAPE,(none),2,0.28865528
1274,"GRAPE, WINE",0.57731056,0.5,ACRES,WINE,(none),2,0.28865528
1275,"GRAPE, WINE",0.6586267400000001,0.3,ACRES,GRAPE,(none),2,0.32931337000000005
1275,"GRAPE, WINE",0.6586267400000001,0.3,ACRES,WINE,(none),2,0.32931337000000005
1276,"GRAPE, WINE",0.60492857,0.5,ACRES,GRAPE,(none),2,0.302464285
1276,"GRAPE, WINE",0.60492857,0.5,ACRES,WINE,(none),2,0.302464285
1277,GRAPEFRUIT,9.62450385,9.25,ACRES,GRAPEFRUIT,(none),1,9.62450385
1278,AVOCADO,16.10483245,8.5,ACRES,AVOCADO,(none),1,16.10483245
1279,AVOCADO,21.2668336,24.0,ACRES,AVOCADO,(none),1,21.2668336
1280,AVOCADO,11.4879969,8.0,ACRES,AVOCADO,(none),1,11.4879969
1281,NUTS,1.23197101,2.0,ACRES,NUTS,(none),1,1.23197101
1282,"N-GRNHS GRWN PLANTS IN CONTAINERS, N-OUTDR CONTAINER/FLD GRWN PLANTS",58.86245605,68.0,ACRES,N-GRNHS GRWN PLANTS IN CONTAINERS,N,2,29.431228025
1282,"N-GRNHS GRWN PLANTS IN CONTAINERS, N-OUTDR CONTAINER/FLD GRWN PLANTS",58.86245605,68.0,ACRES,N-OUTDR CONTAINER/FLD GRWN PLANTS,N,2,29.431228025
1283,"N-GRNHS GRWN PLANTS IN CONTAINERS, N-OUTDR CONTAINER/FLD GRWN PLANTS",26.212889490000002,20.0,ACRES,N-GRNHS GRWN PLANTS IN CONTAINERS,N,2,13.106444745000001
1283,"N-GRNHS GRWN PLANTS IN CONTAINERS, N-OUTDR CONTAINER/FLD GRWN PLANTS",26.212889490000002,20.0,ACRES,N-OUTDR CONTAINER/FLD GRWN PLANTS,N,2,13.106444745000001
1284,"N-GRNHS GRWN TRNSPLNT/PRPGTV MTRL, N-OUTDR GRWN TRNSPLNT/PRPGTV MTRL",4.81238191,10.0,ACRES,N-GRNHS GRWN TRNSPLNT/PRPGTV MTRL,N,2,2.406190955
1284,"N-GRNHS GRWN TRNSPLNT/PRPGTV MTRL, N-OUTDR GRWN TRNSPLNT/PRPGTV MTRL",4.81238191,10.0,ACRES,N-OUTDR GRWN TRNSPLNT/PRPGTV MTRL,N,2,2.406190955
1285,"GRAPE, WINE",0.39085839000000006,3.0,ACRES,GRAPE,(none),2,0.19542919500000003
1285,"GRAPE, WINE",0.39085839000000006,3.0,ACRES,WINE,(none),2,0.19542919500000003
1286,"GP-CACTUS, GP-SUCCULENT",5.98290198,2.5,ACRES,GP-CACTUS,GP,2,2.99145099
1286,"GP-CACTUS, GP-SUCCULENT",5.98290198,2.5,ACRES,GP-SUCCULENT,GP,2,2.99145099
1287,"GP-CACTUS, GP-SUCCULENT",5.3358354299999995,2.0,ACRES,GP-CACTUS,GP,2,2.6679177149999997
1287,"GP-CACTUS, GP-SUCCULENT",5.3358354299999995,2.0,ACRES,GP-SUCCULENT,GP,2,2.6679177149999997
1288,"N-GRNHS GRWN PLANTS IN CONTAINERS, N-OUTDR CONTAINER/FLD GRWN PLANTS",1.14471842,5.5,ACRES,N-GRNHS GRWN PLANTS IN CONTAINERS,N,2,0.57235921
1288,"N-GRNHS GRWN PLANTS IN CONTAINERS, N-OUTDR CONTAINER/FLD GRWN PLANTS",1.14471842,5.5,ACRES,N-OUTDR CONTAINER/FLD GRWN PLANTS,N,2,0.57235921
1289,"GRAPEFRUIT, LEMON, LIME, ORANGE, AVOCADO",11.844725369999999,15.0,ACRES,GRAPEFRUIT,(none),5,2.368945074
1289,"GRAPEFRUIT, LEMON, LIME, ORANGE, AVOCADO",11.844725369999999,15.0,ACRES,LEMON,(none),5,2.368945074
1289,"GRAPEFRUIT, LEMON, LIME, ORANGE, AVOCADO",11.844725369999999,15.0,ACRES,LIME,(none),5,2.368945074
1289,"GRAPEFRUIT, LEMON, LIME, ORANGE, AVOCADO",11.844725369999999,15.0,ACRES,ORANGE,(none),5,2.368945074
1289,"GRAPEFRUIT, LEMON, LIME, ORANGE, AVOCADO",11.844725369999999,15.0,ACRES,AVOCADO,(none),5,2.368945074
1290,N-OUTDR GRWN CUT FLWRS OR GREENS,1.3460420800000001,1.5,ACRES,N-OUTDR GRWN CUT FLWRS OR GREENS,N,1,1.3460420800000001
1291,"N-GRNHS GRWN CUT FLWRS OR GREENS, N-OUTDR GRWN CUT FLWRS OR GREENS",0.55333019,1.5,ACRES,N-GRNHS GRWN CUT FLWRS OR GREENS,N,2,0.276665095
1291,"N-GRNHS GRWN CUT FLWRS OR GREENS, N-OUTDR GRWN CUT FLWRS OR GREENS",0.55333019,1.5,ACRES,N-OUTDR GRWN CUT FLWRS OR GREENS,N,2,0.276665095
1292,N-OUTDR GRWN CUT FLWRS OR GREENS,1.09464629,1.0,ACRES,N-OUTDR GRWN CUT FLWRS OR GREENS,N,1,1.09464629
1293,"N-GRNHS GRWN CUT FLWRS OR GREENS, N-OUTDR GRWN CUT FLWRS OR GREENS",8.74882626,5.0,ACRES,N-GRNHS GRWN CUT FLWRS OR GREENS,N,2,4.37441313
1293,"N-GRNHS GRWN CUT FLWRS OR GREENS, N-OUTDR GRWN CUT FLWRS OR GREENS",8.74882626,5.0,ACRES,N-OUTDR GRWN CUT FLWRS OR GREENS,N,2,4.37441313
1294,N-OUTDR CONTAINER/FLD GRWN PLANTS,1.32471336,2.0,ACRES,N-OUTDR CONTAINER/FLD GRWN PLANTS,N,1,1.32471336
1295,AVOCADO,6.5931131899999995,6.0,ACRES,AVOCADO,(none),1,6.5931131899999995
1296,AVOCADO,144.27847893,110.0,ACRES,AVOCADO,(none),1,144.27847893
1297,"HERB, SPICE, ANISE, SWEET BASIL, SAGE, ENDIVE (ESCAROLE), LETTUCE LEAF, FENNEL, MINT, ROSEMARY",0.77919958,2.0,ACRES,HERB,(none),10,0.077919958
1297,"HERB, SPICE, ANISE, SWEET BASIL, SAGE, ENDIVE (ESCAROLE), LETTUCE LEAF, FENNEL, MINT, ROSEMARY",0.77919958,2.0,ACRES,SPICE,(none),10,0.077919958
1297,"HERB, SPICE, ANISE, SWEET BASIL, SAGE, ENDIVE (ESCAROLE), LETTUCE LEAF, FENNEL, MINT, ROSEMARY",0.77919958,2.0,ACRES,ANISE,(none),10,0.077919958
1297,"HERB, SPICE, ANISE, SWEET BASIL, SAGE, ENDIVE (ESCAROLE), LETTUCE LEAF, FENNEL, MINT, ROSEMARY",0.77919958,2.0,ACRES,SWEET BASIL,(none),10,0.077919958
1297,"HERB, SPICE, ANISE, SWEET BASIL, SAGE, ENDIVE (ESCAROLE), LETTUCE LEAF, FENNEL, MINT, ROSEMARY",0.77919958,2.0,ACRES,SAGE,(none),10,0.077919958
1297,"HERB, SPICE, ANISE, SWEET BASIL, SAGE, ENDIVE (ESCAROLE), LETTUCE LEAF, FENNEL, MINT, ROSEMARY",0.77919958,2.0,ACRES,ENDIVE (ESCAROLE),(none),10,0.077919958
1297,"HERB, SPICE, ANISE, SWEET BASIL, SAGE, ENDIVE (ESCAROLE), LETTUCE LEAF, FENNEL, MINT, ROSEMARY",0.77919958,2.0,ACRES,LETTUCE LEAF,(none),10,0.077919958
1297,"HERB, SPICE, ANISE, SWEET BASIL, SAGE, ENDIVE (ESCAROLE), LETTUCE LEAF, FENNEL, MINT, ROSEMARY",0.77919958,2.0,ACRES,FENNEL,(none),10,0.077919958
1297,"HERB, SPICE, ANISE, SWEET BASIL, SAGE, ENDIVE (ESCAROLE), LETTUCE LEAF, FENNEL, MINT, ROSEMARY",0.77919958,2.0,ACRES,MINT,(none),10,0.077919958
1297,"HERB, SPICE, ANISE, SWEET BASIL, SAGE, ENDIVE (ESCAROLE), LETTUCE LEAF, FENNEL, MINT, ROSEMARY",0.77919958,2.0,ACRES,ROSEMARY,(none),10,0.077919958
1298,N-OUTDR CONTAINER/FLD GRWN PLANTS,1.89828349,2.0,ACRES,N-OUTDR CONTAINER/FLD GRWN PLANTS,N,1,1.89828349
1299,N-GRNHS GRWN PLANTS IN CONTAINERS,1.99584161,18000.0,SQUARE FEET,N-GRNHS GRWN PLANTS IN CONTAINERS,N,1,1.99584161
1300,N-GRNHS GRWN PLANTS IN CONTAINERS,3.19681394,2.0,ACRES,N-GRNHS GRWN PLANTS IN CONTAINERS,N,1,3.19681394
1301,"CITRUS, APPLE, CHERIMOYA, TOMATO, AVOCADO",12.32158506,11.0,ACRES,CITRUS,(none),5,2.464317012
1301,"CITRUS, APPLE, CHERIMOYA, TOMATO, AVOCADO",12.32158506,11.0,ACRES,APPLE,(none),5,2.464317012
1301,"CITRUS, APPLE, CHERIMOYA, TOMATO, AVOCADO",12.32158506,11.0,ACRES,CHERIMOYA,(none),5,2.464317012
1301,"CITRUS, APPLE, CHERIMOYA, TOMATO, AVOCADO",12.32158506,11.0,ACRES,TOMATO,(none),5,2.464317012
1301,"CITRUS, APPLE, CHERIMOYA, TOMATO, AVOCADO",12.32158506,11.0,ACRES,AVOCADO,(none),5,2.464317012
1302,"N-GRNHS GRWN PLANTS IN CONTAINERS, N-OUTDR CONTAINER/FLD GRWN PLANTS, STRAWBERRY, CITRUS, POMEGRANATE, SWEET BASIL, CUCUMBER, SQUASH, EGGPLANT, TOMATO, KALE, LETTUCE LEAF, ONION DRY ETC, AVOCADO",15.61630736,16.0,ACRES,N-GRNHS GRWN PLANTS IN CONTAINERS,N,14,1.1154505257142857
1302,"N-GRNHS GRWN PLANTS IN CONTAINERS, N-OUTDR CONTAINER/FLD GRWN PLANTS, STRAWBERRY, CITRUS, POMEGRANATE, SWEET BASIL, CUCUMBER, SQUASH, EGGPLANT, TOMATO, KALE, LETTUCE LEAF, ONION DRY ETC, AVOCADO",15.61630736,16.0,ACRES,N-OUTDR CONTAINER/FLD GRWN PLANTS,N,14,1.1154505257142857
1302,"N-GRNHS GRWN PLANTS IN CONTAINERS, N-OUTDR CONTAINER/FLD GRWN PLANTS, STRAWBERRY, CITRUS, POMEGRANATE, SWEET BASIL, CUCUMBER, SQUASH, EGGPLANT, TOMATO, KALE, LETTUCE LEAF, ONION DRY ETC, AVOCADO",15.61630736,16.0,ACRES,STRAWBERRY,(none),14,1.1154505257142857
1302,"N-GRNHS GRWN PLANTS IN CONTAINERS, N-OUTDR CONTAINER/FLD GRWN PLANTS, STRAWBERRY, CITRUS, POMEGRANATE, SWEET BASIL, CUCUMBER, SQUASH, EGGPLANT, TOMATO, KALE, LETTUCE LEAF, ONION DRY ETC, AVOCADO",15.61630736,16.0,ACRES,CITRUS,(none),14,1.1154505257142857
1302,"N-GRNHS GRWN PLANTS IN CONTAINERS, N-OUTDR CONTAINER/FLD GRWN PLANTS, STRAWBERRY, CITRUS, POMEGRANATE, SWEET BASIL, CUCUMBER, SQUASH, EGGPLANT, TOMATO, KALE, LETTUCE LEAF, ONION DRY ETC, AVOCADO",15.61630736,16.0,ACRES,POMEGRANATE,(none),14,1.1154505257142857
1302,"N-GRNHS GRWN PLANTS IN CONTAINERS, N-OUTDR CONTAINER/FLD GRWN PLANTS, STRAWBERRY, CITRUS, POMEGRANATE, SWEET BASIL, CUCUMBER, SQUASH, EGGPLANT, TOMATO, KALE, LETTUCE LEAF, ONION DRY ETC, AVOCADO",15.61630736,16.0,ACRES,SWEET BASIL,(none),14,1.1154505257142857
1302,"N-GRNHS GRWN PLANTS IN CONTAINERS, N-OUTDR CONTAINER/FLD GRWN PLANTS, STRAWBERRY, CITRUS, POMEGRANATE, SWEET BASIL, CUCUMBER, SQUASH, EGGPLANT, TOMATO, KALE, LETTUCE LEAF, ONION DRY ETC, AVOCADO",15.61630736,16.0,ACRES,CUCUMBER,(none),14,1.1154505257142857
1302,"N-GRNHS GRWN PLANTS IN CONTAINERS, N-OUTDR CONTAINER/FLD GRWN PLANTS, STRAWBERRY, CITRUS, POMEGRANATE, SWEET BASIL, CUCUMBER, SQUASH, EGGPLANT, TOMATO, KALE, LETTUCE LEAF, ONION DRY ETC, AVOCADO",15.61630736,16.0,ACRES,SQUASH,(none),14,1.1154505257142857
1302,"N-GRNHS GRWN PLANTS IN CONTAINERS, N-OUTDR CONTAINER/FLD GRWN PLANTS, STRAWBERRY, CITRUS, POMEGRANATE, SWEET BASIL, CUCUMBER, SQUASH, EGGPLANT, TOMATO, KALE, LETTUCE LEAF, ONION DRY ETC, AVOCADO",15.61630736,16.0,ACRES,EGGPLANT,(none),14,1.1154505257142857
1302,"N-GRNHS GRWN PLANTS IN CONTAINERS, N-OUTDR CONTAINER/FLD GRWN PLANTS, STRAWBERRY, CITRUS, POMEGRANATE, SWEET BASIL, CUCUMBER, SQUASH, EGGPLANT, TOMATO, KALE, LETTUCE LEAF, ONION DRY ETC, AVOCADO",15.61630736,16.0,ACRES,TOMATO,(none),14,1.1154505257142857
1302,"N-GRNHS GRWN PLANTS IN CONTAINERS, N-OUTDR CONTAINER/FLD GRWN PLANTS, STRAWBERRY, CITRUS, POMEGRANATE, SWEET BASIL, CUCUMBER, SQUASH, EGGPLANT, TOMATO, KALE, LETTUCE LEAF, ONION DRY ETC, AVOCADO",15.61630736,16.0,ACRES,KALE,(none),14,1.1154505257142857
1302,"N-GRNHS GRWN PLANTS IN CONTAINERS, N-OUTDR CONTAINER/FLD GRWN PLANTS, STRAWBERRY, CITRUS, POMEGRANATE, SWEET BASIL, CUCUMBER, SQUASH, EGGPLANT, TOMATO, KALE, LETTUCE LEAF, ONION DRY ETC, AVOCADO",15.61630736,16.0,ACRES,LETTUCE LEAF,(none),14,1.1154505257142857
1302,"N-GRNHS GRWN PLANTS IN CONTAINERS, N-OUTDR CONTAINER/FLD GRWN PLANTS, STRAWBERRY, CITRUS, POMEGRANATE, SWEET BASIL, CUCUMBER, SQUASH, EGGPLANT, TOMATO, KALE, LETTUCE LEAF, ONION DRY ETC, AVOCADO",15.61630736,16.0,ACRES,ONION DRY ETC,(none),14,1.1154505257142857
1302,"N-GRNHS GRWN PLANTS IN CONTAINERS, N-OUTDR CONTAINER/FLD GRWN PLANTS, STRAWBERRY, CITRUS, POMEGRANATE, SWEET BASIL, CUCUMBER, SQUASH, EGGPLANT, TOMATO, KALE, LETTUCE LEAF, ONION DRY ETC, AVOCADO",15.61630736,16.0,ACRES,AVOCADO,(none),14,1.1154505257142857
1303,AVOCADO,4.53261351,5.0,ACRES,AVOCADO,(none),1,4.53261351
1304,AVOCADO,4.63281867,4.5,ACRES,AVOCADO,(none),1,4.63281867
1305,"GRAPE, WINE",57.27085372,65.0,ACRES,GRAPE,(none),2,28.63542686
1305,"GRAPE, WINE",57.27085372,65.0,ACRES,WINE,(none),2,28.63542686
1306,"GRAPE, WINE",0.10491658000000001,0.3,ACRES,GRAPE,(none),2,0.052458290000000005
1306,"GRAPE, WINE",0.10491658000000001,0.3,ACRES,WINE,(none),2,0.052458290000000005
1307,"TANGERINE, PUMPKIN, TOMATO, AVOCADO",16.961819170000002,10.0,ACRES,TANGERINE,(none),4,4.2404547925000005
1307,"TANGERINE, PUMPKIN, TOMATO, AVOCADO",16.961819170000002,10.0,ACRES,PUMPKIN,(none),4,4.2404547925000005
1307,"TANGERINE, PUMPKIN, TOMATO, AVOCADO",16.961819170000002,10.0,ACRES,TOMATO,(none),4,4.2404547925000005
1307,"TANGERINE, PUMPKIN, TOMATO, AVOCADO",16.961819170000002,10.0,ACRES,AVOCADO,(none),4,4.2404547925000005
1308,AVOCADO,4.54255907,2.5,ACRES,AVOCADO,(none),1,4.54255907
1309,AVOCADO,4.1464798499999995,4.0,ACRES,AVOCADO,(none),1,4.1464798499999995
1310,AVOCADO,4.84522589,4.0,ACRES,AVOCADO,(none),1,4.84522589
1311,AVOCADO,23.71576747,20.0,ACRES,AVOCADO,(none),1,23.71576747
1312,ORANGE,2.41983042,1.5,ACRES,ORANGE,(none),1,2.41983042
1313,AVOCADO,15.39869006,10.0,ACRES,AVOCADO,(none),1,15.39869006
1314,AVOCADO,1.7043259899999998,2.0,ACRES,AVOCADO,(none),1,1.7043259899999998
1315,"GRAPE, WINE",10.113373240000001,4.0,ACRES,GRAPE,(none),2,5.056686620000001
1315,"GRAPE, WINE",10.113373240000001,4.0,ACRES,WINE,(none),2,5.056686620000001
1316,"GRAPE, WINE",3.27460238,2.0,ACRES,GRAPE,(none),2,1.63730119
1316,"GRAPE, WINE",3.27460238,2.0,ACRES,WINE,(none),2,1.63730119
1317,"GRAPE, WINE",2.4633799200000004,3.0,ACRES,GRAPE,(none),2,1.2316899600000002
1317,"GRAPE, WINE",2.4633799200000004,3.0,ACRES,WINE,(none),2,1.2316899600000002
1318,"GRAPE, WINE",0.51218946,1.0,ACRES,GRAPE,(none),2,0.25609473
1318,"GRAPE, WINE",0.51218946,1.0,ACRES,WINE,(none),2,0.25609473
1319,"GRAPE, WINE",3.46431424,8.0,ACRES,GRAPE,(none),2,1.73215712
1319,"GRAPE, WINE",3.46431424,8.0,ACRES,WINE,(none),2,1.73215712
1320,"APPLE, PEAR, PEACH",3.37568266,1.5,ACRES,APPLE,(none),3,1.1252275533333334
1320,"APPLE, PEAR, PEACH",3.37568266,1.5,ACRES,PEAR,(none),3,1.1252275533333334
1320,"APPLE, PEAR, PEACH",3.37568266,1.5,ACRES,PEACH,(none),3,1.1252275533333334
1321,"GRAPE, WINE",0.16760294,2.0,ACRES,GRAPE,(none),2,0.08380147
1321,"GRAPE, WINE",0.16760294,2.0,ACRES,WINE,(none),2,0.08380147
1322,"GRAPE, WINE",0.13548019000000003,0.2,ACRES,GRAPE,(none),2,0.06774009500000001
1322,"GRAPE, WINE",0.13548019000000003,0.2,ACRES,WINE,(none),2,0.06774009500000001
1323,"GRAPE, WINE",0.13232805,2.0,ACRES,GRAPE,(none),2,0.066164025
1323,"GRAPE, WINE",0.13232805,2.0,ACRES,WINE,(none),2,0.066164025
1324,"GRAPE, WINE",0.32138391000000005,3.2,ACRES,GRAPE,(none),2,0.16069195500000003
1324,"GRAPE, WINE",0.32138391000000005,3.2,ACRES,WINE,(none),2,0.16069195500000003
1325,"GRAPE, WINE",0.35691436,2.8,ACRES,GRAPE,(none),2,0.17845718
1325,"GRAPE, WINE",0.35691436,2.8,ACRES,WINE,(none),2,0.17845718
1326,"GRAPE, WINE",2.9155644400000003,3.0,ACRES,GRAPE,(none),2,1.4577822200000001
1326,"GRAPE, WINE",2.9155644400000003,3.0,ACRES,WINE,(none),2,1.4577822200000001
1327,"GRAPE, WINE",0.43103226,2.0,ACRES,GRAPE,(none),2,0.21551613
1327,"GRAPE, WINE",0.43103226,2.0,ACRES,WINE,(none),2,0.21551613
1328,"GRAPE, WINE",4.3229475,4.0,ACRES,GRAPE,(none),2,2.16147375
1328,"GRAPE, WINE",4.3229475,4.0,ACRES,WINE,(none),2,2.16147375
1329,"GRAPE, WINE",0.6878803600000001,3.8,ACRES,GRAPE,(none),2,0.34394018000000004
1329,"GRAPE, WINE",0.6878803600000001,3.8,ACRES,WINE,(none),2,0.34394018000000004
1330,"GRAPE, WINE",0.36459238,1.0,ACRES,GRAPE,(none),2,0.18229619
1330,"GRAPE, WINE",0.36459238,1.0,ACRES,WINE,(none),2,0.18229619
1331,"GRAPE, WINE",0.6733361,1.5,ACRES,GRAPE,(none),2,0.33666805
1331,"GRAPE, WINE",0.6733361,1.5,ACRES,WINE,(none),2,0.33666805
1332,"GRAPE, WINE",13.53033963,1.5,ACRES,GRAPE,(none),2,6.765169815
1332,"GRAPE, WINE",13.53033963,1.5,ACRES,WINE,(none),2,6.765169815
1333,"LEMON, AVOCADO",5.91669304,17.0,ACRES,LEMON,(none),2,2.95834652
1333,"LEMON, AVOCADO",5.91669304,17.0,ACRES,AVOCADO,(none),2,2.95834652
1334,"HERB, SPICE, SWEET BASIL, DILL, SAGE, TARRAGON, CUCUMBER, TOMATO, PARSLEY, CHERVIL, ARUGULA, CILANTRO, OKRA, MINT, ROSEMARY, THYME",35.1019566,35.0,ACRES,HERB,(none),16,2.1938722875
1334,"HERB, SPICE, SWEET BASIL, DILL, SAGE, TARRAGON, CUCUMBER, TOMATO, PARSLEY, CHERVIL, ARUGULA, CILANTRO, OKRA, MINT, ROSEMARY, THYME",35.1019566,35.0,ACRES,SPICE,(none),16,2.1938722875
1334,"HERB, SPICE, SWEET BASIL, DILL, SAGE, TARRAGON, CUCUMBER, TOMATO, PARSLEY, CHERVIL, ARUGULA, CILANTRO, OKRA, MINT, ROSEMARY, THYME",35.1019566,35.0,ACRES,SWEET BASIL,(none),16,2.1938722875
1334,"HERB, SPICE, SWEET BASIL, DILL, SAGE, TARRAGON, CUCUMBER, TOMATO, PARSLEY, CHERVIL, ARUGULA, CILANTRO, OKRA, MINT, ROSEMARY, THYME",35.1019566,35.0,ACRES,DILL,(none),16,2.1938722875
1334,"HERB, SPICE, SWEET BASIL, DILL, SAGE, TARRAGON, CUCUMBER, TOMATO, PARSLEY, CHERVIL, ARUGULA, CILANTRO, OKRA, MINT, ROSEMARY, THYME",35.1019566,35.0,ACRES,SAGE,(none),16,2.1938722875
1334,"HERB, SPICE, SWEET BASIL, DILL, SAGE, TARRAGON, CUCUMBER, TOMATO, PARSLEY, CHERVIL, ARUGULA, CILANTRO, OKRA, MINT, ROSEMARY, THYME",35.1019566,35.0,ACRES,TARRAGON,(none),16,2.1938722875
1334,"HERB, SPICE, SWEET BASIL, DILL, SAGE, TARRAGON, CUCUMBER, TOMATO, PARSLEY, CHERVIL, ARUGULA, CILANTRO, OKRA, MINT, ROSEMARY, THYME",35.1019566,35.0,ACRES,CUCUMBER,(none),16,2.1938722875
1334,"HERB, SPICE, SWEET BASIL, DILL, SAGE, TARRAGON, CUCUMBER, TOMATO, PARSLEY, CHERVIL, ARUGULA, CILANTRO, OKRA, MINT, ROSEMARY, THYME",35.1019566,35.0,ACRES,TOMATO,(none),16,2.1938722875
1334,"HERB, SPICE, SWEET BASIL, DILL, SAGE, TARRAGON, CUCUMBER, TOMATO, PARSLEY, CHERVIL, ARUGULA, CILANTRO, OKRA, MINT, ROSEMARY, THYME",35.1019566,35.0,ACRES,PARSLEY,(none),16,2.1938722875
1334,"HERB, SPICE, SWEET BASIL, DILL, SAGE, TARRAGON, CUCUMBER, TOMATO, PARSLEY, CHERVIL, ARUGULA, CILANTRO, OKRA, MINT, ROSEMARY, THYME",35.1019566,35.0,ACRES,CHERVIL,(none),16,2.1938722875
1334,"HERB, SPICE, SWEET BASIL, DILL, SAGE, TARRAGON, CUCUMBER, TOMATO, PARSLEY, CHERVIL, ARUGULA, CILANTRO, OKRA, MINT, ROSEMARY, THYME",35.1019566,35.0,ACRES,ARUGULA,(none),16,2.1938722875
1334,"HERB, SPICE, SWEET BASIL, DILL, SAGE, TARRAGON, CUCUMBER, TOMATO, PARSLEY, CHERVIL, ARUGULA, CILANTRO, OKRA, MINT, ROSEMARY, THYME",35.1019566,35.0,ACRES,CILANTRO,(none),16,2.1938722875
1334,"HERB, SPICE, SWEET BASIL, DILL, SAGE, TARRAGON, CUCUMBER, TOMATO, PARSLEY, CHERVIL, ARUGULA, CILANTRO, OKRA, MINT, ROSEMARY, THYME",35.1019566,35.0,ACRES,OKRA,(none),16,2.1938722875
1334,"HERB, SPICE, SWEET BASIL, DILL, SAGE, TARRAGON, CUCUMBER, TOMATO, PARSLEY, CHERVIL, ARUGULA, CILANTRO, OKRA, MINT, ROSEMARY, THYME",35.1019566,35.0,ACRES,MINT,(none),16,2.1938722875
1334,"HERB, SPICE, SWEET BASIL, DILL, SAGE, TARRAGON, CUCUMBER, TOMATO, PARSLEY, CHERVIL, ARUGULA, CILANTRO, OKRA, MINT, ROSEMARY, THYME",35.1019566,35.0,ACRES,ROSEMARY,(none),16,2.1938722875
1334,"HERB, SPICE, SWEET BASIL, DILL, SAGE, TARRAGON, CUCUMBER, TOMATO, PARSLEY, CHERVIL, ARUGULA, CILANTRO, OKRA, MINT, ROSEMARY, THYME",35.1019566,35.0,ACRES,THYME,(none),16,2.1938722875
1335,ORANGE,1.01078747,2.1,ACRES,ORANGE,(none),1,1.01078747
1336,"GRAPE, WINE",0.19419802000000003,0.5,ACRES,GRAPE,(none),2,0.09709901000000001
1336,"GRAPE, WINE",0.19419802000000003,0.5,ACRES,WINE,(none),2,0.09709901000000001
1337,"N-OUTDR GRWN CUT FLWRS OR GREENS, AVOCADO",38.8818475,35.0,ACRES,N-OUTDR GRWN CUT FLWRS OR GREENS,N,2,19.44092375
1337,"N-OUTDR GRWN CUT FLWRS OR GREENS, AVOCADO",38.8818475,35.0,ACRES,AVOCADO,(none),2,19.44092375
1338,"GRAPE, WINE",1.99599532,1.5,ACRES,GRAPE,(none),2,0.99799766
1338,"GRAPE, WINE",1.99599532,1.5,ACRES,WINE,(none),2,0.99799766
1339,N-GRNHS GRWN PLANTS IN CONTAINERS,0.0514915,5000.0,SQUARE FEET,N-GRNHS GRWN PLANTS IN CONTAINERS,N,1,0.0514915
1340,N-GRNHS GRWN PLANTS IN CONTAINERS,2.69748996,3.0,ACRES,N-GRNHS GRWN PLANTS IN CONTAINERS,N,1,2.69748996
1341,N-GRNHS GRWN PLANTS IN CONTAINERS,1.31318074,1.0,ACRES,N-GRNHS GRWN PLANTS IN CONTAINERS,N,1,1.31318074
1342,"GRAPE, WINE",1.15524019,0.5,ACRES,GRAPE,(none),2,0.577620095
1342,"GRAPE, WINE",1.15524019,0.5,ACRES,WINE,(none),2,0.577620095
1343,"GRAPE, WINE",7.70498128,2.0,ACRES,GRAPE,(none),2,3.85249064
1343,"GRAPE, WINE",7.70498128,2.0,ACRES,WINE,(none),2,3.85249064
1344,N-GRNHS GRWN PLANTS IN CONTAINERS,0.9005561400000001,33000.0,SQUARE FEET,N-GRNHS GRWN PLANTS IN CONTAINERS,N,1,0.9005561400000001
1345,"GRAPE, WINE",1.10447785,2.0,ACRES,GRAPE,(none),2,0.552238925
1345,"GRAPE, WINE",1.10447785,2.0,ACRES,WINE,(none),2,0.552238925
1346,N-OUTDR CONTAINER/FLD GRWN PLANTS,0.36639711,1.0,ACRES,N-OUTDR CONTAINER/FLD GRWN PLANTS,N,1,0.36639711
1347,"GRAPE, WINE",46.28510054,15.0,ACRES,GRAPE,(none),2,23.14255027
1347,"GRAPE, WINE",46.28510054,15.0,ACRES,WINE,(none),2,23.14255027
1348,"GRAPE, WINE",9.968686550000001,7.0,ACRES,GRAPE,(none),2,4.9843432750000005
1348,"GRAPE, WINE",9.968686550000001,7.0,ACRES,WINE,(none),2,4.9843432750000005
1349,"GRAPE, WINE",1.934859,4.0,ACRES,GRAPE,(none),2,0.9674295
1349,"GRAPE, WINE",1.934859,4.0,ACRES,WINE,(none),2,0.9674295
1350,N-OUTDR GRWN CUT FLWRS OR GREENS,1.78104196,4.0,ACRES,N-OUTDR GRWN CUT FLWRS OR GREENS,N,1,1.78104196
1351,GF-CHRSTMS TREE,18.0320083,20.0,ACRES,GF-CHRSTMS TREE,GF,1,18.0320083
1352,"GRAPE, WINE",54.05357636,10.0,ACRES,GRAPE,(none),2,27.02678818
1352,"GRAPE, WINE",54.05357636,10.0,ACRES,WINE,(none),2,27.02678818
1353,"APPLE, PEAR",17.10413602,12.5,ACRES,APPLE,(none),2,8.55206801
1353,"APPLE, PEAR",17.10413602,12.5,ACRES,PEAR,(none),2,8.55206801
1354,"GRAPE, WINE",0.8157375200000001,0.5,ACRES,GRAPE,(none),2,0.40786876000000005
1354,"GRAPE, WINE",0.8157375200000001,0.5,ACRES,WINE,(none),2,0.40786876000000005
1355,"BLUEBERRY, STRAWBERRY, SQUASH, VEGETABLE FRTG, TOMATO, VEGETABLE LEAF, OLIVE, VEGETABLE ROOT, CORN, HUMAN CON, GRAPE, WINE",21.46465415,20.0,ACRES,BLUEBERRY,(none),12,1.7887211791666668
1355,"BLUEBERRY, STRAWBERRY, SQUASH, VEGETABLE FRTG, TOMATO, VEGETABLE LEAF, OLIVE, VEGETABLE ROOT, CORN, HUMAN CON, GRAPE, WINE",21.46465415,20.0,ACRES,STRAWBERRY,(none),12,1.7887211791666668
1355,"BLUEBERRY, STRAWBERRY, SQUASH, VEGETABLE FRTG, TOMATO, VEGETABLE LEAF, OLIVE, VEGETABLE ROOT, CORN, HUMAN CON, GRAPE, WINE",21.46465415,20.0,ACRES,SQUASH,(none),12,1.7887211791666668
1355,"BLUEBERRY, STRAWBERRY, SQUASH, VEGETABLE FRTG, TOMATO, VEGETABLE LEAF, OLIVE, VEGETABLE ROOT, CORN, HUMAN CON, GRAPE, WINE",21.46465415,20.0,ACRES,VEGETABLE FRTG,(none),12,1.7887211791666668
1355,"BLUEBERRY, STRAWBERRY, SQUASH, VEGETABLE FRTG, TOMATO, VEGETABLE LEAF, OLIVE, VEGETABLE ROOT, CORN, HUMAN CON, GRAPE, WINE",21.46465415,20.0,ACRES,TOMATO,(none),12,1.7887211791666668
1355,"BLUEBERRY, STRAWBERRY, SQUASH, VEGETABLE FRTG, TOMATO, VEGETABLE LEAF, OLIVE, VEGETABLE ROOT, CORN, HUMAN CON, GRAPE, WINE",21.46465415,20.0,ACRES,VEGETABLE LEAF,(none),12,1.7887211791666668
1355,"BLUEBERRY, STRAWBERRY, SQUASH, VEGETABLE FRTG, TOMATO, VEGETABLE LEAF, OLIVE, VEGETABLE ROOT, CORN, HUMAN CON, GRAPE, WINE",21.46465415,20.0,ACRES,OLIVE,(none),12,1.7887211791666668
1355,"BLUEBERRY, STRAWBERRY, SQUASH, VEGETABLE FRTG, TOMATO, VEGETABLE LEAF, OLIVE, VEGETABLE ROOT, CORN, HUMAN CON, GRAPE, WINE",21.46465415,20.0,ACRES,VEGETABLE ROOT,(none),12,1.7887211791666668
1355,"BLUEBERRY, STRAWBERRY, SQUASH, VEGETABLE FRTG, TOMATO, VEGETABLE LEAF, OLIVE, VEGETABLE ROOT, CORN, HUMAN CON, GRAPE, WINE",21.46465415,20.0,ACRES,CORN,(none),12,1.7887211791666668
1355,"BLUEBERRY, STRAWBERRY, SQUASH, VEGETABLE FRTG, TOMATO, VEGETABLE LEAF, OLIVE, VEGETABLE ROOT, CORN, HUMAN CON, GRAPE, WINE",21.46465415,20.0,ACRES,HUMAN CON,(none),12,1.7887211791666668
1355,"BLUEBERRY, STRAWBERRY, SQUASH, VEGETABLE FRTG, TOMATO, VEGETABLE LEAF, OLIVE, VEGETABLE ROOT, CORN, HUMAN CON, GRAPE, WINE",21.46465415,20.0,ACRES,GRAPE,(none),12,1.7887211791666668
1355,"BLUEBERRY, STRAWBERRY, SQUASH, VEGETABLE FRTG, TOMATO, VEGETABLE LEAF, OLIVE, VEGETABLE ROOT, CORN, HUMAN CON, GRAPE, WINE",21.46465415,20.0,ACRES,WINE,(none),12,1.7887211791666668
1356,"GRAPE, WINE",5.40917982,2.5,ACRES,GRAPE,(none),2,2.70458991
1356,"GRAPE, WINE",5.40917982,2.5,ACRES,WINE,(none),2,2.70458991
1357,"GRAPE, WINE",6.58721993,0.5,ACRES,GRAPE,(none),2,3.293609965
1357,"GRAPE, WINE",6.58721993,0.5,ACRES,WINE,(none),2,3.293609965
1358,"GRAPE, WINE",4.37736617,3.0,ACRES,GRAPE,(none),2,2.188683085
1358,"GRAPE, WINE",4.37736617,3.0,ACRES,WINE,(none),2,2.188683085
1359,"GRAPE, WINE",41.83576824,5.0,ACRES,GRAPE,(none),2,20.91788412
1359,"GRAPE, WINE",41.83576824,5.0,ACRES,WINE,(none),2,20.91788412
1360,CITRUS,1.01011714,1.0,ACRES,CITRUS,(none),1,1.01011714
1361,"CITRUS, AVOCADO",5.59470361,8.0,ACRES,CITRUS,(none),2,2.797351805
1361,"CITRUS, AVOCADO",5.59470361,8.0,ACRES,AVOCADO,(none),2,2.797351805
1362,N-OUTDR GRWN CUT FLWRS OR GREENS,4.44985439,2.0,ACRES,N-OUTDR GRWN CUT FLWRS OR GREENS,N,1,4.44985439
1363,CITRUS,1.50624455,2.67,ACRES,CITRUS,(none),1,1.50624455
1364,"HERB, SPICE, COLE CROP, CABBAGE, KALE, PARSLEY, SWISS CHARD, ONION GREEN",17.997782110000003,8.0,ACRES,HERB,(none),8,2.2497227637500004
1364,"HERB, SPICE, COLE CROP, CABBAGE, KALE, PARSLEY, SWISS CHARD, ONION GREEN",17.997782110000003,8.0,ACRES,SPICE,(none),8,2.2497227637500004
1364,"HERB, SPICE, COLE CROP, CABBAGE, KALE, PARSLEY, SWISS CHARD, ONION GREEN",17.997782110000003,8.0,ACRES,COLE CROP,(none),8,2.2497227637500004
1364,"HERB, SPICE, COLE CROP, CABBAGE, KALE, PARSLEY, SWISS CHARD, ONION GREEN",17.997782110000003,8.0,ACRES,CABBAGE,(none),8,2.2497227637500004
1364,"HERB, SPICE, COLE CROP, CABBAGE, KALE, PARSLEY, SWISS CHARD, ONION GREEN",17.997782110000003,8.0,ACRES,KALE,(none),8,2.2497227637500004
1364,"HERB, SPICE, COLE CROP, CABBAGE, KALE, PARSLEY, SWISS CHARD, ONION GREEN",17.997782110000003,8.0,ACRES,PARSLEY,(none),8,2.2497227637500004
1364,"HERB, SPICE, COLE CROP, CABBAGE, KALE, PARSLEY, SWISS CHARD, ONION GREEN",17.997782110000003,8.0,ACRES,SWISS CHARD,(none),8,2.2497227637500004
1364,"HERB, SPICE, COLE CROP, CABBAGE, KALE, PARSLEY, SWISS CHARD, ONION GREEN",17.997782110000003,8.0,ACRES,ONION GREEN,(none),8,2.2497227637500004
1365,"GRAPE, WINE",0.82074182,1.5,ACRES,GRAPE,(none),2,0.41037091
1365,"GRAPE, WINE",0.82074182,1.5,ACRES,WINE,(none),2,0.41037091
1366,"GRAPE, WINE",0.0965038,0.5,ACRES,GRAPE,(none),2,0.0482519
1366,"GRAPE, WINE",0.0965038,0.5,ACRES,WINE,(none),2,0.0482519
1367,GF-CACTUS,4.56044033,4.25,ACRES,GF-CACTUS,GF,1,4.56044033
1368,GF-CACTUS,3.42341572,2.0,ACRES,GF-CACTUS,GF,1,3.42341572
1369,"N-GRNHS GRWN PLANTS IN CONTAINERS, N-OUTDR CONTAINER/FLD GRWN PLANTS",2.24392326,2.25,ACRES,N-GRNHS GRWN PLANTS IN CONTAINERS,N,2,1.12196163
1369,"N-GRNHS GRWN PLANTS IN CONTAINERS, N-OUTDR CONTAINER/FLD GRWN PLANTS",2.24392326,2.25,ACRES,N-OUTDR CONTAINER/FLD GRWN PLANTS,N,2,1.12196163
1370,STRAWBERRY,8.915377190000001,9.0,ACRES,STRAWBERRY,(none),1,8.915377190000001
1371,"AVOCADO, GRAPE, WINE",10.39239397,11.0,ACRES,AVOCADO,(none),3,3.4641313233333335
1371,"AVOCADO, GRAPE, WINE",10.39239397,11.0,ACRES,GRAPE,(none),3,3.4641313233333335
1371,"AVOCADO, GRAPE, WINE",10.39239397,11.0,ACRES,WINE,(none),3,3.4641313233333335
1372,N-OUTDR GRWN CUT FLWRS OR GREENS,4.37339286,4.0,ACRES,N-OUTDR GRWN CUT FLWRS OR GREENS,N,1,4.37339286
1373,N-OUTDR GRWN CUT FLWRS OR GREENS,13.1840277,12.0,ACRES,N-OUTDR GRWN CUT FLWRS OR GREENS,N,1,13.1840277
1374,"GRAPE, WINE",11.00502031,1.0,ACRES,GRAPE,(none),2,5.502510155
1374,"GRAPE, WINE",11.00502031,1.0,ACRES,WINE,(none),2,5.502510155
1375,"GRAPE, WINE",8.45697059,1.0,ACRES,GRAPE,(none),2,4.228485295
1375,"GRAPE, WINE",8.45697059,1.0,ACRES,WINE,(none),2,4.228485295
1376,AVOCADO,24.935035539999998,8.0,ACRES,AVOCADO,(none),1,24.935035539999998
1377,N-OUTDR GRWN CUT FLWRS OR GREENS,4.20310764,4.0,ACRES,N-OUTDR GRWN CUT FLWRS OR GREENS,N,1,4.20310764
1378,"N-GRNHS GRWN PLANTS IN CONTAINERS, N-OUTDR CONTAINER/FLD GRWN PLANTS",3.6102706799999997,6.0,ACRES,N-GRNHS GRWN PLANTS IN CONTAINERS,N,2,1.8051353399999999
1378,"N-GRNHS GRWN PLANTS IN CONTAINERS, N-OUTDR CONTAINER/FLD GRWN PLANTS",3.6102706799999997,6.0,ACRES,N-OUTDR CONTAINER/FLD GRWN PLANTS,N,2,1.8051353399999999
1379,N-GRNHS GRWN CUT FLWRS OR GREENS,3.1499596700000003,40000.0,SQUARE FEET,N-GRNHS GRWN CUT FLWRS OR GREENS,N,1,3.1499596700000003
1380,"SWEET BASIL, VEGETABLE LEAF, COLLARD, KALE, LETTUCE LEAF, ARUGULA, BOK CHOY LSE LF",2.65938779,17000.0,SQUARE FEET,SWEET BASIL,(none),7,0.3799125414285714
1380,"SWEET BASIL, VEGETABLE LEAF, COLLARD, KALE, LETTUCE LEAF, ARUGULA, BOK CHOY LSE LF",2.65938779,17000.0,SQUARE FEET,VEGETABLE LEAF,(none),7,0.3799125414285714
1380,"SWEET BASIL, VEGETABLE LEAF, COLLARD, KALE, LETTUCE LEAF, ARUGULA, BOK CHOY LSE LF",2.65938779,17000.0,SQUARE FEET,COLLARD,(none),7,0.3799125414285714
1380,"SWEET BASIL, VEGETABLE LEAF, COLLARD, KALE, LETTUCE LEAF, ARUGULA, BOK CHOY LSE LF",2.65938779,17000.0,SQUARE FEET,KALE,(none),7,0.3799125414285714
1380,"SWEET BASIL, VEGETABLE LEAF, COLLARD, KALE, LETTUCE LEAF, ARUGULA, BOK CHOY LSE LF",2.65938779,17000.0,SQUARE FEET,LETTUCE LEAF,(none),7,0.3799125414285714
1380,"SWEET BASIL, VEGETABLE LEAF, COLLARD, KALE, LETTUCE LEAF, ARUGULA, BOK CHOY LSE LF",2.65938779,17000.0,SQUARE FEET,ARUGULA,(none),7,0.3799125414285714
1380,"SWEET BASIL, VEGETABLE LEAF, COLLARD, KALE, LETTUCE LEAF, ARUGULA, BOK CHOY LSE LF",2.65938779,17000.0,SQUARE FEET,BOK CHOY LSE LF,(none),7,0.3799125414285714
1381,"GRAPE, WINE",0.68092478,0.5,ACRES,GRAPE,(none),2,0.34046239
1381,"GRAPE, WINE",0.68092478,0.5,ACRES,WINE,(none),2,0.34046239
1382,"N-OUTDR GRWN CUT FLWRS OR GREENS, AVOCADO",14.06003965,11.4,ACRES,N-OUTDR GRWN CUT FLWRS OR GREENS,N,2,7.030019825
1382,"N-OUTDR GRWN CUT FLWRS OR GREENS, AVOCADO",14.06003965,11.4,ACRES,AVOCADO,(none),2,7.030019825
1383,"N-GRNHS GRWN PLANTS IN CONTAINERS, N-OUTDR CONTAINER/FLD GRWN PLANTS",1.45188988,1.25,ACRES,N-GRNHS GRWN PLANTS IN CONTAINERS,N,2,0.72594494
1383,"N-GRNHS GRWN PLANTS IN CONTAINERS, N-OUTDR CONTAINER/FLD GRWN PLANTS",1.45188988,1.25,ACRES,N-OUTDR CONTAINER/FLD GRWN PLANTS,N,2,0.72594494
1384,"GRAPE, WINE",20.9058496,3.5,ACRES,GRAPE,(none),2,10.4529248
1384,"GRAPE, WINE",20.9058496,3.5,ACRES,WINE,(none),2,10.4529248
1385,N-OUTDR CONTAINER/FLD GRWN PLANTS,0.4254926,15000.0,SQUARE FEET,N-OUTDR CONTAINER/FLD GRWN PLANTS,N,1,0.4254926
1386,N-OUTDR CONTAINER/FLD GRWN PLANTS,0.5962272500000001,15000.0,SQUARE FEET,N-OUTDR CONTAINER/FLD GRWN PLANTS,N,1,0.5962272500000001
1387,N-GRNHS GRWN PLANTS IN CONTAINERS,2.32285597,6000.0,SQUARE FEET,N-GRNHS GRWN PLANTS IN CONTAINERS,N,1,2.32285597
1388,"GRAPE, WINE",8.026322810000002,2.5,ACRES,GRAPE,(none),2,4.013161405000001
1388,"GRAPE, WINE",8.026322810000002,2.5,ACRES,WINE,(none),2,4.013161405000001
1389,"GRAPE, WINE",1.9096954200000003,1.5,ACRES,GRAPE,(none),2,0.9548477100000001
1389,"GRAPE, WINE",1.9096954200000003,1.5,ACRES,WINE,(none),2,0.9548477100000001
1390,"GRAPE, WINE",23.2372204,4.0,ACRES,GRAPE,(none),2,11.6186102
1390,"GRAPE, WINE",23.2372204,4.0,ACRES,WINE,(none),2,11.6186102
1391,"N-GRNHS GRWN PLANTS IN CONTAINERS, N-OUTDR CONTAINER/FLD GRWN PLANTS",0.47312672,1.0,ACRES,N-GRNHS GRWN PLANTS IN CONTAINERS,N,2,0.23656336
1391,"N-GRNHS GRWN PLANTS IN CONTAINERS, N-OUTDR CONTAINER/FLD GRWN PLANTS",0.47312672,1.0,ACRES,N-OUTDR CONTAINER/FLD GRWN PLANTS,N,2,0.23656336
1392,"GRAPE, WINE",1.6941202400000002,2.0,ACRES,GRAPE,(none),2,0.8470601200000001
1392,"GRAPE, WINE",1.6941202400000002,2.0,ACRES,WINE,(none),2,0.8470601200000001
1393,"GRAPE, WINE",1.45406367,1.25,ACRES,GRAPE,(none),2,0.727031835
1393,"GRAPE, WINE",1.45406367,1.25,ACRES,WINE,(none),2,0.727031835
1394,"GRAPE, WINE",2.33250726,2.0,ACRES,GRAPE,(none),2,1.16625363
1394,"GRAPE, WINE",2.33250726,2.0,ACRES,WINE,(none),2,1.16625363
1395,"GRAPE, WINE",1.08641996,1.0,ACRES,GRAPE,(none),2,0.54320998
1395,"GRAPE, WINE",1.08641996,1.0,ACRES,WINE,(none),2,0.54320998
1396,"GRAPE, WINE",2.62724779,1.0,ACRES,GRAPE,(none),2,1.313623895
1396,"GRAPE, WINE",2.62724779,1.0,ACRES,WINE,(none),2,1.313623895
1397,APPLE,5.136240979999999,2.0,ACRES,APPLE,(none),1,5.136240979999999
1398,"GRAPE, WINE",1.5312758700000002,0.25,ACRES,GRAPE,(none),2,0.7656379350000001
1398,"GRAPE, WINE",1.5312758700000002,0.25,ACRES,WINE,(none),2,0.7656379350000001
1399,"GRAPE, WINE",2.33973027,2.5,ACRES,GRAPE,(none),2,1.169865135
1399,"GRAPE, WINE",2.33973027,2.5,ACRES,WINE,(none),2,1.169865135
1400,STRAWBERRY,5.18442926,1.0,ACRES,STRAWBERRY,(none),1,5.18442926
1401,APPLE,5.05553763,1.0,ACRES,APPLE,(none),1,5.05553763
1402,"N-GRNHS GRWN PLANTS IN CONTAINERS, N-OUTDR CONTAINER/FLD GRWN PLANTS",1.06297034,400.0,SQUARE FEET,N-GRNHS GRWN PLANTS IN CONTAINERS,N,2,0.53148517
1402,"N-GRNHS GRWN PLANTS IN CONTAINERS, N-OUTDR CONTAINER/FLD GRWN PLANTS",1.06297034,400.0,SQUARE FEET,N-OUTDR CONTAINER/FLD GRWN PLANTS,N,2,0.53148517
1403,"N-GRNHS GRWN PLANTS IN CONTAINERS, N-OUTDR CONTAINER/FLD GRWN PLANTS",0.35846207,17800.0,SQUARE FEET,N-GRNHS GRWN PLANTS IN CONTAINERS,N,2,0.179231035
1403,"N-GRNHS GRWN PLANTS IN CONTAINERS, N-OUTDR CONTAINER/FLD GRWN PLANTS",0.35846207,17800.0,SQUARE FEET,N-OUTDR CONTAINER/FLD GRWN PLANTS,N,2,0.179231035
1404,"GRAPE, WINE",5.05077684,3.0,ACRES,GRAPE,(none),2,2.52538842
1404,"GRAPE, WINE",5.05077684,3.0,ACRES,WINE,(none),2,2.52538842
1405,N-OUTDR CONTAINER/FLD GRWN PLANTS,2.6855963600000003,2.0,ACRES,N-OUTDR CONTAINER/FLD GRWN PLANTS,N,1,2.6855963600000003
1406,"N-GRNHS GRWN PLANTS IN CONTAINERS, N-OUTDR CONTAINER/FLD GRWN PLANTS",2.24589165,2.0,ACRES,N-GRNHS GRWN PLANTS IN CONTAINERS,N,2,1.122945825
1406,"N-GRNHS GRWN PLANTS IN CONTAINERS, N-OUTDR CONTAINER/FLD GRWN PLANTS",2.24589165,2.0,ACRES,N-OUTDR CONTAINER/FLD GRWN PLANTS,N,2,1.122945825
1407,"GRAPE, WINE",2.39296966,2.5,ACRES,GRAPE,(none),2,1.19648483
1407,"GRAPE, WINE",2.39296966,2.5,ACRES,WINE,(none),2,1.19648483
1408,"N-GRNHS GRWN PLANTS IN CONTAINERS, N-OUTDR CONTAINER/FLD GRWN PLANTS",0.6599259000000001,1.5,ACRES,N-GRNHS GRWN PLANTS IN CONTAINERS,N,2,0.32996295000000003
1408,"N-GRNHS GRWN PLANTS IN CONTAINERS, N-OUTDR CONTAINER/FLD GRWN PLANTS",0.6599259000000001,1.5,ACRES,N-OUTDR CONTAINER/FLD GRWN PLANTS,N,2,0.32996295000000003
1409,"GRAPE, WINE",0.19061371000000002,0.25,ACRES,GRAPE,(none),2,0.09530685500000001
1409,"GRAPE, WINE",0.19061371000000002,0.25,ACRES,WINE,(none),2,0.09530685500000001
1410,N-OUTDR GRWN CUT FLWRS OR GREENS,23.60467281,25.0,ACRES,N-OUTDR GRWN CUT FLWRS OR GREENS,N,1,23.60467281
1411,SWEET BASIL,0.86165079,22000.0,SQUARE FEET,SWEET BASIL,(none),1,0.86165079
1412,"GRAPE, WINE",4.77284371,1.0,ACRES,GRAPE,(none),2,2.386421855
1412,"GRAPE, WINE",4.77284371,1.0,ACRES,WINE,(none),2,2.386421855
1413,"GRAPE, WINE",13.5838797,4.0,ACRES,GRAPE,(none),2,6.79193985
1413,"GRAPE, WINE",13.5838797,4.0,ACRES,WINE,(none),2,6.79193985
1414,N-GRNHS GRWN PLANTS IN CONTAINERS,0.92215596,1.0,ACRES,N-GRNHS GRWN PLANTS IN CONTAINERS,N,1,0.92215596
1415,"GRAPE, WINE",7.409454579999999,1.0,ACRES,GRAPE,(none),2,3.7047272899999997
1415,"GRAPE, WINE",7.409454579999999,1.0,ACRES,WINE,(none),2,3.7047272899999997
1416,"GRAPE, WINE",1.1823335300000002,0.3,ACRES,GRAPE,(none),2,0.5911667650000001
1416,"GRAPE, WINE",1.1823335300000002,0.3,ACRES,WINE,(none),2,0.5911667650000001
1417,"GRAPE, WINE",1.8496338200000002,1.0,ACRES,GRAPE,(none),2,0.9248169100000001
1417,"GRAPE, WINE",1.8496338200000002,1.0,ACRES,WINE,(none),2,0.9248169100000001
1418,"GRAPE, WINE",5.100888449999999,4.0,ACRES,GRAPE,(none),2,2.5504442249999997
1418,"GRAPE, WINE",5.100888449999999,4.0,ACRES,WINE,(none),2,2.5504442249999997
1419,"GRAPE, WINE",10.27596508,1.5,ACRES,GRAPE,(none),2,5.13798254
1419,"GRAPE, WINE",10.27596508,1.5,ACRES,WINE,(none),2,5.13798254
1420,"GRAPE, WINE",3.19563323,1.0,ACRES,GRAPE,(none),2,1.597816615
1420,"GRAPE, WINE",3.19563323,1.0,ACRES,WINE,(none),2,1.597816615
1421,"N-GRNHS GRWN PLANTS IN CONTAINERS, N-OUTDR CONTAINER/FLD GRWN PLANTS",16.241685039999997,8800.0,SQUARE FEET,N-GRNHS GRWN PLANTS IN CONTAINERS,N,2,8.120842519999998
1421,"N-GRNHS GRWN PLANTS IN CONTAINERS, N-OUTDR CONTAINER/FLD GRWN PLANTS",16.241685039999997,8800.0,SQUARE FEET,N-OUTDR CONTAINER/FLD GRWN PLANTS,N,2,8.120842519999998
1422,"GRAPE, WINE",3.06871609,0.75,ACRES,GRAPE,(none),2,1.534358045
1422,"GRAPE, WINE",3.06871609,0.75,ACRES,WINE,(none),2,1.534358045
1423,"GRAPE, WINE",9.55327665,3.0,ACRES,GRAPE,(none),2,4.776638325
1423,"GRAPE, WINE",9.55327665,3.0,ACRES,WINE,(none),2,4.776638325
1424,"GRAPE, WINE",8.07711685,8.25,ACRES,GRAPE,(none),2,4.038558425
1424,"GRAPE, WINE",8.07711685,8.25,ACRES,WINE,(none),2,4.038558425
1425,N-GRNHS GRWN PLANTS IN CONTAINERS,4.0446932,12000.0,SQUARE FEET,N-GRNHS GRWN PLANTS IN CONTAINERS,N,1,4.0446932
1426,"HERB, SPICE",18.741570879999998,13.0,ACRES,HERB,(none),2,9.370785439999999
1426,"HERB, SPICE",18.741570879999998,13.0,ACRES,SPICE,(none),2,9.370785439999999
1427,"HERB, SPICE",16.33143054,12.5,ACRES,HERB,(none),2,8.16571527
1427,"HERB, SPICE",16.33143054,12.5,ACRES,SPICE,(none),2,8.16571527
1428,"GRAPE, WINE",0.5932832,1.0,ACRES,GRAPE,(none),2,0.2966416
1428,"GRAPE, WINE",0.5932832,1.0,ACRES,WINE,(none),2,0.2966416
1429,"VEGETABLE FRTG, VEGETABLE LEAF, VEGETABLE STEM, VEGETABLE SEED, EDIBLE FLOWERS",2.73263026,1.5,ACRES,VEGETABLE FRTG,(none),5,0.546526052
1429,"VEGETABLE FRTG, VEGETABLE LEAF, VEGETABLE STEM, VEGETABLE SEED, EDIBLE FLOWERS",2.73263026,1.5,ACRES,VEGETABLE LEAF,(none),5,0.546526052
1429,"VEGETABLE FRTG, VEGETABLE LEAF, VEGETABLE STEM, VEGETABLE SEED, EDIBLE FLOWERS",2.73263026,1.5,ACRES,VEGETABLE STEM,(none),5,0.546526052
1429,"VEGETABLE FRTG, VEGETABLE LEAF, VEGETABLE STEM, VEGETABLE SEED, EDIBLE FLOWERS",2.73263026,1.5,ACRES,VEGETABLE SEED,(none),5,0.546526052
1429,"VEGETABLE FRTG, VEGETABLE LEAF, VEGETABLE STEM, VEGETABLE SEED, EDIBLE FLOWERS",2.73263026,1.5,ACRES,EDIBLE FLOWERS,(none),5,0.546526052
1430,"CITRUS, PEPPER FRUITNG, TOMATO, AVOCADO",1.6801983,1.5,ACRES,CITRUS,(none),4,0.420049575
1430,"CITRUS, PEPPER FRUITNG, TOMATO, AVOCADO",1.6801983,1.5,ACRES,PEPPER FRUITNG,(none),4,0.420049575
1430,"CITRUS, PEPPER FRUITNG, TOMATO, AVOCADO",1.6801983,1.5,ACRES,TOMATO,(none),4,0.420049575
1430,"CITRUS, PEPPER FRUITNG, TOMATO, AVOCADO",1.6801983,1.5,ACRES,AVOCADO,(none),4,0.420049575
1431,N-OUTDR CONTAINER/FLD GRWN PLANTS,0.5824167,1.0,ACRES,N-OUTDR CONTAINER/FLD GRWN PLANTS,N,1,0.5824167
1432,OLIVE,8.976720929999999,1.5,ACRES,OLIVE,(none),1,8.976720929999999
1433,"GRAPE, WINE",1.06048938,1.0,ACRES,GRAPE,(none),2,0.53024469
1433,"GRAPE, WINE",1.06048938,1.0,ACRES,WINE,(none),2,0.53024469
1434,GF-HOUSE PLANT,0.82265203,65000.0,SQUARE FEET,GF-HOUSE PLANT,GF,1,0.82265203
1435,N-GRNHS GRWN CUT FLWRS OR GREENS,0.84675716,3.25,ACRES,N-GRNHS GRWN CUT FLWRS OR GREENS,N,1,0.84675716
1436,AVOCADO,16.80049285,23.0,ACRES,AVOCADO,(none),1,16.80049285
1437,N-OUTDR GRWN CUT FLWRS OR GREENS,0.65025881,0.25,ACRES,N-OUTDR GRWN CUT FLWRS OR GREENS,N,1,0.65025881
1438,"GRAPE, WINE",0.61540536,300.0,MISCELLANEOUS UNITS,GRAPE,(none),2,0.30770268
1438,"GRAPE, WINE",0.61540536,300.0,MISCELLANEOUS UNITS,WINE,(none),2,0.30770268
1439,OP-SUCCULENT,0.16880036,5000.0,SQUARE FEET,OP-SUCCULENT,OP,1,0.16880036
1440,"GRAPE, WINE",4.13659801,1.5,ACRES,GRAPE,(none),2,2.068299005
1440,"GRAPE, WINE",4.13659801,1.5,ACRES,WINE,(none),2,2.068299005
1441,"GRAPE, WINE",1.2289467,0.25,ACRES,GRAPE,(none),2,0.61447335
1441,"GRAPE, WINE",1.2289467,0.25,ACRES,WINE,(none),2,0.61447335
1442,ORANGE,9.06317635,15.5,ACRES,ORANGE,(none),1,9.06317635
1443,"TANGERINE, POMEGRANATE, AVOCADO",14.42565685,14.0,ACRES,TANGERINE,(none),3,4.808552283333333
1443,"TANGERINE, POMEGRANATE, AVOCADO",14.42565685,14.0,ACRES,POMEGRANATE,(none),3,4.808552283333333
1443,"TANGERINE, POMEGRANATE, AVOCADO",14.42565685,14.0,ACRES,AVOCADO,(none),3,4.808552283333333
1444,AVOCADO,10.257456880000001,10.0,ACRES,AVOCADO,(none),1,10.257456880000001
1445,"GRAPE, WINE",39.897384100000004,40.0,ACRES,GRAPE,(none),2,19.948692050000002
1445,"GRAPE, WINE",39.897384100000004,40.0,ACRES,WINE,(none),2,19.948692050000002
1446,"CITRUS, AVOCADO",12.31545479,14.0,ACRES,CITRUS,(none),2,6.157727395
1446,"CITRUS, AVOCADO",12.31545479,14.0,ACRES,AVOCADO,(none),2,6.157727395
1447,AVOCADO,13.00023461,8.5,ACRES,AVOCADO,(none),1,13.00023461
1448,AVOCADO,3.7381317000000003,4.0,ACRES,AVOCADO,(none),1,3.7381317000000003
1449,AVOCADO,12.27322091,13.0,ACRES,AVOCADO,(none),1,12.27322091
1450,AVOCADO,4.8531640000000005,6.8,ACRES,AVOCADO,(none),1,4.8531640000000005
1451,GRAPEFRUIT,1.0394629700000002,1.0,ACRES,GRAPEFRUIT,(none),1,1.0394629700000002
1452,"TANGERINE, AVOCADO",5.5375662199999995,5.0,ACRES,TANGERINE,(none),2,2.7687831099999998
1452,"TANGERINE, AVOCADO",5.5375662199999995,5.0,ACRES,AVOCADO,(none),2,2.7687831099999998
1453,AVOCADO,10.78586465,11.0,ACRES,AVOCADO,(none),1,10.78586465
1454,"CITRUS, KUMQUAT, AVOCADO",2.5277982100000003,1.5,ACRES,CITRUS,(none),3,0.8425994033333334
1454,"CITRUS, KUMQUAT, AVOCADO",2.5277982100000003,1.5,ACRES,KUMQUAT,(none),3,0.8425994033333334
1454,"CITRUS, KUMQUAT, AVOCADO",2.5277982100000003,1.5,ACRES,AVOCADO,(none),3,0.8425994033333334
1455,"GRAPE, WINE",1.0920607100000002,1.0,ACRES,GRAPE,(none),2,0.5460303550000001
1455,"GRAPE, WINE",1.0920607100000002,1.0,ACRES,WINE,(none),2,0.5460303550000001
1456,AVOCADO,26.4731639,29.0,ACRES,AVOCADO,(none),1,26.4731639
1457,"GRAPE, WINE",1.04769204,0.8500000000000001,ACRES,GRAPE,(none),2,0.52384602
1457,"GRAPE, WINE",1.04769204,0.8500000000000001,ACRES,WINE,(none),2,0.52384602
1458,"APPLE, PEAR",9.281624189999999,9.8,ACRES,APPLE,(none),2,4.640812094999999
1458,"APPLE, PEAR",9.281624189999999,9.8,ACRES,PEAR,(none),2,4.640812094999999
1459,"GRAPE, WINE",2.44657645,2.9,ACRES,GRAPE,(none),2,1.223288225
1459,"GRAPE, WINE",2.44657645,2.9,ACRES,WINE,(none),2,1.223288225
1460,"GRAPE, WINE",4.9906348199999995,5.0,ACRES,GRAPE,(none),2,2.4953174099999997
1460,"GRAPE, WINE",4.9906348199999995,5.0,ACRES,WINE,(none),2,2.4953174099999997
1461,AVOCADO,4.3393804199999995,4.6,ACRES,AVOCADO,(none),1,4.3393804199999995
1462,"GRAPE, WINE",0.9902357300000001,1.0,ACRES,GRAPE,(none),2,0.49511786500000005
1462,"GRAPE, WINE",0.9902357300000001,1.0,ACRES,WINE,(none),2,0.49511786500000005
1463,"GRAPE, WINE",0.73794094,1.75,ACRES,GRAPE,(none),2,0.36897047
1463,"GRAPE, WINE",0.73794094,1.75,ACRES,WINE,(none),2,0.36897047
1464,CITRUS,1.14671525,1.0,ACRES,CITRUS,(none),1,1.14671525
1465,AVOCADO,10.9863397,7.0,ACRES,AVOCADO,(none),1,10.9863397
1466,CITRUS,2.5658063500000003,3.0,ACRES,CITRUS,(none),1,2.5658063500000003
1467,CITRUS,3.9447587,3.0,ACRES,CITRUS,(none),1,3.9447587
1468,N-OUTDR CONTAINER/FLD GRWN PLANTS,0.05914592,1000.0,SQUARE FEET,N-OUTDR CONTAINER/FLD GRWN PLANTS,N,1,0.05914592
1469,N-OUTDR CONTAINER/FLD GRWN PLANTS,3.71787974,3.0,ACRES,N-OUTDR CONTAINER/FLD GRWN PLANTS,N,1,3.71787974
1470,"N-GRNHS GRWN PLANTS IN CONTAINERS, N-OUTDR CONTAINER/FLD GRWN PLANTS",4.665649480000001,3.0,ACRES,N-GRNHS GRWN PLANTS IN CONTAINERS,N,2,2.3328247400000004
1470,"N-GRNHS GRWN PLANTS IN CONTAINERS, N-OUTDR CONTAINER/FLD GRWN PLANTS",4.665649480000001,3.0,ACRES,N-OUTDR CONTAINER/FLD GRWN PLANTS,N,2,2.3328247400000004
1471,"LEMON, STONE FRUIT, AVOCADO",15.613298310000001,17.0,ACRES,LEMON,(none),3,5.20443277
1471,"LEMON, STONE FRUIT, AVOCADO",15.613298310000001,17.0,ACRES,STONE FRUIT,(none),3,5.20443277
1471,"LEMON, STONE FRUIT, AVOCADO",15.613298310000001,17.0,ACRES,AVOCADO,(none),3,5.20443277
1472,GRAPE,1.47589945,1.5,ACRES,GRAPE,(none),1,1.47589945
1473,"BLACKBERRY, STRAWBERRY, ALMOND, PECAN, WALNUT, APPLE, PEACH, PLUM, FIG, PERSIMMON, HERB, SPICE, SQUASH, EGGPLANT, PEPPER FRUITNG, TOMATO, TOMATILLO, KALE, ARTICHOKE, RHUBARB, SWISS CHARD, RADISH, ONION GREEN, BEAN UNSPECIFD, BEET, CARROT, CORN, HUMAN CON",19.4165605,5.0,ACRES,BLACKBERRY,(none),28,0.6934485892857143
1473,"BLACKBERRY, STRAWBERRY, ALMOND, PECAN, WALNUT, APPLE, PEACH, PLUM, FIG, PERSIMMON, HERB, SPICE, SQUASH, EGGPLANT, PEPPER FRUITNG, TOMATO, TOMATILLO, KALE, ARTICHOKE, RHUBARB, SWISS CHARD, RADISH, ONION GREEN, BEAN UNSPECIFD, BEET, CARROT, CORN, HUMAN CON",19.4165605,5.0,ACRES,STRAWBERRY,(none),28,0.6934485892857143
1473,"BLACKBERRY, STRAWBERRY, ALMOND, PECAN, WALNUT, APPLE, PEACH, PLUM, FIG, PERSIMMON, HERB, SPICE, SQUASH, EGGPLANT, PEPPER FRUITNG, TOMATO, TOMATILLO, KALE, ARTICHOKE, RHUBARB, SWISS CHARD, RADISH, ONION GREEN, BEAN UNSPECIFD, BEET, CARROT, CORN, HUMAN CON",19.4165605,5.0,ACRES,ALMOND,(none),28,0.6934485892857143
1473,"BLACKBERRY, STRAWBERRY, ALMOND, PECAN, WALNUT, APPLE, PEACH, PLUM, FIG, PERSIMMON, HERB, SPICE, SQUASH, EGGPLANT, PEPPER FRUITNG, TOMATO, TOMATILLO, KALE, ARTICHOKE, RHUBARB, SWISS CHARD, RADISH, ONION GREEN, BEAN UNSPECIFD, BEET, CARROT, CORN, HUMAN CON",19.4165605,5.0,ACRES,PECAN,(none),28,0.6934485892857143
1473,"BLACKBERRY, STRAWBERRY, ALMOND, PECAN, WALNUT, APPLE, PEACH, PLUM, FIG, PERSIMMON, HERB, SPICE, SQUASH, EGGPLANT, PEPPER FRUITNG, TOMATO, TOMATILLO, KALE, ARTICHOKE, RHUBARB, SWISS CHARD, RADISH, ONION GREEN, BEAN UNSPECIFD, BEET, CARROT, CORN, HUMAN CON",19.4165605,5.0,ACRES,WALNUT,(none),28,0.6934485892857143
1473,"BLACKBERRY, STRAWBERRY, ALMOND, PECAN, WALNUT, APPLE, PEACH, PLUM, FIG, PERSIMMON, HERB, SPICE, SQUASH, EGGPLANT, PEPPER FRUITNG, TOMATO, TOMATILLO, KALE, ARTICHOKE, RHUBARB, SWISS CHARD, RADISH, ONION GREEN, BEAN UNSPECIFD, BEET, CARROT, CORN, HUMAN CON",19.4165605,5.0,ACRES,APPLE,(none),28,0.6934485892857143
1473,"BLACKBERRY, STRAWBERRY, ALMOND, PECAN, WALNUT, APPLE, PEACH, PLUM, FIG, PERSIMMON, HERB, SPICE, SQUASH, EGGPLANT, PEPPER FRUITNG, TOMATO, TOMATILLO, KALE, ARTICHOKE, RHUBARB, SWISS CHARD, RADISH, ONION GREEN, BEAN UNSPECIFD, BEET, CARROT, CORN, HUMAN CON",19.4165605,5.0,ACRES,PEACH,(none),28,0.6934485892857143
1473,"BLACKBERRY, STRAWBERRY, ALMOND, PECAN, WALNUT, APPLE, PEACH, PLUM, FIG, PERSIMMON, HERB, SPICE, SQUASH, EGGPLANT, PEPPER FRUITNG, TOMATO, TOMATILLO, KALE, ARTICHOKE, RHUBARB, SWISS CHARD, RADISH, ONION GREEN, BEAN UNSPECIFD, BEET, CARROT, CORN, HUMAN CON",19.4165605,5.0,ACRES,PLUM,(none),28,0.6934485892857143
1473,"BLACKBERRY, STRAWBERRY, ALMOND, PECAN, WALNUT, APPLE, PEACH, PLUM, FIG, PERSIMMON, HERB, SPICE, SQUASH, EGGPLANT, PEPPER FRUITNG, TOMATO, TOMATILLO, KALE, ARTICHOKE, RHUBARB, SWISS CHARD, RADISH, ONION GREEN, BEAN UNSPECIFD, BEET, CARROT, CORN, HUMAN CON",19.4165605,5.0,ACRES,FIG,(none),28,0.6934485892857143
1473,"BLACKBERRY, STRAWBERRY, ALMOND, PECAN, WALNUT, APPLE, PEACH, PLUM, FIG, PERSIMMON, HERB, SPICE, SQUASH, EGGPLANT, PEPPER FRUITNG, TOMATO, TOMATILLO, KALE, ARTICHOKE, RHUBARB, SWISS CHARD, RADISH, ONION GREEN, BEAN UNSPECIFD, BEET, CARROT, CORN, HUMAN CON",19.4165605,5.0,ACRES,PERSIMMON,(none),28,0.6934485892857143
1473,"BLACKBERRY, STRAWBERRY, ALMOND, PECAN, WALNUT, APPLE, PEACH, PLUM, FIG, PERSIMMON, HERB, SPICE, SQUASH, EGGPLANT, PEPPER FRUITNG, TOMATO, TOMATILLO, KALE, ARTICHOKE, RHUBARB, SWISS CHARD, RADISH, ONION GREEN, BEAN UNSPECIFD, BEET, CARROT, CORN, HUMAN CON",19.4165605,5.0,ACRES,HERB,(none),28,0.6934485892857143
1473,"BLACKBERRY, STRAWBERRY, ALMOND, PECAN, WALNUT, APPLE, PEACH, PLUM, FIG, PERSIMMON, HERB, SPICE, SQUASH, EGGPLANT, PEPPER FRUITNG, TOMATO, TOMATILLO, KALE, ARTICHOKE, RHUBARB, SWISS CHARD, RADISH, ONION GREEN, BEAN UNSPECIFD, BEET, CARROT, CORN, HUMAN CON",19.4165605,5.0,ACRES,SPICE,(none),28,0.6934485892857143
1473,"BLACKBERRY, STRAWBERRY, ALMOND, PECAN, WALNUT, APPLE, PEACH, PLUM, FIG, PERSIMMON, HERB, SPICE, SQUASH, EGGPLANT, PEPPER FRUITNG, TOMATO, TOMATILLO, KALE, ARTICHOKE, RHUBARB, SWISS CHARD, RADISH, ONION GREEN, BEAN UNSPECIFD, BEET, CARROT, CORN, HUMAN CON",19.4165605,5.0,ACRES,SQUASH,(none),28,0.6934485892857143
1473,"BLACKBERRY, STRAWBERRY, ALMOND, PECAN, WALNUT, APPLE, PEACH, PLUM, FIG, PERSIMMON, HERB, SPICE, SQUASH, EGGPLANT, PEPPER FRUITNG, TOMATO, TOMATILLO, KALE, ARTICHOKE, RHUBARB, SWISS CHARD, RADISH, ONION GREEN, BEAN UNSPECIFD, BEET, CARROT, CORN, HUMAN CON",19.4165605,5.0,ACRES,EGGPLANT,(none),28,0.6934485892857143
1473,"BLACKBERRY, STRAWBERRY, ALMOND, PECAN, WALNUT, APPLE, PEACH, PLUM, FIG, PERSIMMON, HERB, SPICE, SQUASH, EGGPLANT, PEPPER FRUITNG, TOMATO, TOMATILLO, KALE, ARTICHOKE, RHUBARB, SWISS CHARD, RADISH, ONION GREEN, BEAN UNSPECIFD, BEET, CARROT, CORN, HUMAN CON",19.4165605,5.0,ACRES,PEPPER FRUITNG,(none),28,0.6934485892857143
1473,"BLACKBERRY, STRAWBERRY, ALMOND, PECAN, WALNUT, APPLE, PEACH, PLUM, FIG, PERSIMMON, HERB, SPICE, SQUASH, EGGPLANT, PEPPER FRUITNG, TOMATO, TOMATILLO, KALE, ARTICHOKE, RHUBARB, SWISS CHARD, RADISH, ONION GREEN, BEAN UNSPECIFD, BEET, CARROT, CORN, HUMAN CON",19.4165605,5.0,ACRES,TOMATO,(none),28,0.6934485892857143
1473,"BLACKBERRY, STRAWBERRY, ALMOND, PECAN, WALNUT, APPLE, PEACH, PLUM, FIG, PERSIMMON, HERB, SPICE, SQUASH, EGGPLANT, PEPPER FRUITNG, TOMATO, TOMATILLO, KALE, ARTICHOKE, RHUBARB, SWISS CHARD, RADISH, ONION GREEN, BEAN UNSPECIFD, BEET, CARROT, CORN, HUMAN CON",19.4165605,5.0,ACRES,TOMATILLO,(none),28,0.6934485892857143
1473,"BLACKBERRY, STRAWBERRY, ALMOND, PECAN, WALNUT, APPLE, PEACH, PLUM, FIG, PERSIMMON, HERB, SPICE, SQUASH, EGGPLANT, PEPPER FRUITNG, TOMATO, TOMATILLO, KALE, ARTICHOKE, RHUBARB, SWISS CHARD, RADISH, ONION GREEN, BEAN UNSPECIFD, BEET, CARROT, CORN, HUMAN CON",19.4165605,5.0,ACRES,KALE,(none),28,0.6934485892857143
1473,"BLACKBERRY, STRAWBERRY, ALMOND, PECAN, WALNUT, APPLE, PEACH, PLUM, FIG, PERSIMMON, HERB, SPICE, SQUASH, EGGPLANT, PEPPER FRUITNG, TOMATO, TOMATILLO, KALE, ARTICHOKE, RHUBARB, SWISS CHARD, RADISH, ONION GREEN, BEAN UNSPECIFD, BEET, CARROT, CORN, HUMAN CON",19.4165605,5.0,ACRES,ARTICHOKE,(none),28,0.6934485892857143
1473,"BLACKBERRY, STRAWBERRY, ALMOND, PECAN, WALNUT, APPLE, PEACH, PLUM, FIG, PERSIMMON, HERB, SPICE, SQUASH, EGGPLANT, PEPPER FRUITNG, TOMATO, TOMATILLO, KALE, ARTICHOKE, RHUBARB, SWISS CHARD, RADISH, ONION GREEN, BEAN UNSPECIFD, BEET, CARROT, CORN, HUMAN CON",19.4165605,5.0,ACRES,RHUBARB,(none),28,0.6934485892857143
1473,"BLACKBERRY, STRAWBERRY, ALMOND, PECAN, WALNUT, APPLE, PEACH, PLUM, FIG, PERSIMMON, HERB, SPICE, SQUASH, EGGPLANT, PEPPER FRUITNG, TOMATO, TOMATILLO, KALE, ARTICHOKE, RHUBARB, SWISS CHARD, RADISH, ONION GREEN, BEAN UNSPECIFD, BEET, CARROT, CORN, HUMAN CON",19.4165605,5.0,ACRES,SWISS CHARD,(none),28,0.6934485892857143
1473,"BLACKBERRY, STRAWBERRY, ALMOND, PECAN, WALNUT, APPLE, PEACH, PLUM, FIG, PERSIMMON, HERB, SPICE, SQUASH, EGGPLANT, PEPPER FRUITNG, TOMATO, TOMATILLO, KALE, ARTICHOKE, RHUBARB, SWISS CHARD, RADISH, ONION GREEN, BEAN UNSPECIFD, BEET, CARROT, CORN, HUMAN CON",19.4165605,5.0,ACRES,RADISH,(none),28,0.6934485892857143
1473,"BLACKBERRY, STRAWBERRY, ALMOND, PECAN, WALNUT, APPLE, PEACH, PLUM, FIG, PERSIMMON, HERB, SPICE, SQUASH, EGGPLANT, PEPPER FRUITNG, TOMATO, TOMATILLO, KALE, ARTICHOKE, RHUBARB, SWISS CHARD, RADISH, ONION GREEN, BEAN UNSPECIFD, BEET, CARROT, CORN, HUMAN CON",19.4165605,5.0,ACRES,ONION GREEN,(none),28,0.6934485892857143
1473,"BLACKBERRY, STRAWBERRY, ALMOND, PECAN, WALNUT, APPLE, PEACH, PLUM, FIG, PERSIMMON, HERB, SPICE, SQUASH, EGGPLANT, PEPPER FRUITNG, TOMATO, TOMATILLO, KALE, ARTICHOKE, RHUBARB, SWISS CHARD, RADISH, ONION GREEN, BEAN UNSPECIFD, BEET, CARROT, CORN, HUMAN CON",19.4165605,5.0,ACRES,BEAN UNSPECIFD,(none),28,0.6934485892857143
1473,"BLACKBERRY, STRAWBERRY, ALMOND, PECAN, WALNUT, APPLE, PEACH, PLUM, FIG, PERSIMMON, HERB, SPICE, SQUASH, EGGPLANT, PEPPER FRUITNG, TOMATO, TOMATILLO, KALE, ARTICHOKE, RHUBARB, SWISS CHARD, RADISH, ONION GREEN, BEAN UNSPECIFD, BEET, CARROT, CORN, HUMAN CON",19.4165605,5.0,ACRES,BEET,(none),28,0.6934485892857143
1473,"BLACKBERRY, STRAWBERRY, ALMOND, PECAN, WALNUT, APPLE, PEACH, PLUM, FIG, PERSIMMON, HERB, SPICE, SQUASH, EGGPLANT, PEPPER FRUITNG, TOMATO, TOMATILLO, KALE, ARTICHOKE, RHUBARB, SWISS CHARD, RADISH, ONION GREEN, BEAN UNSPECIFD, BEET, CARROT, CORN, HUMAN CON",19.4165605,5.0,ACRES,CARROT,(none),28,0.6934485892857143
1473,"BLACKBERRY, STRAWBERRY, ALMOND, PECAN, WALNUT, APPLE, PEACH, PLUM, FIG, PERSIMMON, HERB, SPICE, SQUASH, EGGPLANT, PEPPER FRUITNG, TOMATO, TOMATILLO, KALE, ARTICHOKE, RHUBARB, SWISS CHARD, RADISH, ONION GREEN, BEAN UNSPECIFD, BEET, CARROT, CORN, HUMAN CON",19.4165605,5.0,ACRES,CORN,(none),28,0.6934485892857143
1473,"BLACKBERRY, STRAWBERRY, ALMOND, PECAN, WALNUT, APPLE, PEACH, PLUM, FIG, PERSIMMON, HERB, SPICE, SQUASH, EGGPLANT, PEPPER FRUITNG, TOMATO, TOMATILLO, KALE, ARTICHOKE, RHUBARB, SWISS CHARD, RADISH, ONION GREEN, BEAN UNSPECIFD, BEET, CARROT, CORN, HUMAN CON",19.4165605,5.0,ACRES,HUMAN CON,(none),28,0.6934485892857143
1474,AVOCADO,21.186655199999997,20.0,ACRES,AVOCADO,(none),1,21.186655199999997
1475,"LEMON, AVOCADO",22.25482426,18.0,ACRES,LEMON,(none),2,11.12741213
1475,"LEMON, AVOCADO",22.25482426,18.0,ACRES,AVOCADO,(none),2,11.12741213
1476,"LEMON, AVOCADO",40.738878369999995,44.0,ACRES,LEMON,(none),2,20.369439184999997
1476,"LEMON, AVOCADO",40.738878369999995,44.0,ACRES,AVOCADO,(none),2,20.369439184999997
1477,"LEMON, AVOCADO",38.812296739999994,25.0,ACRES,LEMON,(none),2,19.406148369999997
1477,"LEMON, AVOCADO",38.812296739999994,25.0,ACRES,AVOCADO,(none),2,19.406148369999997
1478,N-OUTDR CONTAINER/FLD GRWN PLANTS,9.11786563,10.0,ACRES,N-OUTDR CONTAINER/FLD GRWN PLANTS,N,1,9.11786563
1479,AVOCADO,7.92342208,8.5,ACRES,AVOCADO,(none),1,7.92342208
1480,AVOCADO,13.99716091,23.0,ACRES,AVOCADO,(none),1,13.99716091
1481,"LEMON, ORANGE",0.8870859600000001,1.0,ACRES,LEMON,(none),2,0.44354298000000003
1481,"LEMON, ORANGE",0.8870859600000001,1.0,ACRES,ORANGE,(none),2,0.44354298000000003
1482,N-OUTDR CONTAINER/FLD GRWN PLANTS,2.45487717,4.0,ACRES,N-OUTDR CONTAINER/FLD GRWN PLANTS,N,1,2.45487717
1483,AVOCADO,5.9842587400000005,5.0,ACRES,AVOCADO,(none),1,5.9842587400000005
1484,"LEMON, AVOCADO",25.1660792,14.0,ACRES,LEMON,(none),2,12.5830396
1484,"LEMON, AVOCADO",25.1660792,14.0,ACRES,AVOCADO,(none),2,12.5830396
1485,AVOCADO,12.62868855,10.0,ACRES,AVOCADO,(none),1,12.62868855
1486,"LEMON, AVOCADO",8.38850998,2.0,ACRES,LEMON,(none),2,4.19425499
1486,"LEMON, AVOCADO",8.38850998,2.0,ACRES,AVOCADO,(none),2,4.19425499
1487,"LEMON, AVOCADO",17.16239893,17.0,ACRES,LEMON,(none),2,8.581199465
1487,"LEMON, AVOCADO",17.16239893,17.0,ACRES,AVOCADO,(none),2,8.581199465
1488,AVOCADO,14.22802371,11.0,ACRES,AVOCADO,(none),1,14.22802371
1489,N-OUTDR GRWN CUT FLWRS OR GREENS,34.55687948,25.0,ACRES,N-OUTDR GRWN CUT FLWRS OR GREENS,N,1,34.55687948
1490,N-OUTDR GRWN CUT FLWRS OR GREENS,14.80754925,5.0,ACRES,N-OUTDR GRWN CUT FLWRS OR GREENS,N,1,14.80754925
1491,AVOCADO,1.0654222899999999,4.5,ACRES,AVOCADO,(none),1,1.0654222899999999
1492,N-OUTDR CONTAINER/FLD GRWN PLANTS,14.9314729,16.0,ACRES,N-OUTDR CONTAINER/FLD GRWN PLANTS,N,1,14.9314729
1493,N-OUTDR CONTAINER/FLD GRWN PLANTS,16.3984116,16.0,ACRES,N-OUTDR CONTAINER/FLD GRWN PLANTS,N,1,16.3984116
1494,AVOCADO,6.8318019,8.0,ACRES,AVOCADO,(none),1,6.8318019
1495,LEMON,5.40658567,8.0,ACRES,LEMON,(none),1,5.40658567
1496,AVOCADO,9.78123066,10.0,ACRES,AVOCADO,(none),1,9.78123066
1498,AVOCADO,2.65413719,2.0,ACRES,AVOCADO,(none),1,2.65413719
1499,N-GRNHS GRWN PLANTS IN CONTAINERS,1.1829564700000001,1.0,ACRES,N-GRNHS GRWN PLANTS IN CONTAINERS,N,1,1.1829564700000001
1500,"AVOCADO, FARM/AG BUILDING",14.21738018,14.0,ACRES,AVOCADO,(none),2,7.10869009
1500,"AVOCADO, FARM/AG BUILDING",14.21738018,14.0,ACRES,FARM/AG BUILDING,(none),2,7.10869009
1501,"GRAPE, WINE, UNCULTIVATED AG",6.464754709999999,40.0,ACRES,GRAPE,(none),3,2.1549182366666666
1501,"GRAPE, WINE, UNCULTIVATED AG",6.464754709999999,40.0,ACRES,WINE,(none),3,2.1549182366666666
1501,"GRAPE, WINE, UNCULTIVATED AG",6.464754709999999,40.0,ACRES,UNCULTIVATED AG,(none),3,2.1549182366666666
1502,AVOCADO,5.12239367,6.0,ACRES,AVOCADO,(none),1,5.12239367
1503,"N-OUTDR GRWN CUT FLWRS OR GREENS, AVOCADO",14.99026123,10.0,ACRES,N-OUTDR GRWN CUT FLWRS OR GREENS,N,2,7.495130615
1503,"N-OUTDR GRWN CUT FLWRS OR GREENS, AVOCADO",14.99026123,10.0,ACRES,AVOCADO,(none),2,7.495130615
1504,AVOCADO,19.19311662,32.0,ACRES,AVOCADO,(none),1,19.19311662
1505,"LEMON, AVOCADO",25.72666916,30.0,ACRES,LEMON,(none),2,12.86333458
1505,"LEMON, AVOCADO",25.72666916,30.0,ACRES,AVOCADO,(none),2,12.86333458
1506,"AVOCADO, GRAPE",7.5942687499999995,2.5,ACRES,AVOCADO,(none),2,3.7971343749999997
1506,"AVOCADO, GRAPE",7.5942687499999995,2.5,ACRES,GRAPE,(none),2,3.7971343749999997
1507,AVOCADO,2.65828741,2.5,ACRES,AVOCADO,(none),1,2.65828741
1508,AVOCADO,2.52656863,2.5,ACRES,AVOCADO,(none),1,2.52656863
1509,AVOCADO,2.97274262,3.0,ACRES,AVOCADO,(none),1,2.97274262
1510,CITRUS,4.9742609,4.0,ACRES,CITRUS,(none),1,4.9742609
1511,"GRAPE, WINE",2.5637182099999998,3.0,ACRES,GRAPE,(none),2,1.2818591049999999
1511,"GRAPE, WINE",2.5637182099999998,3.0,ACRES,WINE,(none),2,1.2818591049999999
1512,AVOCADO,7.19988433,6.0,ACRES,AVOCADO,(none),1,7.19988433
1513,AVOCADO,4.8349193900000005,6.3,ACRES,AVOCADO,(none),1,4.8349193900000005
1514,AVOCADO,8.686886059999999,10.9,ACRES,AVOCADO,(none),1,8.686886059999999
1515,AVOCADO,1.21869158,1.0,ACRES,AVOCADO,(none),1,1.21869158
1516,AVOCADO,14.66547501,8.0,ACRES,AVOCADO,(none),1,14.66547501
1517,"GRAPEFRUIT, LEMON",23.76232356,23.0,ACRES,GRAPEFRUIT,(none),2,11.88116178
1517,"GRAPEFRUIT, LEMON",23.76232356,23.0,ACRES,LEMON,(none),2,11.88116178
1518,LEMON,8.75614675,10.0,ACRES,LEMON,(none),1,8.75614675
1519,CITRUS,6.05181853,7.0,ACRES,CITRUS,(none),1,6.05181853
1520,CITRUS,41.36951255,42.5,ACRES,CITRUS,(none),1,41.36951255
1521,"AVOCADO, UNCULTIVATED AG",34.73345556,172.0,ACRES,AVOCADO,(none),2,17.36672778
1521,"AVOCADO, UNCULTIVATED AG",34.73345556,172.0,ACRES,UNCULTIVATED AG,(none),2,17.36672778
1522,"AVOCADO, GRAPE",25.67853445,25.0,ACRES,AVOCADO,(none),2,12.839267225
1522,"AVOCADO, GRAPE",25.67853445,25.0,ACRES,GRAPE,(none),2,12.839267225
1523,"GRAPE, WINE",9.94425737,8.5,ACRES,GRAPE,(none),2,4.972128685
1523,"GRAPE, WINE",9.94425737,8.5,ACRES,WINE,(none),2,4.972128685
1524,"LIME, POME FRUIT",10.85118372,10.5,ACRES,LIME,(none),2,5.42559186
1524,"LIME, POME FRUIT",10.85118372,10.5,ACRES,POME FRUIT,(none),2,5.42559186
1525,ORANGE,8.88566849,8.5,ACRES,ORANGE,(none),1,8.88566849
1526,LEMON,9.82542115,15.0,ACRES,LEMON,(none),1,9.82542115
1527,LIME,11.636640569999999,7.0,ACRES,LIME,(none),1,11.636640569999999
1528,ORANGE,52.31183145,60.0,ACRES,ORANGE,(none),1,52.31183145
1529,POME FRUIT,7.86390282,10.0,ACRES,POME FRUIT,(none),1,7.86390282
1530,ORANGE,11.6801674,5.0,ACRES,ORANGE,(none),1,11.6801674
1531,"LEMON, ORANGE, AVOCADO",38.47921587,30.0,ACRES,LEMON,(none),3,12.826405289999999
1531,"LEMON, ORANGE, AVOCADO",38.47921587,30.0,ACRES,ORANGE,(none),3,12.826405289999999
1531,"LEMON, ORANGE, AVOCADO",38.47921587,30.0,ACRES,AVOCADO,(none),3,12.826405289999999
1532,"GRAPE, WINE",4.06157728,7.0,ACRES,GRAPE,(none),2,2.03078864
1532,"GRAPE, WINE",4.06157728,7.0,ACRES,WINE,(none),2,2.03078864
1533,AVOCADO,458.75323269,262.0,ACRES,AVOCADO,(none),1,458.75323269
1534,"N-OUTDR GRWN CUT FLWRS OR GREENS, AVOCADO",6.67751548,9.0,ACRES,N-OUTDR GRWN CUT FLWRS OR GREENS,N,2,3.33875774
1534,"N-OUTDR GRWN CUT FLWRS OR GREENS, AVOCADO",6.67751548,9.0,ACRES,AVOCADO,(none),2,3.33875774
1535,AVOCADO,4.02534716,4.0,ACRES,AVOCADO,(none),1,4.02534716
1536,AVOCADO,87.13607870999999,45.0,ACRES,AVOCADO,(none),1,87.13607870999999
1537,AVOCADO,3.79272339,3.6,ACRES,AVOCADO,(none),1,3.79272339
1538,AVOCADO,3.5635279,3.0,ACRES,AVOCADO,(none),1,3.5635279
1539,AVOCADO,8.16993575,8.0,ACRES,AVOCADO,(none),1,8.16993575
1540,AVOCADO,3.23230497,2.0,ACRES,AVOCADO,(none),1,3.23230497
1541,AVOCADO,9.98149268,3.0,ACRES,AVOCADO,(none),1,9.98149268
1542,AVOCADO,8.186389029999999,4.0,ACRES,AVOCADO,(none),1,8.186389029999999
1543,AVOCADO,5.1747942899999995,4.0,ACRES,AVOCADO,(none),1,5.1747942899999995
1544,AVOCADO,24.6840411,16.0,ACRES,AVOCADO,(none),1,24.6840411
1545,N-OUTDR GRWN CUT FLWRS OR GREENS,39.96797452,20.0,ACRES,N-OUTDR GRWN CUT FLWRS OR GREENS,N,1,39.96797452
1546,N-OUTDR GRWN CUT FLWRS OR GREENS,8.12067347,15.5,ACRES,N-OUTDR GRWN CUT FLWRS OR GREENS,N,1,8.12067347
1547,N-OUTDR GRWN CUT FLWRS OR GREENS,6.57880194,9.0,ACRES,N-OUTDR GRWN CUT FLWRS OR GREENS,N,1,6.57880194
1548,N-OUTDR GRWN CUT FLWRS OR GREENS,11.067510780000001,10.61,ACRES,N-OUTDR GRWN CUT FLWRS OR GREENS,N,1,11.067510780000001
1549,N-OUTDR GRWN CUT FLWRS OR GREENS,10.373238890000001,12.05,ACRES,N-OUTDR GRWN CUT FLWRS OR GREENS,N,1,10.373238890000001
1550,N-OUTDR GRWN CUT FLWRS OR GREENS,8.001393270000001,6.24,ACRES,N-OUTDR GRWN CUT FLWRS OR GREENS,N,1,8.001393270000001
1551,N-OUTDR GRWN CUT FLWRS OR GREENS,58.805629169999996,61.34,ACRES,N-OUTDR GRWN CUT FLWRS OR GREENS,N,1,58.805629169999996
1552,N-OUTDR GRWN CUT FLWRS OR GREENS,55.08835062,60.0,ACRES,N-OUTDR GRWN CUT FLWRS OR GREENS,N,1,55.08835062
1553,"CUCUMBER, EGGPLANT, CHINESE GREEN",37.62456185,32.0,ACRES,CUCUMBER,(none),3,12.541520616666666
1553,"CUCUMBER, EGGPLANT, CHINESE GREEN",37.62456185,32.0,ACRES,EGGPLANT,(none),3,12.541520616666666
1553,"CUCUMBER, EGGPLANT, CHINESE GREEN",37.62456185,32.0,ACRES,CHINESE GREEN,(none),3,12.541520616666666
1554,"CUCUMBER, SQUASH, CHINESE GREEN",4.4768854,8.0,ACRES,CUCUMBER,(none),3,1.4922951333333332
1554,"CUCUMBER, SQUASH, CHINESE GREEN",4.4768854,8.0,ACRES,SQUASH,(none),3,1.4922951333333332
1554,"CUCUMBER, SQUASH, CHINESE GREEN",4.4768854,8.0,ACRES,CHINESE GREEN,(none),3,1.4922951333333332
1555,"STRAWBERRY, WATERMELON, PEPPER FRUITNG, TOMATO",15.73571735,9.0,ACRES,STRAWBERRY,(none),4,3.9339293375
1555,"STRAWBERRY, WATERMELON, PEPPER FRUITNG, TOMATO",15.73571735,9.0,ACRES,WATERMELON,(none),4,3.9339293375
1555,"STRAWBERRY, WATERMELON, PEPPER FRUITNG, TOMATO",15.73571735,9.0,ACRES,PEPPER FRUITNG,(none),4,3.9339293375
1555,"STRAWBERRY, WATERMELON, PEPPER FRUITNG, TOMATO",15.73571735,9.0,ACRES,TOMATO,(none),4,3.9339293375
1556,STRAWBERRY,0.9201810500000001,1.0,ACRES,STRAWBERRY,(none),1,0.9201810500000001
1557,OT-PALM,4.12838813,4.0,ACRES,OT-PALM,OT,1,4.12838813
1558,OT-PALM,2.7479055,3.0,ACRES,OT-PALM,OT,1,2.7479055
1559,AVOCADO,6.21093911,7.0,ACRES,AVOCADO,(none),1,6.21093911
1560,AVOCADO,273.58350527,300.0,ACRES,AVOCADO,(none),1,273.58350527
1561,"AVOCADO, UNCULTIVATED AG",7.37782395,10.0,ACRES,AVOCADO,(none),2,3.688911975
1561,"AVOCADO, UNCULTIVATED AG",7.37782395,10.0,ACRES,UNCULTIVATED AG,(none),2,3.688911975
1562,LEMON,0.97650821,1.75,ACRES,LEMON,(none),1,0.97650821
1563,"ORANGE, AVOCADO",21.792204610000002,24.0,ACRES,ORANGE,(none),2,10.896102305000001
1563,"ORANGE, AVOCADO",21.792204610000002,24.0,ACRES,AVOCADO,(none),2,10.896102305000001
1564,"ORANGE, AVOCADO",21.792204610000002,24.0,ACRES,ORANGE,(none),2,10.896102305000001
1564,"ORANGE, AVOCADO",21.792204610000002,24.0,ACRES,AVOCADO,(none),2,10.896102305000001
1565,AVOCADO,42.771807179999996,110.0,ACRES,AVOCADO,(none),1,42.771807179999996
1566,AVOCADO,31.77944049,40.0,ACRES,AVOCADO,(none),1,31.77944049
1567,AVOCADO,13.717643820000001,20.0,ACRES,AVOCADO,(none),1,13.717643820000001
1568,LEMON,8.64494292,8.0,ACRES,LEMON,(none),1,8.64494292
1569,N-OUTDR CONTAINER/FLD GRWN PLANTS,25.547995089999997,25.5,ACRES,N-OUTDR CONTAINER/FLD GRWN PLANTS,N,1,25.547995089999997
1570,N-OUTDR CONTAINER/FLD GRWN PLANTS,25.547995089999997,25.5,ACRES,N-OUTDR CONTAINER/FLD GRWN PLANTS,N,1,25.547995089999997
1571,N-OUTDR CONTAINER/FLD GRWN PLANTS,7.40401805,4.0,ACRES,N-OUTDR CONTAINER/FLD GRWN PLANTS,N,1,7.40401805
1572,N-OUTDR CONTAINER/FLD GRWN PLANTS,7.40401805,4.0,ACRES,N-OUTDR CONTAINER/FLD GRWN PLANTS,N,1,7.40401805
1573,N-OUTDR CONTAINER/FLD GRWN PLANTS,20.94410838,19.0,ACRES,N-OUTDR CONTAINER/FLD GRWN PLANTS,N,1,20.94410838
1574,"N-GRNHS GRWN PLANTS IN CONTAINERS, N-OUTDR CONTAINER/FLD GRWN PLANTS",17.099871099999998,11.0,ACRES,N-GRNHS GRWN PLANTS IN CONTAINERS,N,2,8.549935549999999
1574,"N-GRNHS GRWN PLANTS IN CONTAINERS, N-OUTDR CONTAINER/FLD GRWN PLANTS",17.099871099999998,11.0,ACRES,N-OUTDR CONTAINER/FLD GRWN PLANTS,N,2,8.549935549999999
1575,N-OUTDR CONTAINER/FLD GRWN PLANTS,10.70719468,12.0,ACRES,N-OUTDR CONTAINER/FLD GRWN PLANTS,N,1,10.70719468
1576,ORANGE,2.24791357,2.5,ACRES,ORANGE,(none),1,2.24791357
1577,"GRAPEFRUIT, ORANGE, APRICOT, PEACH",3.96763368,1.0,ACRES,GRAPEFRUIT,(none),4,0.99190842
1577,"GRAPEFRUIT, ORANGE, APRICOT, PEACH",3.96763368,1.0,ACRES,ORANGE,(none),4,0.99190842
1577,"GRAPEFRUIT, ORANGE, APRICOT, PEACH",3.96763368,1.0,ACRES,APRICOT,(none),4,0.99190842
1577,"GRAPEFRUIT, ORANGE, APRICOT, PEACH",3.96763368,1.0,ACRES,PEACH,(none),4,0.99190842
1578,AVOCADO,37.51773684,62.0,ACRES,AVOCADO,(none),1,37.51773684
1579,AVOCADO,13.01801987,14.0,ACRES,AVOCADO,(none),1,13.01801987
1580,AVOCADO,7.2823175,5.0,ACRES,AVOCADO,(none),1,7.2823175
1581,AVOCADO,2.2160566900000003,0.5,ACRES,AVOCADO,(none),1,2.2160566900000003
1582,AVOCADO,27.3810481,32.0,ACRES,AVOCADO,(none),1,27.3810481
1583,N-OUTDR CONTAINER/FLD GRWN PLANTS,1.3396620399999999,1.25,ACRES,N-OUTDR CONTAINER/FLD GRWN PLANTS,N,1,1.3396620399999999
1584,N-OUTDR GRWN CUT FLWRS OR GREENS,14.60700013,10.0,ACRES,N-OUTDR GRWN CUT FLWRS OR GREENS,N,1,14.60700013
1585,N-GRNHS GRWN PLANTS IN CONTAINERS,0.96036981,1.0,ACRES,N-GRNHS GRWN PLANTS IN CONTAINERS,N,1,0.96036981
1586,N-GRNHS GRWN PLANTS IN CONTAINERS,0.55249476,0.46,ACRES,N-GRNHS GRWN PLANTS IN CONTAINERS,N,1,0.55249476
1587,N-OUTDR GRWN CUT FLWRS OR GREENS,2.40360528,2.5,ACRES,N-OUTDR GRWN CUT FLWRS OR GREENS,N,1,2.40360528
1588,N-OUTDR CONTAINER/FLD GRWN PLANTS,5.3077692899999995,2.0,ACRES,N-OUTDR CONTAINER/FLD GRWN PLANTS,N,1,5.3077692899999995
1589,N-OUTDR CONTAINER/FLD GRWN PLANTS,1.5392998900000001,1.5,ACRES,N-OUTDR CONTAINER/FLD GRWN PLANTS,N,1,1.5392998900000001
1590,N-OUTDR GRWN CUT FLWRS OR GREENS,89.03795611,50.0,ACRES,N-OUTDR GRWN CUT FLWRS OR GREENS,N,1,89.03795611
1591,N-OUTDR CONTAINER/FLD GRWN PLANTS,3.6410022300000002,3.5,ACRES,N-OUTDR CONTAINER/FLD GRWN PLANTS,N,1,3.6410022300000002
1592,N-OUTDR CONTAINER/FLD GRWN PLANTS,21.42915408,22.0,ACRES,N-OUTDR CONTAINER/FLD GRWN PLANTS,N,1,21.42915408
1593,"N-GRNHS GRWN PLANTS IN CONTAINERS, N-OUTDR CONTAINER/FLD GRWN PLANTS",17.286433080000002,95000.0,SQUARE FEET,N-GRNHS GRWN PLANTS IN CONTAINERS,N,2,8.643216540000001
1593,"N-GRNHS GRWN PLANTS IN CONTAINERS, N-OUTDR CONTAINER/FLD GRWN PLANTS",17.286433080000002,95000.0,SQUARE FEET,N-OUTDR CONTAINER/FLD GRWN PLANTS,N,2,8.643216540000001
1594,N-GRNHS GRWN PLANTS IN CONTAINERS,3.04184757,85000.0,SQUARE FEET,N-GRNHS GRWN PLANTS IN CONTAINERS,N,1,3.04184757
1595,N-OUTDR CONTAINER/FLD GRWN PLANTS,2.22563512,5.0,ACRES,N-OUTDR CONTAINER/FLD GRWN PLANTS,N,1,2.22563512
1596,"GRAPE, WINE",0.94749076,0.25,ACRES,GRAPE,(none),2,0.47374538
1596,"GRAPE, WINE",0.94749076,0.25,ACRES,WINE,(none),2,0.47374538
1597,N-OUTDR GRWN CUT FLWRS OR GREENS,3.45882644,15.0,ACRES,N-OUTDR GRWN CUT FLWRS OR GREENS,N,1,3.45882644
1598,N-OUTDR CONTAINER/FLD GRWN PLANTS,12.67754821,17.0,ACRES,N-OUTDR CONTAINER/FLD GRWN PLANTS,N,1,12.67754821
1599,"N-GRNHS GRWN PLANTS IN CONTAINERS, N-OUTDR CONTAINER/FLD GRWN PLANTS",3.9840599,1.5,SQUARE FEET,N-GRNHS GRWN PLANTS IN CONTAINERS,N,2,1.99202995
1599,"N-GRNHS GRWN PLANTS IN CONTAINERS, N-OUTDR CONTAINER/FLD GRWN PLANTS",3.9840599,1.5,SQUARE FEET,N-OUTDR CONTAINER/FLD GRWN PLANTS,N,2,1.99202995
1600,N-GRNHS GRWN PLANTS IN CONTAINERS,2.5933670500000003,24000.0,SQUARE FEET,N-GRNHS GRWN PLANTS IN CONTAINERS,N,1,2.5933670500000003
1601,"GRAPE, WINE",0.6644005199999999,1.0,ACRES,GRAPE,(none),2,0.33220025999999997
1601,"GRAPE, WINE",0.6644005199999999,1.0,ACRES,WINE,(none),2,0.33220025999999997
1602,LETTUCE LEAF,5.10991924,3.25,ACRES,LETTUCE LEAF,(none),1,5.10991924
1603,"GRAPE, WINE",2.80630038,2.0,ACRES,GRAPE,(none),2,1.40315019
1603,"GRAPE, WINE",2.80630038,2.0,ACRES,WINE,(none),2,1.40315019
1604,GRAPE,2.20112717,1.0,ACRES,GRAPE,(none),1,2.20112717
1605,"GRAPE, WINE",0.91303944,16.0,ACRES,GRAPE,(none),2,0.45651972
1605,"GRAPE, WINE",0.91303944,16.0,ACRES,WINE,(none),2,0.45651972
1606,AVOCADO,3.3664173,4.0,ACRES,AVOCADO,(none),1,3.3664173
1607,HOPS,2.4197399,2.0,ACRES,HOPS,(none),1,2.4197399
1608,N-GRNHS GRWN PLANTS IN CONTAINERS,4.99129711,4.0,ACRES,N-GRNHS GRWN PLANTS IN CONTAINERS,N,1,4.99129711
1609,"GRAPE, WINE",7.077274610000001,6.0,ACRES,GRAPE,(none),2,3.5386373050000004
1609,"GRAPE, WINE",7.077274610000001,6.0,ACRES,WINE,(none),2,3.5386373050000004
1610,AVOCADO,6.8258949300000005,4.0,ACRES,AVOCADO,(none),1,6.8258949300000005
1611,TANGERINE,5.7089577899999995,3.0,ACRES,TANGERINE,(none),1,5.7089577899999995
1612,"GRAPE, WINE, UNCULTIVATED AG",109.02136162,116.0,ACRES,GRAPE,(none),3,36.34045387333333
1612,"GRAPE, WINE, UNCULTIVATED AG",109.02136162,116.0,ACRES,WINE,(none),3,36.34045387333333
1612,"GRAPE, WINE, UNCULTIVATED AG",109.02136162,116.0,ACRES,UNCULTIVATED AG,(none),3,36.34045387333333
1613,"N-GRNHS GRWN PLANTS IN CONTAINERS, N-OUTDR CONTAINER/FLD GRWN PLANTS",2.29368164,7.0,ACRES,N-GRNHS GRWN PLANTS IN CONTAINERS,N,2,1.14684082
1613,"N-GRNHS GRWN PLANTS IN CONTAINERS, N-OUTDR CONTAINER/FLD GRWN PLANTS",2.29368164,7.0,ACRES,N-OUTDR CONTAINER/FLD GRWN PLANTS,N,2,1.14684082
1614,N-OUTDR CONTAINER/FLD GRWN PLANTS,4.00224518,5.0,ACRES,N-OUTDR CONTAINER/FLD GRWN PLANTS,N,1,4.00224518
1615,"GRAPE, WINE",91.04521806,85.0,ACRES,GRAPE,(none),2,45.52260903
1615,"GRAPE, WINE",91.04521806,85.0,ACRES,WINE,(none),2,45.52260903
1616,"GRAPE, WINE",2.88852048,3.0,ACRES,GRAPE,(none),2,1.44426024
1616,"GRAPE, WINE",2.88852048,3.0,ACRES,WINE,(none),2,1.44426024
1617,"GRAPE, WINE",2.63092549,1.0,ACRES,GRAPE,(none),2,1.315462745
1617,"GRAPE, WINE",2.63092549,1.0,ACRES,WINE,(none),2,1.315462745
1618,"POME FRUIT, STONE FRUIT",1.97892597,0.5,ACRES,POME FRUIT,(none),2,0.989462985
1618,"POME FRUIT, STONE FRUIT",1.97892597,0.5,ACRES,STONE FRUIT,(none),2,0.989462985
1619,N-GRNHS GRWN PLANTS IN CONTAINERS,10.98481189,18000.0,SQUARE FEET,N-GRNHS GRWN PLANTS IN CONTAINERS,N,1,10.98481189
1620,"GRAPE, WINE",1.17569357,2.0,ACRES,GRAPE,(none),2,0.587846785
1620,"GRAPE, WINE",1.17569357,2.0,ACRES,WINE,(none),2,0.587846785
1621,N-OUTDR CONTAINER/FLD GRWN PLANTS,0.09088754,3.0,ACRES,N-OUTDR CONTAINER/FLD GRWN PLANTS,N,1,0.09088754
1622,AVOCADO,0.7051455200000001,2.0,ACRES,AVOCADO,(none),1,0.7051455200000001
1623,"GRAPE, WINE",0.24488715000000003,1.5,ACRES,GRAPE,(none),2,0.12244357500000001
1623,"GRAPE, WINE",0.24488715000000003,1.5,ACRES,WINE,(none),2,0.12244357500000001
1624,N-OUTDR GRWN CUT FLWRS OR GREENS,6.68187222,10.0,ACRES,N-OUTDR GRWN CUT FLWRS OR GREENS,N,1,6.68187222
1625,"N-GRNHS GRWN PLANTS IN CONTAINERS, N-OUTDR CONTAINER/FLD GRWN PLANTS",1.40107392,2.0,ACRES,N-GRNHS GRWN PLANTS IN CONTAINERS,N,2,0.70053696
1625,"N-GRNHS GRWN PLANTS IN CONTAINERS, N-OUTDR CONTAINER/FLD GRWN PLANTS",1.40107392,2.0,ACRES,N-OUTDR CONTAINER/FLD GRWN PLANTS,N,2,0.70053696
1626,"GRAPE, WINE",7.1931216000000004,4.0,ACRES,GRAPE,(none),2,3.5965608000000002
1626,"GRAPE, WINE",7.1931216000000004,4.0,ACRES,WINE,(none),2,3.5965608000000002
1627,AVOCADO,9.895124319999999,10.0,ACRES,AVOCADO,(none),1,9.895124319999999
1628,AVOCADO,1.23207779,2.0,ACRES,AVOCADO,(none),1,1.23207779
1630,AVOCADO,3.65010943,2.5,ACRES,AVOCADO,(none),1,3.65010943
1631,AVOCADO,9.08914272,5.0,ACRES,AVOCADO,(none),1,9.08914272
1632,AVOCADO,76.79303914,10.0,ACRES,AVOCADO,(none),1,76.79303914
1633,"GRAPE, WINE",21.63118989,14.0,ACRES,GRAPE,(none),2,10.815594945
1633,"GRAPE, WINE",21.63118989,14.0,ACRES,WINE,(none),2,10.815594945
1634,"CITRUS, PEAR, PEACH, FIG, GRAPE, GUAVA",1.12255348,0.0, ,CITRUS,(none),6,0.18709224666666668
1634,"CITRUS, PEAR, PEACH, FIG, GRAPE, GUAVA",1.12255348,0.0, ,PEAR,(none),6,0.18709224666666668
1634,"CITRUS, PEAR, PEACH, FIG, GRAPE, GUAVA",1.12255348,0.0, ,PEACH,(none),6,0.18709224666666668
1634,"CITRUS, PEAR, PEACH, FIG, GRAPE, GUAVA",1.12255348,0.0, ,FIG,(none),6,0.18709224666666668
1634,"CITRUS, PEAR, PEACH, FIG, GRAPE, GUAVA",1.12255348,0.0, ,GRAPE,(none),6,0.18709224666666668
1634,"CITRUS, PEAR, PEACH, FIG, GRAPE, GUAVA",1.12255348,0.0, ,GUAVA,(none),6,0.18709224666666668
1635,N-OUTDR CONTAINER/FLD GRWN PLANTS,0.16660797,0.5,ACRES,N-OUTDR CONTAINER/FLD GRWN PLANTS,N,1,0.16660797
1636,"GRAPE, WINE",8.03959451,1.0,ACRES,GRAPE,(none),2,4.019797255
1636,"GRAPE, WINE",8.03959451,1.0,ACRES,WINE,(none),2,4.019797255
1637,"SWEET BASIL, EGGPLANT, TOMATO, TOMATILLO, OKRA",0.93004001,7200.0,SQUARE FEET,SWEET BASIL,(none),5,0.186008002
1637,"SWEET BASIL, EGGPLANT, TOMATO, TOMATILLO, OKRA",0.93004001,7200.0,SQUARE FEET,EGGPLANT,(none),5,0.186008002
1637,"SWEET BASIL, EGGPLANT, TOMATO, TOMATILLO, OKRA",0.93004001,7200.0,SQUARE FEET,TOMATO,(none),5,0.186008002
1637,"SWEET BASIL, EGGPLANT, TOMATO, TOMATILLO, OKRA",0.93004001,7200.0,SQUARE FEET,TOMATILLO,(none),5,0.186008002
1637,"SWEET BASIL, EGGPLANT, TOMATO, TOMATILLO, OKRA",0.93004001,7200.0,SQUARE FEET,OKRA,(none),5,0.186008002
1638,"GRAPE, WINE",2.30056005,1.5,ACRES,GRAPE,(none),2,1.150280025
1638,"GRAPE, WINE",2.30056005,1.5,ACRES,WINE,(none),2,1.150280025
1639,"GRAPE, WINE",25.492038880000003,22.0,ACRES,GRAPE,(none),2,12.746019440000001
1639,"GRAPE, WINE",25.492038880000003,22.0,ACRES,WINE,(none),2,12.746019440000001
1640,"GRAPE, WINE",0.5024395100000001,1.0,ACRES,GRAPE,(none),2,0.25121975500000004
1640,"GRAPE, WINE",0.5024395100000001,1.0,ACRES,WINE,(none),2,0.25121975500000004
1641,AVOCADO,3.98236823,3.5,ACRES,AVOCADO,(none),1,3.98236823
1642,AVOCADO,4.28479572,1.0,ACRES,AVOCADO,(none),1,4.28479572
1643,"GRAPE, WINE",4.25770682,2.0,ACRES,GRAPE,(none),2,2.12885341
1643,"GRAPE, WINE",4.25770682,2.0,ACRES,WINE,(none),2,2.12885341
1644,"N-GRNHS GRWN PLANTS IN CONTAINERS, N-OUTDR CONTAINER/FLD GRWN PLANTS",0.30209084999999997,0.5,ACRES,N-GRNHS GRWN PLANTS IN CONTAINERS,N,2,0.15104542499999998
1644,"N-GRNHS GRWN PLANTS IN CONTAINERS, N-OUTDR CONTAINER/FLD GRWN PLANTS",0.30209084999999997,0.5,ACRES,N-OUTDR CONTAINER/FLD GRWN PLANTS,N,2,0.15104542499999998
1645,"N-OUTDR GRWN CUT FLWRS OR GREENS, N-OUTDR CONTAINER/FLD GRWN PLANTS",15.3910291,18.0,ACRES,N-OUTDR GRWN CUT FLWRS OR GREENS,N,2,7.69551455
1645,"N-OUTDR GRWN CUT FLWRS OR GREENS, N-OUTDR CONTAINER/FLD GRWN PLANTS",15.3910291,18.0,ACRES,N-OUTDR CONTAINER/FLD GRWN PLANTS,N,2,7.69551455
1646,"GRAPE, WINE",0.7214230500000001,3.5,ACRES,GRAPE,(none),2,0.36071152500000003
1646,"GRAPE, WINE",0.7214230500000001,3.5,ACRES,WINE,(none),2,0.36071152500000003
1647,N-OUTDR CONTAINER/FLD GRWN PLANTS,1.66751122,2.0,ACRES,N-OUTDR CONTAINER/FLD GRWN PLANTS,N,1,1.66751122
1648,"PECAN, POMEGRANATE",80.22145046,80.0,ACRES,PECAN,(none),2,40.11072523
1648,"PECAN, POMEGRANATE",80.22145046,80.0,ACRES,POMEGRANATE,(none),2,40.11072523
1649,"AVOCADO, GRAPE, WINE",1.0789499,2.5,ACRES,AVOCADO,(none),3,0.35964996666666665
1649,"AVOCADO, GRAPE, WINE",1.0789499,2.5,ACRES,GRAPE,(none),3,0.35964996666666665
1649,"AVOCADO, GRAPE, WINE",1.0789499,2.5,ACRES,WINE,(none),3,0.35964996666666665
1650,AVOCADO,4.23708802,8.7,ACRES,AVOCADO,(none),1,4.23708802
1651,TANGELO,0.85370977,2.0,ACRES,TANGELO,(none),1,0.85370977
1652,"GRAPE, WINE",0.03356491,600.0,SQUARE FEET,GRAPE,(none),2,0.016782455
1652,"GRAPE, WINE",0.03356491,600.0,SQUARE FEET,WINE,(none),2,0.016782455
1653,OLIVE,2.5977036200000003,1.0,ACRES,OLIVE,(none),1,2.5977036200000003
1654,AVOCADO,11.006515870000001,11.3,ACRES,AVOCADO,(none),1,11.006515870000001
1655,"GRAPE, WINE",0.22238383,0.25,ACRES,GRAPE,(none),2,0.111191915
1655,"GRAPE, WINE",0.22238383,0.25,ACRES,WINE,(none),2,0.111191915
1656,"POMEGRANATE, AVOCADO",91.56509315,88.0,ACRES,POMEGRANATE,(none),2,45.782546575
1656,"POMEGRANATE, AVOCADO",91.56509315,88.0,ACRES,AVOCADO,(none),2,45.782546575
1657,AVOCADO,24.1642216,25.0,ACRES,AVOCADO,(none),1,24.1642216
1658,AVOCADO,10.42477538,10.0,ACRES,AVOCADO,(none),1,10.42477538
1659,N-OUTDR CONTAINER/FLD GRWN PLANTS,3.4153832000000004,2.0,ACRES,N-OUTDR CONTAINER/FLD GRWN PLANTS,N,1,3.4153832000000004
1660,AVOCADO,5.821043909999999,3.0,ACRES,AVOCADO,(none),1,5.821043909999999
1661,AVOCADO,17.74969189,20.0,ACRES,AVOCADO,(none),1,17.74969189
1662,AVOCADO,1.64423216,1.0,ACRES,AVOCADO,(none),1,1.64423216
1663,"GRAPE, WINE",3.1955325,5.0,ACRES,GRAPE,(none),2,1.59776625
1663,"GRAPE, WINE",3.1955325,5.0,ACRES,WINE,(none),2,1.59776625
1664,"GRAPE, WINE",49.03411364,2.5,ACRES,GRAPE,(none),2,24.51705682
1664,"GRAPE, WINE",49.03411364,2.5,ACRES,WINE,(none),2,24.51705682
1665,LEMON,2.45593069,2.5,ACRES,LEMON,(none),1,2.45593069
1666,"ORANGE, AVOCADO",3.13453416,2.0,ACRES,ORANGE,(none),2,1.56726708
1666,"ORANGE, AVOCADO",3.13453416,2.0,ACRES,AVOCADO,(none),2,1.56726708
1667,"GRAPEFRUIT, ORANGE, AVOCADO",9.43758457,13.0,ACRES,GRAPEFRUIT,(none),3,3.1458615233333336
1667,"GRAPEFRUIT, ORANGE, AVOCADO",9.43758457,13.0,ACRES,ORANGE,(none),3,3.1458615233333336
1667,"GRAPEFRUIT, ORANGE, AVOCADO",9.43758457,13.0,ACRES,AVOCADO,(none),3,3.1458615233333336
1668,AVOCADO,4.84453786,5.0,ACRES,AVOCADO,(none),1,4.84453786
1669,AVOCADO,12.288430009999999,8.0,ACRES,AVOCADO,(none),1,12.288430009999999
1670,AVOCADO,5.1734003,6.0,ACRES,AVOCADO,(none),1,5.1734003
1671,AVOCADO,10.483688659999999,12.0,ACRES,AVOCADO,(none),1,10.483688659999999
1672,AVOCADO,11.62149529,7.0,ACRES,AVOCADO,(none),1,11.62149529
1673,AVOCADO,2.43860747,1.25,ACRES,AVOCADO,(none),1,2.43860747
1674,AVOCADO,2.16660922,1.25,ACRES,AVOCADO,(none),1,2.16660922
1677,AVOCADO,3.37252933,5.0,ACRES,AVOCADO,(none),1,3.37252933
1678,AVOCADO,11.14747622,12.0,ACRES,AVOCADO,(none),1,11.14747622
1679,AVOCADO,24.23166473,15.0,ACRES,AVOCADO,(none),1,24.23166473
1680,AVOCADO,6.83508269,6.0,ACRES,AVOCADO,(none),1,6.83508269
1681,AVOCADO,3.54049668,1.0,ACRES,AVOCADO,(none),1,3.54049668
1682,AVOCADO,2.60295534,1.0,ACRES,AVOCADO,(none),1,2.60295534
1683,AVOCADO,11.01780814,7.0,ACRES,AVOCADO,(none),1,11.01780814
1684,AVOCADO,3.378399,1.5,ACRES,AVOCADO,(none),1,3.378399
1685,"GRAPEFRUIT, AVOCADO",95.63450006000001,99.0,ACRES,GRAPEFRUIT,(none),2,47.817250030000004
1685,"GRAPEFRUIT, AVOCADO",95.63450006000001,99.0,ACRES,AVOCADO,(none),2,47.817250030000004
1686,AVOCADO,5.45352773,4.0,ACRES,AVOCADO,(none),1,5.45352773
1687,UNCUL NON-AG,34.25538053,35.0,ACRES,UNCUL NON-AG,(none),1,34.25538053
1688,AVOCADO,35.63736146,20.0,ACRES,AVOCADO,(none),1,35.63736146
1689,"GRAPEFRUIT, AVOCADO",30.99387619,30.0,ACRES,GRAPEFRUIT,(none),2,15.496938095
1689,"GRAPEFRUIT, AVOCADO",30.99387619,30.0,ACRES,AVOCADO,(none),2,15.496938095
1690,AVOCADO,49.28909969,52.5,ACRES,AVOCADO,(none),1,49.28909969
1691,AVOCADO,2.64775821,1.5,ACRES,AVOCADO,(none),1,2.64775821
1692,LEMON,14.18451912,8.0,ACRES,LEMON,(none),1,14.18451912
1693,"LEMON, AVOCADO",3.8905750100000005,1.75,ACRES,LEMON,(none),2,1.9452875050000002
1693,"LEMON, AVOCADO",3.8905750100000005,1.75,ACRES,AVOCADO,(none),2,1.9452875050000002
1694,AVOCADO,2.4481729800000003,1.5,ACRES,AVOCADO,(none),1,2.4481729800000003
1695,LEMON,0.8320676100000001,0.6,ACRES,LEMON,(none),1,0.8320676100000001
1696,LEMON,1.58175126,1.0,ACRES,LEMON,(none),1,1.58175126
1697,LEMON,2.9264499,1.0,ACRES,LEMON,(none),1,2.9264499
1698,"LEMON, ORANGE",0.49841611,1.0,ACRES,LEMON,(none),2,0.249208055
1698,"LEMON, ORANGE",0.49841611,1.0,ACRES,ORANGE,(none),2,0.249208055
1699,ORANGE,2.0600188200000003,1.0,ACRES,ORANGE,(none),1,2.0600188200000003
1700,AVOCADO,5.93426534,5.0,ACRES,AVOCADO,(none),1,5.93426534
1701,AVOCADO,14.52496356,42.0,ACRES,AVOCADO,(none),1,14.52496356
1702,N-OUTDR GRWN CUT FLWRS OR GREENS,5.70888559,5.0,ACRES,N-OUTDR GRWN CUT FLWRS OR GREENS,N,1,5.70888559
1703,N-OUTDR GRWN CUT FLWRS OR GREENS,7.794531500000001,5.0,ACRES,N-OUTDR GRWN CUT FLWRS OR GREENS,N,1,7.794531500000001
1704,"N-OUTDR GRWN CUT FLWRS OR GREENS, AVOCADO",12.8305576,17.5,ACRES,N-OUTDR GRWN CUT FLWRS OR GREENS,N,2,6.4152788
1704,"N-OUTDR GRWN CUT FLWRS OR GREENS, AVOCADO",12.8305576,17.5,ACRES,AVOCADO,(none),2,6.4152788
1705,"N-OUTDR GRWN CUT FLWRS OR GREENS, AVOCADO",12.8305576,17.5,ACRES,N-OUTDR GRWN CUT FLWRS OR GREENS,N,2,6.4152788
1705,"N-OUTDR GRWN CUT FLWRS OR GREENS, AVOCADO",12.8305576,17.5,ACRES,AVOCADO,(none),2,6.4152788
1706,LEMON,114.3768716,120.0,ACRES,LEMON,(none),1,114.3768716
1707,AVOCADO,17.85087327,18.0,ACRES,AVOCADO,(none),1,17.85087327
1708,"GRAPE, WINE",11.18572664,16.0,ACRES,GRAPE,(none),2,5.59286332
1708,"GRAPE, WINE",11.18572664,16.0,ACRES,WINE,(none),2,5.59286332
1709,AVOCADO,7.1442888899999994,8.0,ACRES,AVOCADO,(none),1,7.1442888899999994
1710,"GRAPEFRUIT, AVOCADO",39.756199560000006,35.0,ACRES,GRAPEFRUIT,(none),2,19.878099780000003
1710,"GRAPEFRUIT, AVOCADO",39.756199560000006,35.0,ACRES,AVOCADO,(none),2,19.878099780000003
1711,"KUMQUAT, LIME, AVOCADO",29.46703994,30.0,ACRES,KUMQUAT,(none),3,9.822346646666666
1711,"KUMQUAT, LIME, AVOCADO",29.46703994,30.0,ACRES,LIME,(none),3,9.822346646666666
1711,"KUMQUAT, LIME, AVOCADO",29.46703994,30.0,ACRES,AVOCADO,(none),3,9.822346646666666
1712,"GRAPE, WINE",1.09395904,3.0,ACRES,GRAPE,(none),2,0.54697952
1712,"GRAPE, WINE",1.09395904,3.0,ACRES,WINE,(none),2,0.54697952
1713,"BLUEBERRY, GRAPEFRUIT, ORANGE, TANGELO, AVOCADO, UNCULTIVATED AG",275.76668815,332.0,ACRES,BLUEBERRY,(none),6,45.961114691666666
1713,"BLUEBERRY, GRAPEFRUIT, ORANGE, TANGELO, AVOCADO, UNCULTIVATED AG",275.76668815,332.0,ACRES,GRAPEFRUIT,(none),6,45.961114691666666
1713,"BLUEBERRY, GRAPEFRUIT, ORANGE, TANGELO, AVOCADO, UNCULTIVATED AG",275.76668815,332.0,ACRES,ORANGE,(none),6,45.961114691666666
1713,"BLUEBERRY, GRAPEFRUIT, ORANGE, TANGELO, AVOCADO, UNCULTIVATED AG",275.76668815,332.0,ACRES,TANGELO,(none),6,45.961114691666666
1713,"BLUEBERRY, GRAPEFRUIT, ORANGE, TANGELO, AVOCADO, UNCULTIVATED AG",275.76668815,332.0,ACRES,AVOCADO,(none),6,45.961114691666666
1713,"BLUEBERRY, GRAPEFRUIT, ORANGE, TANGELO, AVOCADO, UNCULTIVATED AG",275.76668815,332.0,ACRES,UNCULTIVATED AG,(none),6,45.961114691666666
1714,N-OUTDR GRWN CUT FLWRS OR GREENS,0.10089726,0.5,ACRES,N-OUTDR GRWN CUT FLWRS OR GREENS,N,1,0.10089726
1715,"N-OUTDR CONTAINER/FLD GRWN PLANTS, TROPICAL/SUBTROPICAL FRUIT, MANGO, GUAVA",5.55320687,5.0,ACRES,N-OUTDR CONTAINER/FLD GRWN PLANTS,N,4,1.3883017175
1715,"N-OUTDR CONTAINER/FLD GRWN PLANTS, TROPICAL/SUBTROPICAL FRUIT, MANGO, GUAVA",5.55320687,5.0,ACRES,TROPICAL/SUBTROPICAL FRUIT,(none),4,1.3883017175
1715,"N-OUTDR CONTAINER/FLD GRWN PLANTS, TROPICAL/SUBTROPICAL FRUIT, MANGO, GUAVA",5.55320687,5.0,ACRES,MANGO,(none),4,1.3883017175
1715,"N-OUTDR CONTAINER/FLD GRWN PLANTS, TROPICAL/SUBTROPICAL FRUIT, MANGO, GUAVA",5.55320687,5.0,ACRES,GUAVA,(none),4,1.3883017175
1716,MUSTARD,0.71134914,1.0,ACRES,MUSTARD,(none),1,0.71134914
1717,N-OUTDR CONTAINER/FLD GRWN PLANTS,4.5073789,2.0,ACRES,N-OUTDR CONTAINER/FLD GRWN PLANTS,N,1,4.5073789
1718,N-OUTDR CONTAINER/FLD GRWN PLANTS,4.61374896,5.0,ACRES,N-OUTDR CONTAINER/FLD GRWN PLANTS,N,1,4.61374896
1719,"CITRUS, GRAPEFRUIT, KUMQUAT, LEMON, LIME, ORANGE, TANGERINE, AVOCADO",27.37908324,26.0,ACRES,CITRUS,(none),8,3.422385405
1719,"CITRUS, GRAPEFRUIT, KUMQUAT, LEMON, LIME, ORANGE, TANGERINE, AVOCADO",27.37908324,26.0,ACRES,GRAPEFRUIT,(none),8,3.422385405
1719,"CITRUS, GRAPEFRUIT, KUMQUAT, LEMON, LIME, ORANGE, TANGERINE, AVOCADO",27.37908324,26.0,ACRES,KUMQUAT,(none),8,3.422385405
1719,"CITRUS, GRAPEFRUIT, KUMQUAT, LEMON, LIME, ORANGE, TANGERINE, AVOCADO",27.37908324,26.0,ACRES,LEMON,(none),8,3.422385405
1719,"CITRUS, GRAPEFRUIT, KUMQUAT, LEMON, LIME, ORANGE, TANGERINE, AVOCADO",27.37908324,26.0,ACRES,LIME,(none),8,3.422385405
1719,"CITRUS, GRAPEFRUIT, KUMQUAT, LEMON, LIME, ORANGE, TANGERINE, AVOCADO",27.37908324,26.0,ACRES,ORANGE,(none),8,3.422385405
1719,"CITRUS, GRAPEFRUIT, KUMQUAT, LEMON, LIME, ORANGE, TANGERINE, AVOCADO",27.37908324,26.0,ACRES,TANGERINE,(none),8,3.422385405
1719,"CITRUS, GRAPEFRUIT, KUMQUAT, LEMON, LIME, ORANGE, TANGERINE, AVOCADO",27.37908324,26.0,ACRES,AVOCADO,(none),8,3.422385405
1720,"AVOCADO, GRAPE, WINE",2.16831543,3.0,ACRES,AVOCADO,(none),3,0.7227718099999999
1720,"AVOCADO, GRAPE, WINE",2.16831543,3.0,ACRES,GRAPE,(none),3,0.7227718099999999
1720,"AVOCADO, GRAPE, WINE",2.16831543,3.0,ACRES,WINE,(none),3,0.7227718099999999
1721,N-GRNHS GRWN PLANTS IN CONTAINERS,0.672329,3000.0,SQUARE FEET,N-GRNHS GRWN PLANTS IN CONTAINERS,N,1,0.672329
1722,AVOCADO,110.33803139999999,60.0,ACRES,AVOCADO,(none),1,110.33803139999999
1723,N-GRNHS GRWN PLANTS IN CONTAINERS,5.46725285,5.0,ACRES,N-GRNHS GRWN PLANTS IN CONTAINERS,N,1,5.46725285
1724,"GRAPE, WINE",42.664536379999994,5.0,ACRES,GRAPE,(none),2,21.332268189999997
1724,"GRAPE, WINE",42.664536379999994,5.0,ACRES,WINE,(none),2,21.332268189999997
1725,N-OUTDR CONTAINER/FLD GRWN PLANTS,2.9496512200000002,3.0,ACRES,N-OUTDR CONTAINER/FLD GRWN PLANTS,N,1,2.9496512200000002
1726,N-OUTDR GRWN CUT FLWRS OR GREENS,38.35757771,40.0,ACRES,N-OUTDR GRWN CUT FLWRS OR GREENS,N,1,38.35757771
1727,AVOCADO,18.87670547,20.0,ACRES,AVOCADO,(none),1,18.87670547
1728,N-OUTDR CONTAINER/FLD GRWN PLANTS,7.92917777,8.0,ACRES,N-OUTDR CONTAINER/FLD GRWN PLANTS,N,1,7.92917777
1729,N-OUTDR CONTAINER/FLD GRWN PLANTS,14.48159414,8.0,ACRES,N-OUTDR CONTAINER/FLD GRWN PLANTS,N,1,14.48159414
1730,N-OUTDR CONTAINER/FLD GRWN PLANTS,2.8200481300000004,2.5,ACRES,N-OUTDR CONTAINER/FLD GRWN PLANTS,N,1,2.8200481300000004
1731,GRAPE,2.15691692,1.5,ACRES,GRAPE,(none),1,2.15691692
1732,"N-GRNHS GRWN PLANTS IN CONTAINERS, N-OUTDR CONTAINER/FLD GRWN PLANTS",3.86633331,3.89,ACRES,N-GRNHS GRWN PLANTS IN CONTAINERS,N,2,1.933166655
1732,"N-GRNHS GRWN PLANTS IN CONTAINERS, N-OUTDR CONTAINER/FLD GRWN PLANTS",3.86633331,3.89,ACRES,N-OUTDR CONTAINER/FLD GRWN PLANTS,N,2,1.933166655
1733,AVOCADO,38.043175160000004,62.0,ACRES,AVOCADO,(none),1,38.043175160000004
1734,"N-GRNHS GRWN PLANTS IN CONTAINERS, N-OUTDR CONTAINER/FLD GRWN PLANTS",12.08630174,10.42,ACRES,N-GRNHS GRWN PLANTS IN CONTAINERS,N,2,6.04315087
1734,"N-GRNHS GRWN PLANTS IN CONTAINERS, N-OUTDR CONTAINER/FLD GRWN PLANTS",12.08630174,10.42,ACRES,N-OUTDR CONTAINER/FLD GRWN PLANTS,N,2,6.04315087
1735,N-GRNHS GRWN PLANTS IN CONTAINERS,3.30876676,3.5,ACRES,N-GRNHS GRWN PLANTS IN CONTAINERS,N,1,3.30876676
1736,N-GRNHS GRWN PLANTS IN CONTAINERS,2.25820813,2.5,ACRES,N-GRNHS GRWN PLANTS IN CONTAINERS,N,1,2.25820813
1737,N-GRNHS GRWN CUT FLWRS OR GREENS,2.1933233,1.9,ACRES,N-GRNHS GRWN CUT FLWRS OR GREENS,N,1,2.1933233
1738,"GRAPEFRUIT, KUMQUAT, ORANGE, MANGO, PERSIMMON, CHERIMOYA, AVOCADO",158.99243043,180.0,ACRES,GRAPEFRUIT,(none),7,22.71320434714286
1738,"GRAPEFRUIT, KUMQUAT, ORANGE, MANGO, PERSIMMON, CHERIMOYA, AVOCADO",158.99243043,180.0,ACRES,KUMQUAT,(none),7,22.71320434714286
1738,"GRAPEFRUIT, KUMQUAT, ORANGE, MANGO, PERSIMMON, CHERIMOYA, AVOCADO",158.99243043,180.0,ACRES,ORANGE,(none),7,22.71320434714286
1738,"GRAPEFRUIT, KUMQUAT, ORANGE, MANGO, PERSIMMON, CHERIMOYA, AVOCADO",158.99243043,180.0,ACRES,MANGO,(none),7,22.71320434714286
1738,"GRAPEFRUIT, KUMQUAT, ORANGE, MANGO, PERSIMMON, CHERIMOYA, AVOCADO",158.99243043,180.0,ACRES,PERSIMMON,(none),7,22.71320434714286
1738,"GRAPEFRUIT, KUMQUAT, ORANGE, MANGO, PERSIMMON, CHERIMOYA, AVOCADO",158.99243043,180.0,ACRES,CHERIMOYA,(none),7,22.71320434714286
1738,"GRAPEFRUIT, KUMQUAT, ORANGE, MANGO, PERSIMMON, CHERIMOYA, AVOCADO",158.99243043,180.0,ACRES,AVOCADO,(none),7,22.71320434714286
1739,GRAPE,2.7071381,2.5,ACRES,GRAPE,(none),1,2.7071381
1740,"OP-FOLIAGE PLNT, N-GRNHS GRWN TRNSPLNT/PRPGTV MTRL",2.34720936,3.0,ACRES,OP-FOLIAGE PLNT,OP,2,1.17360468
1740,"OP-FOLIAGE PLNT, N-GRNHS GRWN TRNSPLNT/PRPGTV MTRL",2.34720936,3.0,ACRES,N-GRNHS GRWN TRNSPLNT/PRPGTV MTRL,N,2,1.17360468
1741,N-GRNHS GRWN PLANTS IN CONTAINERS,0.7617884,0.75,ACRES,N-GRNHS GRWN PLANTS IN CONTAINERS,N,1,0.7617884
1742,N-OUTDR CONTAINER/FLD GRWN PLANTS,2.4307222499999996,1.0,ACRES,N-OUTDR CONTAINER/FLD GRWN PLANTS,N,1,2.4307222499999996
1743,"STRAWBERRY, CUCUMBER, SQUASH, PEPPER FRUITNG, TOMATO, BROCCOLI, CABBAGE, CAULIFLOWER, ARTICHOKE, LETTUCE LEAF, CORN, HUMAN CON, MELON, MUSTARD",185.84575829,96.0,ACRES,STRAWBERRY,(none),14,13.274697020714285
1743,"STRAWBERRY, CUCUMBER, SQUASH, PEPPER FRUITNG, TOMATO, BROCCOLI, CABBAGE, CAULIFLOWER, ARTICHOKE, LETTUCE LEAF, CORN, HUMAN CON, MELON, MUSTARD",185.84575829,96.0,ACRES,CUCUMBER,(none),14,13.274697020714285
1743,"STRAWBERRY, CUCUMBER, SQUASH, PEPPER FRUITNG, TOMATO, BROCCOLI, CABBAGE, CAULIFLOWER, ARTICHOKE, LETTUCE LEAF, CORN, HUMAN CON, MELON, MUSTARD",185.84575829,96.0,ACRES,SQUASH,(none),14,13.274697020714285
1743,"STRAWBERRY, CUCUMBER, SQUASH, PEPPER FRUITNG, TOMATO, BROCCOLI, CABBAGE, CAULIFLOWER, ARTICHOKE, LETTUCE LEAF, CORN, HUMAN CON, MELON, MUSTARD",185.84575829,96.0,ACRES,PEPPER FRUITNG,(none),14,13.274697020714285
1743,"STRAWBERRY, CUCUMBER, SQUASH, PEPPER FRUITNG, TOMATO, BROCCOLI, CABBAGE, CAULIFLOWER, ARTICHOKE, LETTUCE LEAF, CORN, HUMAN CON, MELON, MUSTARD",185.84575829,96.0,ACRES,TOMATO,(none),14,13.274697020714285
1743,"STRAWBERRY, CUCUMBER, SQUASH, PEPPER FRUITNG, TOMATO, BROCCOLI, CABBAGE, CAULIFLOWER, ARTICHOKE, LETTUCE LEAF, CORN, HUMAN CON, MELON, MUSTARD",185.84575829,96.0,ACRES,BROCCOLI,(none),14,13.274697020714285
1743,"STRAWBERRY, CUCUMBER, SQUASH, PEPPER FRUITNG, TOMATO, BROCCOLI, CABBAGE, CAULIFLOWER, ARTICHOKE, LETTUCE LEAF, CORN, HUMAN CON, MELON, MUSTARD",185.84575829,96.0,ACRES,CABBAGE,(none),14,13.274697020714285
1743,"STRAWBERRY, CUCUMBER, SQUASH, PEPPER FRUITNG, TOMATO, BROCCOLI, CABBAGE, CAULIFLOWER, ARTICHOKE, LETTUCE LEAF, CORN, HUMAN CON, MELON, MUSTARD",185.84575829,96.0,ACRES,CAULIFLOWER,(none),14,13.274697020714285
1743,"STRAWBERRY, CUCUMBER, SQUASH, PEPPER FRUITNG, TOMATO, BROCCOLI, CABBAGE, CAULIFLOWER, ARTICHOKE, LETTUCE LEAF, CORN, HUMAN CON, MELON, MUSTARD",185.84575829,96.0,ACRES,ARTICHOKE,(none),14,13.274697020714285
1743,"STRAWBERRY, CUCUMBER, SQUASH, PEPPER FRUITNG, TOMATO, BROCCOLI, CABBAGE, CAULIFLOWER, ARTICHOKE, LETTUCE LEAF, CORN, HUMAN CON, MELON, MUSTARD",185.84575829,96.0,ACRES,LETTUCE LEAF,(none),14,13.274697020714285
1743,"STRAWBERRY, CUCUMBER, SQUASH, PEPPER FRUITNG, TOMATO, BROCCOLI, CABBAGE, CAULIFLOWER, ARTICHOKE, LETTUCE LEAF, CORN, HUMAN CON, MELON, MUSTARD",185.84575829,96.0,ACRES,CORN,(none),14,13.274697020714285
1743,"STRAWBERRY, CUCUMBER, SQUASH, PEPPER FRUITNG, TOMATO, BROCCOLI, CABBAGE, CAULIFLOWER, ARTICHOKE, LETTUCE LEAF, CORN, HUMAN CON, MELON, MUSTARD",185.84575829,96.0,ACRES,HUMAN CON,(none),14,13.274697020714285
1743,"STRAWBERRY, CUCUMBER, SQUASH, PEPPER FRUITNG, TOMATO, BROCCOLI, CABBAGE, CAULIFLOWER, ARTICHOKE, LETTUCE LEAF, CORN, HUMAN CON, MELON, MUSTARD",185.84575829,96.0,ACRES,MELON,(none),14,13.274697020714285
1743,"STRAWBERRY, CUCUMBER, SQUASH, PEPPER FRUITNG, TOMATO, BROCCOLI, CABBAGE, CAULIFLOWER, ARTICHOKE, LETTUCE LEAF, CORN, HUMAN CON, MELON, MUSTARD",185.84575829,96.0,ACRES,MUSTARD,(none),14,13.274697020714285
1744,N-GRNHS GRWN TRNSPLNT/PRPGTV MTRL,1.2787670899999999,3.0,ACRES,N-GRNHS GRWN TRNSPLNT/PRPGTV MTRL,N,1,1.2787670899999999
1745,"OLIVE, GRAPE",2.6794941600000004,2.5,ACRES,OLIVE,(none),2,1.3397470800000002
1745,"OLIVE, GRAPE",2.6794941600000004,2.5,ACRES,GRAPE,(none),2,1.3397470800000002
1746,"GRAPE, WINE",8.73933488,1.0,ACRES,GRAPE,(none),2,4.36966744
1746,"GRAPE, WINE",8.73933488,1.0,ACRES,WINE,(none),2,4.36966744
1747,"GRAPE, WINE",9.95195432,1.75,ACRES,GRAPE,(none),2,4.97597716
1747,"GRAPE, WINE",9.95195432,1.75,ACRES,WINE,(none),2,4.97597716
1748,N-GRNHS GRWN PLANTS IN CONTAINERS,0.50022891,5000.0,SQUARE FEET,N-GRNHS GRWN PLANTS IN CONTAINERS,N,1,0.50022891
1749,N-GRNHS GRWN PLANTS IN CONTAINERS,0.14551987000000002,5000.0,SQUARE FEET,N-GRNHS GRWN PLANTS IN CONTAINERS,N,1,0.14551987000000002
1750,"N-OUTDR CONTAINER/FLD GRWN PLANTS, CITRUS, POME FRUIT, TROPICAL/SUBTROPICAL FRUIT, GRAPE",0.26958513,0.25,ACRES,N-OUTDR CONTAINER/FLD GRWN PLANTS,N,5,0.053917026
1750,"N-OUTDR CONTAINER/FLD GRWN PLANTS, CITRUS, POME FRUIT, TROPICAL/SUBTROPICAL FRUIT, GRAPE",0.26958513,0.25,ACRES,CITRUS,(none),5,0.053917026
1750,"N-OUTDR CONTAINER/FLD GRWN PLANTS, CITRUS, POME FRUIT, TROPICAL/SUBTROPICAL FRUIT, GRAPE",0.26958513,0.25,ACRES,POME FRUIT,(none),5,0.053917026
1750,"N-OUTDR CONTAINER/FLD GRWN PLANTS, CITRUS, POME FRUIT, TROPICAL/SUBTROPICAL FRUIT, GRAPE",0.26958513,0.25,ACRES,TROPICAL/SUBTROPICAL FRUIT,(none),5,0.053917026
1750,"N-OUTDR CONTAINER/FLD GRWN PLANTS, CITRUS, POME FRUIT, TROPICAL/SUBTROPICAL FRUIT, GRAPE",0.26958513,0.25,ACRES,GRAPE,(none),5,0.053917026
1751,"GRAPE, WINE",2.56320485,4.0,ACRES,GRAPE,(none),2,1.281602425
1751,"GRAPE, WINE",2.56320485,4.0,ACRES,WINE,(none),2,1.281602425
1752,LEMON,2.57013204,9.5,ACRES,LEMON,(none),1,2.57013204
1753,N-OUTDR GRWN CUT FLWRS OR GREENS,3.07260565,1.5,ACRES,N-OUTDR GRWN CUT FLWRS OR GREENS,N,1,3.07260565
1754,N-OUTDR GRWN CUT FLWRS OR GREENS,6.4868983,1.5,ACRES,N-OUTDR GRWN CUT FLWRS OR GREENS,N,1,6.4868983
1755,N-OUTDR GRWN CUT FLWRS OR GREENS,0.20405746000000002,0.25,ACRES,N-OUTDR GRWN CUT FLWRS OR GREENS,N,1,0.20405746000000002
1756,N-OUTDR CONTAINER/FLD GRWN PLANTS,40.46315273,40.0,ACRES,N-OUTDR CONTAINER/FLD GRWN PLANTS,N,1,40.46315273
1757,"N-OUTDR GRWN CUT FLWRS OR GREENS, AVOCADO",8.0251264,5.0,ACRES,N-OUTDR GRWN CUT FLWRS OR GREENS,N,2,4.0125632
1757,"N-OUTDR GRWN CUT FLWRS OR GREENS, AVOCADO",8.0251264,5.0,ACRES,AVOCADO,(none),2,4.0125632
1758,N-GRNHS GRWN PLANTS IN CONTAINERS,5.4175322800000005,4.5,ACRES,N-GRNHS GRWN PLANTS IN CONTAINERS,N,1,5.4175322800000005
1759,"CITRUS, TOMATO, VEGETABLE, GRAPE, WINE",4.08650897,4.0,ACRES,CITRUS,(none),5,0.8173017939999999
1759,"CITRUS, TOMATO, VEGETABLE, GRAPE, WINE",4.08650897,4.0,ACRES,TOMATO,(none),5,0.8173017939999999
1759,"CITRUS, TOMATO, VEGETABLE, GRAPE, WINE",4.08650897,4.0,ACRES,VEGETABLE,(none),5,0.8173017939999999
1759,"CITRUS, TOMATO, VEGETABLE, GRAPE, WINE",4.08650897,4.0,ACRES,GRAPE,(none),5,0.8173017939999999
1759,"CITRUS, TOMATO, VEGETABLE, GRAPE, WINE",4.08650897,4.0,ACRES,WINE,(none),5,0.8173017939999999
1760,"OLIVE, GRAPE",7.20635949,7.5,ACRES,OLIVE,(none),2,3.603179745
1760,"OLIVE, GRAPE",7.20635949,7.5,ACRES,GRAPE,(none),2,3.603179745
1761,"N-OUTDR CONTAINER/FLD GRWN PLANTS, GRAPE, WINE",1.25524527,4.5,ACRES,N-OUTDR CONTAINER/FLD GRWN PLANTS,N,3,0.41841509000000005
1761,"N-OUTDR CONTAINER/FLD GRWN PLANTS, GRAPE, WINE",1.25524527,4.5,ACRES,GRAPE,(none),3,0.41841509000000005
1761,"N-OUTDR CONTAINER/FLD GRWN PLANTS, GRAPE, WINE",1.25524527,4.5,ACRES,WINE,(none),3,0.41841509000000005
1762,"N-GRNHS GRWN PLANTS IN CONTAINERS, N-OUTDR CONTAINER/FLD GRWN PLANTS",10.79886434,6.0,ACRES,N-GRNHS GRWN PLANTS IN CONTAINERS,N,2,5.39943217
1762,"N-GRNHS GRWN PLANTS IN CONTAINERS, N-OUTDR CONTAINER/FLD GRWN PLANTS",10.79886434,6.0,ACRES,N-OUTDR CONTAINER/FLD GRWN PLANTS,N,2,5.39943217
1763,AVOCADO,9.19478182,15.0,ACRES,AVOCADO,(none),1,9.19478182
1764,N-OUTDR CONTAINER/FLD GRWN PLANTS,8.77242433,9.0,ACRES,N-OUTDR CONTAINER/FLD GRWN PLANTS,N,1,8.77242433
1765,"GRAPE, WINE",0.98177787,4.5,ACRES,GRAPE,(none),2,0.490888935
1765,"GRAPE, WINE",0.98177787,4.5,ACRES,WINE,(none),2,0.490888935
1766,N-OUTDR CONTAINER/FLD GRWN PLANTS,1.93697652,0.5,ACRES,N-OUTDR CONTAINER/FLD GRWN PLANTS,N,1,1.93697652
1767,UNCUL NON-AG,1.97307235,0.5,ACRES,UNCUL NON-AG,(none),1,1.97307235
1768,NECTARINE,1.9608519000000002,0.5,ACRES,NECTARINE,(none),1,1.9608519000000002
1769,GRAPE,1.9742603600000002,0.25,ACRES,GRAPE,(none),1,1.9742603600000002
1770,CITRUS,1.97362226,0.5,ACRES,CITRUS,(none),1,1.97362226
1771,FARM/AG BUILDING,1.9703372399999999,0.1,ACRES,FARM/AG BUILDING,(none),1,1.9703372399999999
1772,N-OUTDR GRWN CUT FLWRS OR GREENS,4.59066474,4.0,ACRES,N-OUTDR GRWN CUT FLWRS OR GREENS,N,1,4.59066474
1773,"GRAPEFRUIT, LEMON, ORANGE, PERSIMMON, POMEGRANATE, AVOCADO",66.76444570999999,185.48,ACRES,GRAPEFRUIT,(none),6,11.127407618333331
1773,"GRAPEFRUIT, LEMON, ORANGE, PERSIMMON, POMEGRANATE, AVOCADO",66.76444570999999,185.48,ACRES,LEMON,(none),6,11.127407618333331
1773,"GRAPEFRUIT, LEMON, ORANGE, PERSIMMON, POMEGRANATE, AVOCADO",66.76444570999999,185.48,ACRES,ORANGE,(none),6,11.127407618333331
1773,"GRAPEFRUIT, LEMON, ORANGE, PERSIMMON, POMEGRANATE, AVOCADO",66.76444570999999,185.48,ACRES,PERSIMMON,(none),6,11.127407618333331
1773,"GRAPEFRUIT, LEMON, ORANGE, PERSIMMON, POMEGRANATE, AVOCADO",66.76444570999999,185.48,ACRES,POMEGRANATE,(none),6,11.127407618333331
1773,"GRAPEFRUIT, LEMON, ORANGE, PERSIMMON, POMEGRANATE, AVOCADO",66.76444570999999,185.48,ACRES,AVOCADO,(none),6,11.127407618333331
1774,ORANGE,7.84221772,8.0,ACRES,ORANGE,(none),1,7.84221772
1775,"AVOCADO, GRAPE, WINE",23.19782898,23.5,ACRES,AVOCADO,(none),3,7.7326096600000005
1775,"AVOCADO, GRAPE, WINE",23.19782898,23.5,ACRES,GRAPE,(none),3,7.7326096600000005
1775,"AVOCADO, GRAPE, WINE",23.19782898,23.5,ACRES,WINE,(none),3,7.7326096600000005
1776,LEMON,7.57071774,1.5,ACRES,LEMON,(none),1,7.57071774
1777,"GRAPEFRUIT, AVOCADO",66.983777,44.0,ACRES,GRAPEFRUIT,(none),2,33.4918885
1777,"GRAPEFRUIT, AVOCADO",66.983777,44.0,ACRES,AVOCADO,(none),2,33.4918885
1778,AVOCADO,2.26284093,1.0,ACRES,AVOCADO,(none),1,2.26284093
1779,AVOCADO,10.58460522,7.0,ACRES,AVOCADO,(none),1,10.58460522
1780,"ORANGE, AVOCADO",5.666723210000001,6.0,ACRES,ORANGE,(none),2,2.8333616050000003
1780,"ORANGE, AVOCADO",5.666723210000001,6.0,ACRES,AVOCADO,(none),2,2.8333616050000003
1781,LEMON,8.01241891,8.0,ACRES,LEMON,(none),1,8.01241891
1782,AVOCADO,19.14400881,20.0,ACRES,AVOCADO,(none),1,19.14400881
1783,AVOCADO,23.888200180000002,8.0,ACRES,AVOCADO,(none),1,23.888200180000002
1784,AVOCADO,4.82240037,5.0,ACRES,AVOCADO,(none),1,4.82240037
1785,AVOCADO,10.94973183,9.0,ACRES,AVOCADO,(none),1,10.94973183
1786,"GRAPE, WINE",0.36456318,0.7000000000000001,ACRES,GRAPE,(none),2,0.18228159
1786,"GRAPE, WINE",0.36456318,0.7000000000000001,ACRES,WINE,(none),2,0.18228159
1787,AVOCADO,6.51394691,7.0,ACRES,AVOCADO,(none),1,6.51394691
1788,"GRAPEFRUIT, ORANGE, AVOCADO",84.68366869,80.0,ACRES,GRAPEFRUIT,(none),3,28.227889563333335
1788,"GRAPEFRUIT, ORANGE, AVOCADO",84.68366869,80.0,ACRES,ORANGE,(none),3,28.227889563333335
1788,"GRAPEFRUIT, ORANGE, AVOCADO",84.68366869,80.0,ACRES,AVOCADO,(none),3,28.227889563333335
1789,N-OUTDR CONTAINER/FLD GRWN PLANTS,2.9848608899999998,3.0,ACRES,N-OUTDR CONTAINER/FLD GRWN PLANTS,N,1,2.9848608899999998
1790,N-OUTDR CONTAINER/FLD GRWN PLANTS,1.3732405,0.75,ACRES,N-OUTDR CONTAINER/FLD GRWN PLANTS,N,1,1.3732405
1791,"GRAPE, WINE",2.1680664800000002,6.0,ACRES,GRAPE,(none),2,1.0840332400000001
1791,"GRAPE, WINE",2.1680664800000002,6.0,ACRES,WINE,(none),2,1.0840332400000001
1792,GRAPEFRUIT,1.2068425500000002,1.5,ACRES,GRAPEFRUIT,(none),1,1.2068425500000002
1793,LEMON,0.44852379000000003,60.0,MISCELLANEOUS UNITS,LEMON,(none),1,0.44852379000000003
1794,"CITRUS, PERSIMMON, CABBAGE, COLLARD, KALE, AVOCADO, CARROT",45.436896059999995,55.0,ACRES,CITRUS,(none),7,6.49098515142857
1794,"CITRUS, PERSIMMON, CABBAGE, COLLARD, KALE, AVOCADO, CARROT",45.436896059999995,55.0,ACRES,PERSIMMON,(none),7,6.49098515142857
1794,"CITRUS, PERSIMMON, CABBAGE, COLLARD, KALE, AVOCADO, CARROT",45.436896059999995,55.0,ACRES,CABBAGE,(none),7,6.49098515142857
1794,"CITRUS, PERSIMMON, CABBAGE, COLLARD, KALE, AVOCADO, CARROT",45.436896059999995,55.0,ACRES,COLLARD,(none),7,6.49098515142857
1794,"CITRUS, PERSIMMON, CABBAGE, COLLARD, KALE, AVOCADO, CARROT",45.436896059999995,55.0,ACRES,KALE,(none),7,6.49098515142857
1794,"CITRUS, PERSIMMON, CABBAGE, COLLARD, KALE, AVOCADO, CARROT",45.436896059999995,55.0,ACRES,AVOCADO,(none),7,6.49098515142857
1794,"CITRUS, PERSIMMON, CABBAGE, COLLARD, KALE, AVOCADO, CARROT",45.436896059999995,55.0,ACRES,CARROT,(none),7,6.49098515142857
1795,"N-OUTDR GRWN CUT FLWRS OR GREENS, HERB, SPICE, VEGETABLE LEAF, VEGETABLE ROOT, CORN, HUMAN CON",34.30568132,35.0,ACRES,N-OUTDR GRWN CUT FLWRS OR GREENS,N,7,4.900811617142857
1795,"N-OUTDR GRWN CUT FLWRS OR GREENS, HERB, SPICE, VEGETABLE LEAF, VEGETABLE ROOT, CORN, HUMAN CON",34.30568132,35.0,ACRES,HERB,(none),7,4.900811617142857
1795,"N-OUTDR GRWN CUT FLWRS OR GREENS, HERB, SPICE, VEGETABLE LEAF, VEGETABLE ROOT, CORN, HUMAN CON",34.30568132,35.0,ACRES,SPICE,(none),7,4.900811617142857
1795,"N-OUTDR GRWN CUT FLWRS OR GREENS, HERB, SPICE, VEGETABLE LEAF, VEGETABLE ROOT, CORN, HUMAN CON",34.30568132,35.0,ACRES,VEGETABLE LEAF,(none),7,4.900811617142857
1795,"N-OUTDR GRWN CUT FLWRS OR GREENS, HERB, SPICE, VEGETABLE LEAF, VEGETABLE ROOT, CORN, HUMAN CON",34.30568132,35.0,ACRES,VEGETABLE ROOT,(none),7,4.900811617142857
1795,"N-OUTDR GRWN CUT FLWRS OR GREENS, HERB, SPICE, VEGETABLE LEAF, VEGETABLE ROOT, CORN, HUMAN CON",34.30568132,35.0,ACRES,CORN,(none),7,4.900811617142857
1795,"N-OUTDR GRWN CUT FLWRS OR GREENS, HERB, SPICE, VEGETABLE LEAF, VEGETABLE ROOT, CORN, HUMAN CON",34.30568132,35.0,ACRES,HUMAN CON,(none),7,4.900811617142857
1796,"GRAPE, WINE",8.7545495,11.0,ACRES,GRAPE,(none),2,4.37727475
1796,"GRAPE, WINE",8.7545495,11.0,ACRES,WINE,(none),2,4.37727475
1797,"GRAPE, WINE",8.2406697,6.0,ACRES,GRAPE,(none),2,4.12033485
1797,"GRAPE, WINE",8.2406697,6.0,ACRES,WINE,(none),2,4.12033485
1798,"GRAPE, WINE",2.8010909400000004,1.0,ACRES,GRAPE,(none),2,1.4005454700000002
1798,"GRAPE, WINE",2.8010909400000004,1.0,ACRES,WINE,(none),2,1.4005454700000002
1799,"GRAPE, WINE",3.1907376800000002,1.5,ACRES,GRAPE,(none),2,1.5953688400000001
1799,"GRAPE, WINE",3.1907376800000002,1.5,ACRES,WINE,(none),2,1.5953688400000001
1800,"GRAPE, WINE",0.58504363,1.0,ACRES,GRAPE,(none),2,0.292521815
1800,"GRAPE, WINE",0.58504363,1.0,ACRES,WINE,(none),2,0.292521815
1801,"GRAPE, WINE",56.08517841,16.5,ACRES,GRAPE,(none),2,28.042589205
1801,"GRAPE, WINE",56.08517841,16.5,ACRES,WINE,(none),2,28.042589205
1802,"GRAPE, WINE",1.59119115,1.5,ACRES,GRAPE,(none),2,0.795595575
1802,"GRAPE, WINE",1.59119115,1.5,ACRES,WINE,(none),2,0.795595575
1803,"CITRUS, GRAPE, WINE",4.02437641,2.25,ACRES,CITRUS,(none),3,1.3414588033333334
1803,"CITRUS, GRAPE, WINE",4.02437641,2.25,ACRES,GRAPE,(none),3,1.3414588033333334
1803,"CITRUS, GRAPE, WINE",4.02437641,2.25,ACRES,WINE,(none),3,1.3414588033333334
1804,"GRAPE, WINE",1.04931296,0.5,ACRES,GRAPE,(none),2,0.52465648
1804,"GRAPE, WINE",1.04931296,0.5,ACRES,WINE,(none),2,0.52465648
1805,"GRAPE, WINE",2.3393243200000002,1.0,ACRES,GRAPE,(none),2,1.1696621600000001
1805,"GRAPE, WINE",2.3393243200000002,1.0,ACRES,WINE,(none),2,1.1696621600000001
1806,"AVOCADO, GRAPE, WINE",1.81889226,16.0,ACRES,AVOCADO,(none),3,0.60629742
1806,"AVOCADO, GRAPE, WINE",1.81889226,16.0,ACRES,GRAPE,(none),3,0.60629742
1806,"AVOCADO, GRAPE, WINE",1.81889226,16.0,ACRES,WINE,(none),3,0.60629742
1807,"GRAPE, WINE",3.5668126,2.5,ACRES,GRAPE,(none),2,1.7834063
1807,"GRAPE, WINE",3.5668126,2.5,ACRES,WINE,(none),2,1.7834063
1808,"GRAPE, WINE",2.1945001200000003,1.0,ACRES,GRAPE,(none),2,1.0972500600000001
1808,"GRAPE, WINE",2.1945001200000003,1.0,ACRES,WINE,(none),2,1.0972500600000001
1809,"GRAPE, WINE",2.12379148,2.0,ACRES,GRAPE,(none),2,1.06189574
1809,"GRAPE, WINE",2.12379148,2.0,ACRES,WINE,(none),2,1.06189574
1810,"CITRUS, GRAPE, WINE",7.925114250000001,2.0,ACRES,CITRUS,(none),3,2.64170475
1810,"CITRUS, GRAPE, WINE",7.925114250000001,2.0,ACRES,GRAPE,(none),3,2.64170475
1810,"CITRUS, GRAPE, WINE",7.925114250000001,2.0,ACRES,WINE,(none),3,2.64170475
1811,"GRAPE, WINE",1.86301552,5.0,ACRES,GRAPE,(none),2,0.93150776
1811,"GRAPE, WINE",1.86301552,5.0,ACRES,WINE,(none),2,0.93150776
1812,"GRAPE, WINE",2.53962602,1.0,ACRES,GRAPE,(none),2,1.26981301
1812,"GRAPE, WINE",2.53962602,1.0,ACRES,WINE,(none),2,1.26981301
1813,"GRAPE, WINE",1.0994810899999998,0.8500000000000001,ACRES,GRAPE,(none),2,0.5497405449999999
1813,"GRAPE, WINE",1.0994810899999998,0.8500000000000001,ACRES,WINE,(none),2,0.5497405449999999
1814,"GRAPE, WINE",7.38317128,2.0,ACRES,GRAPE,(none),2,3.69158564
1814,"GRAPE, WINE",7.38317128,2.0,ACRES,WINE,(none),2,3.69158564
1815,"GRAPE, WINE",3.737673,0.15,ACRES,GRAPE,(none),2,1.8688365
1815,"GRAPE, WINE",3.737673,0.15,ACRES,WINE,(none),2,1.8688365
1816,"GRAPE, WINE",31.421749600000002,6.0,ACRES,GRAPE,(none),2,15.710874800000001
1816,"GRAPE, WINE",31.421749600000002,6.0,ACRES,WINE,(none),2,15.710874800000001
1817,"GRAPE, WINE",1.92366336,2.0,ACRES,GRAPE,(none),2,0.96183168
1817,"GRAPE, WINE",1.92366336,2.0,ACRES,WINE,(none),2,0.96183168
1818,GRAPE,1.1606139500000001,1.1,ACRES,GRAPE,(none),1,1.1606139500000001
1819,"GRAPE, WINE",2.71137129,2.5,ACRES,GRAPE,(none),2,1.355685645
1819,"GRAPE, WINE",2.71137129,2.5,ACRES,WINE,(none),2,1.355685645
1820,"GRAPE, WINE",0.9611349800000001,1.0,ACRES,GRAPE,(none),2,0.48056749000000004
1820,"GRAPE, WINE",0.9611349800000001,1.0,ACRES,WINE,(none),2,0.48056749000000004
1821,N-OUTDR CONTAINER/FLD GRWN PLANTS,21.6039974,18.0,ACRES,N-OUTDR CONTAINER/FLD GRWN PLANTS,N,1,21.6039974
1822,AVOCADO,9.30265221,14.0,ACRES,AVOCADO,(none),1,9.30265221
1823,AVOCADO,4.8369466899999995,6.5,ACRES,AVOCADO,(none),1,4.8369466899999995
1824,"N-OUTDR GRWN CUT FLWRS OR GREENS, AVOCADO, GRAPE",4.982399920000001,4.0,ACRES,N-OUTDR GRWN CUT FLWRS OR GREENS,N,3,1.6607999733333336
1824,"N-OUTDR GRWN CUT FLWRS OR GREENS, AVOCADO, GRAPE",4.982399920000001,4.0,ACRES,AVOCADO,(none),3,1.6607999733333336
1824,"N-OUTDR GRWN CUT FLWRS OR GREENS, AVOCADO, GRAPE",4.982399920000001,4.0,ACRES,GRAPE,(none),3,1.6607999733333336
1825,"LEMON, AVOCADO",7.50771624,10.0,ACRES,LEMON,(none),2,3.75385812
1825,"LEMON, AVOCADO",7.50771624,10.0,ACRES,AVOCADO,(none),2,3.75385812
1826,AVOCADO,5.76586027,9.0,ACRES,AVOCADO,(none),1,5.76586027
1827,"GRAPEFRUIT, AVOCADO",8.83866761,9.0,ACRES,GRAPEFRUIT,(none),2,4.419333805
1827,"GRAPEFRUIT, AVOCADO",8.83866761,9.0,ACRES,AVOCADO,(none),2,4.419333805
1828,AVOCADO,9.30864857,8.0,ACRES,AVOCADO,(none),1,9.30864857
1829,"AVOCADO, GRAPE, WINE",1.70961764,1.5,ACRES,AVOCADO,(none),3,0.5698725466666666
1829,"AVOCADO, GRAPE, WINE",1.70961764,1.5,ACRES,GRAPE,(none),3,0.5698725466666666
1829,"AVOCADO, GRAPE, WINE",1.70961764,1.5,ACRES,WINE,(none),3,0.5698725466666666
1830,AVOCADO,16.74962228,17.0,ACRES,AVOCADO,(none),1,16.74962228
1831,"GRAPEFRUIT, TANGERINE, AVOCADO",3.1110593900000003,6.7,ACRES,GRAPEFRUIT,(none),3,1.0370197966666668
1831,"GRAPEFRUIT, TANGERINE, AVOCADO",3.1110593900000003,6.7,ACRES,TANGERINE,(none),3,1.0370197966666668
1831,"GRAPEFRUIT, TANGERINE, AVOCADO",3.1110593900000003,6.7,ACRES,AVOCADO,(none),3,1.0370197966666668
1832,"POME FRUIT, AVOCADO, GUAVA",6.940145,8.5,ACRES,POME FRUIT,(none),3,2.313381666666667
1832,"POME FRUIT, AVOCADO, GUAVA",6.940145,8.5,ACRES,AVOCADO,(none),3,2.313381666666667
1832,"POME FRUIT, AVOCADO, GUAVA",6.940145,8.5,ACRES,GUAVA,(none),3,2.313381666666667
1833,"STRAWBERRY, TROPICAL/SUBTROPICAL FRUIT, HERB, SPICE, SWEET BASIL, GINGER, CUCUMBER, SQUASH, VEGETABLE FRTG, PEPPER FRUITNG, TOMATO, VEGETABLE LEAF, COLE CROP, BROCCOLI, CABBAGE, KALE, ARTICHOKE, PARSLEY, SPINACH, SWISS CHARD, LETTUCE LEAF, RADISH, SWEET",23.73611869,20.0,ACRES,STRAWBERRY,(none),23,1.0320051604347826
1833,"STRAWBERRY, TROPICAL/SUBTROPICAL FRUIT, HERB, SPICE, SWEET BASIL, GINGER, CUCUMBER, SQUASH, VEGETABLE FRTG, PEPPER FRUITNG, TOMATO, VEGETABLE LEAF, COLE CROP, BROCCOLI, CABBAGE, KALE, ARTICHOKE, PARSLEY, SPINACH, SWISS CHARD, LETTUCE LEAF, RADISH, SWEET",23.73611869,20.0,ACRES,TROPICAL/SUBTROPICAL FRUIT,(none),23,1.0320051604347826
1833,"STRAWBERRY, TROPICAL/SUBTROPICAL FRUIT, HERB, SPICE, SWEET BASIL, GINGER, CUCUMBER, SQUASH, VEGETABLE FRTG, PEPPER FRUITNG, TOMATO, VEGETABLE LEAF, COLE CROP, BROCCOLI, CABBAGE, KALE, ARTICHOKE, PARSLEY, SPINACH, SWISS CHARD, LETTUCE LEAF, RADISH, SWEET",23.73611869,20.0,ACRES,HERB,(none),23,1.0320051604347826
1833,"STRAWBERRY, TROPICAL/SUBTROPICAL FRUIT, HERB, SPICE, SWEET BASIL, GINGER, CUCUMBER, SQUASH, VEGETABLE FRTG, PEPPER FRUITNG, TOMATO, VEGETABLE LEAF, COLE CROP, BROCCOLI, CABBAGE, KALE, ARTICHOKE, PARSLEY, SPINACH, SWISS CHARD, LETTUCE LEAF, RADISH, SWEET",23.73611869,20.0,ACRES,SPICE,(none),23,1.0320051604347826
1833,"STRAWBERRY, TROPICAL/SUBTROPICAL FRUIT, HERB, SPICE, SWEET BASIL, GINGER, CUCUMBER, SQUASH, VEGETABLE FRTG, PEPPER FRUITNG, TOMATO, VEGETABLE LEAF, COLE CROP, BROCCOLI, CABBAGE, KALE, ARTICHOKE, PARSLEY, SPINACH, SWISS CHARD, LETTUCE LEAF, RADISH, SWEET",23.73611869,20.0,ACRES,SWEET BASIL,(none),23,1.0320051604347826
1833,"STRAWBERRY, TROPICAL/SUBTROPICAL FRUIT, HERB, SPICE, SWEET BASIL, GINGER, CUCUMBER, SQUASH, VEGETABLE FRTG, PEPPER FRUITNG, TOMATO, VEGETABLE LEAF, COLE CROP, BROCCOLI, CABBAGE, KALE, ARTICHOKE, PARSLEY, SPINACH, SWISS CHARD, LETTUCE LEAF, RADISH, SWEET",23.73611869,20.0,ACRES,GINGER,(none),23,1.0320051604347826
1833,"STRAWBERRY, TROPICAL/SUBTROPICAL FRUIT, HERB, SPICE, SWEET BASIL, GINGER, CUCUMBER, SQUASH, VEGETABLE FRTG, PEPPER FRUITNG, TOMATO, VEGETABLE LEAF, COLE CROP, BROCCOLI, CABBAGE, KALE, ARTICHOKE, PARSLEY, SPINACH, SWISS CHARD, LETTUCE LEAF, RADISH, SWEET",23.73611869,20.0,ACRES,CUCUMBER,(none),23,1.0320051604347826
1833,"STRAWBERRY, TROPICAL/SUBTROPICAL FRUIT, HERB, SPICE, SWEET BASIL, GINGER, CUCUMBER, SQUASH, VEGETABLE FRTG, PEPPER FRUITNG, TOMATO, VEGETABLE LEAF, COLE CROP, BROCCOLI, CABBAGE, KALE, ARTICHOKE, PARSLEY, SPINACH, SWISS CHARD, LETTUCE LEAF, RADISH, SWEET",23.73611869,20.0,ACRES,SQUASH,(none),23,1.0320051604347826
1833,"STRAWBERRY, TROPICAL/SUBTROPICAL FRUIT, HERB, SPICE, SWEET BASIL, GINGER, CUCUMBER, SQUASH, VEGETABLE FRTG, PEPPER FRUITNG, TOMATO, VEGETABLE LEAF, COLE CROP, BROCCOLI, CABBAGE, KALE, ARTICHOKE, PARSLEY, SPINACH, SWISS CHARD, LETTUCE LEAF, RADISH, SWEET",23.73611869,20.0,ACRES,VEGETABLE FRTG,(none),23,1.0320051604347826
1833,"STRAWBERRY, TROPICAL/SUBTROPICAL FRUIT, HERB, SPICE, SWEET BASIL, GINGER, CUCUMBER, SQUASH, VEGETABLE FRTG, PEPPER FRUITNG, TOMATO, VEGETABLE LEAF, COLE CROP, BROCCOLI, CABBAGE, KALE, ARTICHOKE, PARSLEY, SPINACH, SWISS CHARD, LETTUCE LEAF, RADISH, SWEET",23.73611869,20.0,ACRES,PEPPER FRUITNG,(none),23,1.0320051604347826
1833,"STRAWBERRY, TROPICAL/SUBTROPICAL FRUIT, HERB, SPICE, SWEET BASIL, GINGER, CUCUMBER, SQUASH, VEGETABLE FRTG, PEPPER FRUITNG, TOMATO, VEGETABLE LEAF, COLE CROP, BROCCOLI, CABBAGE, KALE, ARTICHOKE, PARSLEY, SPINACH, SWISS CHARD, LETTUCE LEAF, RADISH, SWEET",23.73611869,20.0,ACRES,TOMATO,(none),23,1.0320051604347826
1833,"STRAWBERRY, TROPICAL/SUBTROPICAL FRUIT, HERB, SPICE, SWEET BASIL, GINGER, CUCUMBER, SQUASH, VEGETABLE FRTG, PEPPER FRUITNG, TOMATO, VEGETABLE LEAF, COLE CROP, BROCCOLI, CABBAGE, KALE, ARTICHOKE, PARSLEY, SPINACH, SWISS CHARD, LETTUCE LEAF, RADISH, SWEET",23.73611869,20.0,ACRES,VEGETABLE LEAF,(none),23,1.0320051604347826
1833,"STRAWBERRY, TROPICAL/SUBTROPICAL FRUIT, HERB, SPICE, SWEET BASIL, GINGER, CUCUMBER, SQUASH, VEGETABLE FRTG, PEPPER FRUITNG, TOMATO, VEGETABLE LEAF, COLE CROP, BROCCOLI, CABBAGE, KALE, ARTICHOKE, PARSLEY, SPINACH, SWISS CHARD, LETTUCE LEAF, RADISH, SWEET",23.73611869,20.0,ACRES,COLE CROP,(none),23,1.0320051604347826
1833,"STRAWBERRY, TROPICAL/SUBTROPICAL FRUIT, HERB, SPICE, SWEET BASIL, GINGER, CUCUMBER, SQUASH, VEGETABLE FRTG, PEPPER FRUITNG, TOMATO, VEGETABLE LEAF, COLE CROP, BROCCOLI, CABBAGE, KALE, ARTICHOKE, PARSLEY, SPINACH, SWISS CHARD, LETTUCE LEAF, RADISH, SWEET",23.73611869,20.0,ACRES,BROCCOLI,(none),23,1.0320051604347826
1833,"STRAWBERRY, TROPICAL/SUBTROPICAL FRUIT, HERB, SPICE, SWEET BASIL, GINGER, CUCUMBER, SQUASH, VEGETABLE FRTG, PEPPER FRUITNG, TOMATO, VEGETABLE LEAF, COLE CROP, BROCCOLI, CABBAGE, KALE, ARTICHOKE, PARSLEY, SPINACH, SWISS CHARD, LETTUCE LEAF, RADISH, SWEET",23.73611869,20.0,ACRES,CABBAGE,(none),23,1.0320051604347826
1833,"STRAWBERRY, TROPICAL/SUBTROPICAL FRUIT, HERB, SPICE, SWEET BASIL, GINGER, CUCUMBER, SQUASH, VEGETABLE FRTG, PEPPER FRUITNG, TOMATO, VEGETABLE LEAF, COLE CROP, BROCCOLI, CABBAGE, KALE, ARTICHOKE, PARSLEY, SPINACH, SWISS CHARD, LETTUCE LEAF, RADISH, SWEET",23.73611869,20.0,ACRES,KALE,(none),23,1.0320051604347826
1833,"STRAWBERRY, TROPICAL/SUBTROPICAL FRUIT, HERB, SPICE, SWEET BASIL, GINGER, CUCUMBER, SQUASH, VEGETABLE FRTG, PEPPER FRUITNG, TOMATO, VEGETABLE LEAF, COLE CROP, BROCCOLI, CABBAGE, KALE, ARTICHOKE, PARSLEY, SPINACH, SWISS CHARD, LETTUCE LEAF, RADISH, SWEET",23.73611869,20.0,ACRES,ARTICHOKE,(none),23,1.0320051604347826
1833,"STRAWBERRY, TROPICAL/SUBTROPICAL FRUIT, HERB, SPICE, SWEET BASIL, GINGER, CUCUMBER, SQUASH, VEGETABLE FRTG, PEPPER FRUITNG, TOMATO, VEGETABLE LEAF, COLE CROP, BROCCOLI, CABBAGE, KALE, ARTICHOKE, PARSLEY, SPINACH, SWISS CHARD, LETTUCE LEAF, RADISH, SWEET",23.73611869,20.0,ACRES,PARSLEY,(none),23,1.0320051604347826
1833,"STRAWBERRY, TROPICAL/SUBTROPICAL FRUIT, HERB, SPICE, SWEET BASIL, GINGER, CUCUMBER, SQUASH, VEGETABLE FRTG, PEPPER FRUITNG, TOMATO, VEGETABLE LEAF, COLE CROP, BROCCOLI, CABBAGE, KALE, ARTICHOKE, PARSLEY, SPINACH, SWISS CHARD, LETTUCE LEAF, RADISH, SWEET",23.73611869,20.0,ACRES,SPINACH,(none),23,1.0320051604347826
1833,"STRAWBERRY, TROPICAL/SUBTROPICAL FRUIT, HERB, SPICE, SWEET BASIL, GINGER, CUCUMBER, SQUASH, VEGETABLE FRTG, PEPPER FRUITNG, TOMATO, VEGETABLE LEAF, COLE CROP, BROCCOLI, CABBAGE, KALE, ARTICHOKE, PARSLEY, SPINACH, SWISS CHARD, LETTUCE LEAF, RADISH, SWEET",23.73611869,20.0,ACRES,SWISS CHARD,(none),23,1.0320051604347826
1833,"STRAWBERRY, TROPICAL/SUBTROPICAL FRUIT, HERB, SPICE, SWEET BASIL, GINGER, CUCUMBER, SQUASH, VEGETABLE FRTG, PEPPER FRUITNG, TOMATO, VEGETABLE LEAF, COLE CROP, BROCCOLI, CABBAGE, KALE, ARTICHOKE, PARSLEY, SPINACH, SWISS CHARD, LETTUCE LEAF, RADISH, SWEET",23.73611869,20.0,ACRES,LETTUCE LEAF,(none),23,1.0320051604347826
1833,"STRAWBERRY, TROPICAL/SUBTROPICAL FRUIT, HERB, SPICE, SWEET BASIL, GINGER, CUCUMBER, SQUASH, VEGETABLE FRTG, PEPPER FRUITNG, TOMATO, VEGETABLE LEAF, COLE CROP, BROCCOLI, CABBAGE, KALE, ARTICHOKE, PARSLEY, SPINACH, SWISS CHARD, LETTUCE LEAF, RADISH, SWEET",23.73611869,20.0,ACRES,RADISH,(none),23,1.0320051604347826
1833,"STRAWBERRY, TROPICAL/SUBTROPICAL FRUIT, HERB, SPICE, SWEET BASIL, GINGER, CUCUMBER, SQUASH, VEGETABLE FRTG, PEPPER FRUITNG, TOMATO, VEGETABLE LEAF, COLE CROP, BROCCOLI, CABBAGE, KALE, ARTICHOKE, PARSLEY, SPINACH, SWISS CHARD, LETTUCE LEAF, RADISH, SWEET",23.73611869,20.0,ACRES,SWEET,(none),23,1.0320051604347826
1834,"STRAWBERRY, TROPICAL/SUBTROPICAL FRUIT, HERB, SPICE, SWEET BASIL, GINGER, CUCUMBER, SQUASH, VEGETABLE FRTG, PEPPER FRUITNG, TOMATO, VEGETABLE LEAF, COLE CROP, BROCCOLI, CABBAGE, KALE, ARTICHOKE, PARSLEY, SPINACH, SWISS CHARD, LETTUCE LEAF, RADISH, SWEET",6.87833163,5.0,ACRES,STRAWBERRY,(none),23,0.29905789695652174
1834,"STRAWBERRY, TROPICAL/SUBTROPICAL FRUIT, HERB, SPICE, SWEET BASIL, GINGER, CUCUMBER, SQUASH, VEGETABLE FRTG, PEPPER FRUITNG, TOMATO, VEGETABLE LEAF, COLE CROP, BROCCOLI, CABBAGE, KALE, ARTICHOKE, PARSLEY, SPINACH, SWISS CHARD, LETTUCE LEAF, RADISH, SWEET",6.87833163,5.0,ACRES,TROPICAL/SUBTROPICAL FRUIT,(none),23,0.29905789695652174
1834,"STRAWBERRY, TROPICAL/SUBTROPICAL FRUIT, HERB, SPICE, SWEET BASIL, GINGER, CUCUMBER, SQUASH, VEGETABLE FRTG, PEPPER FRUITNG, TOMATO, VEGETABLE LEAF, COLE CROP, BROCCOLI, CABBAGE, KALE, ARTICHOKE, PARSLEY, SPINACH, SWISS CHARD, LETTUCE LEAF, RADISH, SWEET",6.87833163,5.0,ACRES,HERB,(none),23,0.29905789695652174
1834,"STRAWBERRY, TROPICAL/SUBTROPICAL FRUIT, HERB, SPICE, SWEET BASIL, GINGER, CUCUMBER, SQUASH, VEGETABLE FRTG, PEPPER FRUITNG, TOMATO, VEGETABLE LEAF, COLE CROP, BROCCOLI, CABBAGE, KALE, ARTICHOKE, PARSLEY, SPINACH, SWISS CHARD, LETTUCE LEAF, RADISH, SWEET",6.87833163,5.0,ACRES,SPICE,(none),23,0.29905789695652174
1834,"STRAWBERRY, TROPICAL/SUBTROPICAL FRUIT, HERB, SPICE, SWEET BASIL, GINGER, CUCUMBER, SQUASH, VEGETABLE FRTG, PEPPER FRUITNG, TOMATO, VEGETABLE LEAF, COLE CROP, BROCCOLI, CABBAGE, KALE, ARTICHOKE, PARSLEY, SPINACH, SWISS CHARD, LETTUCE LEAF, RADISH, SWEET",6.87833163,5.0,ACRES,SWEET BASIL,(none),23,0.29905789695652174
1834,"STRAWBERRY, TROPICAL/SUBTROPICAL FRUIT, HERB, SPICE, SWEET BASIL, GINGER, CUCUMBER, SQUASH, VEGETABLE FRTG, PEPPER FRUITNG, TOMATO, VEGETABLE LEAF, COLE CROP, BROCCOLI, CABBAGE, KALE, ARTICHOKE, PARSLEY, SPINACH, SWISS CHARD, LETTUCE LEAF, RADISH, SWEET",6.87833163,5.0,ACRES,GINGER,(none),23,0.29905789695652174
1834,"STRAWBERRY, TROPICAL/SUBTROPICAL FRUIT, HERB, SPICE, SWEET BASIL, GINGER, CUCUMBER, SQUASH, VEGETABLE FRTG, PEPPER FRUITNG, TOMATO, VEGETABLE LEAF, COLE CROP, BROCCOLI, CABBAGE, KALE, ARTICHOKE, PARSLEY, SPINACH, SWISS CHARD, LETTUCE LEAF, RADISH, SWEET",6.87833163,5.0,ACRES,CUCUMBER,(none),23,0.29905789695652174
1834,"STRAWBERRY, TROPICAL/SUBTROPICAL FRUIT, HERB, SPICE, SWEET BASIL, GINGER, CUCUMBER, SQUASH, VEGETABLE FRTG, PEPPER FRUITNG, TOMATO, VEGETABLE LEAF, COLE CROP, BROCCOLI, CABBAGE, KALE, ARTICHOKE, PARSLEY, SPINACH, SWISS CHARD, LETTUCE LEAF, RADISH, SWEET",6.87833163,5.0,ACRES,SQUASH,(none),23,0.29905789695652174
1834,"STRAWBERRY, TROPICAL/SUBTROPICAL FRUIT, HERB, SPICE, SWEET BASIL, GINGER, CUCUMBER, SQUASH, VEGETABLE FRTG, PEPPER FRUITNG, TOMATO, VEGETABLE LEAF, COLE CROP, BROCCOLI, CABBAGE, KALE, ARTICHOKE, PARSLEY, SPINACH, SWISS CHARD, LETTUCE LEAF, RADISH, SWEET",6.87833163,5.0,ACRES,VEGETABLE FRTG,(none),23,0.29905789695652174
1834,"STRAWBERRY, TROPICAL/SUBTROPICAL FRUIT, HERB, SPICE, SWEET BASIL, GINGER, CUCUMBER, SQUASH, VEGETABLE FRTG, PEPPER FRUITNG, TOMATO, VEGETABLE LEAF, COLE CROP, BROCCOLI, CABBAGE, KALE, ARTICHOKE, PARSLEY, SPINACH, SWISS CHARD, LETTUCE LEAF, RADISH, SWEET",6.87833163,5.0,ACRES,PEPPER FRUITNG,(none),23,0.29905789695652174
1834,"STRAWBERRY, TROPICAL/SUBTROPICAL FRUIT, HERB, SPICE, SWEET BASIL, GINGER, CUCUMBER, SQUASH, VEGETABLE FRTG, PEPPER FRUITNG, TOMATO, VEGETABLE LEAF, COLE CROP, BROCCOLI, CABBAGE, KALE, ARTICHOKE, PARSLEY, SPINACH, SWISS CHARD, LETTUCE LEAF, RADISH, SWEET",6.87833163,5.0,ACRES,TOMATO,(none),23,0.29905789695652174
1834,"STRAWBERRY, TROPICAL/SUBTROPICAL FRUIT, HERB, SPICE, SWEET BASIL, GINGER, CUCUMBER, SQUASH, VEGETABLE FRTG, PEPPER FRUITNG, TOMATO, VEGETABLE LEAF, COLE CROP, BROCCOLI, CABBAGE, KALE, ARTICHOKE, PARSLEY, SPINACH, SWISS CHARD, LETTUCE LEAF, RADISH, SWEET",6.87833163,5.0,ACRES,VEGETABLE LEAF,(none),23,0.29905789695652174
1834,"STRAWBERRY, TROPICAL/SUBTROPICAL FRUIT, HERB, SPICE, SWEET BASIL, GINGER, CUCUMBER, SQUASH, VEGETABLE FRTG, PEPPER FRUITNG, TOMATO, VEGETABLE LEAF, COLE CROP, BROCCOLI, CABBAGE, KALE, ARTICHOKE, PARSLEY, SPINACH, SWISS CHARD, LETTUCE LEAF, RADISH, SWEET",6.87833163,5.0,ACRES,COLE CROP,(none),23,0.29905789695652174
1834,"STRAWBERRY, TROPICAL/SUBTROPICAL FRUIT, HERB, SPICE, SWEET BASIL, GINGER, CUCUMBER, SQUASH, VEGETABLE FRTG, PEPPER FRUITNG, TOMATO, VEGETABLE LEAF, COLE CROP, BROCCOLI, CABBAGE, KALE, ARTICHOKE, PARSLEY, SPINACH, SWISS CHARD, LETTUCE LEAF, RADISH, SWEET",6.87833163,5.0,ACRES,BROCCOLI,(none),23,0.29905789695652174
1834,"STRAWBERRY, TROPICAL/SUBTROPICAL FRUIT, HERB, SPICE, SWEET BASIL, GINGER, CUCUMBER, SQUASH, VEGETABLE FRTG, PEPPER FRUITNG, TOMATO, VEGETABLE LEAF, COLE CROP, BROCCOLI, CABBAGE, KALE, ARTICHOKE, PARSLEY, SPINACH, SWISS CHARD, LETTUCE LEAF, RADISH, SWEET",6.87833163,5.0,ACRES,CABBAGE,(none),23,0.29905789695652174
1834,"STRAWBERRY, TROPICAL/SUBTROPICAL FRUIT, HERB, SPICE, SWEET BASIL, GINGER, CUCUMBER, SQUASH, VEGETABLE FRTG, PEPPER FRUITNG, TOMATO, VEGETABLE LEAF, COLE CROP, BROCCOLI, CABBAGE, KALE, ARTICHOKE, PARSLEY, SPINACH, SWISS CHARD, LETTUCE LEAF, RADISH, SWEET",6.87833163,5.0,ACRES,KALE,(none),23,0.29905789695652174
1834,"STRAWBERRY, TROPICAL/SUBTROPICAL FRUIT, HERB, SPICE, SWEET BASIL, GINGER, CUCUMBER, SQUASH, VEGETABLE FRTG, PEPPER FRUITNG, TOMATO, VEGETABLE LEAF, COLE CROP, BROCCOLI, CABBAGE, KALE, ARTICHOKE, PARSLEY, SPINACH, SWISS CHARD, LETTUCE LEAF, RADISH, SWEET",6.87833163,5.0,ACRES,ARTICHOKE,(none),23,0.29905789695652174
1834,"STRAWBERRY, TROPICAL/SUBTROPICAL FRUIT, HERB, SPICE, SWEET BASIL, GINGER, CUCUMBER, SQUASH, VEGETABLE FRTG, PEPPER FRUITNG, TOMATO, VEGETABLE LEAF, COLE CROP, BROCCOLI, CABBAGE, KALE, ARTICHOKE, PARSLEY, SPINACH, SWISS CHARD, LETTUCE LEAF, RADISH, SWEET",6.87833163,5.0,ACRES,PARSLEY,(none),23,0.29905789695652174
1834,"STRAWBERRY, TROPICAL/SUBTROPICAL FRUIT, HERB, SPICE, SWEET BASIL, GINGER, CUCUMBER, SQUASH, VEGETABLE FRTG, PEPPER FRUITNG, TOMATO, VEGETABLE LEAF, COLE CROP, BROCCOLI, CABBAGE, KALE, ARTICHOKE, PARSLEY, SPINACH, SWISS CHARD, LETTUCE LEAF, RADISH, SWEET",6.87833163,5.0,ACRES,SPINACH,(none),23,0.29905789695652174
1834,"STRAWBERRY, TROPICAL/SUBTROPICAL FRUIT, HERB, SPICE, SWEET BASIL, GINGER, CUCUMBER, SQUASH, VEGETABLE FRTG, PEPPER FRUITNG, TOMATO, VEGETABLE LEAF, COLE CROP, BROCCOLI, CABBAGE, KALE, ARTICHOKE, PARSLEY, SPINACH, SWISS CHARD, LETTUCE LEAF, RADISH, SWEET",6.87833163,5.0,ACRES,SWISS CHARD,(none),23,0.29905789695652174
1834,"STRAWBERRY, TROPICAL/SUBTROPICAL FRUIT, HERB, SPICE, SWEET BASIL, GINGER, CUCUMBER, SQUASH, VEGETABLE FRTG, PEPPER FRUITNG, TOMATO, VEGETABLE LEAF, COLE CROP, BROCCOLI, CABBAGE, KALE, ARTICHOKE, PARSLEY, SPINACH, SWISS CHARD, LETTUCE LEAF, RADISH, SWEET",6.87833163,5.0,ACRES,LETTUCE LEAF,(none),23,0.29905789695652174
1834,"STRAWBERRY, TROPICAL/SUBTROPICAL FRUIT, HERB, SPICE, SWEET BASIL, GINGER, CUCUMBER, SQUASH, VEGETABLE FRTG, PEPPER FRUITNG, TOMATO, VEGETABLE LEAF, COLE CROP, BROCCOLI, CABBAGE, KALE, ARTICHOKE, PARSLEY, SPINACH, SWISS CHARD, LETTUCE LEAF, RADISH, SWEET",6.87833163,5.0,ACRES,RADISH,(none),23,0.29905789695652174
1834,"STRAWBERRY, TROPICAL/SUBTROPICAL FRUIT, HERB, SPICE, SWEET BASIL, GINGER, CUCUMBER, SQUASH, VEGETABLE FRTG, PEPPER FRUITNG, TOMATO, VEGETABLE LEAF, COLE CROP, BROCCOLI, CABBAGE, KALE, ARTICHOKE, PARSLEY, SPINACH, SWISS CHARD, LETTUCE LEAF, RADISH, SWEET",6.87833163,5.0,ACRES,SWEET,(none),23,0.29905789695652174
1835,"STRAWBERRY, TROPICAL/SUBTROPICAL FRUIT, HERB, SPICE, SWEET BASIL, GINGER, CUCUMBER, SQUASH, VEGETABLE FRTG, PEPPER FRUITNG, TOMATO, VEGETABLE LEAF, COLE CROP, BROCCOLI, CABBAGE, KALE, ARTICHOKE, PARSLEY, SPINACH, SWISS CHARD, LETTUCE LEAF, RADISH, SWEET",13.25676694,14.5,ACRES,STRAWBERRY,(none),23,0.5763811713043479
1835,"STRAWBERRY, TROPICAL/SUBTROPICAL FRUIT, HERB, SPICE, SWEET BASIL, GINGER, CUCUMBER, SQUASH, VEGETABLE FRTG, PEPPER FRUITNG, TOMATO, VEGETABLE LEAF, COLE CROP, BROCCOLI, CABBAGE, KALE, ARTICHOKE, PARSLEY, SPINACH, SWISS CHARD, LETTUCE LEAF, RADISH, SWEET",13.25676694,14.5,ACRES,TROPICAL/SUBTROPICAL FRUIT,(none),23,0.5763811713043479
1835,"STRAWBERRY, TROPICAL/SUBTROPICAL FRUIT, HERB, SPICE, SWEET BASIL, GINGER, CUCUMBER, SQUASH, VEGETABLE FRTG, PEPPER FRUITNG, TOMATO, VEGETABLE LEAF, COLE CROP, BROCCOLI, CABBAGE, KALE, ARTICHOKE, PARSLEY, SPINACH, SWISS CHARD, LETTUCE LEAF, RADISH, SWEET",13.25676694,14.5,ACRES,HERB,(none),23,0.5763811713043479
1835,"STRAWBERRY, TROPICAL/SUBTROPICAL FRUIT, HERB, SPICE, SWEET BASIL, GINGER, CUCUMBER, SQUASH, VEGETABLE FRTG, PEPPER FRUITNG, TOMATO, VEGETABLE LEAF, COLE CROP, BROCCOLI, CABBAGE, KALE, ARTICHOKE, PARSLEY, SPINACH, SWISS CHARD, LETTUCE LEAF, RADISH, SWEET",13.25676694,14.5,ACRES,SPICE,(none),23,0.5763811713043479
1835,"STRAWBERRY, TROPICAL/SUBTROPICAL FRUIT, HERB, SPICE, SWEET BASIL, GINGER, CUCUMBER, SQUASH, VEGETABLE FRTG, PEPPER FRUITNG, TOMATO, VEGETABLE LEAF, COLE CROP, BROCCOLI, CABBAGE, KALE, ARTICHOKE, PARSLEY, SPINACH, SWISS CHARD, LETTUCE LEAF, RADISH, SWEET",13.25676694,14.5,ACRES,SWEET BASIL,(none),23,0.5763811713043479
1835,"STRAWBERRY, TROPICAL/SUBTROPICAL FRUIT, HERB, SPICE, SWEET BASIL, GINGER, CUCUMBER, SQUASH, VEGETABLE FRTG, PEPPER FRUITNG, TOMATO, VEGETABLE LEAF, COLE CROP, BROCCOLI, CABBAGE, KALE, ARTICHOKE, PARSLEY, SPINACH, SWISS CHARD, LETTUCE LEAF, RADISH, SWEET",13.25676694,14.5,ACRES,GINGER,(none),23,0.5763811713043479
1835,"STRAWBERRY, TROPICAL/SUBTROPICAL FRUIT, HERB, SPICE, SWEET BASIL, GINGER, CUCUMBER, SQUASH, VEGETABLE FRTG, PEPPER FRUITNG, TOMATO, VEGETABLE LEAF, COLE CROP, BROCCOLI, CABBAGE, KALE, ARTICHOKE, PARSLEY, SPINACH, SWISS CHARD, LETTUCE LEAF, RADISH, SWEET",13.25676694,14.5,ACRES,CUCUMBER,(none),23,0.5763811713043479
1835,"STRAWBERRY, TROPICAL/SUBTROPICAL FRUIT, HERB, SPICE, SWEET BASIL, GINGER, CUCUMBER, SQUASH, VEGETABLE FRTG, PEPPER FRUITNG, TOMATO, VEGETABLE LEAF, COLE CROP, BROCCOLI, CABBAGE, KALE, ARTICHOKE, PARSLEY, SPINACH, SWISS CHARD, LETTUCE LEAF, RADISH, SWEET",13.25676694,14.5,ACRES,SQUASH,(none),23,0.5763811713043479
1835,"STRAWBERRY, TROPICAL/SUBTROPICAL FRUIT, HERB, SPICE, SWEET BASIL, GINGER, CUCUMBER, SQUASH, VEGETABLE FRTG, PEPPER FRUITNG, TOMATO, VEGETABLE LEAF, COLE CROP, BROCCOLI, CABBAGE, KALE, ARTICHOKE, PARSLEY, SPINACH, SWISS CHARD, LETTUCE LEAF, RADISH, SWEET",13.25676694,14.5,ACRES,VEGETABLE FRTG,(none),23,0.5763811713043479
1835,"STRAWBERRY, TROPICAL/SUBTROPICAL FRUIT, HERB, SPICE, SWEET BASIL, GINGER, CUCUMBER, SQUASH, VEGETABLE FRTG, PEPPER FRUITNG, TOMATO, VEGETABLE LEAF, COLE CROP, BROCCOLI, CABBAGE, KALE, ARTICHOKE, PARSLEY, SPINACH, SWISS CHARD, LETTUCE LEAF, RADISH, SWEET",13.25676694,14.5,ACRES,PEPPER FRUITNG,(none),23,0.5763811713043479
1835,"STRAWBERRY, TROPICAL/SUBTROPICAL FRUIT, HERB, SPICE, SWEET BASIL, GINGER, CUCUMBER, SQUASH, VEGETABLE FRTG, PEPPER FRUITNG, TOMATO, VEGETABLE LEAF, COLE CROP, BROCCOLI, CABBAGE, KALE, ARTICHOKE, PARSLEY, SPINACH, SWISS CHARD, LETTUCE LEAF, RADISH, SWEET",13.25676694,14.5,ACRES,TOMATO,(none),23,0.5763811713043479
1835,"STRAWBERRY, TROPICAL/SUBTROPICAL FRUIT, HERB, SPICE, SWEET BASIL, GINGER, CUCUMBER, SQUASH, VEGETABLE FRTG, PEPPER FRUITNG, TOMATO, VEGETABLE LEAF, COLE CROP, BROCCOLI, CABBAGE, KALE, ARTICHOKE, PARSLEY, SPINACH, SWISS CHARD, LETTUCE LEAF, RADISH, SWEET",13.25676694,14.5,ACRES,VEGETABLE LEAF,(none),23,0.5763811713043479
1835,"STRAWBERRY, TROPICAL/SUBTROPICAL FRUIT, HERB, SPICE, SWEET BASIL, GINGER, CUCUMBER, SQUASH, VEGETABLE FRTG, PEPPER FRUITNG, TOMATO, VEGETABLE LEAF, COLE CROP, BROCCOLI, CABBAGE, KALE, ARTICHOKE, PARSLEY, SPINACH, SWISS CHARD, LETTUCE LEAF, RADISH, SWEET",13.25676694,14.5,ACRES,COLE CROP,(none),23,0.5763811713043479
1835,"STRAWBERRY, TROPICAL/SUBTROPICAL FRUIT, HERB, SPICE, SWEET BASIL, GINGER, CUCUMBER, SQUASH, VEGETABLE FRTG, PEPPER FRUITNG, TOMATO, VEGETABLE LEAF, COLE CROP, BROCCOLI, CABBAGE, KALE, ARTICHOKE, PARSLEY, SPINACH, SWISS CHARD, LETTUCE LEAF, RADISH, SWEET",13.25676694,14.5,ACRES,BROCCOLI,(none),23,0.5763811713043479
1835,"STRAWBERRY, TROPICAL/SUBTROPICAL FRUIT, HERB, SPICE, SWEET BASIL, GINGER, CUCUMBER, SQUASH, VEGETABLE FRTG, PEPPER FRUITNG, TOMATO, VEGETABLE LEAF, COLE CROP, BROCCOLI, CABBAGE, KALE, ARTICHOKE, PARSLEY, SPINACH, SWISS CHARD, LETTUCE LEAF, RADISH, SWEET",13.25676694,14.5,ACRES,CABBAGE,(none),23,0.5763811713043479
1835,"STRAWBERRY, TROPICAL/SUBTROPICAL FRUIT, HERB, SPICE, SWEET BASIL, GINGER, CUCUMBER, SQUASH, VEGETABLE FRTG, PEPPER FRUITNG, TOMATO, VEGETABLE LEAF, COLE CROP, BROCCOLI, CABBAGE, KALE, ARTICHOKE, PARSLEY, SPINACH, SWISS CHARD, LETTUCE LEAF, RADISH, SWEET",13.25676694,14.5,ACRES,KALE,(none),23,0.5763811713043479
1835,"STRAWBERRY, TROPICAL/SUBTROPICAL FRUIT, HERB, SPICE, SWEET BASIL, GINGER, CUCUMBER, SQUASH, VEGETABLE FRTG, PEPPER FRUITNG, TOMATO, VEGETABLE LEAF, COLE CROP, BROCCOLI, CABBAGE, KALE, ARTICHOKE, PARSLEY, SPINACH, SWISS CHARD, LETTUCE LEAF, RADISH, SWEET",13.25676694,14.5,ACRES,ARTICHOKE,(none),23,0.5763811713043479
1835,"STRAWBERRY, TROPICAL/SUBTROPICAL FRUIT, HERB, SPICE, SWEET BASIL, GINGER, CUCUMBER, SQUASH, VEGETABLE FRTG, PEPPER FRUITNG, TOMATO, VEGETABLE LEAF, COLE CROP, BROCCOLI, CABBAGE, KALE, ARTICHOKE, PARSLEY, SPINACH, SWISS CHARD, LETTUCE LEAF, RADISH, SWEET",13.25676694,14.5,ACRES,PARSLEY,(none),23,0.5763811713043479
1835,"STRAWBERRY, TROPICAL/SUBTROPICAL FRUIT, HERB, SPICE, SWEET BASIL, GINGER, CUCUMBER, SQUASH, VEGETABLE FRTG, PEPPER FRUITNG, TOMATO, VEGETABLE LEAF, COLE CROP, BROCCOLI, CABBAGE, KALE, ARTICHOKE, PARSLEY, SPINACH, SWISS CHARD, LETTUCE LEAF, RADISH, SWEET",13.25676694,14.5,ACRES,SPINACH,(none),23,0.5763811713043479
1835,"STRAWBERRY, TROPICAL/SUBTROPICAL FRUIT, HERB, SPICE, SWEET BASIL, GINGER, CUCUMBER, SQUASH, VEGETABLE FRTG, PEPPER FRUITNG, TOMATO, VEGETABLE LEAF, COLE CROP, BROCCOLI, CABBAGE, KALE, ARTICHOKE, PARSLEY, SPINACH, SWISS CHARD, LETTUCE LEAF, RADISH, SWEET",13.25676694,14.5,ACRES,SWISS CHARD,(none),23,0.5763811713043479
1835,"STRAWBERRY, TROPICAL/SUBTROPICAL FRUIT, HERB, SPICE, SWEET BASIL, GINGER, CUCUMBER, SQUASH, VEGETABLE FRTG, PEPPER FRUITNG, TOMATO, VEGETABLE LEAF, COLE CROP, BROCCOLI, CABBAGE, KALE, ARTICHOKE, PARSLEY, SPINACH, SWISS CHARD, LETTUCE LEAF, RADISH, SWEET",13.25676694,14.5,ACRES,LETTUCE LEAF,(none),23,0.5763811713043479
1835,"STRAWBERRY, TROPICAL/SUBTROPICAL FRUIT, HERB, SPICE, SWEET BASIL, GINGER, CUCUMBER, SQUASH, VEGETABLE FRTG, PEPPER FRUITNG, TOMATO, VEGETABLE LEAF, COLE CROP, BROCCOLI, CABBAGE, KALE, ARTICHOKE, PARSLEY, SPINACH, SWISS CHARD, LETTUCE LEAF, RADISH, SWEET",13.25676694,14.5,ACRES,RADISH,(none),23,0.5763811713043479
1835,"STRAWBERRY, TROPICAL/SUBTROPICAL FRUIT, HERB, SPICE, SWEET BASIL, GINGER, CUCUMBER, SQUASH, VEGETABLE FRTG, PEPPER FRUITNG, TOMATO, VEGETABLE LEAF, COLE CROP, BROCCOLI, CABBAGE, KALE, ARTICHOKE, PARSLEY, SPINACH, SWISS CHARD, LETTUCE LEAF, RADISH, SWEET",13.25676694,14.5,ACRES,SWEET,(none),23,0.5763811713043479
1836,"STRAWBERRY, TROPICAL/SUBTROPICAL FRUIT, HERB, SPICE, SWEET BASIL, GINGER, CUCUMBER, SQUASH, VEGETABLE FRTG, PEPPER FRUITNG, TOMATO, VEGETABLE LEAF, COLE CROP, BROCCOLI, CABBAGE, KALE, ARTICHOKE, PARSLEY, SPINACH, SWISS CHARD, LETTUCE LEAF, RADISH, SWEET",28.26553501,27.0,ACRES,STRAWBERRY,(none),23,1.2289363047826087
1836,"STRAWBERRY, TROPICAL/SUBTROPICAL FRUIT, HERB, SPICE, SWEET BASIL, GINGER, CUCUMBER, SQUASH, VEGETABLE FRTG, PEPPER FRUITNG, TOMATO, VEGETABLE LEAF, COLE CROP, BROCCOLI, CABBAGE, KALE, ARTICHOKE, PARSLEY, SPINACH, SWISS CHARD, LETTUCE LEAF, RADISH, SWEET",28.26553501,27.0,ACRES,TROPICAL/SUBTROPICAL FRUIT,(none),23,1.2289363047826087
1836,"STRAWBERRY, TROPICAL/SUBTROPICAL FRUIT, HERB, SPICE, SWEET BASIL, GINGER, CUCUMBER, SQUASH, VEGETABLE FRTG, PEPPER FRUITNG, TOMATO, VEGETABLE LEAF, COLE CROP, BROCCOLI, CABBAGE, KALE, ARTICHOKE, PARSLEY, SPINACH, SWISS CHARD, LETTUCE LEAF, RADISH, SWEET",28.26553501,27.0,ACRES,HERB,(none),23,1.2289363047826087
1836,"STRAWBERRY, TROPICAL/SUBTROPICAL FRUIT, HERB, SPICE, SWEET BASIL, GINGER, CUCUMBER, SQUASH, VEGETABLE FRTG, PEPPER FRUITNG, TOMATO, VEGETABLE LEAF, COLE CROP, BROCCOLI, CABBAGE, KALE, ARTICHOKE, PARSLEY, SPINACH, SWISS CHARD, LETTUCE LEAF, RADISH, SWEET",28.26553501,27.0,ACRES,SPICE,(none),23,1.2289363047826087
1836,"STRAWBERRY, TROPICAL/SUBTROPICAL FRUIT, HERB, SPICE, SWEET BASIL, GINGER, CUCUMBER, SQUASH, VEGETABLE FRTG, PEPPER FRUITNG, TOMATO, VEGETABLE LEAF, COLE CROP, BROCCOLI, CABBAGE, KALE, ARTICHOKE, PARSLEY, SPINACH, SWISS CHARD, LETTUCE LEAF, RADISH, SWEET",28.26553501,27.0,ACRES,SWEET BASIL,(none),23,1.2289363047826087
1836,"STRAWBERRY, TROPICAL/SUBTROPICAL FRUIT, HERB, SPICE, SWEET BASIL, GINGER, CUCUMBER, SQUASH, VEGETABLE FRTG, PEPPER FRUITNG, TOMATO, VEGETABLE LEAF, COLE CROP, BROCCOLI, CABBAGE, KALE, ARTICHOKE, PARSLEY, SPINACH, SWISS CHARD, LETTUCE LEAF, RADISH, SWEET",28.26553501,27.0,ACRES,GINGER,(none),23,1.2289363047826087
1836,"STRAWBERRY, TROPICAL/SUBTROPICAL FRUIT, HERB, SPICE, SWEET BASIL, GINGER, CUCUMBER, SQUASH, VEGETABLE FRTG, PEPPER FRUITNG, TOMATO, VEGETABLE LEAF, COLE CROP, BROCCOLI, CABBAGE, KALE, ARTICHOKE, PARSLEY, SPINACH, SWISS CHARD, LETTUCE LEAF, RADISH, SWEET",28.26553501,27.0,ACRES,CUCUMBER,(none),23,1.2289363047826087
1836,"STRAWBERRY, TROPICAL/SUBTROPICAL FRUIT, HERB, SPICE, SWEET BASIL, GINGER, CUCUMBER, SQUASH, VEGETABLE FRTG, PEPPER FRUITNG, TOMATO, VEGETABLE LEAF, COLE CROP, BROCCOLI, CABBAGE, KALE, ARTICHOKE, PARSLEY, SPINACH, SWISS CHARD, LETTUCE LEAF, RADISH, SWEET",28.26553501,27.0,ACRES,SQUASH,(none),23,1.2289363047826087
1836,"STRAWBERRY, TROPICAL/SUBTROPICAL FRUIT, HERB, SPICE, SWEET BASIL, GINGER, CUCUMBER, SQUASH, VEGETABLE FRTG, PEPPER FRUITNG, TOMATO, VEGETABLE LEAF, COLE CROP, BROCCOLI, CABBAGE, KALE, ARTICHOKE, PARSLEY, SPINACH, SWISS CHARD, LETTUCE LEAF, RADISH, SWEET",28.26553501,27.0,ACRES,VEGETABLE FRTG,(none),23,1.2289363047826087
1836,"STRAWBERRY, TROPICAL/SUBTROPICAL FRUIT, HERB, SPICE, SWEET BASIL, GINGER, CUCUMBER, SQUASH, VEGETABLE FRTG, PEPPER FRUITNG, TOMATO, VEGETABLE LEAF, COLE CROP, BROCCOLI, CABBAGE, KALE, ARTICHOKE, PARSLEY, SPINACH, SWISS CHARD, LETTUCE LEAF, RADISH, SWEET",28.26553501,27.0,ACRES,PEPPER FRUITNG,(none),23,1.2289363047826087
1836,"STRAWBERRY, TROPICAL/SUBTROPICAL FRUIT, HERB, SPICE, SWEET BASIL, GINGER, CUCUMBER, SQUASH, VEGETABLE FRTG, PEPPER FRUITNG, TOMATO, VEGETABLE LEAF, COLE CROP, BROCCOLI, CABBAGE, KALE, ARTICHOKE, PARSLEY, SPINACH, SWISS CHARD, LETTUCE LEAF, RADISH, SWEET",28.26553501,27.0,ACRES,TOMATO,(none),23,1.2289363047826087
1836,"STRAWBERRY, TROPICAL/SUBTROPICAL FRUIT, HERB, SPICE, SWEET BASIL, GINGER, CUCUMBER, SQUASH, VEGETABLE FRTG, PEPPER FRUITNG, TOMATO, VEGETABLE LEAF, COLE CROP, BROCCOLI, CABBAGE, KALE, ARTICHOKE, PARSLEY, SPINACH, SWISS CHARD, LETTUCE LEAF, RADISH, SWEET",28.26553501,27.0,ACRES,VEGETABLE LEAF,(none),23,1.2289363047826087
1836,"STRAWBERRY, TROPICAL/SUBTROPICAL FRUIT, HERB, SPICE, SWEET BASIL, GINGER, CUCUMBER, SQUASH, VEGETABLE FRTG, PEPPER FRUITNG, TOMATO, VEGETABLE LEAF, COLE CROP, BROCCOLI, CABBAGE, KALE, ARTICHOKE, PARSLEY, SPINACH, SWISS CHARD, LETTUCE LEAF, RADISH, SWEET",28.26553501,27.0,ACRES,COLE CROP,(none),23,1.2289363047826087
1836,"STRAWBERRY, TROPICAL/SUBTROPICAL FRUIT, HERB, SPICE, SWEET BASIL, GINGER, CUCUMBER, SQUASH, VEGETABLE FRTG, PEPPER FRUITNG, TOMATO, VEGETABLE LEAF, COLE CROP, BROCCOLI, CABBAGE, KALE, ARTICHOKE, PARSLEY, SPINACH, SWISS CHARD, LETTUCE LEAF, RADISH, SWEET",28.26553501,27.0,ACRES,BROCCOLI,(none),23,1.2289363047826087
1836,"STRAWBERRY, TROPICAL/SUBTROPICAL FRUIT, HERB, SPICE, SWEET BASIL, GINGER, CUCUMBER, SQUASH, VEGETABLE FRTG, PEPPER FRUITNG, TOMATO, VEGETABLE LEAF, COLE CROP, BROCCOLI, CABBAGE, KALE, ARTICHOKE, PARSLEY, SPINACH, SWISS CHARD, LETTUCE LEAF, RADISH, SWEET",28.26553501,27.0,ACRES,CABBAGE,(none),23,1.2289363047826087
1836,"STRAWBERRY, TROPICAL/SUBTROPICAL FRUIT, HERB, SPICE, SWEET BASIL, GINGER, CUCUMBER, SQUASH, VEGETABLE FRTG, PEPPER FRUITNG, TOMATO, VEGETABLE LEAF, COLE CROP, BROCCOLI, CABBAGE, KALE, ARTICHOKE, PARSLEY, SPINACH, SWISS CHARD, LETTUCE LEAF, RADISH, SWEET",28.26553501,27.0,ACRES,KALE,(none),23,1.2289363047826087
1836,"STRAWBERRY, TROPICAL/SUBTROPICAL FRUIT, HERB, SPICE, SWEET BASIL, GINGER, CUCUMBER, SQUASH, VEGETABLE FRTG, PEPPER FRUITNG, TOMATO, VEGETABLE LEAF, COLE CROP, BROCCOLI, CABBAGE, KALE, ARTICHOKE, PARSLEY, SPINACH, SWISS CHARD, LETTUCE LEAF, RADISH, SWEET",28.26553501,27.0,ACRES,ARTICHOKE,(none),23,1.2289363047826087
1836,"STRAWBERRY, TROPICAL/SUBTROPICAL FRUIT, HERB, SPICE, SWEET BASIL, GINGER, CUCUMBER, SQUASH, VEGETABLE FRTG, PEPPER FRUITNG, TOMATO, VEGETABLE LEAF, COLE CROP, BROCCOLI, CABBAGE, KALE, ARTICHOKE, PARSLEY, SPINACH, SWISS CHARD, LETTUCE LEAF, RADISH, SWEET",28.26553501,27.0,ACRES,PARSLEY,(none),23,1.2289363047826087
1836,"STRAWBERRY, TROPICAL/SUBTROPICAL FRUIT, HERB, SPICE, SWEET BASIL, GINGER, CUCUMBER, SQUASH, VEGETABLE FRTG, PEPPER FRUITNG, TOMATO, VEGETABLE LEAF, COLE CROP, BROCCOLI, CABBAGE, KALE, ARTICHOKE, PARSLEY, SPINACH, SWISS CHARD, LETTUCE LEAF, RADISH, SWEET",28.26553501,27.0,ACRES,SPINACH,(none),23,1.2289363047826087
1836,"STRAWBERRY, TROPICAL/SUBTROPICAL FRUIT, HERB, SPICE, SWEET BASIL, GINGER, CUCUMBER, SQUASH, VEGETABLE FRTG, PEPPER FRUITNG, TOMATO, VEGETABLE LEAF, COLE CROP, BROCCOLI, CABBAGE, KALE, ARTICHOKE, PARSLEY, SPINACH, SWISS CHARD, LETTUCE LEAF, RADISH, SWEET",28.26553501,27.0,ACRES,SWISS CHARD,(none),23,1.2289363047826087
1836,"STRAWBERRY, TROPICAL/SUBTROPICAL FRUIT, HERB, SPICE, SWEET BASIL, GINGER, CUCUMBER, SQUASH, VEGETABLE FRTG, PEPPER FRUITNG, TOMATO, VEGETABLE LEAF, COLE CROP, BROCCOLI, CABBAGE, KALE, ARTICHOKE, PARSLEY, SPINACH, SWISS CHARD, LETTUCE LEAF, RADISH, SWEET",28.26553501,27.0,ACRES,LETTUCE LEAF,(none),23,1.2289363047826087
1836,"STRAWBERRY, TROPICAL/SUBTROPICAL FRUIT, HERB, SPICE, SWEET BASIL, GINGER, CUCUMBER, SQUASH, VEGETABLE FRTG, PEPPER FRUITNG, TOMATO, VEGETABLE LEAF, COLE CROP, BROCCOLI, CABBAGE, KALE, ARTICHOKE, PARSLEY, SPINACH, SWISS CHARD, LETTUCE LEAF, RADISH, SWEET",28.26553501,27.0,ACRES,RADISH,(none),23,1.2289363047826087
1836,"STRAWBERRY, TROPICAL/SUBTROPICAL FRUIT, HERB, SPICE, SWEET BASIL, GINGER, CUCUMBER, SQUASH, VEGETABLE FRTG, PEPPER FRUITNG, TOMATO, VEGETABLE LEAF, COLE CROP, BROCCOLI, CABBAGE, KALE, ARTICHOKE, PARSLEY, SPINACH, SWISS CHARD, LETTUCE LEAF, RADISH, SWEET",28.26553501,27.0,ACRES,SWEET,(none),23,1.2289363047826087
1837,"N-GRNHS GRWN PLANTS IN CONTAINERS, N-OUTDR CONTAINER/FLD GRWN PLANTS",13.37126171,15.5,ACRES,N-GRNHS GRWN PLANTS IN CONTAINERS,N,2,6.685630855
1837,"N-GRNHS GRWN PLANTS IN CONTAINERS, N-OUTDR CONTAINER/FLD GRWN PLANTS",13.37126171,15.5,ACRES,N-OUTDR CONTAINER/FLD GRWN PLANTS,N,2,6.685630855
1838,N-OUTDR CONTAINER/FLD GRWN PLANTS,3.85940587,4.0,ACRES,N-OUTDR CONTAINER/FLD GRWN PLANTS,N,1,3.85940587
1839,N-OUTDR CONTAINER/FLD GRWN PLANTS,4.88534453,4.0,ACRES,N-OUTDR CONTAINER/FLD GRWN PLANTS,N,1,4.88534453
1840,N-OUTDR CONTAINER/FLD GRWN PLANTS,17.90820104,20.0,ACRES,N-OUTDR CONTAINER/FLD GRWN PLANTS,N,1,17.90820104
1841,LEMON,3.9178889000000003,5.0,ACRES,LEMON,(none),1,3.9178889000000003
1842,AVOCADO,2.52321018,3.0,ACRES,AVOCADO,(none),1,2.52321018
1843,AVOCADO,4.968119209999999,5.5,ACRES,AVOCADO,(none),1,4.968119209999999
1844,AVOCADO,1.1950365600000001,0.5,ACRES,AVOCADO,(none),1,1.1950365600000001
1845,AVOCADO,32.59554628,20.5,ACRES,AVOCADO,(none),1,32.59554628
1846,"GRAPE, WINE",3.48662492,4.0,ACRES,GRAPE,(none),2,1.74331246
1846,"GRAPE, WINE",3.48662492,4.0,ACRES,WINE,(none),2,1.74331246
1847,N-OUTDR CONTAINER/FLD GRWN PLANTS,3.32913845,3.0,ACRES,N-OUTDR CONTAINER/FLD GRWN PLANTS,N,1,3.32913845
1848,AVOCADO,13.492807710000001,14.0,ACRES,AVOCADO,(none),1,13.492807710000001
1849,GRAPEFRUIT,2.3716675499999997,2.0,ACRES,GRAPEFRUIT,(none),1,2.3716675499999997
1850,"AVOCADO, ORCHARD FLOOR, GRAPE, WINE",1.24587612,5.0,ACRES,AVOCADO,(none),4,0.31146903
1850,"AVOCADO, ORCHARD FLOOR, GRAPE, WINE",1.24587612,5.0,ACRES,ORCHARD FLOOR,(none),4,0.31146903
1850,"AVOCADO, ORCHARD FLOOR, GRAPE, WINE",1.24587612,5.0,ACRES,GRAPE,(none),4,0.31146903
1850,"AVOCADO, ORCHARD FLOOR, GRAPE, WINE",1.24587612,5.0,ACRES,WINE,(none),4,0.31146903
1851,AVOCADO,3.00540721,3.0,ACRES,AVOCADO,(none),1,3.00540721
1852,AVOCADO,9.44407475,8.0,ACRES,AVOCADO,(none),1,9.44407475
1853,AVOCADO,23.485810970000003,24.5,ACRES,AVOCADO,(none),1,23.485810970000003
1854,"GRAPE, WINE",8.63288143,7.0,ACRES,GRAPE,(none),2,4.316440715
1854,"GRAPE, WINE",8.63288143,7.0,ACRES,WINE,(none),2,4.316440715
1855,N-GRNHS GRWN PLANTS IN CONTAINERS,0.65742827,1.0,ACRES,N-GRNHS GRWN PLANTS IN CONTAINERS,N,1,0.65742827
1856,N-GRNHS GRWN PLANTS IN CONTAINERS,0.7164248200000001,1.0,ACRES,N-GRNHS GRWN PLANTS IN CONTAINERS,N,1,0.7164248200000001
1857,N-GRNHS GRWN PLANTS IN CONTAINERS,3.98250242,2.0,ACRES,N-GRNHS GRWN PLANTS IN CONTAINERS,N,1,3.98250242
1858,"GRAPE, WINE",6.87923577,3.1,ACRES,GRAPE,(none),2,3.439617885
1858,"GRAPE, WINE",6.87923577,3.1,ACRES,WINE,(none),2,3.439617885
1859,N-OUTDR CONTAINER/FLD GRWN PLANTS,0.9890571700000002,1000.0,SQUARE FEET,N-OUTDR CONTAINER/FLD GRWN PLANTS,N,1,0.9890571700000002
1860,N-OUTDR CONTAINER/FLD GRWN PLANTS,2.20206031,1.0,ACRES,N-OUTDR CONTAINER/FLD GRWN PLANTS,N,1,2.20206031
1861,"GRAPE, WINE",5.7350588,3.0,ACRES,GRAPE,(none),2,2.8675294
1861,"GRAPE, WINE",5.7350588,3.0,ACRES,WINE,(none),2,2.8675294
1862,"GRAPE, WINE",16.326656579999998,11.5,ACRES,GRAPE,(none),2,8.163328289999999
1862,"GRAPE, WINE",16.326656579999998,11.5,ACRES,WINE,(none),2,8.163328289999999
1863,"GRAPE, WINE",1.17472697,2.5,ACRES,GRAPE,(none),2,0.587363485
1863,"GRAPE, WINE",1.17472697,2.5,ACRES,WINE,(none),2,0.587363485
1864,"GRAPE, WINE, UNCULTIVATED AG",1.06943051,1.0,ACRES,GRAPE,(none),3,0.35647683666666663
1864,"GRAPE, WINE, UNCULTIVATED AG",1.06943051,1.0,ACRES,WINE,(none),3,0.35647683666666663
1864,"GRAPE, WINE, UNCULTIVATED AG",1.06943051,1.0,ACRES,UNCULTIVATED AG,(none),3,0.35647683666666663
1865,"GRAPE, WINE",1.13329224,150.0,MISCELLANEOUS UNITS,GRAPE,(none),2,0.56664612
1865,"GRAPE, WINE",1.13329224,150.0,MISCELLANEOUS UNITS,WINE,(none),2,0.56664612
1866,"GRAPE, WINE",0.8713818400000001,1.0,ACRES,GRAPE,(none),2,0.43569092000000004
1866,"GRAPE, WINE",0.8713818400000001,1.0,ACRES,WINE,(none),2,0.43569092000000004
1867,"GRAPE, WINE",0.55963067,0.5,ACRES,GRAPE,(none),2,0.279815335
1867,"GRAPE, WINE",0.55963067,0.5,ACRES,WINE,(none),2,0.279815335
1868,N-OUTDR CONTAINER/FLD GRWN PLANTS,7.47839668,1.0,ACRES,N-OUTDR CONTAINER/FLD GRWN PLANTS,N,1,7.47839668
1869,"N-OUTDR GRWN CUT FLWRS OR GREENS, N-GRNHS GRWN TRNSPLNT/PRPGTV MTRL",306.11741393,300.0,ACRES,N-OUTDR GRWN CUT FLWRS OR GREENS,N,2,153.058706965
1869,"N-OUTDR GRWN CUT FLWRS OR GREENS, N-GRNHS GRWN TRNSPLNT/PRPGTV MTRL",306.11741393,300.0,ACRES,N-GRNHS GRWN TRNSPLNT/PRPGTV MTRL,N,2,153.058706965
1870,"AVOCADO, OLIVE, GRAPE, WINE",1.4140188100000002,4.5,ACRES,AVOCADO,(none),4,0.35350470250000005
1870,"AVOCADO, OLIVE, GRAPE, WINE",1.4140188100000002,4.5,ACRES,OLIVE,(none),4,0.35350470250000005
1870,"AVOCADO, OLIVE, GRAPE, WINE",1.4140188100000002,4.5,ACRES,GRAPE,(none),4,0.35350470250000005
1870,"AVOCADO, OLIVE, GRAPE, WINE",1.4140188100000002,4.5,ACRES,WINE,(none),4,0.35350470250000005
1871,N-OUTDR CONTAINER/FLD GRWN PLANTS,3.50638323,2.5,ACRES,N-OUTDR CONTAINER/FLD GRWN PLANTS,N,1,3.50638323
1872,N-GRNHS GRWN PLANTS IN CONTAINERS,6.71804712,22500.0,SQUARE FEET,N-GRNHS GRWN PLANTS IN CONTAINERS,N,1,6.71804712
1873,"N-OUTDR GRWN CUT FLWRS OR GREENS, AVOCADO",33.01582232,30.5,ACRES,N-OUTDR GRWN CUT FLWRS OR GREENS,N,2,16.50791116
1873,"N-OUTDR GRWN CUT FLWRS OR GREENS, AVOCADO",33.01582232,30.5,ACRES,AVOCADO,(none),2,16.50791116
1874,"N-OUTDR CONTAINER/FLD GRWN PLANTS, N-GRNHS GRWN TRNSPLNT/PRPGTV MTRL",163.00379205000002,120.4,ACRES,N-OUTDR CONTAINER/FLD GRWN PLANTS,N,2,81.50189602500001
1874,"N-OUTDR CONTAINER/FLD GRWN PLANTS, N-GRNHS GRWN TRNSPLNT/PRPGTV MTRL",163.00379205000002,120.4,ACRES,N-GRNHS GRWN TRNSPLNT/PRPGTV MTRL,N,2,81.50189602500001
1875,"GRAPE, WINE",4.20360131,20.0,ACRES,GRAPE,(none),2,2.101800655
1875,"GRAPE, WINE",4.20360131,20.0,ACRES,WINE,(none),2,2.101800655
1876,N-OUTDR GRWN CUT FLWRS OR GREENS,8.424327960000001,4.0,ACRES,N-OUTDR GRWN CUT FLWRS OR GREENS,N,1,8.424327960000001
1877,"GRAPE, WINE",1.98973819,2.0,ACRES,GRAPE,(none),2,0.994869095
1877,"GRAPE, WINE",1.98973819,2.0,ACRES,WINE,(none),2,0.994869095
1878,"GRAPE, WINE",3.05385115,3.0,ACRES,GRAPE,(none),2,1.526925575
1878,"GRAPE, WINE",3.05385115,3.0,ACRES,WINE,(none),2,1.526925575
1879,"GRAPE, WINE",0.77004182,1.5,ACRES,GRAPE,(none),2,0.38502091
1879,"GRAPE, WINE",0.77004182,1.5,ACRES,WINE,(none),2,0.38502091
1880,"CITRUS, STONE FRUIT, AVOCADO, MACADAMIA NUT",3.9887321200000003,2.0,ACRES,CITRUS,(none),4,0.9971830300000001
1880,"CITRUS, STONE FRUIT, AVOCADO, MACADAMIA NUT",3.9887321200000003,2.0,ACRES,STONE FRUIT,(none),4,0.9971830300000001
1880,"CITRUS, STONE FRUIT, AVOCADO, MACADAMIA NUT",3.9887321200000003,2.0,ACRES,AVOCADO,(none),4,0.9971830300000001
1880,"CITRUS, STONE FRUIT, AVOCADO, MACADAMIA NUT",3.9887321200000003,2.0,ACRES,MACADAMIA NUT,(none),4,0.9971830300000001
1881,AVOCADO,3.385946,3.0,ACRES,AVOCADO,(none),1,3.385946
1882,AVOCADO,6.36323471,12.0,ACRES,AVOCADO,(none),1,6.36323471
1883,AVOCADO,18.74560549,41.0,ACRES,AVOCADO,(none),1,18.74560549
1884,"GRAPEFRUIT, AVOCADO",19.512091650000002,20.0,ACRES,GRAPEFRUIT,(none),2,9.756045825000001
1884,"GRAPEFRUIT, AVOCADO",19.512091650000002,20.0,ACRES,AVOCADO,(none),2,9.756045825000001
1885,AVOCADO,7.71651398,10.0,ACRES,AVOCADO,(none),1,7.71651398
1886,AVOCADO,11.31736748,14.5,ACRES,AVOCADO,(none),1,11.31736748
1887,AVOCADO,4.61987538,4.5,ACRES,AVOCADO,(none),1,4.61987538
1888,AVOCADO,4.97905778,5.0,ACRES,AVOCADO,(none),1,4.97905778
1889,AVOCADO,16.36359843,11.0,ACRES,AVOCADO,(none),1,16.36359843
1890,AVOCADO,5.75688899,5.8,ACRES,AVOCADO,(none),1,5.75688899
1891,AVOCADO,15.01121416,7.0,ACRES,AVOCADO,(none),1,15.01121416
1892,AVOCADO,26.74151426,25.0,ACRES,AVOCADO,(none),1,26.74151426
1893,TURF/SOD,383.17449461,327.0,ACRES,TURF/SOD,(none),1,383.17449461
1894,"N-GRNHS GRWN PLANTS IN CONTAINERS, N-OUTDR CONTAINER/FLD GRWN PLANTS",21.80007178,0.5,ACRES,N-GRNHS GRWN PLANTS IN CONTAINERS,N,2,10.90003589
1894,"N-GRNHS GRWN PLANTS IN CONTAINERS, N-OUTDR CONTAINER/FLD GRWN PLANTS",21.80007178,0.5,ACRES,N-OUTDR CONTAINER/FLD GRWN PLANTS,N,2,10.90003589
1895,N-OUTDR CONTAINER/FLD GRWN PLANTS,9.00073577,5.0,ACRES,N-OUTDR CONTAINER/FLD GRWN PLANTS,N,1,9.00073577
1896,N-GRNHS GRWN PLANTS IN CONTAINERS,9.32333766,7.0,ACRES,N-GRNHS GRWN PLANTS IN CONTAINERS,N,1,9.32333766
1897,N-GRNHS GRWN PLANTS IN CONTAINERS,2.05544648,1.5,ACRES,N-GRNHS GRWN PLANTS IN CONTAINERS,N,1,2.05544648
1898,N-GRNHS GRWN PLANTS IN CONTAINERS,4.318159850000001,2.5,ACRES,N-GRNHS GRWN PLANTS IN CONTAINERS,N,1,4.318159850000001
1899,N-OUTDR GRWN CUT FLWRS OR GREENS,11.50241694,20.0,ACRES,N-OUTDR GRWN CUT FLWRS OR GREENS,N,1,11.50241694
1900,N-OUTDR GRWN CUT FLWRS OR GREENS,7.023165720000001,2.5,ACRES,N-OUTDR GRWN CUT FLWRS OR GREENS,N,1,7.023165720000001
1901,N-GRNHS GRWN PLANTS IN CONTAINERS,0.9420562400000001,40000.0,SQUARE FEET,N-GRNHS GRWN PLANTS IN CONTAINERS,N,1,0.9420562400000001
1902,N-OUTDR GRWN CUT FLWRS OR GREENS,2.81384691,5.0,ACRES,N-OUTDR GRWN CUT FLWRS OR GREENS,N,1,2.81384691
1903,N-OUTDR GRWN CUT FLWRS OR GREENS,15.41918454,20.0,ACRES,N-OUTDR GRWN CUT FLWRS OR GREENS,N,1,15.41918454
1904,N-OUTDR GRWN CUT FLWRS OR GREENS,7.82025888,10.0,ACRES,N-OUTDR GRWN CUT FLWRS OR GREENS,N,1,7.82025888
1905,N-OUTDR GRWN CUT FLWRS OR GREENS,23.008104409999998,22.0,ACRES,N-OUTDR GRWN CUT FLWRS OR GREENS,N,1,23.008104409999998
1906,"CITRUS, CHERIMOYA, AVOCADO",8.369267639999999,9.5,ACRES,CITRUS,(none),3,2.7897558799999995
1906,"CITRUS, CHERIMOYA, AVOCADO",8.369267639999999,9.5,ACRES,CHERIMOYA,(none),3,2.7897558799999995
1906,"CITRUS, CHERIMOYA, AVOCADO",8.369267639999999,9.5,ACRES,AVOCADO,(none),3,2.7897558799999995
1907,OLIVE,14.41492722,8.0,ACRES,OLIVE,(none),1,14.41492722
1908,AVOCADO,10.88113636,17.0,ACRES,AVOCADO,(none),1,10.88113636
1909,AVOCADO,27.00297101,27.0,ACRES,AVOCADO,(none),1,27.00297101
1910,AVOCADO,43.148268990000005,55.0,ACRES,AVOCADO,(none),1,43.148268990000005
1911,"GRAPE, WINE",10.21079734,5.0,ACRES,GRAPE,(none),2,5.10539867
1911,"GRAPE, WINE",10.21079734,5.0,ACRES,WINE,(none),2,5.10539867
1912,WHEAT,0.34284865999999997,118144.0,CUBIC FEET,WHEAT,(none),1,0.34284865999999997
1913,GRAIN,2.5337300000000003,8000.0,CUBIC FEET,GRAIN,(none),1,2.5337300000000003
1914,"N-GRNHS GRWN TRNSPLNT/PRPGTV MTRL, N-OUTDR GRWN TRNSPLNT/PRPGTV MTRL",11.43366017,444000.0,SQUARE FEET,N-GRNHS GRWN TRNSPLNT/PRPGTV MTRL,N,2,5.716830085
1914,"N-GRNHS GRWN TRNSPLNT/PRPGTV MTRL, N-OUTDR GRWN TRNSPLNT/PRPGTV MTRL",11.43366017,444000.0,SQUARE FEET,N-OUTDR GRWN TRNSPLNT/PRPGTV MTRL,N,2,5.716830085
1915,LEMON,2.2838791,1.5,ACRES,LEMON,(none),1,2.2838791
1916,AVOCADO,2.8452288,3.3,ACRES,AVOCADO,(none),1,2.8452288
1917,"GRAPE, WINE",9.97278607,9.79,ACRES,GRAPE,(none),2,4.986393035
1917,"GRAPE, WINE",9.97278607,9.79,ACRES,WINE,(none),2,4.986393035
1918,OAT,11.4964371,8.0,ACRES,OAT,(none),1,11.4964371
1919,AVOCADO,9.84017704,9.0,ACRES,AVOCADO,(none),1,9.84017704
1920,"SWEET BASIL, PEPPER FRUITNG, VEGETABLE LEAF, KALE, ENDIVE (ESCAROLE), SPINACH, SWISS CHARD, LETTUCE LEAF, CILANTRO, BOK CHOY LSE LF, MUSTARD",1.3814603699999999,2.0,ACRES,SWEET BASIL,(none),11,0.12558730636363635
1920,"SWEET BASIL, PEPPER FRUITNG, VEGETABLE LEAF, KALE, ENDIVE (ESCAROLE), SPINACH, SWISS CHARD, LETTUCE LEAF, CILANTRO, BOK CHOY LSE LF, MUSTARD",1.3814603699999999,2.0,ACRES,PEPPER FRUITNG,(none),11,0.12558730636363635
1920,"SWEET BASIL, PEPPER FRUITNG, VEGETABLE LEAF, KALE, ENDIVE (ESCAROLE), SPINACH, SWISS CHARD, LETTUCE LEAF, CILANTRO, BOK CHOY LSE LF, MUSTARD",1.3814603699999999,2.0,ACRES,VEGETABLE LEAF,(none),11,0.12558730636363635
1920,"SWEET BASIL, PEPPER FRUITNG, VEGETABLE LEAF, KALE, ENDIVE (ESCAROLE), SPINACH, SWISS CHARD, LETTUCE LEAF, CILANTRO, BOK CHOY LSE LF, MUSTARD",1.3814603699999999,2.0,ACRES,KALE,(none),11,0.12558730636363635
1920,"SWEET BASIL, PEPPER FRUITNG, VEGETABLE LEAF, KALE, ENDIVE (ESCAROLE), SPINACH, SWISS CHARD, LETTUCE LEAF, CILANTRO, BOK CHOY LSE LF, MUSTARD",1.3814603699999999,2.0,ACRES,ENDIVE (ESCAROLE),(none),11,0.12558730636363635
1920,"SWEET BASIL, PEPPER FRUITNG, VEGETABLE LEAF, KALE, ENDIVE (ESCAROLE), SPINACH, SWISS CHARD, LETTUCE LEAF, CILANTRO, BOK CHOY LSE LF, MUSTARD",1.3814603699999999,2.0,ACRES,SPINACH,(none),11,0.12558730636363635
1920,"SWEET BASIL, PEPPER FRUITNG, VEGETABLE LEAF, KALE, ENDIVE (ESCAROLE), SPINACH, SWISS CHARD, LETTUCE LEAF, CILANTRO, BOK CHOY LSE LF, MUSTARD",1.3814603699999999,2.0,ACRES,SWISS CHARD,(none),11,0.12558730636363635
1920,"SWEET BASIL, PEPPER FRUITNG, VEGETABLE LEAF, KALE, ENDIVE (ESCAROLE), SPINACH, SWISS CHARD, LETTUCE LEAF, CILANTRO, BOK CHOY LSE LF, MUSTARD",1.3814603699999999,2.0,ACRES,LETTUCE LEAF,(none),11,0.12558730636363635
1920,"SWEET BASIL, PEPPER FRUITNG, VEGETABLE LEAF, KALE, ENDIVE (ESCAROLE), SPINACH, SWISS CHARD, LETTUCE LEAF, CILANTRO, BOK CHOY LSE LF, MUSTARD",1.3814603699999999,2.0,ACRES,CILANTRO,(none),11,0.12558730636363635
1920,"SWEET BASIL, PEPPER FRUITNG, VEGETABLE LEAF, KALE, ENDIVE (ESCAROLE), SPINACH, SWISS CHARD, LETTUCE LEAF, CILANTRO, BOK CHOY LSE LF, MUSTARD",1.3814603699999999,2.0,ACRES,BOK CHOY LSE LF,(none),11,0.12558730636363635
1920,"SWEET BASIL, PEPPER FRUITNG, VEGETABLE LEAF, KALE, ENDIVE (ESCAROLE), SPINACH, SWISS CHARD, LETTUCE LEAF, CILANTRO, BOK CHOY LSE LF, MUSTARD",1.3814603699999999,2.0,ACRES,MUSTARD,(none),11,0.12558730636363635
1921,LEMON,10.38923591,5.0,ACRES,LEMON,(none),1,10.38923591
1922,LEMON,1.69521736,1.75,ACRES,LEMON,(none),1,1.69521736
1923,LEMON,2.8322458100000003,4.0,ACRES,LEMON,(none),1,2.8322458100000003
1924,LEMON,0.8727566400000001,1.1,ACRES,LEMON,(none),1,0.8727566400000001
1925,ORANGE,1.76368735,1.0,ACRES,ORANGE,(none),1,1.76368735
1926,LEMON,2.6653609300000003,2.75,ACRES,LEMON,(none),1,2.6653609300000003
1927,LEMON,3.530754,3.5,ACRES,LEMON,(none),1,3.530754
1928,LEMON,10.02385105,10.25,ACRES,LEMON,(none),1,10.02385105
1929,LEMON,1.14723472,1.42,ACRES,LEMON,(none),1,1.14723472
1930,LEMON,1.85185468,1.5,ACRES,LEMON,(none),1,1.85185468
1931,LEMON,0.9601282900000001,1.0,ACRES,LEMON,(none),1,0.9601282900000001
1932,"N-OUTDR GRWN CUT FLWRS OR GREENS, LEMON",0.33551561,1.0,ACRES,N-OUTDR GRWN CUT FLWRS OR GREENS,N,2,0.167757805
1932,"N-OUTDR GRWN CUT FLWRS OR GREENS, LEMON",0.33551561,1.0,ACRES,LEMON,(none),2,0.167757805
1933,LEMON,1.33547796,3.0,ACRES,LEMON,(none),1,1.33547796
1934,LEMON,6.34154162,6.5,ACRES,LEMON,(none),1,6.34154162
1935,ORANGE,1.43873719,1.5,ACRES,ORANGE,(none),1,1.43873719
1936,ORANGE,0.13783902,0.51,ACRES,ORANGE,(none),1,0.13783902
1937,LEMON,0.63141325,1.0,ACRES,LEMON,(none),1,0.63141325
1938,LEMON,1.00996158,1.5,ACRES,LEMON,(none),1,1.00996158
1939,LEMON,0.5573701,1.0,ACRES,LEMON,(none),1,0.5573701
1940,ORANGE,1.4003017500000001,1.75,ACRES,ORANGE,(none),1,1.4003017500000001
1941,"LEMON, ORANGE",8.7112318,2.75,ACRES,LEMON,(none),2,4.3556159
1941,"LEMON, ORANGE",8.7112318,2.75,ACRES,ORANGE,(none),2,4.3556159
1942,LEMON,4.0494090400000005,4.0,ACRES,LEMON,(none),1,4.0494090400000005
1943,LEMON,1.16482719,1.25,ACRES,LEMON,(none),1,1.16482719
1944,ORANGE,3.97302273,4.0,ACRES,ORANGE,(none),1,3.97302273
1945,LEMON,3.5182272500000003,5.0,ACRES,LEMON,(none),1,3.5182272500000003
1946,LEMON,3.8652294,3.0,ACRES,LEMON,(none),1,3.8652294
1947,LEMON,7.3471265400000005,10.0,ACRES,LEMON,(none),1,7.3471265400000005
1948,ORANGE,1.39420655,1.0,ACRES,ORANGE,(none),1,1.39420655
1949,LEMON,0.75855017,1.5,ACRES,LEMON,(none),1,0.75855017
1950,LEMON,1.12084408,1.5,ACRES,LEMON,(none),1,1.12084408
1951,LEMON,0.34562046,0.54,ACRES,LEMON,(none),1,0.34562046
1952,ORANGE,0.9492157,1.3,ACRES,ORANGE,(none),1,0.9492157
1953,LEMON,1.0049225099999999,1.5,ACRES,LEMON,(none),1,1.0049225099999999
1954,LEMON,1.45109793,1.5,ACRES,LEMON,(none),1,1.45109793
1955,LEMON,0.88881856,1.5,ACRES,LEMON,(none),1,0.88881856
1956,LEMON,0.29843856,0.5,ACRES,LEMON,(none),1,0.29843856
1957,LEMON,1.60365233,2.0,ACRES,LEMON,(none),1,1.60365233
1958,LEMON,4.0404574,3.5,ACRES,LEMON,(none),1,4.0404574
1959,LEMON,4.35972613,1.5,ACRES,LEMON,(none),1,4.35972613
1960,LEMON,1.6720286700000002,2.0,ACRES,LEMON,(none),1,1.6720286700000002
1961,ORANGE,2.0965543999999996,1.75,ACRES,ORANGE,(none),1,2.0965543999999996
1962,LEMON,0.56492737,1.0,ACRES,LEMON,(none),1,0.56492737
1963,LEMON,1.39758173,3.0,ACRES,LEMON,(none),1,1.39758173
1964,LEMON,1.93263878,2.0,ACRES,LEMON,(none),1,1.93263878
1965,ORANGE,1.2206903900000001,3.5,ACRES,ORANGE,(none),1,1.2206903900000001
1966,LEMON,0.6485445700000001,0.65,ACRES,LEMON,(none),1,0.6485445700000001
1967,LEMON,1.0931152499999999,2.5,ACRES,LEMON,(none),1,1.0931152499999999
1968,LEMON,1.19773256,1.5,ACRES,LEMON,(none),1,1.19773256
1969,LEMON,0.92405483,1.25,ACRES,LEMON,(none),1,0.92405483
1970,LEMON,0.67643822,1.3,ACRES,LEMON,(none),1,0.67643822
1971,ORANGE,0.8291166000000001,1.25,ACRES,ORANGE,(none),1,0.8291166000000001
1972,LEMON,1.57208553,2.5,ACRES,LEMON,(none),1,1.57208553
1973,LEMON,0.57384277,0.75,ACRES,LEMON,(none),1,0.57384277
1974,LEMON,4.46781468,4.0,ACRES,LEMON,(none),1,4.46781468
1975,LEMON,3.2579494400000004,3.5,ACRES,LEMON,(none),1,3.2579494400000004
1976,LEMON,0.8360427400000001,1.5,ACRES,LEMON,(none),1,0.8360427400000001
1977,LEMON,1.36406316,2.5,ACRES,LEMON,(none),1,1.36406316
1978,LEMON,3.4380008,4.0,ACRES,LEMON,(none),1,3.4380008
1979,LEMON,1.8631608600000003,1.25,ACRES,LEMON,(none),1,1.8631608600000003
1980,LEMON,0.5391554900000001,0.75,ACRES,LEMON,(none),1,0.5391554900000001
1981,ORANGE,0.38333015000000004,0.75,ACRES,ORANGE,(none),1,0.38333015000000004
1982,ORANGE,0.95734361,2.5,ACRES,ORANGE,(none),1,0.95734361
1983,LEMON,1.08678016,1.25,ACRES,LEMON,(none),1,1.08678016
1984,LEMON,12.7644917,8.0,ACRES,LEMON,(none),1,12.7644917
1985,LEMON,2.3307379200000002,3.0,ACRES,LEMON,(none),1,2.3307379200000002
1986,LEMON,2.46936256,3.0,ACRES,LEMON,(none),1,2.46936256
1987,LEMON,3.9994658100000002,3.0,ACRES,LEMON,(none),1,3.9994658100000002
1988,ORANGE,7.8448022900000005,1.0,ACRES,ORANGE,(none),1,7.8448022900000005
1989,LEMON,3.33024458,3.0,ACRES,LEMON,(none),1,3.33024458
1990,LEMON,1.1459365899999998,2.0,ACRES,LEMON,(none),1,1.1459365899999998
1991,LEMON,0.43315925000000005,0.7000000000000001,ACRES,LEMON,(none),1,0.43315925000000005
1992,LEMON,0.71389265,1.5,ACRES,LEMON,(none),1,0.71389265
1993,LEMON,0.30678183000000003,0.35000000000000003,ACRES,LEMON,(none),1,0.30678183000000003
1994,LEMON,2.3724773,0.75,ACRES,LEMON,(none),1,2.3724773
1995,LEMON,2.68241938,2.3,ACRES,LEMON,(none),1,2.68241938
1996,LEMON,2.22231443,3.5,ACRES,LEMON,(none),1,2.22231443
1997,ORANGE,1.66854821,1.5,ACRES,ORANGE,(none),1,1.66854821
1998,LEMON,0.45756898,0.4,ACRES,LEMON,(none),1,0.45756898
1999,LEMON,0.44253309,1.5,ACRES,LEMON,(none),1,0.44253309
2000,LEMON,0.44774159,1.0,ACRES,LEMON,(none),1,0.44774159
2001,LEMON,0.73192673,1.0,ACRES,LEMON,(none),1,0.73192673
2002,LEMON,2.96173104,2.0,ACRES,LEMON,(none),1,2.96173104
2003,LEMON,0.98463515,1.5,ACRES,LEMON,(none),1,0.98463515
2004,LEMON,0.6013236500000001,1.25,ACRES,LEMON,(none),1,0.6013236500000001
2005,LEMON,0.6939577100000001,0.5,ACRES,LEMON,(none),1,0.6939577100000001
2006,LEMON,0.5937788,0.75,ACRES,LEMON,(none),1,0.5937788
2007,LEMON,0.74965143,1.0,ACRES,LEMON,(none),1,0.74965143
2008,LEMON,0.9986816700000001,1.25,ACRES,LEMON,(none),1,0.9986816700000001
2009,ORANGE,0.3748805,0.4,ACRES,ORANGE,(none),1,0.3748805
2010,ORANGE,2.11951705,1.5,ACRES,ORANGE,(none),1,2.11951705
2011,N-OUTDR GRWN CUT FLWRS OR GREENS,1.86114842,0.5,ACRES,N-OUTDR GRWN CUT FLWRS OR GREENS,N,1,1.86114842
2012,LEMON,0.8737389200000001,1.0,ACRES,LEMON,(none),1,0.8737389200000001
2013,LEMON,0.9730327300000001,1.5,ACRES,LEMON,(none),1,0.9730327300000001
2014,LEMON,1.1552135000000001,1.2,ACRES,LEMON,(none),1,1.1552135000000001
2015,"LEMON, ORANGE",1.13838477,1.0,ACRES,LEMON,(none),2,0.569192385
2015,"LEMON, ORANGE",1.13838477,1.0,ACRES,ORANGE,(none),2,0.569192385
2016,ORANGE,1.98797314,2.75,ACRES,ORANGE,(none),1,1.98797314
2017,LEMON,1.68120726,2.5,ACRES,LEMON,(none),1,1.68120726
2018,LEMON,5.06527714,0.8,ACRES,LEMON,(none),1,5.06527714
2019,LEMON,0.6456318000000001,1.0,ACRES,LEMON,(none),1,0.6456318000000001
2020,LEMON,0.48993211,1.0,ACRES,LEMON,(none),1,0.48993211
2021,LEMON,1.00383792,1.75,ACRES,LEMON,(none),1,1.00383792
2022,LEMON,1.26958499,1.0,ACRES,LEMON,(none),1,1.26958499
2023,LEMON,0.8302348100000001,1.5,ACRES,LEMON,(none),1,0.8302348100000001
2024,LEMON,1.21242534,1.0,ACRES,LEMON,(none),1,1.21242534
2025,ORANGE,0.3054788,0.4,ACRES,ORANGE,(none),1,0.3054788
2026,LEMON,1.5238877800000001,2.5,ACRES,LEMON,(none),1,1.5238877800000001
2027,LEMON,1.28102201,1.25,ACRES,LEMON,(none),1,1.28102201
2028,LEMON,1.33028607,2.0,ACRES,LEMON,(none),1,1.33028607
2029,LEMON,1.10098865,1.0,ACRES,LEMON,(none),1,1.10098865
2030,LEMON,0.6615153899999999,1.0,ACRES,LEMON,(none),1,0.6615153899999999
2031,"LEMON, ORANGE",1.3983454800000001,4.25,ACRES,LEMON,(none),2,0.6991727400000001
2031,"LEMON, ORANGE",1.3983454800000001,4.25,ACRES,ORANGE,(none),2,0.6991727400000001
2032,LEMON,1.57560172,2.0,ACRES,LEMON,(none),1,1.57560172
2033,LEMON,0.22229535,0.5,ACRES,LEMON,(none),1,0.22229535
2034,LEMON,0.16745103000000003,0.4,ACRES,LEMON,(none),1,0.16745103000000003
2035,LEMON,0.34809358,1.2,ACRES,LEMON,(none),1,0.34809358
2036,LEMON,1.25065922,2.0,ACRES,LEMON,(none),1,1.25065922
2037,LEMON,10.556145690000001,12.0,ACRES,LEMON,(none),1,10.556145690000001
2038,ORANGE,1.41798705,3.0,ACRES,ORANGE,(none),1,1.41798705
2039,LEMON,1.07693931,1.0,ACRES,LEMON,(none),1,1.07693931
2040,LEMON,1.8959065300000002,1.5,ACRES,LEMON,(none),1,1.8959065300000002
2041,LEMON,0.58485309,0.6,ACRES,LEMON,(none),1,0.58485309
2042,LEMON,2.6933309999999997,2.5,ACRES,LEMON,(none),1,2.6933309999999997
2043,LEMON,0.45413435,1.0,ACRES,LEMON,(none),1,0.45413435
2044,LEMON,0.40051545,0.75,ACRES,LEMON,(none),1,0.40051545
2045,LEMON,1.7991499700000002,2.0,ACRES,LEMON,(none),1,1.7991499700000002
2046,LEMON,1.42804486,2.0,ACRES,LEMON,(none),1,1.42804486
2047,LEMON,1.3068279299999999,1.5,ACRES,LEMON,(none),1,1.3068279299999999
2048,LEMON,0.36312578,0.75,ACRES,LEMON,(none),1,0.36312578
2049,LEMON,1.40801713,2.0,ACRES,LEMON,(none),1,1.40801713
2050,ORANGE,1.11240479,5.0,ACRES,ORANGE,(none),1,1.11240479
2051,LEMON,1.12337746,1.5,ACRES,LEMON,(none),1,1.12337746
2052,LEMON,2.44621198,2.75,ACRES,LEMON,(none),1,2.44621198
2053,LEMON,3.57268786,3.75,ACRES,LEMON,(none),1,3.57268786
2054,LEMON,1.22987343,1.5,ACRES,LEMON,(none),1,1.22987343
2055,LEMON,3.79746556,3.75,ACRES,LEMON,(none),1,3.79746556
2056,LEMON,1.62651004,1.5,ACRES,LEMON,(none),1,1.62651004
2057,LEMON,0.25234975000000004,0.5,ACRES,LEMON,(none),1,0.25234975000000004
2058,LEMON,1.20799732,1.0,ACRES,LEMON,(none),1,1.20799732
2059,LEMON,0.44298258,1.0,ACRES,LEMON,(none),1,0.44298258
2060,LEMON,0.7283317800000001,0.75,ACRES,LEMON,(none),1,0.7283317800000001
2061,LEMON,0.8054240500000001,0.75,ACRES,LEMON,(none),1,0.8054240500000001
2062,LEMON,0.82844105,1.0,ACRES,LEMON,(none),1,0.82844105
2063,LEMON,0.54862575,0.5,ACRES,LEMON,(none),1,0.54862575
2064,LEMON,0.36493424,0.75,ACRES,LEMON,(none),1,0.36493424
2065,LEMON,1.02062527,1.0,ACRES,LEMON,(none),1,1.02062527
2066,LEMON,0.55343068,1.0,ACRES,LEMON,(none),1,0.55343068
2067,LEMON,0.8580181700000001,1.0,ACRES,LEMON,(none),1,0.8580181700000001
2068,LEMON,0.9105437500000001,0.75,ACRES,LEMON,(none),1,0.9105437500000001
2069,LEMON,8.25747126,12.5,ACRES,LEMON,(none),1,8.25747126
2070,"N-OUTDR GRWN CUT FLWRS OR GREENS, LEMON",0.5433714000000001,2.0,ACRES,N-OUTDR GRWN CUT FLWRS OR GREENS,N,2,0.27168570000000003
2070,"N-OUTDR GRWN CUT FLWRS OR GREENS, LEMON",0.5433714000000001,2.0,ACRES,LEMON,(none),2,0.27168570000000003
2071,LEMON,0.93622368,1.0,ACRES,LEMON,(none),1,0.93622368
2072,LEMON,1.0231696899999998,1.0,ACRES,LEMON,(none),1,1.0231696899999998
2073,ORANGE,0.5238829,0.5,ACRES,ORANGE,(none),1,0.5238829
2074,LEMON,0.17778581,0.5,ACRES,LEMON,(none),1,0.17778581
2075,ORANGE,0.6857952300000001,0.5,ACRES,ORANGE,(none),1,0.6857952300000001
2076,LEMON,0.9054200400000001,1.0,ACRES,LEMON,(none),1,0.9054200400000001
2077,LEMON,2.84137583,3.0,ACRES,LEMON,(none),1,2.84137583
2078,LEMON,2.07980622,2.0,ACRES,LEMON,(none),1,2.07980622
2079,LEMON,1.0333723600000002,1.0,ACRES,LEMON,(none),1,1.0333723600000002
2080,LEMON,1.77194766,1.5,ACRES,LEMON,(none),1,1.77194766
2081,LEMON,2.59081438,2.0,ACRES,LEMON,(none),1,2.59081438
2082,LEMON,2.70861523,2.5,ACRES,LEMON,(none),1,2.70861523
2083,LEMON,1.44429938,2.0,ACRES,LEMON,(none),1,1.44429938
2084,LEMON,0.23650267000000003,0.5,ACRES,LEMON,(none),1,0.23650267000000003
2085,LEMON,0.42044405,0.5,ACRES,LEMON,(none),1,0.42044405
2086,ORANGE,3.48778662,0.75,ACRES,ORANGE,(none),1,3.48778662
2087,LEMON,0.43855298,0.5,ACRES,LEMON,(none),1,0.43855298
2088,LEMON,3.48412156,2.5,ACRES,LEMON,(none),1,3.48412156
2089,LEMON,0.25618504999999997,0.5,ACRES,LEMON,(none),1,0.25618504999999997
2090,LEMON,0.5377411400000001,0.4,ACRES,LEMON,(none),1,0.5377411400000001
2091,LEMON,0.64844943,1.0,ACRES,LEMON,(none),1,0.64844943
2092,LEMON,0.48967133,1.0,ACRES,LEMON,(none),1,0.48967133
2093,LEMON,0.34287416,1.0,ACRES,LEMON,(none),1,0.34287416
2094,LEMON,1.16338587,1.25,ACRES,LEMON,(none),1,1.16338587
2095,LEMON,0.66970041,0.75,ACRES,LEMON,(none),1,0.66970041
2096,LEMON,0.92485963,1.0,ACRES,LEMON,(none),1,0.92485963
2097,LEMON,1.13486222,1.5,ACRES,LEMON,(none),1,1.13486222
2098,LEMON,0.44259349,1.0,ACRES,LEMON,(none),1,0.44259349
2099,LEMON,0.98251522,1.0,ACRES,LEMON,(none),1,0.98251522
2100,LEMON,1.30129909,2.0,ACRES,LEMON,(none),1,1.30129909
2101,LEMON,1.04772748,1.5,ACRES,LEMON,(none),1,1.04772748
2102,LEMON,3.75748633,4.0,ACRES,LEMON,(none),1,3.75748633
2103,LEMON,0.91669962,1.0,ACRES,LEMON,(none),1,0.91669962
2104,LEMON,1.60232686,1.0,ACRES,LEMON,(none),1,1.60232686
2105,LEMON,0.72639321,0.75,ACRES,LEMON,(none),1,0.72639321
2106,LEMON,1.77331694,2.2,ACRES,LEMON,(none),1,1.77331694
2107,LEMON,0.4127186,0.5,ACRES,LEMON,(none),1,0.4127186
2108,LEMON,3.099183,3.0,ACRES,LEMON,(none),1,3.099183
2109,LEMON,0.71337156,0.75,ACRES,LEMON,(none),1,0.71337156
2110,LEMON,1.11872507,0.8500000000000001,ACRES,LEMON,(none),1,1.11872507
2111,LEMON,1.2729370999999998,1.2,ACRES,LEMON,(none),1,1.2729370999999998
2112,LEMON,1.01128211,1.2,ACRES,LEMON,(none),1,1.01128211
2113,LEMON,0.64904065,1.0,ACRES,LEMON,(none),1,0.64904065
2114,LEMON,1.07507156,1.0,ACRES,LEMON,(none),1,1.07507156
2115,LEMON,0.7153274900000001,0.75,ACRES,LEMON,(none),1,0.7153274900000001
2116,LEMON,1.5750190000000002,2.25,ACRES,LEMON,(none),1,1.5750190000000002
2117,LEMON,0.97108855,0.75,ACRES,LEMON,(none),1,0.97108855
2118,LEMON,0.57061604,1.2,ACRES,LEMON,(none),1,0.57061604
2119,LEMON,0.6778886900000001,1.25,ACRES,LEMON,(none),1,0.6778886900000001
2120,LEMON,0.57558329,0.6,ACRES,LEMON,(none),1,0.57558329
2121,LEMON,0.5387064,0.5,ACRES,LEMON,(none),1,0.5387064
2122,LEMON,0.43295349,0.5,ACRES,LEMON,(none),1,0.43295349
2123,LEMON,0.6398822700000001,1.25,ACRES,LEMON,(none),1,0.6398822700000001
2124,LEMON,0.3468252,0.5,ACRES,LEMON,(none),1,0.3468252
2125,LEMON,0.60353217,0.75,ACRES,LEMON,(none),1,0.60353217
2126,LEMON,0.26757872,0.5,ACRES,LEMON,(none),1,0.26757872
2127,LEMON,0.29456297000000004,0.5,ACRES,LEMON,(none),1,0.29456297000000004
2128,LEMON,0.28389572,0.75,ACRES,LEMON,(none),1,0.28389572
2129,LEMON,1.3811309999999999,1.6,ACRES,LEMON,(none),1,1.3811309999999999
2130,LEMON,0.6355501000000001,1.2,ACRES,LEMON,(none),1,0.6355501000000001
2131,LEMON,2.3698401000000002,2.0,ACRES,LEMON,(none),1,2.3698401000000002
2132,LEMON,1.51318156,1.75,ACRES,LEMON,(none),1,1.51318156
2133,LEMON,0.6346846700000001,0.5,ACRES,LEMON,(none),1,0.6346846700000001
2134,LEMON,0.23959265000000002,0.5,ACRES,LEMON,(none),1,0.23959265000000002
2135,LEMON,1.03953827,1.5,ACRES,LEMON,(none),1,1.03953827
2136,LEMON,1.03008937,1.5,ACRES,LEMON,(none),1,1.03008937
2137,LEMON,1.0307724,1.0,ACRES,LEMON,(none),1,1.0307724
2138,LEMON,0.89884138,1.25,ACRES,LEMON,(none),1,0.89884138
2139,"LEMON, OLIVE",0.41986422,1.0,ACRES,LEMON,(none),2,0.20993211
2139,"LEMON, OLIVE",0.41986422,1.0,ACRES,OLIVE,(none),2,0.20993211
2140,LEMON,1.49012985,1.25,ACRES,LEMON,(none),1,1.49012985
2141,N-OUTDR GRWN CUT FLWRS OR GREENS,0.5654367100000001,0.5,ACRES,N-OUTDR GRWN CUT FLWRS OR GREENS,N,1,0.5654367100000001
2142,LEMON,1.65157041,2.0,ACRES,LEMON,(none),1,1.65157041
2143,LEMON,0.38878535000000003,0.5,ACRES,LEMON,(none),1,0.38878535000000003
2144,LEMON,1.2865349,1.2,ACRES,LEMON,(none),1,1.2865349
2145,ORANGE,2.0493084400000003,1.5,ACRES,ORANGE,(none),1,2.0493084400000003
2146,LEMON,0.9394540100000001,0.75,ACRES,LEMON,(none),1,0.9394540100000001
2147,LEMON,0.57924436,0.75,ACRES,LEMON,(none),1,0.57924436
2148,LEMON,0.36085499,0.5,ACRES,LEMON,(none),1,0.36085499
2149,LEMON,1.17604469,1.0,ACRES,LEMON,(none),1,1.17604469
2150,LEMON,1.06531684,1.0,ACRES,LEMON,(none),1,1.06531684
2151,LEMON,1.0641968400000001,1.0,ACRES,LEMON,(none),1,1.0641968400000001
2152,LEMON,1.7108142999999998,1.0,ACRES,LEMON,(none),1,1.7108142999999998
2153,LEMON,2.60475418,2.0,ACRES,LEMON,(none),1,2.60475418
2154,N-OUTDR GRWN CUT FLWRS OR GREENS,0.76016265,0.75,ACRES,N-OUTDR GRWN CUT FLWRS OR GREENS,N,1,0.76016265
2155,LEMON,2.9804773,2.5,ACRES,LEMON,(none),1,2.9804773
2156,LEMON,0.17095675999999999,0.5,ACRES,LEMON,(none),1,0.17095675999999999
2157,LEMON,1.84655433,1.7000000000000002,ACRES,LEMON,(none),1,1.84655433
2158,LEMON,0.35650907000000004,0.5,ACRES,LEMON,(none),1,0.35650907000000004
2159,LEMON,1.4582273399999999,1.7000000000000002,ACRES,LEMON,(none),1,1.4582273399999999
2160,LEMON,0.75887496,1.0,ACRES,LEMON,(none),1,0.75887496
2161,ORANGE,1.4321545800000002,1.5,ACRES,ORANGE,(none),1,1.4321545800000002
2162,LEMON,1.11343273,1.0,ACRES,LEMON,(none),1,1.11343273
2163,LEMON,0.39030403,0.5,ACRES,LEMON,(none),1,0.39030403
2164,LEMON,0.29743087,0.5,ACRES,LEMON,(none),1,0.29743087
2165,LEMON,0.34981425,0.5,ACRES,LEMON,(none),1,0.34981425
2166,N-OUTDR GRWN CUT FLWRS OR GREENS,6.577124329999999,9.0,ACRES,N-OUTDR GRWN CUT FLWRS OR GREENS,N,1,6.577124329999999
2167,LEMON,0.5466164299999999,1.0,ACRES,LEMON,(none),1,0.5466164299999999
2168,LEMON,1.44399801,1.0,ACRES,LEMON,(none),1,1.44399801
2169,ORANGE,0.61900098,0.5,ACRES,ORANGE,(none),1,0.61900098
2170,LEMON,0.31161309,1.0,ACRES,LEMON,(none),1,0.31161309
2171,LEMON,1.0210291599999999,1.0,ACRES,LEMON,(none),1,1.0210291599999999
2172,LEMON,1.22657357,1.25,ACRES,LEMON,(none),1,1.22657357
2173,LEMON,1.09493853,2.0,ACRES,LEMON,(none),1,1.09493853
2174,ORANGE,3.76039359,2.0,ACRES,ORANGE,(none),1,3.76039359
2175,ORANGE,0.94356219,1.0,ACRES,ORANGE,(none),1,0.94356219
2176,LEMON,0.89922706,1.0,ACRES,LEMON,(none),1,0.89922706
2177,LEMON,0.68692317,2.0,ACRES,LEMON,(none),1,0.68692317
2178,LEMON,0.45543453,1.0,ACRES,LEMON,(none),1,0.45543453
2179,LEMON,0.41719049,0.5,ACRES,LEMON,(none),1,0.41719049
2180,LEMON,0.7071039200000001,1.5,ACRES,LEMON,(none),1,0.7071039200000001
2181,LEMON,1.01534798,1.0,ACRES,LEMON,(none),1,1.01534798
2182,ORANGE,1.39728888,1.0,ACRES,ORANGE,(none),1,1.39728888
2183,LEMON,0.7567208400000001,0.5,ACRES,LEMON,(none),1,0.7567208400000001
2184,LEMON,0.35493655,0.5,ACRES,LEMON,(none),1,0.35493655
2185,ORANGE,1.9077671100000002,1.0,ACRES,ORANGE,(none),1,1.9077671100000002
2186,LEMON,2.80360003,2.5,ACRES,LEMON,(none),1,2.80360003
2187,LEMON,0.7674926300000001,1.0,ACRES,LEMON,(none),1,0.7674926300000001
2188,"LEMON, ORANGE",76.10721074,54.0,ACRES,LEMON,(none),2,38.05360537
2188,"LEMON, ORANGE",76.10721074,54.0,ACRES,ORANGE,(none),2,38.05360537
2189,LEMON,0.65942963,0.75,ACRES,LEMON,(none),1,0.65942963
2190,ORANGE,4.22595214,4.0,ACRES,ORANGE,(none),1,4.22595214
2191,LEMON,3.01528716,1.5,ACRES,LEMON,(none),1,3.01528716
2192,LEMON,5.33508176,2.5,ACRES,LEMON,(none),1,5.33508176
2193,LEMON,0.96346153,1.1,ACRES,LEMON,(none),1,0.96346153
2194,"LIME, ORANGE, AVOCADO",2.6367681800000002,3.0,ACRES,LIME,(none),3,0.8789227266666667
2194,"LIME, ORANGE, AVOCADO",2.6367681800000002,3.0,ACRES,ORANGE,(none),3,0.8789227266666667
2194,"LIME, ORANGE, AVOCADO",2.6367681800000002,3.0,ACRES,AVOCADO,(none),3,0.8789227266666667
2195,N-GRNHS GRWN PLANTS IN CONTAINERS,2.11474164,25200.0,SQUARE FEET,N-GRNHS GRWN PLANTS IN CONTAINERS,N,1,2.11474164
2196,N-GRNHS GRWN PLANTS IN CONTAINERS,5.37530538,1.0,ACRES,N-GRNHS GRWN PLANTS IN CONTAINERS,N,1,5.37530538
2197,AVOCADO,4.11924855,5.0,ACRES,AVOCADO,(none),1,4.11924855
2198,AVOCADO,4.91820789,4.5,ACRES,AVOCADO,(none),1,4.91820789
2199,"LEMON, LIME, AVOCADO",8.665231870000001,9.0,ACRES,LEMON,(none),3,2.8884106233333338
2199,"LEMON, LIME, AVOCADO",8.665231870000001,9.0,ACRES,LIME,(none),3,2.8884106233333338
2199,"LEMON, LIME, AVOCADO",8.665231870000001,9.0,ACRES,AVOCADO,(none),3,2.8884106233333338
2200,AVOCADO,5.94793127,6.2,ACRES,AVOCADO,(none),1,5.94793127
2201,AVOCADO,8.586330349999999,10.0,ACRES,AVOCADO,(none),1,8.586330349999999
2202,"ORANGE, AVOCADO",22.72554285,19.0,ACRES,ORANGE,(none),2,11.362771425
2202,"ORANGE, AVOCADO",22.72554285,19.0,ACRES,AVOCADO,(none),2,11.362771425
2203,AVOCADO,8.45457122,11.0,ACRES,AVOCADO,(none),1,8.45457122
2204,ORANGE,2.34286919,3.0,ACRES,ORANGE,(none),1,2.34286919
2205,AVOCADO,9.801645180000001,9.0,ACRES,AVOCADO,(none),1,9.801645180000001
2206,AVOCADO,6.38836091,3.0,ACRES,AVOCADO,(none),1,6.38836091
2207,AVOCADO,17.58872469,22.1,ACRES,AVOCADO,(none),1,17.58872469
2208,AVOCADO,15.26579805,12.0,ACRES,AVOCADO,(none),1,15.26579805
2209,"LEMON, AVOCADO",21.86727555,22.9,ACRES,LEMON,(none),2,10.933637775
2209,"LEMON, AVOCADO",21.86727555,22.9,ACRES,AVOCADO,(none),2,10.933637775
2210,"TROPICAL/SUBTROPICAL FRUIT, AVOCADO",14.204615089999999,6.5,ACRES,TROPICAL/SUBTROPICAL FRUIT,(none),2,7.1023075449999995
2210,"TROPICAL/SUBTROPICAL FRUIT, AVOCADO",14.204615089999999,6.5,ACRES,AVOCADO,(none),2,7.1023075449999995
2211,AVOCADO,11.262797540000001,6.5,ACRES,AVOCADO,(none),1,11.262797540000001
2212,AVOCADO,4.14961231,2.0,ACRES,AVOCADO,(none),1,4.14961231
2213,AVOCADO,2.4372129699999996,2.0,ACRES,AVOCADO,(none),1,2.4372129699999996
2214,"ORANGE, AVOCADO",8.959836339999999,8.0,ACRES,ORANGE,(none),2,4.4799181699999995
2214,"ORANGE, AVOCADO",8.959836339999999,8.0,ACRES,AVOCADO,(none),2,4.4799181699999995
2215,AVOCADO,10.40611339,10.0,ACRES,AVOCADO,(none),1,10.40611339
2216,"GRAPEFRUIT, LEMON, LIME, ORANGE, TANGERINE, GARLIC, ONION DRY ETC",95.03880205,82.0,ACRES,GRAPEFRUIT,(none),7,13.576971721428572
2216,"GRAPEFRUIT, LEMON, LIME, ORANGE, TANGERINE, GARLIC, ONION DRY ETC",95.03880205,82.0,ACRES,LEMON,(none),7,13.576971721428572
2216,"GRAPEFRUIT, LEMON, LIME, ORANGE, TANGERINE, GARLIC, ONION DRY ETC",95.03880205,82.0,ACRES,LIME,(none),7,13.576971721428572
2216,"GRAPEFRUIT, LEMON, LIME, ORANGE, TANGERINE, GARLIC, ONION DRY ETC",95.03880205,82.0,ACRES,ORANGE,(none),7,13.576971721428572
2216,"GRAPEFRUIT, LEMON, LIME, ORANGE, TANGERINE, GARLIC, ONION DRY ETC",95.03880205,82.0,ACRES,TANGERINE,(none),7,13.576971721428572
2216,"GRAPEFRUIT, LEMON, LIME, ORANGE, TANGERINE, GARLIC, ONION DRY ETC",95.03880205,82.0,ACRES,GARLIC,(none),7,13.576971721428572
2216,"GRAPEFRUIT, LEMON, LIME, ORANGE, TANGERINE, GARLIC, ONION DRY ETC",95.03880205,82.0,ACRES,ONION DRY ETC,(none),7,13.576971721428572
2217,AVOCADO,37.276580689999996,40.0,ACRES,AVOCADO,(none),1,37.276580689999996
2218,AVOCADO,10.22841322,4.0,ACRES,AVOCADO,(none),1,10.22841322
2219,AVOCADO,11.13711517,12.0,ACRES,AVOCADO,(none),1,11.13711517
2220,AVOCADO,34.30013985,30.0,ACRES,AVOCADO,(none),1,34.30013985
2221,AVOCADO,44.98429755,46.0,ACRES,AVOCADO,(none),1,44.98429755
2222,"LEMON, TANGERINE, AVOCADO",36.760146930000005,36.29,ACRES,LEMON,(none),3,12.253382310000001
2222,"LEMON, TANGERINE, AVOCADO",36.760146930000005,36.29,ACRES,TANGERINE,(none),3,12.253382310000001
2222,"LEMON, TANGERINE, AVOCADO",36.760146930000005,36.29,ACRES,AVOCADO,(none),3,12.253382310000001
2223,"GRAPEFRUIT, TANGERINE, AVOCADO",11.463181440000001,12.9,ACRES,GRAPEFRUIT,(none),3,3.8210604800000003
2223,"GRAPEFRUIT, TANGERINE, AVOCADO",11.463181440000001,12.9,ACRES,TANGERINE,(none),3,3.8210604800000003
2223,"GRAPEFRUIT, TANGERINE, AVOCADO",11.463181440000001,12.9,ACRES,AVOCADO,(none),3,3.8210604800000003
2224,"LEMON, TANGERINE",23.38077983,17.75,ACRES,LEMON,(none),2,11.690389915
2224,"LEMON, TANGERINE",23.38077983,17.75,ACRES,TANGERINE,(none),2,11.690389915
2225,"N-OUTDR GRWN CUT FLWRS OR GREENS, LEMON, TANGERINE, AVOCADO",54.54897948,48.0,ACRES,N-OUTDR GRWN CUT FLWRS OR GREENS,N,4,13.63724487
2225,"N-OUTDR GRWN CUT FLWRS OR GREENS, LEMON, TANGERINE, AVOCADO",54.54897948,48.0,ACRES,LEMON,(none),4,13.63724487
2225,"N-OUTDR GRWN CUT FLWRS OR GREENS, LEMON, TANGERINE, AVOCADO",54.54897948,48.0,ACRES,TANGERINE,(none),4,13.63724487
2225,"N-OUTDR GRWN CUT FLWRS OR GREENS, LEMON, TANGERINE, AVOCADO",54.54897948,48.0,ACRES,AVOCADO,(none),4,13.63724487
2226,"LEMON, TANGERINE, AVOCADO",34.475598139999995,34.0,ACRES,LEMON,(none),3,11.491866046666665
2226,"LEMON, TANGERINE, AVOCADO",34.475598139999995,34.0,ACRES,TANGERINE,(none),3,11.491866046666665
2226,"LEMON, TANGERINE, AVOCADO",34.475598139999995,34.0,ACRES,AVOCADO,(none),3,11.491866046666665
2227,"N-OUTDR GRWN CUT FLWRS OR GREENS, LEMON, AVOCADO",31.28343794,39.5,ACRES,N-OUTDR GRWN CUT FLWRS OR GREENS,N,3,10.427812646666666
2227,"N-OUTDR GRWN CUT FLWRS OR GREENS, LEMON, AVOCADO",31.28343794,39.5,ACRES,LEMON,(none),3,10.427812646666666
2227,"N-OUTDR GRWN CUT FLWRS OR GREENS, LEMON, AVOCADO",31.28343794,39.5,ACRES,AVOCADO,(none),3,10.427812646666666
2228,"LEMON, ORANGE, TANGERINE",35.381569490000004,30.0,ACRES,LEMON,(none),3,11.793856496666669
2228,"LEMON, ORANGE, TANGERINE",35.381569490000004,30.0,ACRES,ORANGE,(none),3,11.793856496666669
2228,"LEMON, ORANGE, TANGERINE",35.381569490000004,30.0,ACRES,TANGERINE,(none),3,11.793856496666669
2229,"N-OUTDR GRWN CUT FLWRS OR GREENS, LEMON, ORANGE, TANGERINE, TROPICAL/SUBTROPICAL FRUIT",69.78625966,56.0,ACRES,N-OUTDR GRWN CUT FLWRS OR GREENS,N,5,13.957251932
2229,"N-OUTDR GRWN CUT FLWRS OR GREENS, LEMON, ORANGE, TANGERINE, TROPICAL/SUBTROPICAL FRUIT",69.78625966,56.0,ACRES,LEMON,(none),5,13.957251932
2229,"N-OUTDR GRWN CUT FLWRS OR GREENS, LEMON, ORANGE, TANGERINE, TROPICAL/SUBTROPICAL FRUIT",69.78625966,56.0,ACRES,ORANGE,(none),5,13.957251932
2229,"N-OUTDR GRWN CUT FLWRS OR GREENS, LEMON, ORANGE, TANGERINE, TROPICAL/SUBTROPICAL FRUIT",69.78625966,56.0,ACRES,TANGERINE,(none),5,13.957251932
2229,"N-OUTDR GRWN CUT FLWRS OR GREENS, LEMON, ORANGE, TANGERINE, TROPICAL/SUBTROPICAL FRUIT",69.78625966,56.0,ACRES,TROPICAL/SUBTROPICAL FRUIT,(none),5,13.957251932
2230,LEMON,2.76667921,2.0,ACRES,LEMON,(none),1,2.76667921
2231,"LEMON, AVOCADO",3.60976308,2.0,ACRES,LEMON,(none),2,1.80488154
2231,"LEMON, AVOCADO",3.60976308,2.0,ACRES,AVOCADO,(none),2,1.80488154
2232,AVOCADO,19.87951053,17.0,ACRES,AVOCADO,(none),1,19.87951053
2233,AVOCADO,9.25733407,8.0,ACRES,AVOCADO,(none),1,9.25733407
2234,"ORANGE, TANGERINE, AVOCADO",36.39922159,38.0,ACRES,ORANGE,(none),3,12.133073863333335
2234,"ORANGE, TANGERINE, AVOCADO",36.39922159,38.0,ACRES,TANGERINE,(none),3,12.133073863333335
2234,"ORANGE, TANGERINE, AVOCADO",36.39922159,38.0,ACRES,AVOCADO,(none),3,12.133073863333335
2235,LEMON,30.382025050000003,33.0,ACRES,LEMON,(none),1,30.382025050000003
2236,OLIVE,35.62837256,35.0,ACRES,OLIVE,(none),1,35.62837256
2237,"N-GRNHS GRWN PLANTS IN CONTAINERS, N-OUTDR CONTAINER/FLD GRWN PLANTS",2.29368164,7.0,ACRES,N-GRNHS GRWN PLANTS IN CONTAINERS,N,2,1.14684082
2237,"N-GRNHS GRWN PLANTS IN CONTAINERS, N-OUTDR CONTAINER/FLD GRWN PLANTS",2.29368164,7.0,ACRES,N-OUTDR CONTAINER/FLD GRWN PLANTS,N,2,1.14684082
2238,N-OUTDR CONTAINER/FLD GRWN PLANTS,4.00224518,5.0,ACRES,N-OUTDR CONTAINER/FLD GRWN PLANTS,N,1,4.00224518
2239,"GRAPE, WINE",8.22030961,1.25,ACRES,GRAPE,(none),2,4.110154805
2239,"GRAPE, WINE",8.22030961,1.25,ACRES,WINE,(none),2,4.110154805
2240,TURF/SOD,383.17449461,327.0,ACRES,TURF/SOD,(none),1,383.17449461
2241,TURF/SOD,120.11286512,100.0,ACRES,TURF/SOD,(none),1,120.11286512
2242,N-OUTDR CONTAINER/FLD GRWN PLANTS,3.5866372099999997,2.5,ACRES,N-OUTDR CONTAINER/FLD GRWN PLANTS,N,1,3.5866372099999997
2243,N-OUTDR CONTAINER/FLD GRWN PLANTS,9.807156430000001,7.0,ACRES,N-OUTDR CONTAINER/FLD GRWN PLANTS,N,1,9.807156430000001
2244,TOMATO,23.50849904,30.0,ACRES,TOMATO,(none),1,23.50849904
2245,TOMATO,277.42999270999996,243.31,ACRES,TOMATO,(none),1,277.42999270999996
2246,TOMATO,109.87911356,77.0,ACRES,TOMATO,(none),1,109.87911356
2247,"TOMATO, BRUSSEL SPROUT",106.63986276,81.0,ACRES,TOMATO,(none),2,53.31993138
2247,"TOMATO, BRUSSEL SPROUT",106.63986276,81.0,ACRES,BRUSSEL SPROUT,(none),2,53.31993138
2248,"TOMATO, BRUSSEL SPROUT",76.10818280999999,60.0,ACRES,TOMATO,(none),2,38.054091404999994
2248,"TOMATO, BRUSSEL SPROUT",76.10818280999999,60.0,ACRES,BRUSSEL SPROUT,(none),2,38.054091404999994
2249,TOMATO,60.30079754,55.0,ACRES,TOMATO,(none),1,60.30079754
2250,"TOMATO, BRUSSEL SPROUT",99.46012841,80.0,ACRES,TOMATO,(none),2,49.730064205
2250,"TOMATO, BRUSSEL SPROUT",99.46012841,80.0,ACRES,BRUSSEL SPROUT,(none),2,49.730064205
2251,"TOMATO, BRUSSEL SPROUT",98.46172025,90.0,ACRES,TOMATO,(none),2,49.230860125
2251,"TOMATO, BRUSSEL SPROUT",98.46172025,90.0,ACRES,BRUSSEL SPROUT,(none),2,49.230860125
2252,"TOMATO, BRUSSEL SPROUT",114.76610695999999,105.0,ACRES,TOMATO,(none),2,57.383053479999994
2252,"TOMATO, BRUSSEL SPROUT",114.76610695999999,105.0,ACRES,BRUSSEL SPROUT,(none),2,57.383053479999994
2253,TOMATO,1.5219129200000001,1.69,ACRES,TOMATO,(none),1,1.5219129200000001
2254,ORANGE,44.17511491,35.0,ACRES,ORANGE,(none),1,44.17511491
2255,N-OUTDR CONTAINER/FLD GRWN PLANTS,8.621485759999999,8.0,ACRES,N-OUTDR CONTAINER/FLD GRWN PLANTS,N,1,8.621485759999999
2256,RECREATION AREA,144.30448077999998,145.0,ACRES,RECREATION AREA,(none),1,144.30448077999998
2257,N-OUTDR GRWN CUT FLWRS OR GREENS,4.956208,11.5,ACRES,N-OUTDR GRWN CUT FLWRS OR GREENS,N,1,4.956208
2258,"GRAPE, WINE",20.04848833,20.0,ACRES,GRAPE,(none),2,10.024244165
2258,"GRAPE, WINE",20.04848833,20.0,ACRES,WINE,(none),2,10.024244165
2259,"GRAPE, WINE",1.23169278,8.0,ACRES,GRAPE,(none),2,0.61584639
2259,"GRAPE, WINE",1.23169278,8.0,ACRES,WINE,(none),2,0.61584639
2260,"GRAPE, WINE",14.97425655,20.0,ACRES,GRAPE,(none),2,7.487128275
2260,"GRAPE, WINE",14.97425655,20.0,ACRES,WINE,(none),2,7.487128275
2261,"GRAPE, WINE",9.40651056,10.5,ACRES,GRAPE,(none),2,4.70325528
2261,"GRAPE, WINE",9.40651056,10.5,ACRES,WINE,(none),2,4.70325528
2262,"GRAPE, WINE",7.91507867,3.0,ACRES,GRAPE,(none),2,3.957539335
2262,"GRAPE, WINE",7.91507867,3.0,ACRES,WINE,(none),2,3.957539335
2263,AVOCADO,15.36124295,20.0,ACRES,AVOCADO,(none),1,15.36124295
2264,"GRAPE, WINE",4.91550972,5.0,ACRES,GRAPE,(none),2,2.45775486
2264,"GRAPE, WINE",4.91550972,5.0,ACRES,WINE,(none),2,2.45775486
2265,"N-GRNHS GRWN PLANTS IN CONTAINERS, N-OUTDR CONTAINER/FLD GRWN PLANTS",15.04286842,15.0,ACRES,N-GRNHS GRWN PLANTS IN CONTAINERS,N,2,7.52143421
2265,"N-GRNHS GRWN PLANTS IN CONTAINERS, N-OUTDR CONTAINER/FLD GRWN PLANTS",15.04286842,15.0,ACRES,N-OUTDR CONTAINER/FLD GRWN PLANTS,N,2,7.52143421
2266,"N-GRNHS GRWN PLANTS IN CONTAINERS, N-OUTDR CONTAINER/FLD GRWN PLANTS",13.79075829,14.0,ACRES,N-GRNHS GRWN PLANTS IN CONTAINERS,N,2,6.895379145
2266,"N-GRNHS GRWN PLANTS IN CONTAINERS, N-OUTDR CONTAINER/FLD GRWN PLANTS",13.79075829,14.0,ACRES,N-OUTDR CONTAINER/FLD GRWN PLANTS,N,2,6.895379145
2267,"N-GRNHS GRWN PLANTS IN CONTAINERS, N-OUTDR CONTAINER/FLD GRWN PLANTS",59.99669692,62.0,ACRES,N-GRNHS GRWN PLANTS IN CONTAINERS,N,2,29.99834846
2267,"N-GRNHS GRWN PLANTS IN CONTAINERS, N-OUTDR CONTAINER/FLD GRWN PLANTS",59.99669692,62.0,ACRES,N-OUTDR CONTAINER/FLD GRWN PLANTS,N,2,29.99834846
2268,"N-GRNHS GRWN PLANTS IN CONTAINERS, N-OUTDR CONTAINER/FLD GRWN PLANTS",10.64924137,8.5,ACRES,N-GRNHS GRWN PLANTS IN CONTAINERS,N,2,5.324620685
2268,"N-GRNHS GRWN PLANTS IN CONTAINERS, N-OUTDR CONTAINER/FLD GRWN PLANTS",10.64924137,8.5,ACRES,N-OUTDR CONTAINER/FLD GRWN PLANTS,N,2,5.324620685
2269,N-OUTDR CONTAINER/FLD GRWN PLANTS,61.41170263,50.0,ACRES,N-OUTDR CONTAINER/FLD GRWN PLANTS,N,1,61.41170263
2270,N-OUTDR CONTAINER/FLD GRWN PLANTS,2.8984447,3.5,ACRES,N-OUTDR CONTAINER/FLD GRWN PLANTS,N,1,2.8984447
2271,N-OUTDR CONTAINER/FLD GRWN PLANTS,4.73002386,5.0,ACRES,N-OUTDR CONTAINER/FLD GRWN PLANTS,N,1,4.73002386
2272,N-OUTDR CONTAINER/FLD GRWN PLANTS,49.23233982,60.0,ACRES,N-OUTDR CONTAINER/FLD GRWN PLANTS,N,1,49.23233982
2273,"APPLE, PEACH",4.958270929999999,5.5,ACRES,APPLE,(none),2,2.4791354649999997
2273,"APPLE, PEACH",4.958270929999999,5.5,ACRES,PEACH,(none),2,2.4791354649999997
2274,"GRAPE, WINE",0.35864404000000005,0.1,ACRES,GRAPE,(none),2,0.17932202000000003
2274,"GRAPE, WINE",0.35864404000000005,0.1,ACRES,WINE,(none),2,0.17932202000000003
2275,LANDSCAPE MAINTENANCE,10.43364421,10.0,ACRES,LANDSCAPE MAINTENANCE,(none),1,10.43364421
2276,LANDSCAPE MAINTENANCE,9.32917271,10.0,ACRES,LANDSCAPE MAINTENANCE,(none),1,9.32917271
2277,LANDSCAPE MAINTENANCE,8.19310005,10.0,ACRES,LANDSCAPE MAINTENANCE,(none),1,8.19310005
2278,LANDSCAPE MAINTENANCE,9.32608764,10.0,ACRES,LANDSCAPE MAINTENANCE,(none),1,9.32608764
2279,LANDSCAPE MAINTENANCE,6.65588701,10.0,ACRES,LANDSCAPE MAINTENANCE,(none),1,6.65588701
2280,LANDSCAPE MAINTENANCE,7.85385155,10.0,ACRES,LANDSCAPE MAINTENANCE,(none),1,7.85385155
2281,LANDSCAPE MAINTENANCE,8.059264160000001,10.0,ACRES,LANDSCAPE MAINTENANCE,(none),1,8.059264160000001
2282,LANDSCAPE MAINTENANCE,7.223145069999999,10.0,ACRES,LANDSCAPE MAINTENANCE,(none),1,7.223145069999999
2283,LANDSCAPE MAINTENANCE,9.3251176,10.0,ACRES,LANDSCAPE MAINTENANCE,(none),1,9.3251176
2284,LANDSCAPE MAINTENANCE,8.00700661,10.0,ACRES,LANDSCAPE MAINTENANCE,(none),1,8.00700661
2285,LANDSCAPE MAINTENANCE,9.416524429999999,10.0,ACRES,LANDSCAPE MAINTENANCE,(none),1,9.416524429999999
2286,LANDSCAPE MAINTENANCE,9.131601080000001,10.0,ACRES,LANDSCAPE MAINTENANCE,(none),1,9.131601080000001
2287,LANDSCAPE MAINTENANCE,13.81315063,10.0,ACRES,LANDSCAPE MAINTENANCE,(none),1,13.81315063
2288,LANDSCAPE MAINTENANCE,13.3097392,10.0,ACRES,LANDSCAPE MAINTENANCE,(none),1,13.3097392
2289,LANDSCAPE MAINTENANCE,6.06901876,10.0,ACRES,LANDSCAPE MAINTENANCE,(none),1,6.06901876
2290,LANDSCAPE MAINTENANCE,8.01258403,10.0,ACRES,LANDSCAPE MAINTENANCE,(none),1,8.01258403
2291,LANDSCAPE MAINTENANCE,9.907382759999999,10.0,ACRES,LANDSCAPE MAINTENANCE,(none),1,9.907382759999999
2292,LANDSCAPE MAINTENANCE,10.79756269,10.0,ACRES,LANDSCAPE MAINTENANCE,(none),1,10.79756269
2293,LANDSCAPE MAINTENANCE,8.562327960000001,10.0,ACRES,LANDSCAPE MAINTENANCE,(none),1,8.562327960000001
2294,LANDSCAPE MAINTENANCE,7.53406352,10.0,ACRES,LANDSCAPE MAINTENANCE,(none),1,7.53406352
2295,LANDSCAPE MAINTENANCE,9.47613416,10.0,ACRES,LANDSCAPE MAINTENANCE,(none),1,9.47613416
2296,LANDSCAPE MAINTENANCE,7.5696905,10.0,ACRES,LANDSCAPE MAINTENANCE,(none),1,7.5696905
2297,LANDSCAPE MAINTENANCE,28.52430843,30.0,ACRES,LANDSCAPE MAINTENANCE,(none),1,28.52430843
2298,LANDSCAPE MAINTENANCE,23.98170401,10.0,ACRES,LANDSCAPE MAINTENANCE,(none),1,23.98170401
2299,LANDSCAPE MAINTENANCE,12.219334510000001,13.0,ACRES,LANDSCAPE MAINTENANCE,(none),1,12.219334510000001
2300,LANDSCAPE MAINTENANCE,11.72621955,7.0,ACRES,LANDSCAPE MAINTENANCE,(none),1,11.72621955
2301,LANDSCAPE MAINTENANCE,12.01217897,3.0,ACRES,LANDSCAPE MAINTENANCE,(none),1,12.01217897
2302,LANDSCAPE MAINTENANCE,10.227692450000001,2.0,ACRES,LANDSCAPE MAINTENANCE,(none),1,10.227692450000001
2303,LANDSCAPE MAINTENANCE,10.32563918,3.0,ACRES,LANDSCAPE MAINTENANCE,(none),1,10.32563918
2304,LANDSCAPE MAINTENANCE,9.48479161,2.0,ACRES,LANDSCAPE MAINTENANCE,(none),1,9.48479161
2305,LANDSCAPE MAINTENANCE,9.322900590000001,3.0,ACRES,LANDSCAPE MAINTENANCE,(none),1,9.322900590000001
2306,LANDSCAPE MAINTENANCE,9.82887686,2.5,ACRES,LANDSCAPE MAINTENANCE,(none),1,9.82887686
2307,LANDSCAPE MAINTENANCE,13.13855845,3.0,ACRES,LANDSCAPE MAINTENANCE,(none),1,13.13855845
2308,LANDSCAPE MAINTENANCE,10.23830262,3.0,ACRES,LANDSCAPE MAINTENANCE,(none),1,10.23830262
2309,LANDSCAPE MAINTENANCE,9.95139629,2.0,ACRES,LANDSCAPE MAINTENANCE,(none),1,9.95139629
2310,LANDSCAPE MAINTENANCE,6.19987177,6.2,ACRES,LANDSCAPE MAINTENANCE,(none),1,6.19987177
2311,"N-OUTDR GRWN CUT FLWRS OR GREENS, GRAPEFRUIT, LEMON, ORANGE, TANGERINE, APPLE, PERSIMMON, POMEGRANATE, AVOCADO, UNCULTIVATED AG",522.64202277,392.0,ACRES,N-OUTDR GRWN CUT FLWRS OR GREENS,N,10,52.264202277
2311,"N-OUTDR GRWN CUT FLWRS OR GREENS, GRAPEFRUIT, LEMON, ORANGE, TANGERINE, APPLE, PERSIMMON, POMEGRANATE, AVOCADO, UNCULTIVATED AG",522.64202277,392.0,ACRES,GRAPEFRUIT,(none),10,52.264202277
2311,"N-OUTDR GRWN CUT FLWRS OR GREENS, GRAPEFRUIT, LEMON, ORANGE, TANGERINE, APPLE, PERSIMMON, POMEGRANATE, AVOCADO, UNCULTIVATED AG",522.64202277,392.0,ACRES,LEMON,(none),10,52.264202277
2311,"N-OUTDR GRWN CUT FLWRS OR GREENS, GRAPEFRUIT, LEMON, ORANGE, TANGERINE, APPLE, PERSIMMON, POMEGRANATE, AVOCADO, UNCULTIVATED AG",522.64202277,392.0,ACRES,ORANGE,(none),10,52.264202277
2311,"N-OUTDR GRWN CUT FLWRS OR GREENS, GRAPEFRUIT, LEMON, ORANGE, TANGERINE, APPLE, PERSIMMON, POMEGRANATE, AVOCADO, UNCULTIVATED AG",522.64202277,392.0,ACRES,TANGERINE,(none),10,52.264202277
2311,"N-OUTDR GRWN CUT FLWRS OR GREENS, GRAPEFRUIT, LEMON, ORANGE, TANGERINE, APPLE, PERSIMMON, POMEGRANATE, AVOCADO, UNCULTIVATED AG",522.64202277,392.0,ACRES,APPLE,(none),10,52.264202277
2311,"N-OUTDR GRWN CUT FLWRS OR GREENS, GRAPEFRUIT, LEMON, ORANGE, TANGERINE, APPLE, PERSIMMON, POMEGRANATE, AVOCADO, UNCULTIVATED AG",522.64202277,392.0,ACRES,PERSIMMON,(none),10,52.264202277
2311,"N-OUTDR GRWN CUT FLWRS OR GREENS, GRAPEFRUIT, LEMON, ORANGE, TANGERINE, APPLE, PERSIMMON, POMEGRANATE, AVOCADO, UNCULTIVATED AG",522.64202277,392.0,ACRES,POMEGRANATE,(none),10,52.264202277
2311,"N-OUTDR GRWN CUT FLWRS OR GREENS, GRAPEFRUIT, LEMON, ORANGE, TANGERINE, APPLE, PERSIMMON, POMEGRANATE, AVOCADO, UNCULTIVATED AG",522.64202277,392.0,ACRES,AVOCADO,(none),10,52.264202277
2311,"N-OUTDR GRWN CUT FLWRS OR GREENS, GRAPEFRUIT, LEMON, ORANGE, TANGERINE, APPLE, PERSIMMON, POMEGRANATE, AVOCADO, UNCULTIVATED AG",522.64202277,392.0,ACRES,UNCULTIVATED AG,(none),10,52.264202277
2312,RECREATION AREA,12.88449625,1.81,ACRES,RECREATION AREA,(none),1,12.88449625
2313,RECREATION AREA,4.41463693,4.23,ACRES,RECREATION AREA,(none),1,4.41463693
2314,RECREATION AREA,18.59143459,9.23,ACRES,RECREATION AREA,(none),1,18.59143459
2315,RECREATION AREA,13.196508660000001,9.59,ACRES,RECREATION AREA,(none),1,13.196508660000001
2316,"N-GRNHS GRWN PLANTS IN CONTAINERS, N-OUTDR CONTAINER/FLD GRWN PLANTS",154.27715872,155.0,ACRES,N-GRNHS GRWN PLANTS IN CONTAINERS,N,2,77.13857936
2316,"N-GRNHS GRWN PLANTS IN CONTAINERS, N-OUTDR CONTAINER/FLD GRWN PLANTS",154.27715872,155.0,ACRES,N-OUTDR CONTAINER/FLD GRWN PLANTS,N,2,77.13857936
2317,AVOCADO,55.237276470000005,55.0,ACRES,AVOCADO,(none),1,55.237276470000005
2318,AVOCADO,36.02547345,49.0,ACRES,AVOCADO,(none),1,36.02547345
2319,N-OUTDR GRWN CUT FLWRS OR GREENS,3.83595744,5.0,ACRES,N-OUTDR GRWN CUT FLWRS OR GREENS,N,1,3.83595744
2320,N-OUTDR GRWN CUT FLWRS OR GREENS,25.55641167,20.0,ACRES,N-OUTDR GRWN CUT FLWRS OR GREENS,N,1,25.55641167
2321,"N-GRNHS GRWN PLANTS IN CONTAINERS, N-OUTDR CONTAINER/FLD GRWN PLANTS",0.7155094000000001,1.0,ACRES,N-GRNHS GRWN PLANTS IN CONTAINERS,N,2,0.35775470000000004
2321,"N-GRNHS GRWN PLANTS IN CONTAINERS, N-OUTDR CONTAINER/FLD GRWN PLANTS",0.7155094000000001,1.0,ACRES,N-OUTDR CONTAINER/FLD GRWN PLANTS,N,2,0.35775470000000004
2322,"N-GRNHS GRWN PLANTS IN CONTAINERS, N-OUTDR CONTAINER/FLD GRWN PLANTS",15.04286842,15.0,ACRES,N-GRNHS GRWN PLANTS IN CONTAINERS,N,2,7.52143421
2322,"N-GRNHS GRWN PLANTS IN CONTAINERS, N-OUTDR CONTAINER/FLD GRWN PLANTS",15.04286842,15.0,ACRES,N-OUTDR CONTAINER/FLD GRWN PLANTS,N,2,7.52143421
2323,"N-GRNHS GRWN PLANTS IN CONTAINERS, N-OUTDR CONTAINER/FLD GRWN PLANTS",13.79075829,14.0,ACRES,N-GRNHS GRWN PLANTS IN CONTAINERS,N,2,6.895379145
2323,"N-GRNHS GRWN PLANTS IN CONTAINERS, N-OUTDR CONTAINER/FLD GRWN PLANTS",13.79075829,14.0,ACRES,N-OUTDR CONTAINER/FLD GRWN PLANTS,N,2,6.895379145
2324,"N-GRNHS GRWN PLANTS IN CONTAINERS, N-OUTDR CONTAINER/FLD GRWN PLANTS",59.99669692,62.0,ACRES,N-GRNHS GRWN PLANTS IN CONTAINERS,N,2,29.99834846
2324,"N-GRNHS GRWN PLANTS IN CONTAINERS, N-OUTDR CONTAINER/FLD GRWN PLANTS",59.99669692,62.0,ACRES,N-OUTDR CONTAINER/FLD GRWN PLANTS,N,2,29.99834846
2325,"N-GRNHS GRWN PLANTS IN CONTAINERS, N-OUTDR CONTAINER/FLD GRWN PLANTS",10.64924137,8.5,ACRES,N-GRNHS GRWN PLANTS IN CONTAINERS,N,2,5.324620685
2325,"N-GRNHS GRWN PLANTS IN CONTAINERS, N-OUTDR CONTAINER/FLD GRWN PLANTS",10.64924137,8.5,ACRES,N-OUTDR CONTAINER/FLD GRWN PLANTS,N,2,5.324620685
2326,N-OUTDR CONTAINER/FLD GRWN PLANTS,61.41170263,50.0,ACRES,N-OUTDR CONTAINER/FLD GRWN PLANTS,N,1,61.41170263
2327,N-OUTDR CONTAINER/FLD GRWN PLANTS,2.8984447,3.5,ACRES,N-OUTDR CONTAINER/FLD GRWN PLANTS,N,1,2.8984447
2328,N-OUTDR CONTAINER/FLD GRWN PLANTS,4.73002386,5.0,ACRES,N-OUTDR CONTAINER/FLD GRWN PLANTS,N,1,4.73002386
2329,N-OUTDR CONTAINER/FLD GRWN PLANTS,49.23233982,60.0,ACRES,N-OUTDR CONTAINER/FLD GRWN PLANTS,N,1,49.23233982
2330,"GRAPE, WINE",1.7865813500000003,1.0,ACRES,GRAPE,(none),2,0.8932906750000001
2330,"GRAPE, WINE",1.7865813500000003,1.0,ACRES,WINE,(none),2,0.8932906750000001
2331,"GRAPE, WINE",3.56610816,2.0,ACRES,GRAPE,(none),2,1.78305408
2331,"GRAPE, WINE",3.56610816,2.0,ACRES,WINE,(none),2,1.78305408
2332,N-OUTDR CONTAINER/FLD GRWN PLANTS,48.11191617,55.5,ACRES,N-OUTDR CONTAINER/FLD GRWN PLANTS,N,1,48.11191617
2333,"GRAPE, WINE",0.69835985,0.2,ACRES,GRAPE,(none),2,0.349179925
2333,"GRAPE, WINE",0.69835985,0.2,ACRES,WINE,(none),2,0.349179925
2334,"N-OUTDR GRWN CUT FLWRS OR GREENS, AVOCADO",18.46387232,31.0,ACRES,N-OUTDR GRWN CUT FLWRS OR GREENS,N,2,9.23193616
2334,"N-OUTDR GRWN CUT FLWRS OR GREENS, AVOCADO",18.46387232,31.0,ACRES,AVOCADO,(none),2,9.23193616
2335,N-OUTDR GRWN CUT FLWRS OR GREENS,1.56627127,2.5,ACRES,N-OUTDR GRWN CUT FLWRS OR GREENS,N,1,1.56627127
2336,AVOCADO,9.9947668,10.0,ACRES,AVOCADO,(none),1,9.9947668
2337,AVOCADO,8.17591357,8.0,ACRES,AVOCADO,(none),1,8.17591357
2338,"N-OUTDR GRWN CUT FLWRS OR GREENS, KUMQUAT, AVOCADO",53.8403847,56.0,ACRES,N-OUTDR GRWN CUT FLWRS OR GREENS,N,3,17.9467949
2338,"N-OUTDR GRWN CUT FLWRS OR GREENS, KUMQUAT, AVOCADO",53.8403847,56.0,ACRES,KUMQUAT,(none),3,17.9467949
2338,"N-OUTDR GRWN CUT FLWRS OR GREENS, KUMQUAT, AVOCADO",53.8403847,56.0,ACRES,AVOCADO,(none),3,17.9467949
2339,AVOCADO,21.36197864,20.0,ACRES,AVOCADO,(none),1,21.36197864
2340,N-OUTDR GRWN CUT FLWRS OR GREENS,4.14968724,11.0,ACRES,N-OUTDR GRWN CUT FLWRS OR GREENS,N,1,4.14968724
2341,AVOCADO,3.03072633,3.0,ACRES,AVOCADO,(none),1,3.03072633
2342,AVOCADO,8.95512973,8.0,ACRES,AVOCADO,(none),1,8.95512973
2343,AVOCADO,5.33110659,1.0,ACRES,AVOCADO,(none),1,5.33110659
2344,AVOCADO,7.36393752,9.5,ACRES,AVOCADO,(none),1,7.36393752
2345,AVOCADO,13.23606517,13.0,ACRES,AVOCADO,(none),1,13.23606517
2346,"ORANGE, AVOCADO",8.842749260000001,8.75,ACRES,ORANGE,(none),2,4.421374630000001
2346,"ORANGE, AVOCADO",8.842749260000001,8.75,ACRES,AVOCADO,(none),2,4.421374630000001
2347,AVOCADO,4.52382861,5.5,ACRES,AVOCADO,(none),1,4.52382861
2348,AVOCADO,4.81918464,5.0,ACRES,AVOCADO,(none),1,4.81918464
2349,AVOCADO,1.42844547,2.0,ACRES,AVOCADO,(none),1,1.42844547
2350,AVOCADO,7.941441719999999,10.0,ACRES,AVOCADO,(none),1,7.941441719999999
2351,AVOCADO,3.1963351099999997,3.0,ACRES,AVOCADO,(none),1,3.1963351099999997
2352,AVOCADO,4.156544070000001,3.0,ACRES,AVOCADO,(none),1,4.156544070000001
2353,AVOCADO,5.57197868,2.0,ACRES,AVOCADO,(none),1,5.57197868
2354,AVOCADO,3.6244533800000003,3.0,ACRES,AVOCADO,(none),1,3.6244533800000003
2355,AVOCADO,3.91492712,4.0,ACRES,AVOCADO,(none),1,3.91492712
2356,AVOCADO,8.89955529,7.5,ACRES,AVOCADO,(none),1,8.89955529
2357,AVOCADO,2.73010668,3.25,ACRES,AVOCADO,(none),1,2.73010668
2358,AVOCADO,2.85193587,2.8,ACRES,AVOCADO,(none),1,2.85193587
2359,AVOCADO,5.58058559,4.0,ACRES,AVOCADO,(none),1,5.58058559
2360,AVOCADO,5.04227016,5.0,ACRES,AVOCADO,(none),1,5.04227016
2361,AVOCADO,8.10005722,9.0,ACRES,AVOCADO,(none),1,8.10005722
2362,AVOCADO,17.61032525,18.0,ACRES,AVOCADO,(none),1,17.61032525
2363,AVOCADO,6.83553333,5.0,ACRES,AVOCADO,(none),1,6.83553333
2364,AVOCADO,2.38762574,3.0,ACRES,AVOCADO,(none),1,2.38762574
2365,AVOCADO,9.720887040000001,8.0,ACRES,AVOCADO,(none),1,9.720887040000001
2366,AVOCADO,10.24634719,7.0,ACRES,AVOCADO,(none),1,10.24634719
2367,AVOCADO,11.75718579,10.0,ACRES,AVOCADO,(none),1,11.75718579
2368,AVOCADO,11.05130202,10.0,ACRES,AVOCADO,(none),1,11.05130202
2369,N-OUTDR GRWN CUT FLWRS OR GREENS,0.89071703,1.0,ACRES,N-OUTDR GRWN CUT FLWRS OR GREENS,N,1,0.89071703
2370,AVOCADO,7.13951938,8.0,ACRES,AVOCADO,(none),1,7.13951938
2371,AVOCADO,5.98549717,9.0,ACRES,AVOCADO,(none),1,5.98549717
2372,N-OUTDR CONTAINER/FLD GRWN PLANTS,2.94132806,2.0,ACRES,N-OUTDR CONTAINER/FLD GRWN PLANTS,N,1,2.94132806
2373,AVOCADO,9.50563144,10.0,ACRES,AVOCADO,(none),1,9.50563144
2374,AVOCADO,2.80302003,4.5,ACRES,AVOCADO,(none),1,2.80302003
2375,AVOCADO,5.20175711,4.0,ACRES,AVOCADO,(none),1,5.20175711
2376,AVOCADO,3.33927574,4.0,ACRES,AVOCADO,(none),1,3.33927574
2377,"N-OUTDR CONTAINER/FLD GRWN PLANTS, GRAPEFRUIT, LEMON, ORANGE, ALFALFA, AVOCADO, UNCULTIVATED AG, POMELO",192.11431123,235.5,ACRES,N-OUTDR CONTAINER/FLD GRWN PLANTS,N,8,24.01428890375
2377,"N-OUTDR CONTAINER/FLD GRWN PLANTS, GRAPEFRUIT, LEMON, ORANGE, ALFALFA, AVOCADO, UNCULTIVATED AG, POMELO",192.11431123,235.5,ACRES,GRAPEFRUIT,(none),8,24.01428890375
2377,"N-OUTDR CONTAINER/FLD GRWN PLANTS, GRAPEFRUIT, LEMON, ORANGE, ALFALFA, AVOCADO, UNCULTIVATED AG, POMELO",192.11431123,235.5,ACRES,LEMON,(none),8,24.01428890375
2377,"N-OUTDR CONTAINER/FLD GRWN PLANTS, GRAPEFRUIT, LEMON, ORANGE, ALFALFA, AVOCADO, UNCULTIVATED AG, POMELO",192.11431123,235.5,ACRES,ORANGE,(none),8,24.01428890375
2377,"N-OUTDR CONTAINER/FLD GRWN PLANTS, GRAPEFRUIT, LEMON, ORANGE, ALFALFA, AVOCADO, UNCULTIVATED AG, POMELO",192.11431123,235.5,ACRES,ALFALFA,(none),8,24.01428890375
2377,"N-OUTDR CONTAINER/FLD GRWN PLANTS, GRAPEFRUIT, LEMON, ORANGE, ALFALFA, AVOCADO, UNCULTIVATED AG, POMELO",192.11431123,235.5,ACRES,AVOCADO,(none),8,24.01428890375
2377,"N-OUTDR CONTAINER/FLD GRWN PLANTS, GRAPEFRUIT, LEMON, ORANGE, ALFALFA, AVOCADO, UNCULTIVATED AG, POMELO",192.11431123,235.5,ACRES,UNCULTIVATED AG,(none),8,24.01428890375
2377,"N-OUTDR CONTAINER/FLD GRWN PLANTS, GRAPEFRUIT, LEMON, ORANGE, ALFALFA, AVOCADO, UNCULTIVATED AG, POMELO",192.11431123,235.5,ACRES,POMELO,(none),8,24.01428890375
2378,AVOCADO,3.73955104,4.0,ACRES,AVOCADO,(none),1,3.73955104
2379,N-OUTDR CONTAINER/FLD GRWN PLANTS,4.94500781,5.0,ACRES,N-OUTDR CONTAINER/FLD GRWN PLANTS,N,1,4.94500781
2380,"GRAPE, WINE",0.82760098,1.2,ACRES,GRAPE,(none),2,0.41380049
2380,"GRAPE, WINE",0.82760098,1.2,ACRES,WINE,(none),2,0.41380049
2381,AVOCADO,75.25390321,80.0,ACRES,AVOCADO,(none),1,75.25390321
2382,AVOCADO,1.79831514,1.0,ACRES,AVOCADO,(none),1,1.79831514
2383,"GRAPE, WINE",0.07864252000000001,1.0,ACRES,GRAPE,(none),2,0.039321260000000004
2383,"GRAPE, WINE",0.07864252000000001,1.0,ACRES,WINE,(none),2,0.039321260000000004
2384,"N-GRNHS GRWN PLANTS IN CONTAINERS, N-OUTDR CONTAINER/FLD GRWN PLANTS",3.56419591,5.0,ACRES,N-GRNHS GRWN PLANTS IN CONTAINERS,N,2,1.782097955
2384,"N-GRNHS GRWN PLANTS IN CONTAINERS, N-OUTDR CONTAINER/FLD GRWN PLANTS",3.56419591,5.0,ACRES,N-OUTDR CONTAINER/FLD GRWN PLANTS,N,2,1.782097955
2385,"N-OUTDR GRWN CUT FLWRS OR GREENS, N-GRNHS GRWN PLANTS IN CONTAINERS, ORANGE",65.91390668,27.0,ACRES,N-OUTDR GRWN CUT FLWRS OR GREENS,N,3,21.971302226666666
2385,"N-OUTDR GRWN CUT FLWRS OR GREENS, N-GRNHS GRWN PLANTS IN CONTAINERS, ORANGE",65.91390668,27.0,ACRES,N-GRNHS GRWN PLANTS IN CONTAINERS,N,3,21.971302226666666
2385,"N-OUTDR GRWN CUT FLWRS OR GREENS, N-GRNHS GRWN PLANTS IN CONTAINERS, ORANGE",65.91390668,27.0,ACRES,ORANGE,(none),3,21.971302226666666
2386,"GRAPE, WINE",0.12563612000000002,6000.0,SQUARE FEET,GRAPE,(none),2,0.06281806000000001
2386,"GRAPE, WINE",0.12563612000000002,6000.0,SQUARE FEET,WINE,(none),2,0.06281806000000001
2387,"N-GRNHS GRWN PLANTS IN CONTAINERS, N-OUTDR CONTAINER/FLD GRWN PLANTS",1.56594052,3.5,ACRES,N-GRNHS GRWN PLANTS IN CONTAINERS,N,2,0.78297026
2387,"N-GRNHS GRWN PLANTS IN CONTAINERS, N-OUTDR CONTAINER/FLD GRWN PLANTS",1.56594052,3.5,ACRES,N-OUTDR CONTAINER/FLD GRWN PLANTS,N,2,0.78297026
2388,APPLE,1.0198376,1.0,ACRES,APPLE,(none),1,1.0198376
2389,AVOCADO,4.82293022,5.0,ACRES,AVOCADO,(none),1,4.82293022
2390,LEMON,5.0034166,5.0,ACRES,LEMON,(none),1,5.0034166
2391,"GRAPE, WINE, UNCULTIVATED AG",6.11126826,5.0,ACRES,GRAPE,(none),3,2.03708942
2391,"GRAPE, WINE, UNCULTIVATED AG",6.11126826,5.0,ACRES,WINE,(none),3,2.03708942
2391,"GRAPE, WINE, UNCULTIVATED AG",6.11126826,5.0,ACRES,UNCULTIVATED AG,(none),3,2.03708942
2392,N-OUTDR GRWN CUT FLWRS OR GREENS,10.92861978,6.0,ACRES,N-OUTDR GRWN CUT FLWRS OR GREENS,N,1,10.92861978
2393,OP-PALM,2.31445233,3.0,ACRES,OP-PALM,OP,1,2.31445233
2394,N-OUTDR GRWN CUT FLWRS OR GREENS,2.67363252,2.5,ACRES,N-OUTDR GRWN CUT FLWRS OR GREENS,N,1,2.67363252
