objectid,item,food,acres,protein_kg,carb_kg,fat_kg
6,CITRUS,Citrus (other),7.44,547.0,6686.0,121.6
9,LEMON,Lemon,135.18,14163.8,119748.2,3862.8
10,LEMON,Lemon,75.03,7861.6,66466.4,2144.1
11,AVOCADO,Avocado,14.8,563.9,2396.5,4144.5
12,AVOCADO,Avocado,66.98,2551.9,10845.7,18756.7
13,LEMON,Lemon,89.98,9428.3,79712.1,2571.4
14,AVOCADO,Avocado,8.09,308.3,1310.4,2266.2
14,GRAPE,Grape,8.09,195.3,5049.2,55.8
15,LEMON,Lemon,55.08,5771.6,48796.2,1574.1
15,AVOCADO,Avocado,55.08,2098.8,8919.7,15425.9
16,LEMON,Lemon,12.54,1314.3,11111.5,358.4
16,AVOCADO,Avocado,12.54,477.9,2031.1,3512.7
17,LEMON,Lemon,29.78,3120.8,26385.3,851.1
17,ORANGE,Orange,29.78,2219.0,29094.1,246.6
17,AVOCADO,Avocado,29.78,1134.9,4823.1,8341.2
18,AVOCADO,Avocado,20.62,785.8,3339.6,5775.5
19,AVOCADO,Avocado,8.88,338.2,1437.5,2486.1
20,LEMON,Lemon,118.06,12370.0,104582.9,3373.6
20,PERSIMMON,Persimmon,118.06,4096.6,126993.5,1365.5
20,AVOCADO,Avocado,118.06,4498.2,19117.3,33061.7
21,KUMQUAT,Kumquat,114.15,9149.2,76564.6,4333.8
21,AVOCADO,Avocado,114.15,4349.4,18484.9,31967.9
22,AVOCADO,Avocado,10.65,405.7,1724.3,2982.0
23,AVOCADO,Avocado,20.08,765.1,3251.6,5623.3
24,AVOCADO,Avocado,272.69,10390.1,44158.0,76367.4
25,AVOCADO,Avocado,10.48,399.3,1697.1,2935.0
26,AVOCADO,Avocado,6.37,242.8,1032.0,1784.7
27,GRAPEFRUIT,Grapefruit,31.86,2428.2,32477.4,303.5
27,LEMON,Lemon,31.86,3338.8,28228.0,910.6
27,ORANGE,Orange,31.86,2374.0,31126.0,263.8
27,AVOCADO,Avocado,31.86,1214.1,5160.0,8923.7
27,OLIVE,Olive,31.86,786.3,6192.0,10516.5
27,POMELO,Grapefruit,31.86,2428.2,32477.4,303.5
28,AVOCADO,Avocado,2.41,91.9,390.8,675.8
29,AVOCADO,Avocado,272.29,10374.8,44093.1,76255.1
30,TOMATO,Tomato,23.51,5470.3,23704.4,1215.6
31,TOMATO,Tomato,277.43,64555.9,279742.4,14345.8
32,TOMATO,Tomato,109.88,25568.1,110795.0,5681.8
33,TOMATO,Tomato,53.32,12407.2,53764.4,2757.1
33,BRUSSEL SPROUT,Brassicas,53.32,9287.2,21670.2,928.7
34,TOMATO,Tomato,38.05,8854.9,38371.3,1967.8
34,BRUSSEL SPROUT,Brassicas,38.05,6628.2,15465.9,662.8
35,TOMATO,Tomato,60.3,14031.6,60803.4,3118.1
36,TOMATO,Tomato,49.73,11571.8,50144.6,2571.5
36,BRUSSEL SPROUT,Brassicas,49.73,8661.9,20211.2,866.2
37,TOMATO,Tomato,49.23,11455.7,49641.2,2545.7
37,BRUSSEL SPROUT,Brassicas,49.23,8575.0,20008.3,857.5
38,TOMATO,Tomato,57.38,13352.6,57861.3,2967.2
38,BRUSSEL SPROUT,Brassicas,57.38,9994.9,23321.5,999.5
39,TOMATO,Tomato,1.52,354.1,1534.6,78.7
40,GRAPE,Grape,43.82,1057.4,27340.4,302.1
42,GRAPEFRUIT,Grapefruit,9.79,745.8,9974.4,93.2
51,STONE FRUIT,Subtropical fruit,0.63,27.7,340.6,10.6
51,GRAPE,Grape,0.63,15.1,390.4,4.3
52,ORANGE,Orange,37.26,2776.1,36398.2,308.5
52,AVOCADO,Avocado,37.26,1419.8,6034.0,10435.2
53,ORANGE,Orange,71.84,5352.1,70172.3,594.7
54,AVOCADO,Avocado,9.19,350.3,1488.6,2574.4
55,ORANGE,Orange,28.64,2133.7,27974.7,237.1
55,TANGERINE,Mandarin,28.64,1922.6,31962.8,721.0
56,ORANGE,Orange,70.36,5242.3,68732.9,582.5
57,AVOCADO,Avocado,9.23,351.8,1494.9,2585.4
59,AVOCADO,Avocado,9.99,380.8,1618.5,2799.0
60,AVOCADO,Avocado,8.18,311.5,1323.9,2289.6
61,KUMQUAT,Kumquat,17.95,1438.4,12037.4,681.4
61,AVOCADO,Avocado,17.95,683.8,2906.2,5026.0
62,AVOCADO,Avocado,21.36,813.9,3459.2,5982.4
64,AVOCADO,Avocado,3.03,115.5,490.8,848.7
65,AVOCADO,Avocado,8.96,341.2,1450.1,2507.9
66,AVOCADO,Avocado,5.33,203.1,863.3,1493.0
67,AVOCADO,Avocado,7.36,280.6,1192.5,2062.3
68,AVOCADO,Avocado,12.62,480.8,2043.3,3533.8
69,ORANGE,Orange,4.42,329.4,4318.8,36.6
69,AVOCADO,Avocado,4.42,168.5,716.0,1238.2
70,AVOCADO,Avocado,4.52,172.4,732.6,1266.9
71,AVOCADO,Avocado,4.82,183.6,780.4,1349.6
72,AVOCADO,Avocado,1.43,54.4,231.3,400.0
73,AVOCADO,Avocado,7.94,302.6,1286.0,2224.0
74,AVOCADO,Avocado,3.2,121.8,517.6,895.1
75,AVOCADO,Avocado,4.16,158.4,673.1,1164.0
76,AVOCADO,Avocado,5.57,212.3,902.3,1560.4
77,AVOCADO,Avocado,3.62,138.1,586.9,1015.0
78,AVOCADO,Avocado,3.91,149.2,634.0,1096.4
79,AVOCADO,Avocado,8.9,339.1,1441.1,2492.3
80,AVOCADO,Avocado,2.73,104.0,442.1,764.6
81,AVOCADO,Avocado,2.46,93.7,398.4,689.0
82,AVOCADO,Avocado,2.85,108.7,461.8,798.7
83,AVOCADO,Avocado,5.58,212.6,903.7,1562.8
84,AVOCADO,Avocado,5.04,192.1,816.5,1412.1
85,AVOCADO,Avocado,8.1,308.6,1311.7,2268.4
86,AVOCADO,Avocado,17.61,671.0,2851.7,4931.7
87,AVOCADO,Avocado,6.84,260.4,1106.9,1914.3
88,AVOCADO,Avocado,2.39,91.0,386.6,668.6
89,AVOCADO,Avocado,9.72,370.4,1574.1,2722.3
90,AVOCADO,Avocado,10.25,390.4,1659.2,2869.5
91,AVOCADO,Avocado,11.76,448.0,1903.9,3292.6
92,AVOCADO,Avocado,11.05,421.1,1789.6,3094.9
94,AVOCADO,Avocado,7.14,272.0,1156.1,1999.4
95,AVOCADO,Avocado,5.99,228.1,969.2,1676.2
97,AVOCADO,Avocado,9.51,362.2,1539.3,2662.0
98,AVOCADO,Avocado,2.8,106.8,453.9,785.0
99,AVOCADO,Avocado,5.2,198.2,842.3,1456.7
100,AVOCADO,Avocado,3.34,127.2,540.7,935.2
101,GRAPEFRUIT,Grapefruit,27.44,2091.4,27972.4,261.4
101,LEMON,Lemon,27.44,2875.7,24312.5,784.3
101,ORANGE,Orange,27.44,2044.7,26808.5,227.2
101,AVOCADO,Avocado,27.44,1045.7,4444.2,7685.9
101,POMELO,Grapefruit,27.44,2091.4,27972.4,261.4
102,AVOCADO,Avocado,3.74,142.5,605.6,1047.3
103,AVOCADO,Avocado,3.72,141.8,602.5,1042.0
106,BLUEBERRY,Berries,13.21,398.4,8251.7,170.7
106,TROPICAL/SUBTROPICAL FRUIT,Subtropical fruit,13.21,584.1,7188.4,224.6
106,OLIVE,Olive,13.21,325.9,2566.3,4358.6
107,AVOCADO,Avocado,108.36,4128.7,17547.1,30346.2
109,TROPICAL/SUBTROPICAL FRUIT,Subtropical fruit,2.27,100.3,1234.3,38.6
109,OLIVE,Olive,2.27,56.0,440.7,748.4
111,GRAPEFRUIT,Grapefruit,7.81,595.3,7962.4,74.4
111,ORANGE,Orange,7.81,582.0,7631.1,64.7
111,TANGERINE,Mandarin,7.81,524.5,8719.0,196.7
111,CHERRY,Stone fruit,7.81,430.5,5262.2,143.5
111,PERSIMMON,Persimmon,7.81,271.1,8403.6,90.4
111,AVOCADO,Avocado,7.81,297.7,1265.1,2187.8
111,ASIAN PEAR,Apple / pear,7.81,191.4,8802.3,127.6
112,AVOCADO,Avocado,20.52,782.0,3323.6,5748.0
113,GRAPEFRUIT,Grapefruit,185.2,14112.6,188755.8,1764.1
113,ORANGE,Orange,185.2,13797.6,180901.5,1533.1
113,AVOCADO,Avocado,185.2,7056.3,29989.2,51863.8
114,STRAWBERRY,Strawberry,28.15,4200.9,46209.4,1800.4
114,HERB,Leafy greens & herbs,28.15,3256.0,7597.3,651.2
114,SQUASH,Squash & melons,28.15,2011.0,13407.0,446.9
114,TOMATO,Tomato,28.15,6550.3,28384.5,1455.6
114,BEAN SUCCULENT,Green beans / peas,28.15,2872.9,9193.4,344.8
114,ONION GREEN,Root veg & alliums,28.15,4826.5,38209.9,402.2
114,BEET,Root veg & alliums,28.15,4826.5,38209.9,402.2
114,CARROT,Root veg & alliums,28.15,4826.5,38209.9,402.2
114,PEAS,Green beans / peas,28.15,2872.9,9193.4,344.8
114,TURNIP,Root veg & alliums,28.15,4826.5,38209.9,402.2
115,TOMATO,Tomato,1.11,258.4,1119.5,57.4
116,WATERMELON,Squash & melons,18.27,1305.4,8702.6,290.1
116,TOMATO,Tomato,18.27,4251.8,18424.6,944.9
120,AVOCADO,Avocado,59.99,2285.7,9714.4,16800.2
121,GRAPEFRUIT,Grapefruit,39.47,3008.0,40231.5,376.0
122,LEMON,Lemon,97.86,10253.6,86689.9,2796.4
122,AVOCADO,Avocado,97.86,3728.6,15846.5,27405.2
123,GRAPEFRUIT,Grapefruit,71.4,5441.3,72777.2,680.2
123,LEMON,Lemon,71.4,7481.8,63254.9,2040.5
123,AVOCADO,Avocado,71.4,2720.6,11562.7,19996.7
124,ORANGE,Orange,187.63,13978.9,183278.9,1553.2
125,AVOCADO,Avocado,205.0,7810.8,33195.9,57409.4
126,AVOCADO,Avocado,7.33,279.3,1186.9,2052.6
127,TANGERINE,Mandarin,13.37,897.6,14921.9,336.6
127,AVOCADO,Avocado,13.37,509.4,2165.1,3744.3
127,GRAPE,Grape,13.37,322.6,8342.4,92.2
128,GRAPEFRUIT,Grapefruit,22.31,1699.9,22735.6,212.5
128,LEMON,Lemon,22.31,2337.3,19760.8,637.4
128,TANGERINE,Mandarin,22.31,1497.5,24895.8,561.6
128,AVOCADO,Avocado,22.31,849.9,3612.2,6247.0
128,GRAPE,Grape,22.31,538.3,13918.6,153.8
129,ORANGE,Orange,9.41,701.3,9194.8,77.9
129,AVOCADO,Avocado,9.41,358.7,1524.3,2636.1
130,LEMON,Lemon,6.09,638.5,5398.0,174.1
130,ORANGE,Orange,6.09,454.0,5952.2,50.4
130,TANGERINE,Mandarin,6.09,409.1,6800.7,153.4
130,AVOCADO,Avocado,6.09,232.2,986.7,1706.5
131,LEMON,Lemon,5.65,591.7,5002.3,161.4
131,ORANGE,Orange,5.65,420.7,5515.9,46.7
131,AVOCADO,Avocado,5.65,215.2,914.4,1581.4
132,ORANGE,Orange,4.61,343.7,4506.8,38.2
133,ORANGE,Orange,10.27,765.3,10033.6,85.0
133,AVOCADO,Avocado,10.27,391.4,1663.3,2876.6
134,GRAPE,Grape,1.78,43.1,1113.2,12.3
135,GRAPEFRUIT,Grapefruit,3.34,254.8,3407.8,31.8
135,LEMON,Lemon,3.34,350.3,2962.0,95.5
136,GRAPEFRUIT,Grapefruit,14.12,1075.9,14390.2,134.5
136,AVOCADO,Avocado,14.12,538.0,2286.3,3953.9
137,GRAPE,Grape,0.23,5.5,142.1,1.6
138,GRAPE,Grape,1.25,30.2,780.7,8.6
139,AVOCADO,Avocado,16.93,645.0,2741.3,4740.8
140,AVOCADO,Avocado,11.79,449.4,1909.8,3302.9
140,GRAPE,Grape,11.79,284.6,7359.0,81.3
141,AVOCADO,Avocado,22.39,853.2,3626.1,6271.1
159,ORANGE,Orange,24.45,1821.8,23886.0,202.4
160,AVOCADO,Avocado,17.25,657.4,2793.8,4831.6
162,ORANGE,Orange,4.48,333.8,4376.0,37.1
162,AVOCADO,Avocado,4.48,170.7,725.4,1254.6
163,AVOCADO,Avocado,10.41,396.5,1685.1,2914.2
164,GRAPEFRUIT,Grapefruit,13.58,1034.6,13837.9,129.3
164,LEMON,Lemon,13.58,1422.6,12027.4,388.0
164,LIME,Lime,13.58,603.5,9052.9,172.4
164,ORANGE,Orange,13.58,1011.5,13262.1,112.4
164,TANGERINE,Mandarin,13.58,911.4,15152.8,341.8
164,GARLIC,Root veg & alliums,13.58,2327.9,18429.0,194.0
164,ONION DRY ETC,Root veg & alliums,13.58,2327.9,18429.0,194.0
165,AVOCADO,Avocado,37.28,1420.3,6036.3,10439.2
166,AVOCADO,Avocado,10.23,389.7,1656.3,2864.4
167,AVOCADO,Avocado,11.14,424.3,1803.5,3118.9
168,AVOCADO,Avocado,34.3,1306.9,5554.3,9605.7
169,AVOCADO,Avocado,44.98,1714.0,7284.4,12597.7
170,LEMON,Lemon,12.25,1283.9,10854.8,350.2
170,TANGERINE,Mandarin,12.25,822.6,13675.5,308.5
170,AVOCADO,Avocado,12.25,466.9,1984.2,3431.5
171,GRAPEFRUIT,Grapefruit,3.82,291.2,3894.5,36.4
171,TANGERINE,Mandarin,3.82,256.5,4264.5,96.2
171,AVOCADO,Avocado,3.82,145.6,618.8,1070.1
172,LEMON,Lemon,11.69,1224.9,10356.1,334.1
172,TANGERINE,Mandarin,11.69,784.8,13047.2,294.3
173,LEMON,Lemon,13.64,1428.9,12080.8,389.7
173,TANGERINE,Mandarin,13.64,915.5,15220.0,343.3
173,AVOCADO,Avocado,13.64,519.6,2208.3,3819.1
174,LEMON,Lemon,11.49,1204.1,10180.2,328.4
174,TANGERINE,Mandarin,11.49,771.5,12825.6,289.3
174,AVOCADO,Avocado,11.49,437.9,1860.9,3218.3
175,LEMON,Lemon,10.43,1092.6,9237.6,298.0
175,AVOCADO,Avocado,10.43,397.3,1688.6,2920.3
176,LEMON,Lemon,11.79,1235.8,10447.8,337.0
176,ORANGE,Orange,11.79,878.7,11520.4,97.6
176,TANGERINE,Mandarin,11.79,791.7,13162.7,296.9
177,LEMON,Lemon,13.96,1462.4,12364.2,398.8
177,ORANGE,Orange,13.96,1039.8,13633.6,115.5
177,TANGERINE,Mandarin,13.96,937.0,15577.2,351.4
177,TROPICAL/SUBTROPICAL FRUIT,Subtropical fruit,13.96,617.3,7597.1,237.4
178,LEMON,Lemon,2.77,289.9,2450.9,79.1
179,LEMON,Lemon,1.8,189.1,1598.9,51.6
179,AVOCADO,Avocado,1.8,68.8,292.3,505.5
180,AVOCADO,Avocado,19.88,757.4,3219.1,5567.2
181,AVOCADO,Avocado,9.26,352.7,1499.1,2592.5
182,ORANGE,Orange,12.13,903.9,11851.7,100.4
182,TANGERINE,Mandarin,12.13,814.5,13541.3,305.4
182,AVOCADO,Avocado,12.13,462.3,1964.7,3397.8
183,LEMON,Lemon,30.38,3183.4,26914.4,868.2
184,AVOCADO,Avocado,4.12,157.0,667.0,1153.6
185,AVOCADO,Avocado,4.92,187.4,796.4,1377.3
186,LEMON,Lemon,2.89,302.6,2558.7,82.5
186,LIME,Lime,2.89,128.4,1925.9,36.7
186,AVOCADO,Avocado,2.89,110.1,467.7,808.9
187,AVOCADO,Avocado,5.95,226.6,963.2,1665.7
188,AVOCADO,Avocado,8.59,327.2,1390.4,2404.6
189,ORANGE,Orange,11.36,846.6,11099.3,94.1
189,AVOCADO,Avocado,11.36,432.9,1840.0,3182.1
190,AVOCADO,Avocado,8.45,322.1,1369.1,2367.7
191,ORANGE,Orange,2.34,174.5,2288.5,19.4
192,AVOCADO,Avocado,9.8,373.5,1587.2,2744.9
193,AVOCADO,Avocado,6.39,243.4,1034.5,1789.0
194,AVOCADO,Avocado,17.59,670.2,2848.2,4925.7
195,AVOCADO,Avocado,15.27,581.7,2472.0,4275.2
196,LEMON,Lemon,10.93,1145.6,9685.7,312.4
196,AVOCADO,Avocado,10.93,416.6,1770.5,3061.9
197,TROPICAL/SUBTROPICAL FRUIT,Subtropical fruit,7.1,314.1,3865.9,120.8
197,AVOCADO,Avocado,7.1,270.6,1150.1,1989.0
198,AVOCADO,Avocado,11.26,429.1,1823.8,3154.1
199,AVOCADO,Avocado,4.15,158.1,672.0,1162.1
200,AVOCADO,Avocado,2.44,92.9,394.7,682.5
211,GRAPEFRUIT,Grapefruit,140.38,10697.2,143075.1,1337.2
211,AVOCADO,Avocado,140.38,5348.6,22731.6,39312.2
212,GRAPEFRUIT,Grapefruit,16.55,1260.9,16864.8,157.6
212,AVOCADO,Avocado,16.55,630.5,2679.5,4633.9
213,AVOCADO,Avocado,35.84,1365.4,5802.9,10035.7
214,GRAPEFRUIT,Grapefruit,5.2,396.5,5302.7,49.6
214,LEMON,Lemon,5.2,545.1,4608.9,148.7
214,LIME,Lime,5.2,231.3,3469.1,66.1
214,ORANGE,Orange,5.2,387.6,5082.1,43.1
214,TANGELO,Mandarin,5.2,349.3,5806.6,131.0
214,TANGERINE,Mandarin,5.2,349.3,5806.6,131.0
214,TROPICAL/SUBTROPICAL FRUIT,Subtropical fruit,5.2,230.1,2831.9,88.5
214,AVOCADO,Avocado,5.2,198.2,842.5,1457.0
214,GUAVA,Guava,5.2,552.2,3037.2,212.4
215,ORANGE,Orange,11.09,826.3,10833.6,91.8
216,ORANGE,Orange,9.75,726.7,9527.4,80.7
217,ORANGE,Orange,9.01,671.6,8805.9,74.6
218,ORANGE,Orange,11.21,835.4,10953.2,92.8
219,ORANGE,Orange,10.98,818.0,10724.7,90.9
219,AVOCADO,Avocado,10.98,418.3,1777.9,3074.7
220,GRAPEFRUIT,Grapefruit,63.24,4819.3,64457.5,602.4
220,ORANGE,Orange,63.24,4711.7,61775.4,523.5
221,ORANGE,Orange,18.33,1365.6,17904.4,151.7
221,AVOCADO,Avocado,18.33,698.4,2968.1,5133.1
222,GRAPEFRUIT,Grapefruit,32.1,2446.1,32716.0,305.8
222,LEMON,Lemon,32.1,3363.3,28435.4,917.3
222,ORANGE,Orange,32.1,2391.5,31354.6,265.7
223,GRAPEFRUIT,Grapefruit,19.36,1475.3,19731.6,184.4
223,ORANGE,Orange,19.36,1442.3,18910.5,160.3
223,AVOCADO,Avocado,19.36,737.6,3134.9,5421.6
224,ORANGE,Orange,43.76,3260.0,42742.2,362.2
224,AVOCADO,Avocado,43.76,1667.2,7085.7,12254.0
225,GRAPEFRUIT,Grapefruit,20.77,1582.9,21171.1,197.9
225,AVOCADO,Avocado,20.77,791.4,3363.6,5817.1
226,POME FRUIT,Subtropical fruit,5.07,224.4,2761.9,86.3
226,GUAVA,Guava,5.07,538.6,2962.1,207.1
227,LIME,Lime,5.1,226.8,3401.8,64.8
227,TROPICAL/SUBTROPICAL FRUIT,Subtropical fruit,5.1,225.6,2777.0,86.8
227,GUAVA,Guava,5.1,541.5,2978.3,208.3
228,CITRUS,Citrus (other),1.08,79.2,968.6,17.6
228,KUMQUAT,Kumquat,1.08,86.4,723.3,40.9
228,LEMON,Lemon,1.08,113.0,955.3,30.8
228,TANGERINE,Mandarin,1.08,72.4,1203.6,27.1
228,POME FRUIT,Subtropical fruit,1.08,47.7,587.0,18.3
228,CHERIMOYA,Subtropical fruit,1.08,47.7,587.0,18.3
228,GUAVA,Guava,1.08,114.5,629.6,44.0
229,POME FRUIT,Subtropical fruit,5.58,246.6,3035.1,94.8
229,GUAVA,Guava,5.58,591.9,3255.2,227.6
230,LIME,Lime,2.78,123.7,1855.2,35.3
230,GUAVA,Guava,2.78,295.3,1624.2,113.6
231,AVOCADO,Avocado,5.63,214.5,911.8,1576.8
232,GUAVA,Guava,5.16,548.0,3014.1,210.8
233,LIME,Lime,1.74,77.5,1162.0,22.1
233,TANGERINE,Mandarin,1.74,117.0,1944.9,43.9
233,AVOCADO,Avocado,1.74,66.4,282.2,488.0
234,CHERRY,Stone fruit,1.88,103.6,1266.2,34.5
234,PERSIMMON,Persimmon,1.88,65.2,2022.1,21.7
234,GUAVA,Guava,1.88,199.5,1097.4,76.7
235,GRAPEFRUIT,Grapefruit,75.39,5745.2,76841.8,718.1
235,KUMQUAT,Kumquat,75.39,6042.7,50567.9,2862.3
235,ORANGE,Orange,75.39,5616.9,73644.4,624.1
235,AVOCADO,Avocado,75.39,2872.6,12208.5,21113.5
236,GRAPEFRUIT,Grapefruit,21.66,1650.6,22076.5,206.3
236,ORANGE,Orange,21.66,1613.7,21157.8,179.3
237,GRAPEFRUIT,Grapefruit,4.65,354.6,4742.4,44.3
238,GRAPEFRUIT,Grapefruit,12.72,969.5,12967.6,121.2
238,AVOCADO,Avocado,12.72,484.8,2060.3,3563.1
239,ORANGE,Orange,2.03,151.6,1987.1,16.8
240,GRAPEFRUIT,Grapefruit,57.5,4381.9,58608.5,547.7
240,ORANGE,Orange,57.5,4284.1,56169.8,476.0
240,AVOCADO,Avocado,57.5,2191.0,9311.6,16103.7
241,ORANGE,Orange,7.8,580.9,7616.5,64.5
242,ORANGE,Orange,8.39,624.9,8192.9,69.4
243,ORANGE,Orange,23.35,1739.4,22805.7,193.3
244,ORANGE,Orange,8.64,643.3,8434.9,71.5
245,GRAPEFRUIT,Grapefruit,2.22,169.5,2267.4,21.2
246,AVOCADO,Avocado,41.74,1590.3,6758.9,11688.9
247,AVOCADO,Avocado,24.57,936.2,3978.9,6881.2
248,AVOCADO,Avocado,87.47,3332.9,14165.0,24497.2
249,AVOCADO,Avocado,42.14,1605.6,6823.6,11800.9
250,GRAPEFRUIT,Grapefruit,20.91,1593.5,21312.6,199.2
250,ORANGE,Orange,20.91,1557.9,20425.7,173.1
250,AVOCADO,Avocado,20.91,796.7,3386.1,5856.0
251,CITRUS,Citrus (other),20.31,1492.2,18238.3,331.6
251,GRAPEFRUIT,Grapefruit,20.31,1547.5,20697.7,193.4
251,ORANGE,Orange,20.31,1512.9,19836.4,168.1
251,AVOCADO,Avocado,20.31,773.7,3288.4,5687.0
252,ORANGE,Orange,19.08,1421.7,18640.3,158.0
252,AVOCADO,Avocado,19.08,727.1,3090.1,5344.1
253,AVOCADO,Avocado,98.33,3746.5,15922.6,27536.7
254,AVOCADO,Avocado,66.34,2527.5,10742.0,18577.4
255,AVOCADO,Avocado,5.36,204.4,868.6,1502.2
256,GUAVA,Guava,17.82,1891.3,10402.4,727.4
257,KUMQUAT,Kumquat,8.87,710.7,5947.2,336.6
257,LEMON,Lemon,8.87,929.1,7854.7,253.4
257,LIME,Lime,8.87,394.1,5912.2,112.6
257,ORANGE,Orange,8.87,660.6,8661.1,73.4
257,TROPICAL/SUBTROPICAL FRUIT,Subtropical fruit,8.87,392.1,4826.3,150.8
257,CHERIMOYA,Subtropical fruit,8.87,392.1,4826.3,150.8
257,AVOCADO,Avocado,8.87,337.8,1435.8,2483.1
257,GUAVA,Guava,8.87,941.1,5176.2,362.0
258,AVOCADO,Avocado,39.79,1516.1,6443.3,11143.0
259,TROPICAL/SUBTROPICAL FRUIT,Subtropical fruit,53.39,2361.3,29062.4,908.2
259,AVOCADO,Avocado,53.39,2034.4,8646.1,14952.6
259,GUAVA,Guava,53.39,5667.2,31169.5,2179.7
260,LEMON,Lemon,18.27,1914.4,16185.4,522.1
260,AVOCADO,Avocado,18.27,696.1,2958.6,5116.7
261,ORANGE,Orange,11.59,863.3,11319.3,95.9
264,AVOCADO,Avocado,9.19,350.3,1488.6,2574.4
265,ORANGE,Orange,28.64,2133.7,27974.7,237.1
265,TANGERINE,Mandarin,28.64,1922.6,31962.8,721.0
266,ORANGE,Orange,70.36,5242.3,68732.9,582.5
267,ORANGE,Orange,28.27,2106.3,27616.6,234.0
267,AVOCADO,Avocado,28.27,1077.2,4578.2,7917.6
268,GRAPE,Grape,9.27,223.6,5781.1,63.9
269,OAT,Grain (oat),41.15,7885.7,30936.4,3219.6
270,OAT,Grain (oat),61.92,11866.1,46551.7,4844.7
271,OAT,Grain (oat),50.1,9601.3,37666.8,3920.1
272,OAT,Grain (oat),22.67,4344.4,17043.6,1773.8
274,OAT,Grain (oat),37.07,7105.1,27873.8,2900.9
275,OAT,Grain (oat),37.92,7267.4,28510.4,2967.1
276,OAT,Grain (oat),5.75,1101.6,4321.6,449.8
277,OAT,Grain (oat),65.36,12525.2,49137.1,5113.8
280,OAT,Grain (oat),62.22,11923.5,46776.6,4868.2
282,OAT,Grain (oat),47.81,9161.7,35942.0,3740.6
287,OAT,Grain (oat),42.16,8078.8,31693.9,3298.5
288,OAT,Grain (oat),53.92,10333.9,40540.6,4219.2
289,OAT,Grain (oat),53.92,10333.9,40540.6,4219.2
290,OAT,Grain (oat),49.36,9459.7,37111.1,3862.2
293,OAT,Grain (oat),10.51,2015.1,7905.2,822.7
294,OAT,Grain (oat),42.6,8164.7,32030.8,3333.5
302,PEPPER FRUITNG,Subtropical fruit,112.51,4976.0,61242.7,1913.8
311,GRAPEFRUIT,Grapefruit,46.65,3554.9,47546.8,444.4
311,LEMON,Lemon,46.65,4888.0,41325.7,1333.1
311,TANGELO,Mandarin,46.65,3131.7,52064.5,1174.4
312,GRAPEFRUIT,Grapefruit,37.12,2828.9,37836.9,353.6
312,LEMON,Lemon,37.12,3889.8,32886.3,1060.8
312,LIME,Lime,37.12,1650.2,24753.1,471.5
313,GRAPEFRUIT,Grapefruit,59.04,4498.9,60172.3,562.4
313,TANGELO,Mandarin,59.04,3963.3,65889.6,1486.2
314,LEMON,Lemon,54.91,5753.1,48640.1,1569.0
314,TANGELO,Mandarin,54.91,3686.0,61279.6,1382.2
315,GRAPEFRUIT,Grapefruit,46.36,3532.6,47248.8,441.6
315,LEMON,Lemon,46.36,4857.4,41066.7,1324.7
315,ORANGE,Orange,46.36,3453.8,45282.7,383.8
315,TANGELO,Mandarin,46.36,3112.1,51738.2,1167.0
316,GRAPEFRUIT,Grapefruit,38.18,2909.3,38911.4,363.7
316,LEMON,Lemon,38.18,4000.2,33820.2,1091.0
317,AVOCADO,Avocado,211.82,8070.9,34301.3,59321.0
318,LEMON,Lemon,54.23,5682.4,48041.7,1549.7
319,LEMON,Lemon,72.83,7630.9,64515.4,2081.1
320,GRAPEFRUIT,Grapefruit,25.52,1945.1,26015.1,243.1
320,LEMON,Lemon,25.52,2674.5,22611.3,729.4
320,ORANGE,Orange,25.52,1901.6,24932.6,211.3
321,LEMON,Lemon,82.99,8695.5,73516.5,2371.5
322,POTATO,Potato,260.73,80419.9,703674.0,4021.0
322,OAT,Grain (oat),260.73,49966.8,196023.5,20400.6
322,WHEAT,"Grain (wheat, barley)",260.73,44349.2,255451.4,6386.3
323,POTATO,Potato,368.46,113647.6,994416.6,5682.4
323,OAT,Grain (oat),368.46,70611.9,277016.1,28829.7
323,WHEAT,"Grain (wheat, barley)",368.46,62673.3,360998.3,9025.0
324,POTATO,Potato,32.11,9903.0,86651.5,495.2
324,OAT,Grain (oat),32.11,6153.0,24138.6,2512.2
324,WHEAT,"Grain (wheat, barley)",32.11,5461.2,31456.7,786.4
325,AVOCADO,Avocado,12.42,473.2,2011.3,3478.4
326,GRAPEFRUIT,Grapefruit,83.47,6360.6,85072.9,795.1
326,AVOCADO,Avocado,83.47,3180.3,13516.3,23375.2
327,AVOCADO,Avocado,14.84,565.2,2402.3,4154.5
328,GRAPEFRUIT,Grapefruit,51.14,3897.1,52123.2,487.1
328,PERSIMMON,Persimmon,51.14,1774.6,55011.2,591.5
328,POMEGRANATE,Pomegranate,51.14,3312.5,36437.5,2338.2
328,AVOCADO,Avocado,51.14,1948.5,8281.3,14321.7
332,AVOCADO,Avocado,23.96,913.0,3880.1,6710.2
333,AVOCADO,Avocado,39.55,1506.9,6404.4,11075.9
334,LEMON,Lemon,38.54,4038.1,34139.9,1101.3
334,AVOCADO,Avocado,38.54,1468.4,6240.6,10792.6
335,AVOCADO,Avocado,9.19,350.1,1487.8,2573.1
336,AVOCADO,Avocado,2.33,88.9,377.9,653.5
337,AVOCADO,Avocado,5.73,218.4,928.3,1605.4
337,GRAPE,Grape,5.73,138.3,3576.8,39.5
338,AVOCADO,Avocado,10.08,384.1,1632.2,2822.8
339,LEMON,Lemon,2.25,235.7,1992.7,64.3
339,AVOCADO,Avocado,2.25,85.7,364.3,629.9
340,LEMON,Lemon,4.57,478.4,4044.8,130.5
341,LEMON,Lemon,54.85,5746.8,48586.7,1567.3
351,OAT,Grain (oat),134.47,25770.7,101100.5,10521.8
352,OAT,Grain (oat),49.25,9438.3,37027.2,3853.5
356,LEMON,Lemon,5.46,572.4,4839.0,156.1
356,AVOCADO,Avocado,5.46,208.1,884.5,1529.7
357,ORANGE,Orange,17.17,1279.4,16774.8,142.2
358,ORANGE,Orange,6.94,516.7,6775.1,57.4
359,GRAPEFRUIT,Grapefruit,21.19,1614.7,21596.6,201.8
360,ORANGE,Orange,2.54,188.9,2477.3,21.0
361,KUMQUAT,Kumquat,6.13,491.3,4111.1,232.7
361,ORANGE,Orange,6.13,456.7,5987.2,50.7
361,AVOCADO,Avocado,6.13,233.5,992.5,1716.5
362,ORANGE,Orange,15.31,1140.7,14956.1,126.7
363,STRAWBERRY,Strawberry,1.25,186.0,2046.0,79.7
363,CUCUMBER,Squash & melons,1.25,89.0,593.6,19.8
363,SQUASH,Squash & melons,1.25,89.0,593.6,19.8
363,TOMATO,Tomato,1.25,290.0,1256.8,64.4
363,KALE,Leafy greens & herbs,1.25,144.2,336.4,28.8
363,LETTUCE LEAF,Leafy greens & herbs,1.25,144.2,336.4,28.8
363,BEAN UNSPECIFD,Green beans / peas,1.25,127.2,407.0,15.3
363,PEAS,Green beans / peas,1.25,127.2,407.0,15.3
364,GRAPEFRUIT,Grapefruit,34.49,2628.3,35153.4,328.5
364,LEMON,Lemon,34.49,3613.9,30553.9,985.6
364,AVOCADO,Avocado,34.49,1314.1,5585.1,9659.0
365,GRAPEFRUIT,Grapefruit,5.66,431.2,5767.2,53.9
365,ORANGE,Orange,5.66,421.6,5527.2,46.8
365,AVOCADO,Avocado,5.66,215.6,916.3,1584.6
366,GRAPEFRUIT,Grapefruit,23.45,1787.0,23901.5,223.4
366,ORANGE,Orange,23.45,1747.1,22906.9,194.1
366,GRAPE,Grape,23.45,565.9,14632.3,161.7
367,ORANGE,Orange,49.52,3689.1,48367.6,409.9
367,AVOCADO,Avocado,49.52,1886.6,8018.2,13866.8
367,OAT,Grain (oat),49.52,9489.3,37227.4,3874.3
368,GRAPEFRUIT,Grapefruit,23.06,1757.6,23508.2,219.7
368,ORANGE,Orange,23.06,1718.4,22530.0,190.9
369,ORANGE,Orange,67.82,5052.6,66245.2,561.4
369,AVOCADO,Avocado,67.82,2584.0,10981.9,18992.2
372,KUMQUAT,Kumquat,4.27,342.3,2864.7,162.2
373,ORANGE,Orange,3.52,262.4,3440.4,29.2
373,TANGERINE,Mandarin,3.52,236.4,3930.9,88.7
373,APPLE,Apple / pear,3.52,86.3,3968.5,57.5
373,PEAR,Apple / pear,3.52,86.3,3968.5,57.5
373,NECTARINE,Stone fruit,3.52,194.1,2372.4,64.7
373,PEACH,Stone fruit,3.52,194.1,2372.4,64.7
373,PERSIMMON,Persimmon,3.52,122.2,3788.7,40.7
373,KIWI,Subtropical fruit,3.52,155.8,1917.1,59.9
373,AVOCADO,Avocado,3.52,134.2,570.3,986.4
374,ORANGE,Orange,6.11,455.4,5971.0,50.6
375,ORANGE,Orange,24.34,1813.3,23775.0,201.5
376,ORANGE,Orange,7.92,590.4,7740.3,65.6
377,GRAPEFRUIT,Grapefruit,13.0,991.0,13254.6,123.9
377,ORANGE,Orange,13.0,968.9,12703.1,107.7
377,TANGERINE,Mandarin,13.0,873.0,14514.0,327.4
377,OAT,Grain (oat),13.0,2492.2,9777.3,1017.5
378,GRAPEFRUIT,Grapefruit,4.43,337.5,4514.1,42.2
378,GRAPE,Grape,4.43,106.9,2763.5,30.5
379,ORANGE,Orange,4.55,339.0,4445.2,37.7
379,GRAPE,Grape,4.55,109.8,2839.5,31.4
380,OAT,Grain (oat),2.98,570.8,2239.5,233.1
380,GRAPE,Grape,2.98,71.9,1858.6,20.5
381,GRAPE,Grape,4.68,113.0,2921.4,32.3
382,OAT,Grain (oat),138.58,26557.7,104187.9,10843.1
383,OAT,Grain (oat),40.18,7701.0,30211.6,3144.2
384,ORANGE,Orange,16.28,1212.7,15900.4,134.7
385,GRAPEFRUIT,Grapefruit,3.6,274.4,3670.5,34.3
385,ORANGE,Orange,3.6,268.3,3517.7,29.8
385,GRAPE,Grape,3.6,86.9,2247.0,24.8
386,OAT,Grain (oat),34.83,6675.9,26189.9,2725.6
389,GRAPEFRUIT,Grapefruit,27.26,2077.6,27787.5,259.7
389,LEMON,Lemon,27.26,2856.7,24151.8,779.1
389,DATE,Date,27.26,2226.0,66779.1,356.2
390,GRAPEFRUIT,Grapefruit,56.94,4338.9,58033.2,542.4
390,LEMON,Lemon,56.94,5966.0,50440.1,1627.1
390,TANGERINE,Mandarin,56.94,3822.4,63547.2,1433.4
391,GRAPEFRUIT,Grapefruit,53.85,4103.8,54888.5,513.0
391,LEMON,Lemon,53.85,5642.7,47706.8,1538.9
391,TANGELO,Mandarin,53.85,3615.3,60103.8,1355.7
391,TANGERINE,Mandarin,53.85,3615.3,60103.8,1355.7
392,APPLE,Apple / pear,10.59,259.4,11934.0,173.0
392,PEAR,Apple / pear,10.59,259.4,11934.0,173.0
393,APPLE,Apple / pear,7.94,194.5,8949.1,129.7
393,PEAR,Apple / pear,7.94,194.5,8949.1,129.7
394,APPLE,Apple / pear,5.89,144.4,6640.7,96.2
397,PUMPKIN,Squash & melons,1.17,83.9,559.6,18.7
404,OAT,Grain (oat),141.03,27027.0,106029.0,11034.7
405,AVOCADO,Avocado,9.98,380.4,1616.7,2796.0
406,LEMON,Lemon,21.08,2208.8,18674.4,602.4
406,AVOCADO,Avocado,21.08,803.2,3413.6,5903.5
406,GRAPE,Grape,21.08,508.7,13153.3,145.3
407,AVOCADO,Avocado,8.14,310.1,1317.8,2279.0
419,ORANGE,Orange,5.17,385.1,5049.3,42.8
419,AVOCADO,Avocado,5.17,197.0,837.1,1447.6
420,CUCUMBER,Squash & melons,2.36,168.7,1124.8,37.5
420,EGGPLANT,Squash & melons,2.36,168.7,1124.8,37.5
420,PEPPER FRUITNG,Subtropical fruit,2.36,104.4,1285.5,40.2
420,TOMATO,Tomato,2.36,549.5,2381.3,122.1
420,ONION GREEN,Root veg & alliums,2.36,404.9,3205.7,33.7
420,TURNIP,Root veg & alliums,2.36,404.9,3205.7,33.7
421,STRAWBERRY,Strawberry,1.45,215.9,2374.7,92.5
421,CUCUMBER,Squash & melons,1.45,103.3,689.0,23.0
421,PEPPER FRUITNG,Subtropical fruit,1.45,64.0,787.4,24.6
421,TOMATO,Tomato,1.45,336.6,1458.7,74.8
421,CORN,Sweet corn,1.45,155.9,897.7,66.1
422,STRAWBERRY,Strawberry,0.6,90.1,991.2,38.6
422,CUCUMBER,Squash & melons,0.6,43.1,287.6,9.6
422,SQUASH,Squash & melons,0.6,43.1,287.6,9.6
422,TOMATO,Tomato,0.6,140.5,608.9,31.2
422,BEAN SUCCULENT,Green beans / peas,0.6,61.6,197.2,7.4
424,ORANGE,Orange,50.76,3781.7,49582.1,420.2
424,AVOCADO,Avocado,50.76,1934.0,8219.6,14215.0
425,GRAPEFRUIT,Grapefruit,24.85,1893.9,25331.6,236.7
425,AVOCADO,Avocado,24.85,947.0,4024.6,6960.3
426,AVOCADO,Avocado,42.84,1632.4,6937.8,11998.3
427,AVOCADO,Avocado,14.0,533.6,2267.7,3921.8
428,LEMON,Lemon,0.75,78.8,666.6,21.5
428,ORANGE,Orange,0.75,56.1,735.0,6.2
428,AVOCADO,Avocado,0.75,28.7,121.8,210.7
429,AVOCADO,Avocado,42.35,1613.8,6858.4,11861.1
430,AVOCADO,Avocado,26.15,996.2,4233.8,7322.0
431,AVOCADO,Avocado,18.75,714.3,3035.7,5250.0
433,FRUIT,Subtropical fruit,0.42,18.6,229.1,7.2
433,BERRY,Berries,0.42,12.7,263.0,5.4
433,CITRUS,Citrus (other),0.42,30.9,378.1,6.9
433,APPLE,Apple / pear,0.42,10.3,474.3,6.9
433,PEAR,Apple / pear,0.42,10.3,474.3,6.9
433,TROPICAL/SUBTROPICAL FRUIT,Subtropical fruit,0.42,18.6,229.1,7.2
433,BANANA,Banana,0.42,20.2,417.9,5.5
433,FIG,Fig,0.42,12.2,293.3,4.6
433,MANGO,Mango,0.42,10.7,200.5,5.3
433,PERSIMMON,Persimmon,0.42,14.6,452.8,4.9
433,POMEGRANATE,Pomegranate,0.42,27.3,299.9,19.2
433,CHERIMOYA,Subtropical fruit,0.42,18.6,229.1,7.2
433,AVOCADO,Avocado,0.42,16.0,68.2,117.9
433,OLIVE,Olive,0.42,10.4,81.8,138.9
433,MACADAMIA NUT,Macadamia,0.42,15.1,26.3,144.7
433,GUAVA,Guava,0.42,44.7,245.7,17.2
434,RASPBERRY,Berries,0.75,22.7,469.8,9.7
434,STRAWBERRY,Strawberry,0.75,112.2,1234.4,48.1
434,CUCUMBER,Squash & melons,0.75,53.7,358.1,11.9
434,SQUASH,Squash & melons,0.75,53.7,358.1,11.9
434,EGGPLANT,Squash & melons,0.75,53.7,358.1,11.9
434,TOMATO,Tomato,0.75,175.0,758.2,38.9
434,BROCCOLI,Brassicas,0.75,131.0,305.6,13.1
434,LETTUCE LEAF,Leafy greens & herbs,0.75,87.0,202.9,17.4
434,BEAN UNSPECIFD,Green beans / peas,0.75,76.7,245.6,9.2
434,CORN,Sweet corn,0.75,81.0,466.6,34.4
434,PEAS,Green beans / peas,0.75,76.7,245.6,9.2
435,STRAWBERRY,Strawberry,0.31,46.1,507.2,19.8
435,WATERMELON,Squash & melons,0.31,22.1,147.2,4.9
435,CUCUMBER,Squash & melons,0.31,22.1,147.2,4.9
435,SQUASH,Squash & melons,0.31,22.1,147.2,4.9
435,EGGPLANT,Squash & melons,0.31,22.1,147.2,4.9
435,TOMATO,Tomato,0.31,71.9,311.6,16.0
435,BROCCOLI,Brassicas,0.31,53.8,125.6,5.4
435,BRUSSEL SPROUT,Brassicas,0.31,53.8,125.6,5.4
435,LETTUCE LEAF,Leafy greens & herbs,0.31,35.7,83.4,7.1
435,BEAN UNSPECIFD,Green beans / peas,0.31,31.5,100.9,3.8
435,CELERY,Leafy greens & herbs,0.31,35.7,83.4,7.1
435,CORN,Sweet corn,0.31,33.3,191.7,14.1
435,PEAS,Green beans / peas,0.31,31.5,100.9,3.8
442,HERB,Leafy greens & herbs,0.03,3.4,8.0,0.7
442,PEPPER FRUITNG,Subtropical fruit,0.03,1.3,16.1,0.5
443,GRAPE,Grape,1.09,26.4,682.8,7.5
447,GRAPEFRUIT,Grapefruit,31.08,2368.7,31681.7,296.1
447,LEMON,Lemon,31.08,3257.0,27536.4,888.3
447,ORANGE,Orange,31.08,2315.8,30363.3,257.3
447,TANGERINE,Mandarin,31.08,2086.7,34691.9,782.5
447,AVOCADO,Avocado,31.08,1184.4,5033.5,8705.1
447,OLIVE,Olive,31.08,767.0,6040.2,10258.8
450,ORANGE,Orange,5.11,380.4,4987.4,42.3
451,PERSIMMON,Persimmon,11.0,381.8,11835.0,127.3
451,AVOCADO,Avocado,11.0,419.2,1781.6,3081.1
457,CITRUS,Citrus (other),2.77,203.5,2487.4,45.2
457,CHERIMOYA,Subtropical fruit,2.77,122.5,1507.5,47.1
457,AVOCADO,Avocado,2.77,105.5,448.5,775.6
466,ORANGE,Orange,0.74,55.4,726.6,6.2
466,AVOCADO,Avocado,0.74,28.3,120.5,208.3
467,AVOCADO,Avocado,21.11,804.2,3418.0,5911.2
468,AVOCADO,Avocado,1.86,71.0,301.8,522.0
469,AVOCADO,Avocado,2.26,86.1,365.9,632.8
470,AVOCADO,Avocado,1.74,66.3,281.7,487.1
471,AVOCADO,Avocado,10.4,396.2,1683.9,2912.1
472,AVOCADO,Avocado,2.46,93.8,398.7,689.5
473,AVOCADO,Avocado,2.56,97.5,414.3,716.6
474,AVOCADO,Avocado,2.84,108.2,460.0,795.6
475,AVOCADO,Avocado,2.22,84.7,360.0,622.6
476,CITRUS,Citrus (other),1.35,99.5,1216.4,22.1
477,CITRUS,Citrus (other),2.28,167.6,2048.0,37.2
477,AVOCADO,Avocado,2.28,86.9,369.3,638.6
478,AVOCADO,Avocado,4.27,162.6,690.8,1194.7
479,CITRUS,Citrus (other),0.35,26.0,318.2,5.8
479,AVOCADO,Avocado,0.35,13.5,57.4,99.2
480,ORANGE,Orange,4.69,349.2,4578.0,38.8
481,AVOCADO,Avocado,10.83,412.5,1753.1,3031.9
482,AVOCADO,Avocado,8.4,320.1,1360.4,2352.6
483,AVOCADO,Avocado,0.95,36.1,153.3,265.1
484,CITRUS,Citrus (other),3.73,274.1,3349.7,60.9
484,PERSIMMON,Persimmon,3.73,129.4,4012.1,43.1
484,AVOCADO,Avocado,3.73,142.1,604.0,1044.5
485,AVOCADO,Avocado,1.34,51.2,217.6,376.3
486,AVOCADO,Avocado,2.29,87.3,371.2,642.0
487,AVOCADO,Avocado,2.69,102.6,436.1,754.2
488,AVOCADO,Avocado,4.96,189.1,803.5,1389.6
489,AVOCADO,Avocado,3.07,117.1,497.8,860.8
490,AVOCADO,Avocado,2.23,85.0,361.4,625.0
491,AVOCADO,Avocado,1.75,66.6,283.1,489.6
492,AVOCADO,Avocado,1.04,39.5,168.1,290.7
493,AVOCADO,Avocado,1.84,70.3,298.6,516.4
494,AVOCADO,Avocado,3.98,151.8,645.1,1115.6
495,AVOCADO,Avocado,1.49,56.7,240.8,416.5
496,AVOCADO,Avocado,6.32,240.8,1023.5,1770.1
497,AVOCADO,Avocado,3.05,116.2,493.7,853.8
498,AVOCADO,Avocado,3.62,138.0,586.5,1014.4
499,AVOCADO,Avocado,2.99,114.1,484.7,838.3
500,AVOCADO,Avocado,7.44,283.3,1204.2,2082.6
501,AVOCADO,Avocado,1.28,48.6,206.6,357.3
502,AVOCADO,Avocado,3.99,152.1,646.4,1117.9
503,AVOCADO,Avocado,2.13,81.1,344.8,596.4
504,AVOCADO,Avocado,3.53,134.6,572.2,989.5
505,AVOCADO,Avocado,2.58,98.2,417.3,721.7
506,AVOCADO,Avocado,1.37,52.2,221.8,383.6
507,AVOCADO,Avocado,6.28,239.4,1017.6,1759.8
508,CITRUS,Citrus (other),1.01,74.3,908.7,16.5
515,AVOCADO,Avocado,9.77,372.1,1581.6,2735.2
516,AVOCADO,Avocado,4.58,174.6,742.0,1283.1
517,AVOCADO,Avocado,5.1,194.5,826.5,1429.4
518,AVOCADO,Avocado,49.32,1879.0,7985.8,13810.7
519,AVOCADO,Avocado,38.4,1463.2,6218.4,10754.2
520,AVOCADO,Avocado,8.9,339.1,1441.2,2492.5
521,AVOCADO,Avocado,20.57,783.6,3330.5,5759.8
522,GRAPEFRUIT,Grapefruit,6.05,460.9,6164.1,57.6
522,AVOCADO,Avocado,6.05,230.4,979.3,1693.7
523,AVOCADO,Avocado,18.59,708.2,3009.7,5205.0
524,ORANGE,Orange,7.58,564.9,7406.7,62.8
524,AVOCADO,Avocado,7.58,288.9,1227.9,2123.5
525,AVOCADO,Avocado,11.77,448.3,1905.4,3295.3
526,AVOCADO,Avocado,2.49,94.7,402.6,696.2
527,AVOCADO,Avocado,8.34,317.6,1349.8,2334.4
528,AVOCADO,Avocado,3.5,133.5,567.5,981.4
529,GRAPEFRUIT,Grapefruit,44.4,3383.3,45251.2,422.9
529,PERSIMMON,Persimmon,44.4,1540.6,47758.4,513.5
529,AVOCADO,Avocado,44.4,1691.6,7189.4,12433.5
530,GRAPEFRUIT,Grapefruit,0.49,37.3,499.6,4.7
530,LEMON,Lemon,0.49,51.4,434.2,14.0
530,LIME,Lime,0.49,21.8,326.8,6.2
530,ORANGE,Orange,0.49,36.5,478.8,4.1
530,TANGELO,Mandarin,0.49,32.9,547.0,12.3
530,TANGERINE,Mandarin,0.49,32.9,547.0,12.3
530,APPLE,Apple / pear,0.49,12.0,552.2,8.0
530,PEAR,Apple / pear,0.49,12.0,552.2,8.0
530,APRICOT,Stone fruit,0.49,27.0,330.1,9.0
530,PEACH,Stone fruit,0.49,27.0,330.1,9.0
530,PLUM,Stone fruit,0.49,27.0,330.1,9.0
530,TROPICAL/SUBTROPICAL FRUIT,Subtropical fruit,0.49,21.7,266.8,8.3
530,FIG,Fig,0.49,14.2,341.5,5.3
530,PERSIMMON,Persimmon,0.49,17.0,527.2,5.7
530,POMEGRANATE,Pomegranate,0.49,31.7,349.2,22.4
530,CHERIMOYA,Subtropical fruit,0.49,21.7,266.8,8.3
530,AVOCADO,Avocado,0.49,18.7,79.4,137.3
530,POMELO,Grapefruit,0.49,37.3,499.6,4.7
530,GUAVA,Guava,0.49,52.0,286.1,20.0
532,LEMON,Lemon,4.55,477.2,4034.2,130.1
532,LIME,Lime,4.55,202.4,3036.5,57.8
533,GRAPEFRUIT,Grapefruit,7.83,596.5,7977.9,74.6
533,LEMON,Lemon,7.83,820.2,6934.1,223.7
533,AVOCADO,Avocado,7.83,298.2,1267.5,2192.1
534,GRAPEFRUIT,Grapefruit,4.68,356.5,4767.6,44.6
534,LEMON,Lemon,4.68,490.1,4143.8,133.7
534,AVOCADO,Avocado,4.68,178.2,757.5,1310.0
535,AVOCADO,Avocado,25.67,978.0,4156.3,7188.0
536,AVOCADO,Avocado,10.47,399.1,1696.2,2933.4
537,AVOCADO,Avocado,8.14,310.1,1318.1,2279.5
538,PERSIMMON,Persimmon,9.06,314.4,9747.4,104.8
538,AVOCADO,Avocado,9.06,345.3,1467.4,2537.7
539,AVOCADO,Avocado,28.49,1085.5,4613.3,7978.3
540,AVOCADO,Avocado,3.15,119.9,509.5,881.1
541,AVOCADO,Avocado,1.41,53.6,227.8,394.0
542,LIME,Lime,1.65,73.4,1100.9,21.0
542,AVOCADO,Avocado,1.65,62.9,267.4,462.4
543,ORANGE,Orange,5.2,387.2,5076.7,43.0
544,PERSIMMON,Persimmon,2.34,81.1,2515.4,27.0
544,AVOCADO,Avocado,2.34,89.1,378.7,654.9
545,AVOCADO,Avocado,7.14,272.0,1156.1,1999.4
546,AVOCADO,Avocado,1.03,39.2,166.8,288.5
547,AVOCADO,Avocado,3.94,150.0,637.6,1102.7
548,AVOCADO,Avocado,5.35,203.9,866.5,1498.5
549,AVOCADO,Avocado,1.32,50.2,213.3,368.8
550,AVOCADO,Avocado,5.19,197.7,840.4,1453.5
551,AVOCADO,Avocado,7.12,271.4,1153.6,1995.0
552,AVOCADO,Avocado,1.78,67.8,288.2,498.5
553,AVOCADO,Avocado,24.13,919.3,3907.0,6756.9
554,AVOCADO,Avocado,4.09,156.0,662.9,1146.5
555,AVOCADO,Avocado,15.86,604.2,2567.7,4440.6
556,AVOCADO,Avocado,15.34,584.3,2483.4,4294.8
557,AVOCADO,Avocado,13.14,500.5,2127.0,3678.4
558,AVOCADO,Avocado,5.8,220.9,938.9,1623.8
559,AVOCADO,Avocado,10.33,393.6,1672.7,2892.8
560,AVOCADO,Avocado,2.55,97.1,412.5,713.4
561,AVOCADO,Avocado,2.72,103.7,440.8,762.3
562,AVOCADO,Avocado,1.65,62.8,266.7,461.3
563,AVOCADO,Avocado,2.67,101.8,432.5,748.0
564,AVOCADO,Avocado,4.31,164.1,697.5,1206.2
565,AVOCADO,Avocado,3.96,150.8,641.0,1108.5
566,AVOCADO,Avocado,3.08,117.5,499.5,863.9
567,AVOCADO,Avocado,8.57,326.4,1387.0,2398.8
568,AVOCADO,Avocado,6.41,244.1,1037.6,1794.4
569,AVOCADO,Avocado,4.37,166.5,707.7,1223.9
570,LIME,Lime,1.17,52.1,781.2,14.9
571,AVOCADO,Avocado,2.34,89.1,378.9,655.2
572,AVOCADO,Avocado,2.38,90.6,384.8,665.6
573,AVOCADO,Avocado,4.86,185.2,787.0,1361.0
576,AVOCADO,Avocado,15.8,601.9,2558.0,4423.9
581,LEMON,Lemon,10.39,1088.6,9203.5,296.9
582,LEMON,Lemon,1.7,177.6,1501.7,48.4
583,LEMON,Lemon,2.83,296.8,2509.0,80.9
584,LEMON,Lemon,0.87,91.4,773.1,24.9
585,ORANGE,Orange,1.76,131.4,1722.8,14.6
586,LEMON,Lemon,2.67,279.3,2361.2,76.2
587,LEMON,Lemon,3.53,370.0,3127.8,100.9
588,LEMON,Lemon,10.02,1050.3,8879.8,286.4
589,LEMON,Lemon,1.15,120.2,1016.3,32.8
590,LEMON,Lemon,1.85,194.0,1640.5,52.9
591,LEMON,Lemon,0.96,100.6,850.5,27.4
592,LEMON,Lemon,0.17,17.6,148.6,4.8
593,LEMON,Lemon,1.34,139.9,1183.1,38.2
594,LEMON,Lemon,6.34,664.5,5617.8,181.2
595,ORANGE,Orange,1.44,107.2,1405.4,11.9
596,ORANGE,Orange,0.14,10.3,134.6,1.1
597,LEMON,Lemon,0.63,66.2,559.3,18.0
598,LEMON,Lemon,1.01,105.8,894.7,28.9
599,LEMON,Lemon,0.56,58.4,493.8,15.9
600,ORANGE,Orange,1.4,104.3,1367.8,11.6
601,LEMON,Lemon,4.36,456.4,3858.5,124.5
601,ORANGE,Orange,4.36,324.5,4254.6,36.1
602,LEMON,Lemon,4.05,424.3,3587.2,115.7
603,LEMON,Lemon,1.16,122.1,1031.9,33.3
604,ORANGE,Orange,3.97,296.0,3880.9,32.9
605,LEMON,Lemon,3.52,368.6,3116.7,100.5
606,LEMON,Lemon,3.87,405.0,3424.1,110.5
607,LEMON,Lemon,7.35,769.8,6508.6,210.0
608,ORANGE,Orange,1.39,103.9,1361.9,11.5
609,LEMON,Lemon,0.76,79.5,672.0,21.7
610,LEMON,Lemon,1.12,117.4,992.9,32.0
611,LEMON,Lemon,0.35,36.2,306.2,9.9
612,ORANGE,Orange,0.95,70.7,927.2,7.9
613,LEMON,Lemon,1.0,105.3,890.2,28.7
614,LEMON,Lemon,1.45,152.0,1285.5,41.5
615,LEMON,Lemon,0.89,93.1,787.4,25.4
616,LEMON,Lemon,0.3,31.3,264.4,8.5
617,LEMON,Lemon,1.6,168.0,1420.6,45.8
618,LEMON,Lemon,4.04,423.4,3579.3,115.5
619,LEMON,Lemon,4.36,456.8,3862.1,124.6
620,LEMON,Lemon,1.67,175.2,1481.2,47.8
621,ORANGE,Orange,2.1,156.2,2047.9,17.4
622,LEMON,Lemon,0.56,59.2,500.4,16.1
623,LEMON,Lemon,1.4,146.4,1238.1,39.9
624,LEMON,Lemon,1.93,202.5,1712.1,55.2
625,ORANGE,Orange,1.22,90.9,1192.4,10.1
626,LEMON,Lemon,0.65,68.0,574.5,18.5
627,LEMON,Lemon,1.09,114.5,968.4,31.2
628,LEMON,Lemon,1.2,125.5,1061.0,34.2
629,LEMON,Lemon,0.92,96.8,818.6,26.4
630,LEMON,Lemon,0.68,70.9,599.2,19.3
631,ORANGE,Orange,0.83,61.8,809.9,6.9
632,LEMON,Lemon,1.57,164.7,1392.7,44.9
633,LEMON,Lemon,0.57,60.1,508.3,16.4
634,LEMON,Lemon,4.47,468.1,3957.9,127.7
635,LEMON,Lemon,3.26,341.4,2886.1,93.1
636,LEMON,Lemon,0.84,87.6,740.6,23.9
637,LEMON,Lemon,1.36,142.9,1208.4,39.0
638,LEMON,Lemon,3.44,360.2,3045.6,98.2
639,LEMON,Lemon,1.86,195.2,1650.5,53.2
640,LEMON,Lemon,0.54,56.5,477.6,15.4
641,ORANGE,Orange,0.38,28.6,374.4,3.2
642,ORANGE,Orange,0.96,71.3,935.1,7.9
643,LEMON,Lemon,1.09,113.9,962.7,31.1
644,LEMON,Lemon,12.76,1337.5,11307.6,364.8
645,LEMON,Lemon,2.33,244.2,2064.7,66.6
646,LEMON,Lemon,2.47,258.7,2187.5,70.6
647,LEMON,Lemon,4.0,419.1,3543.0,114.3
648,ORANGE,Orange,7.84,584.5,7662.9,64.9
649,LEMON,Lemon,3.33,348.9,2950.1,95.2
650,LEMON,Lemon,1.15,120.1,1015.1,32.7
651,LEMON,Lemon,0.43,45.4,383.7,12.4
652,LEMON,Lemon,0.71,74.8,632.4,20.4
653,LEMON,Lemon,0.31,32.1,271.8,8.8
654,LEMON,Lemon,2.37,248.6,2101.7,67.8
655,LEMON,Lemon,2.68,281.1,2376.3,76.7
656,LEMON,Lemon,2.22,232.9,1968.7,63.5
657,ORANGE,Orange,1.67,124.3,1629.9,13.8
658,LEMON,Lemon,0.46,47.9,405.3,13.1
659,LEMON,Lemon,0.44,46.4,392.0,12.6
660,LEMON,Lemon,0.45,46.9,396.6,12.8
661,LEMON,Lemon,0.73,76.7,648.4,20.9
662,LEMON,Lemon,2.96,310.3,2623.7,84.6
663,LEMON,Lemon,0.98,103.2,872.3,28.1
664,LEMON,Lemon,0.6,63.0,532.7,17.2
665,LEMON,Lemon,0.69,72.7,614.8,19.8
666,LEMON,Lemon,0.59,62.2,526.0,17.0
667,LEMON,Lemon,0.75,78.5,664.1,21.4
668,LEMON,Lemon,1.0,104.6,884.7,28.5
669,ORANGE,Orange,0.37,27.9,366.2,3.1
670,ORANGE,Orange,2.12,157.9,2070.4,17.5
672,LEMON,Lemon,0.87,91.6,774.0,25.0
673,LEMON,Lemon,0.97,102.0,862.0,27.8
674,LEMON,Lemon,1.16,121.0,1023.4,33.0
675,LEMON,Lemon,0.57,59.6,504.2,16.3
675,ORANGE,Orange,0.57,42.4,556.0,4.7
676,ORANGE,Orange,1.99,148.1,1941.9,16.5
677,LEMON,Lemon,1.68,176.2,1489.3,48.0
678,LEMON,Lemon,5.07,530.7,4487.2,144.7
679,LEMON,Lemon,0.65,67.6,571.9,18.4
680,LEMON,Lemon,0.49,51.3,434.0,14.0
681,LEMON,Lemon,1.39,145.4,1229.5,39.7
682,LEMON,Lemon,1.0,105.2,889.3,28.7
683,LEMON,Lemon,1.27,133.0,1124.7,36.3
684,LEMON,Lemon,0.83,87.0,735.5,23.7
685,LEMON,Lemon,1.21,127.0,1074.0,34.6
686,ORANGE,Orange,0.31,22.8,298.4,2.5
687,LEMON,Lemon,1.52,159.7,1350.0,43.5
688,LEMON,Lemon,1.28,134.2,1134.8,36.6
689,LEMON,Lemon,1.33,139.4,1178.5,38.0
690,LEMON,Lemon,1.1,115.4,975.3,31.5
691,LEMON,Lemon,0.66,69.3,586.0,18.9
692,LEMON,Lemon,0.7,73.3,619.4,20.0
692,ORANGE,Orange,0.7,52.1,683.0,5.8
693,LEMON,Lemon,1.58,165.1,1395.8,45.0
694,LEMON,Lemon,0.22,23.3,196.9,6.4
695,LEMON,Lemon,0.17,17.5,148.3,4.8
696,LEMON,Lemon,0.35,36.5,308.4,9.9
697,LEMON,Lemon,1.25,131.0,1107.9,35.7
698,LEMON,Lemon,10.56,1106.1,9351.3,301.7
699,ORANGE,Orange,1.42,105.6,1385.1,11.7
700,LEMON,Lemon,1.08,112.8,954.0,30.8
701,LEMON,Lemon,1.9,198.7,1679.5,54.2
702,LEMON,Lemon,0.58,61.3,518.1,16.7
703,LEMON,Lemon,2.69,282.2,2385.9,77.0
704,LEMON,Lemon,0.45,47.6,402.3,13.0
705,LEMON,Lemon,0.4,42.0,354.8,11.4
706,LEMON,Lemon,1.8,188.5,1593.8,51.4
707,LEMON,Lemon,1.43,149.6,1265.1,40.8
708,LEMON,Lemon,1.31,136.9,1157.7,37.3
709,LEMON,Lemon,0.36,38.0,321.7,10.4
710,LEMON,Lemon,1.41,147.5,1247.3,40.2
711,ORANGE,Orange,1.11,82.9,1086.6,9.2
712,LEMON,Lemon,1.12,117.7,995.2,32.1
713,LEMON,Lemon,2.45,256.3,2167.0,69.9
714,LEMON,Lemon,3.57,374.3,3164.9,102.1
715,LEMON,Lemon,1.23,128.9,1089.5,35.1
716,LEMON,Lemon,3.8,397.9,3364.0,108.5
717,LEMON,Lemon,1.63,170.4,1440.9,46.5
718,LEMON,Lemon,0.25,26.4,223.5,7.2
719,LEMON,Lemon,1.21,126.6,1070.1,34.5
720,LEMON,Lemon,0.44,46.4,392.4,12.7
721,LEMON,Lemon,0.73,76.3,645.2,20.8
722,LEMON,Lemon,0.81,84.4,713.5,23.0
723,LEMON,Lemon,0.83,86.8,733.9,23.7
724,LEMON,Lemon,0.55,57.5,486.0,15.7
725,LEMON,Lemon,0.36,38.2,323.3,10.4
726,LEMON,Lemon,1.02,106.9,904.1,29.2
727,LEMON,Lemon,0.55,58.0,490.3,15.8
728,LEMON,Lemon,0.86,89.9,760.1,24.5
729,LEMON,Lemon,0.91,95.4,806.6,26.0
730,LEMON,Lemon,8.26,865.2,7315.0,236.0
731,LEMON,Lemon,0.27,28.5,240.7,7.8
732,LEMON,Lemon,0.94,98.1,829.4,26.8
733,LEMON,Lemon,1.02,107.2,906.4,29.2
734,ORANGE,Orange,0.52,39.0,511.7,4.3
735,LEMON,Lemon,0.18,18.6,157.5,5.1
736,ORANGE,Orange,0.69,51.1,669.9,5.7
737,LEMON,Lemon,0.91,94.9,802.1,25.9
738,LEMON,Lemon,2.84,297.7,2517.1,81.2
739,LEMON,Lemon,2.08,217.9,1842.4,59.4
740,LEMON,Lemon,1.03,108.3,915.4,29.5
741,LEMON,Lemon,1.77,185.7,1569.7,50.6
742,LEMON,Lemon,2.59,271.5,2295.1,74.0
743,LEMON,Lemon,2.71,283.8,2399.5,77.4
744,LEMON,Lemon,1.44,151.3,1279.5,41.3
745,LEMON,Lemon,0.24,24.8,209.5,6.8
746,LEMON,Lemon,0.42,44.1,372.5,12.0
747,ORANGE,Orange,3.49,259.8,3406.9,28.9
748,LEMON,Lemon,0.44,46.0,388.5,12.5
749,LEMON,Lemon,3.48,365.1,3086.5,99.6
750,LEMON,Lemon,0.26,26.8,226.9,7.3
751,LEMON,Lemon,0.54,56.3,476.4,15.4
752,LEMON,Lemon,0.65,67.9,574.4,18.5
753,LEMON,Lemon,0.49,51.3,433.8,14.0
754,LEMON,Lemon,0.34,35.9,303.7,9.8
755,LEMON,Lemon,1.16,121.9,1030.6,33.2
756,LEMON,Lemon,0.67,70.2,593.3,19.1
757,LEMON,Lemon,0.92,96.9,819.3,26.4
758,LEMON,Lemon,1.13,118.9,1005.3,32.4
759,LEMON,Lemon,0.44,46.4,392.1,12.6
760,LEMON,Lemon,0.98,102.9,870.4,28.1
761,LEMON,Lemon,1.3,136.3,1152.8,37.2
762,LEMON,Lemon,1.05,109.8,928.1,29.9
763,LEMON,Lemon,3.76,393.7,3328.6,107.4
764,LEMON,Lemon,0.92,96.1,812.1,26.2
765,LEMON,Lemon,1.6,167.9,1419.4,45.8
766,LEMON,Lemon,0.73,76.1,643.5,20.8
767,LEMON,Lemon,1.77,185.8,1570.9,50.7
768,LEMON,Lemon,0.41,43.2,365.6,11.8
769,LEMON,Lemon,3.1,324.7,2745.5,88.6
770,LEMON,Lemon,0.71,74.7,632.0,20.4
771,LEMON,Lemon,1.12,117.2,991.0,32.0
772,LEMON,Lemon,1.27,133.4,1127.7,36.4
773,LEMON,Lemon,1.01,106.0,895.9,28.9
774,LEMON,Lemon,0.65,68.0,575.0,18.5
775,LEMON,Lemon,1.08,112.6,952.4,30.7
776,LEMON,Lemon,0.72,75.0,633.7,20.4
777,LEMON,Lemon,1.58,165.0,1395.3,45.0
778,LEMON,Lemon,0.97,101.8,860.3,27.8
779,LEMON,Lemon,0.57,59.8,505.5,16.3
780,LEMON,Lemon,0.68,71.0,600.5,19.4
781,LEMON,Lemon,0.58,60.3,509.9,16.4
782,LEMON,Lemon,0.54,56.4,477.2,15.4
783,LEMON,Lemon,0.43,45.4,383.5,12.4
784,LEMON,Lemon,0.64,67.0,566.8,18.3
785,LEMON,Lemon,0.35,36.3,307.2,9.9
786,LEMON,Lemon,0.6,63.2,534.6,17.2
787,LEMON,Lemon,0.27,28.0,237.0,7.6
788,LEMON,Lemon,0.29,30.9,260.9,8.4
789,LEMON,Lemon,0.28,29.7,251.5,8.1
790,LEMON,Lemon,1.38,144.7,1223.5,39.5
791,LEMON,Lemon,0.64,66.6,563.0,18.2
792,LEMON,Lemon,2.37,248.3,2099.4,67.7
793,LEMON,Lemon,1.51,158.6,1340.5,43.2
794,LEMON,Lemon,0.63,66.5,562.2,18.1
795,LEMON,Lemon,0.24,25.1,212.2,6.8
796,LEMON,Lemon,1.04,108.9,920.9,29.7
797,LEMON,Lemon,1.03,107.9,912.5,29.4
798,LEMON,Lemon,1.03,108.0,913.1,29.5
799,LEMON,Lemon,0.9,94.2,796.3,25.7
800,LEMON,Lemon,0.21,22.0,186.0,6.0
800,OLIVE,Olive,0.21,5.2,40.8,69.3
801,LEMON,Lemon,1.49,156.1,1320.1,42.6
803,LEMON,Lemon,1.65,173.1,1463.1,47.2
804,LEMON,Lemon,0.39,40.7,344.4,11.1
805,LEMON,Lemon,1.29,134.8,1139.7,36.8
806,ORANGE,Orange,2.05,152.7,2001.8,17.0
807,LEMON,Lemon,0.94,98.4,832.2,26.8
808,LEMON,Lemon,0.58,60.7,513.1,16.6
809,LEMON,Lemon,0.36,37.8,319.7,10.3
810,LEMON,Lemon,1.18,123.2,1041.8,33.6
811,LEMON,Lemon,1.07,111.6,943.7,30.4
812,LEMON,Lemon,1.06,111.5,942.7,30.4
813,LEMON,Lemon,1.71,179.3,1515.6,48.9
814,LEMON,Lemon,2.6,272.9,2307.5,74.4
816,LEMON,Lemon,2.98,312.3,2640.3,85.2
817,LEMON,Lemon,0.17,17.9,151.4,4.9
818,LEMON,Lemon,1.85,193.5,1635.8,52.8
819,LEMON,Lemon,0.36,37.4,315.8,10.2
820,LEMON,Lemon,1.46,152.8,1291.8,41.7
821,LEMON,Lemon,0.76,79.5,672.3,21.7
822,ORANGE,Orange,1.43,106.7,1398.9,11.9
823,LEMON,Lemon,1.11,116.7,986.4,31.8
824,LEMON,Lemon,0.39,40.9,345.8,11.2
825,LEMON,Lemon,0.3,31.2,263.5,8.5
826,LEMON,Lemon,0.35,36.7,309.9,10.0
828,LEMON,Lemon,0.55,57.3,484.2,15.6
829,LEMON,Lemon,1.44,151.3,1279.2,41.3
830,ORANGE,Orange,0.62,46.1,604.6,5.1
831,LEMON,Lemon,0.31,32.7,276.0,8.9
832,LEMON,Lemon,1.02,107.0,904.5,29.2
833,LEMON,Lemon,1.23,128.5,1086.6,35.1
834,LEMON,Lemon,1.09,114.7,970.0,31.3
835,ORANGE,Orange,3.76,280.2,3673.2,31.1
836,ORANGE,Orange,0.94,70.3,921.7,7.8
837,LEMON,Lemon,0.9,94.2,796.6,25.7
838,LEMON,Lemon,0.69,72.0,608.5,19.6
839,LEMON,Lemon,0.46,47.7,403.5,13.0
840,LEMON,Lemon,0.42,43.7,369.6,11.9
841,LEMON,Lemon,0.71,74.1,626.4,20.2
842,LEMON,Lemon,1.02,106.4,899.5,29.0
843,ORANGE,Orange,1.4,104.1,1364.9,11.6
844,LEMON,Lemon,0.76,79.3,670.4,21.6
845,LEMON,Lemon,0.35,37.2,314.4,10.1
846,ORANGE,Orange,1.91,142.1,1863.5,15.8
847,LEMON,Lemon,2.8,293.8,2483.6,80.1
848,LEMON,Lemon,0.77,80.4,679.9,21.9
849,LEMON,Lemon,38.05,3987.2,33710.4,1087.4
849,ORANGE,Orange,38.05,2835.1,37171.2,315.0
850,LEMON,Lemon,0.66,69.1,584.2,18.8
851,ORANGE,Orange,4.23,314.8,4128.0,35.0
852,LEMON,Lemon,3.02,315.9,2671.1,86.2
853,LEMON,Lemon,5.34,559.0,4726.2,152.5
854,LEMON,Lemon,0.96,101.0,853.5,27.5
855,STRAWBERRY,Strawberry,2.49,371.2,4083.7,159.1
855,NECTARINE,Stone fruit,2.49,137.1,1675.7,45.7
855,PLUM,Stone fruit,2.49,137.1,1675.7,45.7
855,FIG,Fig,2.49,72.2,1733.2,27.1
855,HERB,Leafy greens & herbs,2.49,287.7,671.4,57.5
855,PEPPER SPICE,Peppers,2.49,259.0,1726.4,57.5
855,WATERMELON,Squash & melons,2.49,177.7,1184.8,39.5
855,CUCUMBER,Squash & melons,2.49,177.7,1184.8,39.5
855,SQUASH,Squash & melons,2.49,177.7,1184.8,39.5
855,EGGPLANT,Squash & melons,2.49,177.7,1184.8,39.5
855,PEPPER FRUITNG,Subtropical fruit,2.49,110.0,1354.1,42.3
855,TOMATO,Tomato,2.49,578.9,2508.4,128.6
855,BROCCOLI,Brassicas,2.49,433.3,1011.0,43.3
855,BRUSSEL SPROUT,Brassicas,2.49,433.3,1011.0,43.3
855,CABBAGE,Brassicas,2.49,433.3,1011.0,43.3
855,ARTICHOKE,Vegetables (other),2.49,253.9,761.7,25.4
855,SPINACH,Leafy greens & herbs,2.49,287.7,671.4,57.5
855,LETTUCE LEAF,Leafy greens & herbs,2.49,287.7,671.4,57.5
857,GRAPEFRUIT,Grapefruit,58.07,4425.2,59187.5,553.2
857,LEMON,Lemon,58.07,6084.7,51443.4,1659.5
857,ORANGE,Orange,58.07,4326.5,56724.7,480.7
857,TANGERINE,Mandarin,58.07,3898.4,64811.3,1461.9
857,APPLE,Apple / pear,58.07,1422.4,65430.3,948.3
857,PERSIMMON,Persimmon,58.07,2015.1,62467.0,671.7
857,POMEGRANATE,Pomegranate,58.07,3761.5,41376.0,2655.1
857,AVOCADO,Avocado,58.07,2212.6,9403.6,16262.7
859,AVOCADO,Avocado,17.37,661.8,2812.4,4863.9
860,AVOCADO,Avocado,9.86,375.8,1597.0,2761.8
861,AVOCADO,Avocado,15.95,607.9,2583.5,4467.9
862,AVOCADO,Avocado,15.15,577.2,2453.0,4242.3
863,AVOCADO,Avocado,22.11,842.4,3580.3,6191.9
865,ORANGE,Orange,35.7,2660.0,34875.6,295.6
866,CUCUMBER,Squash & melons,8.77,626.6,4177.4,139.2
866,ZUCCHINI,Squash & melons,8.77,626.6,4177.4,139.2
866,TOMATO,Tomato,8.77,2041.0,8844.2,453.5
866,BROCCOLI,Brassicas,8.77,1527.7,3564.7,152.8
866,CABBAGE,Brassicas,8.77,1527.7,3564.7,152.8
866,KALE,Leafy greens & herbs,8.77,1014.5,2367.2,202.9
866,SWISS CHARD,Leafy greens & herbs,8.77,1014.5,2367.2,202.9
866,BEET,Root veg & alliums,8.77,1503.9,11905.6,125.3
867,CUCUMBER,Squash & melons,2.63,187.9,1252.6,41.8
867,ZUCCHINI,Squash & melons,2.63,187.9,1252.6,41.8
867,TOMATO,Tomato,2.63,612.0,2652.0,136.0
867,KALE,Leafy greens & herbs,2.63,304.2,709.8,60.8
867,SWISS CHARD,Leafy greens & herbs,2.63,304.2,709.8,60.8
867,BEAN UNSPECIFD,Green beans / peas,2.63,268.4,859.0,32.2
867,CELERY,Leafy greens & herbs,2.63,304.2,709.8,60.8
867,PEAS,Green beans / peas,2.63,268.4,859.0,32.2
868,STRAWBERRY,Strawberry,6.05,902.9,9931.4,386.9
868,SWEET BASIL,Leafy greens & herbs,6.05,699.8,1632.8,140.0
868,PEPPER SPICE,Peppers,6.05,629.8,4198.7,140.0
868,WATERMELON,Squash & melons,6.05,432.2,2881.5,96.0
868,CUCUMBER,Squash & melons,6.05,432.2,2881.5,96.0
868,PUMPKIN,Squash & melons,6.05,432.2,2881.5,96.0
868,SQUASH,Squash & melons,6.05,432.2,2881.5,96.0
868,ZUCCHINI,Squash & melons,6.05,432.2,2881.5,96.0
868,EGGPLANT,Squash & melons,6.05,432.2,2881.5,96.0
868,TOMATO,Tomato,6.05,1407.8,6100.5,312.8
868,BROCCOLI,Brassicas,6.05,1053.8,2458.8,105.4
868,CABBAGE,Brassicas,6.05,1053.8,2458.8,105.4
868,KALE,Leafy greens & herbs,6.05,699.8,1632.8,140.0
868,PARSLEY,Leafy greens & herbs,6.05,699.8,1632.8,140.0
868,SWISS CHARD,Leafy greens & herbs,6.05,699.8,1632.8,140.0
868,BEAN UNSPECIFD,Green beans / peas,6.05,617.5,1975.9,74.1
868,BEET,Root veg & alliums,6.05,1037.3,8212.1,86.4
868,CARROT,Root veg & alliums,6.05,1037.3,8212.1,86.4
868,MELON,Squash & melons,6.05,432.2,2881.5,96.0
868,PEAS,Green beans / peas,6.05,617.5,1975.9,74.1
869,ORANGE,Orange,38.32,2854.9,37430.9,317.2
881,CITRUS,Citrus (other),18.98,1394.6,17044.6,309.9
884,PERSIMMON,Persimmon,20.04,695.3,21553.5,231.8
884,OAT,Grain (oat),20.04,3839.9,15064.3,1567.8
885,LIME,Lime,2.02,89.7,1344.8,25.6
885,AVOCADO,Avocado,2.02,76.8,326.6,564.8
886,LIME,Lime,1.69,75.3,1130.1,21.5
886,ORANGE,Orange,1.69,126.3,1655.6,14.0
886,AVOCADO,Avocado,1.69,64.6,274.5,474.6
886,GUAVA,Guava,1.69,179.9,989.4,69.2
887,AVOCADO,Avocado,5.76,219.6,933.4,1614.3
891,AVOCADO,Avocado,5.06,192.9,819.7,1417.6
892,AVOCADO,Avocado,2.26,85.9,365.2,631.5
893,AVOCADO,Avocado,27.24,1038.0,4411.6,7629.4
893,GUAVA,Guava,27.24,2891.6,15903.8,1112.2
894,AVOCADO,Avocado,14.72,560.9,2383.9,4122.8
895,AVOCADO,Avocado,4.59,175.0,743.6,1286.1
896,GUAVA,Guava,2.85,302.5,1663.9,116.4
897,AVOCADO,Avocado,2.59,98.6,419.2,724.9
898,AVOCADO,Avocado,2.1,80.0,339.9,587.8
899,GUAVA,Guava,2.48,263.3,1448.3,101.3
900,AVOCADO,Avocado,1.5,57.0,242.2,418.9
901,AVOCADO,Avocado,4.79,182.4,775.4,1340.9
902,AVOCADO,Avocado,1.6,61.0,259.4,448.5
903,AVOCADO,Avocado,2.14,81.4,345.8,598.1
904,AVOCADO,Avocado,3.61,137.6,585.0,1011.6
905,AVOCADO,Avocado,2.35,89.4,380.0,657.2
906,AVOCADO,Avocado,4.49,171.0,726.7,1256.7
907,GUAVA,Guava,1.89,200.7,1103.7,77.2
908,AVOCADO,Avocado,2.38,90.7,385.6,666.9
909,LIME,Lime,0.77,34.0,510.6,9.7
909,SQUASH,Squash & melons,0.77,54.7,364.7,12.2
909,AVOCADO,Avocado,0.77,29.2,124.0,214.4
917,AVOCADO,Avocado,108.53,4135.2,17574.6,30393.8
918,AVOCADO,Avocado,214.83,8185.4,34787.9,60162.5
920,APPLE,Apple / pear,17.88,437.8,20140.7,291.9
921,APPLE,Apple / pear,8.91,218.2,10035.8,145.4
921,PEAR,Apple / pear,8.91,218.2,10035.8,145.4
925,TOMATO,Tomato,12.52,2912.5,12620.6,647.2
926,BLACKBERRY,Berries,4.82,145.5,3014.2,62.4
926,BLUEBERRY,Berries,4.82,145.5,3014.2,62.4
926,STRAWBERRY,Strawberry,4.82,719.9,7918.9,308.5
926,CHERIMOYA,Subtropical fruit,4.82,213.3,2625.8,82.1
928,GRAPEFRUIT,Grapefruit,53.58,4083.3,54613.7,510.4
928,ORANGE,Orange,53.58,3992.1,52341.1,443.6
928,AVOCADO,Avocado,53.58,2041.6,8676.9,15006.0
929,ORANGE,Orange,16.05,1195.6,15675.4,132.8
929,AVOCADO,Avocado,16.05,611.4,2598.6,4494.1
930,AVOCADO,Avocado,4.32,164.7,700.0,1210.6
932,AVOCADO,Avocado,57.92,2206.9,9379.4,16220.9
933,GRAPEFRUIT,Grapefruit,1.48,112.5,1504.2,14.1
933,AVOCADO,Avocado,1.48,56.2,239.0,413.3
934,AVOCADO,Avocado,9.13,347.9,1478.6,2557.1
935,AVOCADO,Avocado,63.11,2404.5,10219.0,17672.9
936,AVOCADO,Avocado,41.23,1570.9,6676.4,11546.2
937,AVOCADO,Avocado,24.47,932.5,3963.2,6854.0
938,AVOCADO,Avocado,47.69,1817.2,7723.0,13356.3
939,AVOCADO,Avocado,139.16,5302.2,22534.3,38971.1
940,AVOCADO,Avocado,16.57,631.2,2682.8,4639.7
941,AVOCADO,Avocado,17.5,666.9,2834.4,4901.9
942,AVOCADO,Avocado,67.67,2578.5,10958.5,18951.7
943,AVOCADO,Avocado,2.73,104.0,442.0,764.4
944,AVOCADO,Avocado,4.71,179.4,762.6,1318.9
945,AVOCADO,Avocado,72.82,2774.4,11791.2,20391.9
946,AVOCADO,Avocado,9.87,376.2,1598.9,2765.2
947,AVOCADO,Avocado,16.09,613.2,2605.9,4506.7
948,AVOCADO,Avocado,18.82,717.0,3047.3,5270.0
949,AVOCADO,Avocado,5.19,197.9,841.1,1454.5
950,AVOCADO,Avocado,19.91,758.6,3223.9,5575.4
951,AVOCADO,Avocado,19.66,749.1,3183.9,5506.2
952,LEMON,Lemon,0.99,103.6,876.0,28.3
952,AVOCADO,Avocado,0.99,37.7,160.1,276.9
953,LEMON,Lemon,18.3,1918.0,16215.5,523.1
953,AVOCADO,Avocado,18.3,697.4,2964.1,5126.2
954,AVOCADO,Avocado,5.9,224.8,955.6,1652.6
955,AVOCADO,Avocado,90.27,3439.5,14618.0,25280.6
956,AVOCADO,Avocado,17.07,650.3,2764.0,4780.0
957,AVOCADO,Avocado,8.62,328.5,1396.3,2414.8
958,AVOCADO,Avocado,18.71,712.9,3029.7,5239.7
959,AVOCADO,Avocado,4.28,162.9,692.3,1197.2
960,AVOCADO,Avocado,8.94,340.6,1447.7,2503.6
961,AVOCADO,Avocado,1.97,75.0,318.8,551.3
962,AVOCADO,Avocado,5.67,216.2,918.7,1588.7
963,AVOCADO,Avocado,30.03,1144.0,4862.2,8408.7
964,AVOCADO,Avocado,34.42,1311.6,5574.1,9640.0
965,AVOCADO,Avocado,1.54,58.6,249.0,430.6
966,AVOCADO,Avocado,4.45,169.5,720.4,1245.9
967,AVOCADO,Avocado,19.29,734.9,3123.2,5401.3
968,AVOCADO,Avocado,26.79,1020.9,4338.9,7503.8
969,AVOCADO,Avocado,11.66,444.4,1888.7,3266.4
970,AVOCADO,Avocado,57.36,2185.6,9288.8,16064.2
971,AVOCADO,Avocado,7.83,298.3,1267.6,2192.3
972,AVOCADO,Avocado,50.96,1941.6,8252.0,14271.1
973,AVOCADO,Avocado,14.53,553.7,2353.3,4069.8
974,AVOCADO,Avocado,4.22,160.9,683.7,1182.4
975,AVOCADO,Avocado,12.26,467.2,1985.6,3433.8
976,AVOCADO,Avocado,4.39,167.2,710.7,1229.1
976,GRAPE,Grape,4.39,105.9,2738.5,30.3
976,GUAVA,Guava,4.39,465.8,2562.1,179.2
977,AVOCADO,Avocado,1.98,75.4,320.6,554.4
978,AVOCADO,Avocado,1.4,53.2,226.2,391.1
979,AVOCADO,Avocado,8.84,336.8,1431.3,2475.2
980,AVOCADO,Avocado,1.74,66.3,281.9,487.5
981,LEMON,Lemon,36.5,3824.6,32335.2,1043.1
981,AVOCADO,Avocado,36.5,1390.8,5910.7,10222.1
982,AVOCADO,Avocado,103.95,3960.8,16833.3,29111.7
983,AVOCADO,Avocado,37.48,1428.0,6069.0,10495.8
984,AVOCADO,Avocado,8.18,311.7,1324.8,2291.1
985,AVOCADO,Avocado,18.43,702.2,2984.3,5161.1
986,AVOCADO,Avocado,15.52,591.2,2512.5,4345.1
987,AVOCADO,Avocado,59.86,2280.7,9692.8,16762.9
988,AVOCADO,Avocado,10.06,383.3,1629.2,2817.5
989,AVOCADO,Avocado,27.49,1047.2,4450.7,7697.1
990,AVOCADO,Avocado,13.5,514.2,2185.5,3779.6
991,AVOCADO,Avocado,13.28,506.2,2151.2,3720.3
992,AVOCADO,Avocado,2.01,76.7,326.0,563.9
993,AVOCADO,Avocado,8.28,315.6,1341.4,2319.8
994,AVOCADO,Avocado,4.17,159.0,675.6,1168.3
995,MUSHROOM,Mushrooms,4.47,12563.8,13374.4,1215.9
995,MUSHROOM HOUSE,Mushrooms,4.47,12563.8,13374.4,1215.9
996,PLUM,Stone fruit,1.32,73.0,892.2,24.3
996,PUMPKIN,Squash & melons,1.32,94.6,630.8,21.0
996,TOMATO,Tomato,1.32,308.2,1335.6,68.5
996,CORN,Sweet corn,1.32,142.7,821.9,60.6
997,PLUM,Stone fruit,1.32,73.0,892.2,24.3
997,PUMPKIN,Squash & melons,1.32,94.6,630.8,21.0
997,TOMATO,Tomato,1.32,308.2,1335.6,68.5
997,CORN,Sweet corn,1.32,142.7,821.9,60.6
998,PLUM,Stone fruit,1.32,73.0,892.2,24.3
998,PUMPKIN,Squash & melons,1.32,94.6,630.8,21.0
998,TOMATO,Tomato,1.32,308.2,1335.6,68.5
998,CORN,Sweet corn,1.32,142.7,821.9,60.6
999,PLUM,Stone fruit,1.32,73.0,892.2,24.3
999,PUMPKIN,Squash & melons,1.32,94.6,630.8,21.0
999,TOMATO,Tomato,1.32,308.2,1335.6,68.5
999,CORN,Sweet corn,1.32,142.7,821.9,60.6
1000,PLUM,Stone fruit,1.32,73.0,892.2,24.3
1000,PUMPKIN,Squash & melons,1.32,94.6,630.8,21.0
1000,TOMATO,Tomato,1.32,308.2,1335.6,68.5
1000,CORN,Sweet corn,1.32,142.7,821.9,60.6
1001,ORANGE,Orange,11.53,858.9,11260.9,95.4
1001,APPLE,Apple / pear,11.53,282.4,12989.1,188.2
1001,PERSIMMON,Persimmon,11.53,400.0,12400.9,133.3
1001,WATERMELON,Squash & melons,11.53,823.6,5490.6,183.0
1001,TOMATO,Tomato,11.53,2682.5,11624.3,596.1
1001,AVOCADO,Avocado,11.53,439.2,1866.8,3228.5
1001,CORN,Sweet corn,11.53,1242.4,7153.4,527.1
1001,GRAPE,Grape,11.53,278.2,7193.2,79.5
1002,ORANGE,Orange,0.63,46.8,613.7,5.2
1002,WATERMELON,Squash & melons,0.63,44.9,299.2,10.0
1002,PUMPKIN,Squash & melons,0.63,44.9,299.2,10.0
1002,TOMATO,Tomato,0.63,146.2,633.5,32.5
1003,BLACKBERRY,Berries,0.8,24.2,502.3,10.4
1003,STRAWBERRY,Strawberry,0.8,120.0,1319.6,51.4
1003,GRAPEFRUIT,Grapefruit,0.8,61.3,819.3,7.7
1003,LEMON,Lemon,0.8,84.2,712.1,23.0
1003,ORANGE,Orange,0.8,59.9,785.2,6.7
1003,TANGERINE,Mandarin,0.8,54.0,897.2,20.2
1003,STONE FRUIT,Subtropical fruit,0.8,35.6,437.6,13.7
1003,TROPICAL/SUBTROPICAL FRUIT,Subtropical fruit,0.8,35.6,437.6,13.7
1003,HERB,Leafy greens & herbs,0.8,93.0,217.0,18.6
1003,WATERMELON,Squash & melons,0.8,57.4,382.9,12.8
1003,CUCUMBER,Squash & melons,0.8,57.4,382.9,12.8
1003,SQUASH,Squash & melons,0.8,57.4,382.9,12.8
1003,EGGPLANT,Squash & melons,0.8,57.4,382.9,12.8
1003,PEPPER FRUITNG,Subtropical fruit,0.8,35.6,437.6,13.7
1003,TOMATO,Tomato,0.8,187.1,810.6,41.6
1003,BROCCOLI,Brassicas,0.8,140.0,326.7,14.0
1003,CABBAGE,Brassicas,0.8,140.0,326.7,14.0
1003,KALE,Leafy greens & herbs,0.8,93.0,217.0,18.6
1003,SWISS CHARD,Leafy greens & herbs,0.8,93.0,217.0,18.6
1005,ORANGE,Orange,1.08,80.7,1058.1,9.0
1005,AVOCADO,Avocado,1.08,41.3,175.4,303.4
1006,ORANGE,Orange,4.8,357.7,4689.8,39.7
1006,AVOCADO,Avocado,4.8,182.9,777.5,1344.6
1007,AVOCADO,Avocado,5.73,218.2,927.3,1603.7
1008,AVOCADO,Avocado,10.09,384.5,1634.2,2826.3
1009,AVOCADO,Avocado,11.22,427.5,1817.1,3142.5
1010,AVOCADO,Avocado,3.42,130.2,553.5,957.2
1011,AVOCADO,Avocado,1.43,54.4,231.4,400.2
1012,GRAPE,Grape,0.35,8.6,221.5,2.4
1013,GRAPE,Grape,9.28,224.0,5793.0,64.0
1014,GRAPE,Grape,1.86,44.8,1159.6,12.8
1015,AVOCADO,Avocado,6.71,255.7,1086.7,1879.3
1016,LEMON,Lemon,58.62,6142.1,51928.9,1675.1
1016,AVOCADO,Avocado,58.62,2233.5,9492.4,16416.2
1021,AVOCADO,Avocado,0.97,37.0,157.4,272.3
1022,LEMON,Lemon,2.34,245.3,2073.7,66.9
1022,ORANGE,Orange,2.34,174.4,2286.6,19.4
1022,AVOCADO,Avocado,2.34,89.2,379.1,655.5
1023,ORANGE,Orange,9.74,725.8,9515.4,80.6
1024,AVOCADO,Avocado,4.07,155.1,659.0,1139.7
1025,AVOCADO,Avocado,32.9,1253.5,5327.2,9212.9
1026,ORANGE,Orange,4.97,370.5,4857.6,41.2
1027,GRAPEFRUIT,Grapefruit,18.37,1399.6,18719.6,174.9
1027,LEMON,Lemon,18.37,1924.4,16270.3,524.8
1027,ORANGE,Orange,18.37,1368.4,17940.7,152.0
1027,TANGERINE,Mandarin,18.37,1233.0,20498.2,462.4
1028,AVOCADO,Avocado,1.67,63.6,270.3,467.5
1029,AVOCADO,Avocado,9.02,343.7,1460.6,2525.9
1030,AVOCADO,Avocado,3.58,136.3,579.1,1001.6
1031,AVOCADO,Avocado,7.79,297.0,1262.1,2182.8
1032,AVOCADO,Avocado,11.28,429.6,1825.9,3157.7
1033,ORANGE,Orange,11.06,824.1,10804.6,91.6
1033,AVOCADO,Avocado,11.06,421.4,1791.1,3097.6
1034,AVOCADO,Avocado,26.05,992.5,4218.2,7295.0
1040,STONE FRUIT,Subtropical fruit,1.63,72.3,889.8,27.8
1040,PERSIMMON,Persimmon,1.63,56.7,1758.4,18.9
1040,SQUASH,Squash & melons,1.63,116.8,778.5,26.0
1040,MELON,Squash & melons,1.63,116.8,778.5,26.0
1041,GRAPE,Grape,30.55,737.2,19062.4,210.6
1042,GRAPE,Grape,3.01,72.7,1881.0,20.8
1043,GRAPE,Grape,4.99,120.3,3111.3,34.4
1044,GRAPE,Grape,1.97,47.5,1228.0,13.6
1045,GRAPE,Grape,4.27,103.1,2664.9,29.4
1046,OLIVE,Olive,10.07,248.5,1957.2,3324.1
1046,GRAPE,Grape,10.07,243.0,6284.6,69.4
1047,GRAPE,Grape,4.91,118.5,3063.8,33.9
1048,OLIVE,Olive,2.74,67.5,531.6,903.0
1049,OLIVE,Olive,0.56,13.8,108.3,184.0
1049,GRAPE,Grape,0.56,13.5,347.8,3.8
1050,GRAPE,Grape,0.53,12.7,329.1,3.6
1052,GRAPE,Grape,1.66,40.0,1033.6,11.4
1053,OLIVE,Olive,1.37,33.7,265.8,451.4
1053,GRAPE,Grape,1.37,33.0,853.4,9.4
1054,GRAPE,Grape,0.48,11.6,301.0,3.3
1055,GRAPE,Grape,0.29,7.1,183.2,2.0
1056,OLIVE,Olive,2.07,51.2,402.9,684.3
1058,TROPICAL/SUBTROPICAL FRUIT,Subtropical fruit,2.67,118.2,1454.8,45.5
1058,AVOCADO,Avocado,2.67,101.8,432.8,748.5
1059,TROPICAL/SUBTROPICAL FRUIT,Subtropical fruit,2.64,116.7,1436.8,44.9
1059,AVOCADO,Avocado,2.64,100.6,427.4,739.2
1060,AVOCADO,Avocado,7.08,269.9,1147.2,1983.9
1061,GRAPE,Grape,2.05,49.4,1276.4,14.1
1062,GRAPE,Grape,0.31,7.4,191.9,2.1
1063,GRAPE,Grape,1.95,47.1,1218.4,13.5
1064,GRAPE,Grape,0.16,4.0,102.7,1.1
1067,AVOCADO,Avocado,1.65,62.9,267.3,462.3
1067,GRAPE,Grape,1.65,39.8,1030.0,11.4
1068,GRAPE,Grape,1.59,38.4,991.9,11.0
1069,AVOCADO,Avocado,6.85,261.0,1109.3,1918.5
1070,AVOCADO,Avocado,13.06,497.5,2114.5,3656.8
1071,AVOCADO,Avocado,14.23,542.3,2304.7,3985.7
1072,AVOCADO,Avocado,9.72,370.4,1574.4,2722.8
1073,AVOCADO,Avocado,28.31,1078.5,4583.5,7926.8
1074,GRAPEFRUIT,Grapefruit,29.4,2240.3,29963.7,280.0
1074,ORANGE,Orange,29.4,2190.3,28716.9,243.4
1074,AVOCADO,Avocado,29.4,1120.1,4760.6,8233.0
1075,AVOCADO,Avocado,34.21,1303.5,5539.9,9580.8
1076,GRAPEFRUIT,Grapefruit,26.05,1985.2,26552.2,248.2
1076,LEMON,Lemon,26.05,2729.7,23078.1,744.5
1076,ORANGE,Orange,26.05,1940.9,25447.4,215.7
1076,TANGERINE,Mandarin,26.05,1748.9,29075.1,655.8
1076,AVOCADO,Avocado,26.05,992.6,4218.6,7295.7
1077,AVOCADO,Avocado,3.47,132.2,561.8,971.6
1079,AVOCADO,Avocado,11.8,449.8,1911.5,3305.7
1081,AVOCADO,Avocado,71.35,2718.6,11554.1,19981.8
1082,AVOCADO,Avocado,56.82,2164.9,9200.7,15911.8
1083,GRAPE,Grape,35.39,854.0,22083.2,244.0
1085,GRAPEFRUIT,Grapefruit,48.23,3675.6,49160.7,459.4
1085,LEMON,Lemon,48.23,5053.9,42728.5,1378.3
1085,ORANGE,Orange,48.23,3593.5,47115.1,399.3
1085,TANGERINE,Mandarin,48.23,3238.0,53831.8,1214.3
1085,TROPICAL/SUBTROPICAL FRUIT,Subtropical fruit,48.23,2133.1,26254.1,820.4
1085,MANGO,Mango,48.23,1225.2,22972.3,612.6
1085,PERSIMMON,Persimmon,48.23,1673.7,51884.6,557.9
1085,POMEGRANATE,Pomegranate,48.23,3124.2,34366.6,2205.3
1085,CHERIMOYA,Subtropical fruit,48.23,2133.1,26254.1,820.4
1085,AVOCADO,Avocado,48.23,1837.8,7810.6,13507.7
1085,GUAVA,Guava,48.23,5119.5,28157.5,1969.1
1086,PUMPKIN,Squash & melons,5.77,412.2,2748.0,91.6
1086,SQUASH,Squash & melons,5.77,412.2,2748.0,91.6
1086,CORN,Sweet corn,5.77,621.8,3580.3,263.8
1087,ORANGE,Orange,12.09,901.0,11813.2,100.1
1087,PUMPKIN,Squash & melons,12.09,864.0,5759.9,192.0
1089,GRAPEFRUIT,Grapefruit,66.24,5047.8,67513.7,631.0
1089,PERSIMMON,Persimmon,66.24,2298.5,71254.5,766.2
1089,POMEGRANATE,Pomegranate,66.24,4290.6,47196.5,3028.7
1089,AVOCADO,Avocado,66.24,2523.9,10726.5,18550.5
1090,PUMPKIN,Squash & melons,6.38,455.8,3038.9,101.3
1090,EGGPLANT,Squash & melons,6.38,455.8,3038.9,101.3
1090,PEPPER FRUITNG,Subtropical fruit,6.38,282.2,3473.0,108.5
1096,AVOCADO,Avocado,19.6,746.8,3173.7,5488.7
1097,STRAWBERRY,Strawberry,4.01,597.7,6574.9,256.2
1097,CUCUMBER,Squash & melons,4.01,286.1,1907.6,63.6
1097,SQUASH,Squash & melons,4.01,286.1,1907.6,63.6
1097,PEPPER FRUITNG,Subtropical fruit,4.01,177.1,2180.1,68.1
1097,TOMATO,Tomato,4.01,932.0,4038.7,207.1
1097,VEGETABLE LEAF,Vegetables (other),4.01,408.8,1226.3,40.9
1097,SWISS CHARD,Leafy greens & herbs,4.01,463.3,1081.0,92.7
1097,LETTUCE LEAF,Leafy greens & herbs,4.01,463.3,1081.0,92.7
1097,RADISH,Root veg & alliums,4.01,686.7,5436.7,57.2
1097,BEAN SUCCULENT,Green beans / peas,4.01,408.8,1308.1,49.1
1097,BEET,Root veg & alliums,4.01,686.7,5436.7,57.2
1097,CARROT,Root veg & alliums,4.01,686.7,5436.7,57.2
1097,CORN,Sweet corn,4.01,431.7,2485.3,183.1
1097,MELON,Squash & melons,4.01,286.1,1907.6,63.6
1097,PEAS,Green beans / peas,4.01,408.8,1308.1,49.1
1097,TURNIP,Root veg & alliums,4.01,686.7,5436.7,57.2
1098,STRAWBERRY,Strawberry,1.14,170.6,1876.7,73.1
1098,CUCUMBER,Squash & melons,1.14,81.7,544.5,18.1
1098,SQUASH,Squash & melons,1.14,81.7,544.5,18.1
1098,PEPPER FRUITNG,Subtropical fruit,1.14,50.6,622.3,19.4
1098,TOMATO,Tomato,1.14,266.0,1152.8,59.1
1098,VEGETABLE LEAF,Vegetables (other),1.14,116.7,350.0,11.7
1098,SWISS CHARD,Leafy greens & herbs,1.14,132.2,308.5,26.4
1098,LETTUCE LEAF,Leafy greens & herbs,1.14,132.2,308.5,26.4
1098,RADISH,Root veg & alliums,1.14,196.0,1551.8,16.3
1098,BEAN SUCCULENT,Green beans / peas,1.14,116.7,373.4,14.0
1098,BEET,Root veg & alliums,1.14,196.0,1551.8,16.3
1098,CARROT,Root veg & alliums,1.14,196.0,1551.8,16.3
1098,CORN,Sweet corn,1.14,123.2,709.4,52.3
1098,MELON,Squash & melons,1.14,81.7,544.5,18.1
1098,PEAS,Green beans / peas,1.14,116.7,373.4,14.0
1098,TURNIP,Root veg & alliums,1.14,196.0,1551.8,16.3
1099,AVOCADO,Avocado,11.46,436.8,1856.3,3210.3
1103,AVOCADO,Avocado,264.63,10083.0,42852.7,74110.0
1106,TROPICAL/SUBTROPICAL FRUIT,Subtropical fruit,9.8,433.6,5336.2,166.8
1106,AVOCADO,Avocado,9.8,373.5,1587.5,2745.5
1107,KUMQUAT,Kumquat,12.12,971.2,8127.6,460.1
1107,LIME,Lime,12.12,538.7,8079.8,153.9
1107,TROPICAL/SUBTROPICAL FRUIT,Subtropical fruit,12.12,535.9,6595.7,206.1
1112,GRAPEFRUIT,Grapefruit,8.86,675.2,9030.9,84.4
1112,ORANGE,Orange,8.86,660.1,8655.1,73.3
1112,AVOCADO,Avocado,8.86,337.6,1434.8,2481.4
1113,WATERMELON,Squash & melons,16.17,1155.3,7702.3,256.7
1113,CUCUMBER,Squash & melons,16.17,1155.3,7702.3,256.7
1113,PUMPKIN,Squash & melons,16.17,1155.3,7702.3,256.7
1113,SQUASH,Squash & melons,16.17,1155.3,7702.3,256.7
1113,PEPPER FRUITNG,Subtropical fruit,16.17,715.2,8802.6,275.1
1113,TOMATO,Tomato,16.17,3763.1,16306.9,836.2
1113,BROCCOLI,Brassicas,16.17,2816.8,6572.6,281.7
1113,POTATO,Potato,16.17,4988.2,43646.4,249.4
1113,RADISH,Root veg & alliums,16.17,2772.8,21951.6,231.1
1113,BEAN SUCCULENT,Green beans / peas,16.17,1650.5,5281.6,198.1
1113,ONION GREEN,Root veg & alliums,16.17,2772.8,21951.6,231.1
1113,AVOCADO,Avocado,16.17,616.2,2618.8,4529.0
1113,BEET,Root veg & alliums,16.17,2772.8,21951.6,231.1
1113,CARROT,Root veg & alliums,16.17,2772.8,21951.6,231.1
1115,AVOCADO,Avocado,10.5,400.1,1700.4,2940.6
1116,AVOCADO,Avocado,12.02,457.9,1946.0,3365.4
1117,AVOCADO,Avocado,6.59,251.1,1067.3,1845.8
1118,AVOCADO,Avocado,18.54,706.6,3003.0,5193.4
1119,AVOCADO,Avocado,9.07,345.7,1469.4,2541.2
1120,AVOCADO,Avocado,95.26,3629.6,15425.8,26677.6
1121,AVOCADO,Avocado,59.08,2251.2,9567.4,16546.0
1122,AVOCADO,Avocado,27.52,1048.6,4456.5,7707.2
1123,AVOCADO,Avocado,6.21,236.6,1005.4,1738.7
1124,AVOCADO,Avocado,14.55,554.5,2356.8,4075.9
1125,AVOCADO,Avocado,80.93,3083.6,13105.5,22664.8
1126,ORANGE,Orange,18.2,1356.1,17779.6,150.7
1126,AVOCADO,Avocado,18.2,693.5,2947.4,5097.3
1127,AVOCADO,Avocado,41.29,1573.3,6686.7,11564.0
1128,AVOCADO,Avocado,37.2,1417.2,6023.1,10416.4
1129,AVOCADO,Avocado,34.85,1327.8,5643.1,9759.2
1130,AVOCADO,Avocado,94.03,3582.8,15227.0,26333.7
1131,AVOCADO,Avocado,24.97,951.4,4043.5,6992.9
1132,AVOCADO,Avocado,6.42,244.5,1039.0,1796.9
1133,GRAPE,Grape,4.04,97.6,2523.8,27.9
1134,GRAPE,Grape,1.53,37.0,957.7,10.6
1135,PERSIMMON,Persimmon,6.07,210.5,6526.7,70.2
1135,AVOCADO,Avocado,6.07,231.2,982.5,1699.2
1136,KUMQUAT,Kumquat,5.13,410.8,3438.1,194.6
1136,PERSIMMON,Persimmon,5.13,177.9,5514.0,59.3
1136,AVOCADO,Avocado,5.13,195.3,830.1,1435.5
1137,GRAPEFRUIT,Grapefruit,129.67,9881.0,132158.4,1235.1
1137,LEMON,Lemon,129.67,13586.4,114866.6,3705.4
1137,ORANGE,Orange,129.67,9660.4,126659.1,1073.4
1137,TANGELO,Mandarin,129.67,8704.7,144715.5,3264.3
1137,TANGERINE,Mandarin,129.67,8704.7,144715.5,3264.3
1137,AVOCADO,Avocado,129.67,4940.5,20997.1,36312.7
1139,GRAPEFRUIT,Grapefruit,3.06,233.2,3118.6,29.1
1139,LEMON,Lemon,3.06,320.6,2710.6,87.4
1139,ORANGE,Orange,3.06,228.0,2988.9,25.3
1140,LIME,Lime,12.73,565.8,8486.6,161.6
1140,AVOCADO,Avocado,12.73,484.9,2061.0,3564.4
1141,CITRUS,Citrus (other),4.29,315.4,3855.0,70.1
1141,PERSIMMON,Persimmon,4.29,148.9,4617.2,49.6
1141,AVOCADO,Avocado,4.29,163.5,695.1,1202.1
1141,ASIAN PEAR,Apple / pear,4.29,105.1,4836.3,70.1
1142,CITRUS,Citrus (other),2.83,207.8,2540.1,46.2
1142,AVOCADO,Avocado,2.83,107.8,458.0,792.0
1142,GUAVA,Guava,2.83,300.2,1651.1,115.5
1143,CITRUS,Citrus (other),1.0,73.8,901.6,16.4
1143,AVOCADO,Avocado,1.0,38.2,162.6,281.1
1144,CITRUS,Citrus (other),1.33,97.8,1195.7,21.7
1144,AVOCADO,Avocado,1.33,50.7,215.6,372.8
1145,CITRUS,Citrus (other),5.69,418.4,5114.2,93.0
1145,AVOCADO,Avocado,5.69,217.0,922.1,1594.7
1146,GRAPEFRUIT,Grapefruit,2.58,196.5,2628.8,24.6
1146,AVOCADO,Avocado,2.58,98.3,417.7,722.3
1147,AVOCADO,Avocado,4.3,163.7,695.9,1203.5
1147,GRAPE,Grape,4.3,103.7,2681.4,29.6
1148,GRAPE,Grape,10.79,260.3,6729.6,74.4
1149,GRAPE,Grape,3.8,91.7,2371.5,26.2
1150,AVOCADO,Avocado,2.85,108.7,461.9,798.9
1151,AVOCADO,Avocado,1.82,69.5,295.2,510.5
1152,AVOCADO,Avocado,19.3,735.3,3125.2,5404.8
1153,AVOCADO,Avocado,23.91,911.1,3872.0,6696.2
1154,AVOCADO,Avocado,4.05,154.3,655.9,1134.3
1155,AVOCADO,Avocado,0.97,37.1,157.7,272.6
1155,GRAPE,Grape,0.97,23.5,607.5,6.7
1156,LIME,Lime,6.03,268.1,4020.8,76.6
1156,AVOCADO,Avocado,6.03,229.8,976.5,1688.7
1157,GRAPE,Grape,3.31,79.9,2065.7,22.8
1158,GRAPEFRUIT,Grapefruit,6.9,526.0,7035.8,65.8
1158,ORANGE,Orange,6.9,514.3,6743.0,57.1
1158,AVOCADO,Avocado,6.9,263.0,1117.8,1933.2
1159,STRAWBERRY,Strawberry,0.39,57.9,637.3,24.8
1159,CUCUMBER,Squash & melons,0.39,27.7,184.9,6.2
1159,TOMATO,Tomato,0.39,90.3,391.4,20.1
1159,LETTUCE LEAF,Leafy greens & herbs,0.39,44.9,104.8,9.0
1160,GRAPEFRUIT,Grapefruit,28.76,2192.0,29317.6,274.0
1160,TANGERINE,Mandarin,28.76,1931.0,32103.2,724.1
1160,AVOCADO,Avocado,28.76,1096.0,4657.9,8055.5
1161,AVOCADO,Avocado,4.91,187.2,795.5,1375.7
1162,TROPICAL/SUBTROPICAL FRUIT,Subtropical fruit,12.98,574.1,7065.9,220.8
1162,MANGO,Mango,12.98,329.7,6182.7,164.9
1162,AVOCADO,Avocado,12.98,494.6,2102.1,3635.4
1162,GUAVA,Guava,12.98,1377.9,7578.2,529.9
1163,GRAPE,Grape,1.27,30.6,790.8,8.7
1164,AVOCADO,Avocado,13.0,495.1,2104.4,3639.3
1165,ORANGE,Orange,15.86,1181.5,15490.4,131.3
1165,AVOCADO,Avocado,15.86,604.2,2567.9,4441.0
1166,AVOCADO,Avocado,9.41,358.6,1524.2,2635.9
1167,AVOCADO,Avocado,26.69,1016.8,4321.5,7473.7
1168,AVOCADO,Avocado,23.96,913.0,3880.2,6710.4
1169,AVOCADO,Avocado,4.51,171.7,729.9,1262.3
1170,LEMON,Lemon,3.91,410.0,3466.3,111.8
1170,PERSIMMON,Persimmon,3.91,135.8,4209.1,45.3
1170,AVOCADO,Avocado,3.91,149.1,633.6,1095.8
1171,GRAPEFRUIT,Grapefruit,99.38,7573.3,101292.3,946.7
1171,LEMON,Lemon,99.38,10413.2,88039.1,2840.0
1171,ORANGE,Orange,99.38,7404.2,97077.4,822.7
1171,AVOCADO,Avocado,99.38,3786.6,16093.2,27831.7
1178,AVOCADO,Avocado,2.24,85.3,362.6,627.1
1179,AVOCADO,Avocado,18.09,689.4,2929.8,5066.9
1180,AVOCADO,Avocado,19.15,729.6,3100.6,5362.2
1186,LIME,Lime,1.66,73.7,1104.8,21.0
1187,GRAPE,Grape,1.13,27.2,704.5,7.8
1188,OLIVE,Olive,1.65,40.7,320.5,544.4
1188,GRAPE,Grape,1.65,39.8,1029.2,11.4
1189,AVOCADO,Avocado,11.32,431.3,1833.2,3170.4
1190,GRAPE,Grape,1.27,30.7,792.8,8.8
1191,LIME,Lime,1.23,54.5,817.7,15.6
1191,TANGELO,Mandarin,1.23,82.3,1368.7,30.9
1192,AVOCADO,Avocado,35.86,1366.4,5807.1,10042.8
1193,AVOCADO,Avocado,5.24,199.7,848.8,1468.0
1194,GRAPE,Grape,0.35,8.6,221.4,2.4
1195,AVOCADO,Avocado,45.98,1751.9,7445.4,12876.2
1196,APPLE,Apple / pear,2.48,60.7,2793.3,40.5
1196,PEACH,Stone fruit,2.48,136.6,1669.9,45.5
1197,AVOCADO,Avocado,105.43,4017.1,17072.8,29525.9
1198,GRAPE,Grape,3.72,89.8,2322.6,25.7
1199,ORANGE,Orange,22.21,1655.1,21699.8,183.9
1200,WATERMELON,Squash & melons,12.29,877.7,5851.2,195.0
1200,SQUASH,Squash & melons,12.29,877.7,5851.2,195.0
1200,BEAN DRIED,Green beans / peas,12.29,1253.8,4012.3,150.5
1200,CORN,Sweet corn,12.29,1324.1,7623.3,561.7
1201,GRAPE,Grape,0.09,2.1,55.4,0.6
1202,APPLE,Apple / pear,3.44,84.4,3880.7,56.2
1202,GRAPE,Grape,3.44,83.1,2149.1,23.7
1203,APPLE,Apple / pear,9.53,233.5,10742.7,155.7
1204,POMEGRANATE,Pomegranate,10.51,680.8,7488.8,480.6
1204,AVOCADO,Avocado,10.51,400.5,1702.0,2943.5
1204,GRAPE,Grape,10.51,253.6,6558.2,72.5
1207,AVOCADO,Avocado,24.99,952.3,4047.4,6999.6
1210,GRAPEFRUIT,Grapefruit,6.49,494.5,6613.7,61.8
1210,LEMON,Lemon,6.49,679.9,5748.4,185.4
1211,ORANGE,Orange,4.92,366.7,4807.5,40.7
1211,AVOCADO,Avocado,4.92,187.5,797.0,1378.3
1212,GRAPEFRUIT,Grapefruit,6.43,489.7,6549.4,61.2
1212,ORANGE,Orange,6.43,478.7,6276.8,53.2
1213,CITRUS,Citrus (other),4.5,330.9,4044.2,73.5
1213,KUMQUAT,Kumquat,4.5,360.9,3020.3,171.0
1213,LEMON,Lemon,4.5,471.8,3989.0,128.7
1213,ORANGE,Orange,4.5,335.5,4398.5,37.3
1213,TANGERINE,Mandarin,4.5,302.3,5025.6,113.4
1213,AVOCADO,Avocado,4.5,171.6,729.2,1261.0
1214,CITRUS,Citrus (other),2.44,179.2,2189.9,39.8
1214,KUMQUAT,Kumquat,2.44,195.4,1635.5,92.6
1214,LEMON,Lemon,2.44,255.5,2160.1,69.7
1214,ORANGE,Orange,2.44,181.7,2381.8,20.2
1214,TANGELO,Mandarin,2.44,163.7,2721.4,61.4
1214,TANGERINE,Mandarin,2.44,163.7,2721.4,61.4
1214,AVOCADO,Avocado,2.44,92.9,394.9,682.9
1215,LEMON,Lemon,4.88,511.2,4322.4,139.4
1215,TANGERINE,Mandarin,4.88,327.6,5445.5,122.8
1215,TROPICAL/SUBTROPICAL FRUIT,Subtropical fruit,4.88,215.8,2655.8,83.0
1215,AVOCADO,Avocado,4.88,185.9,790.1,1366.4
1216,KUMQUAT,Kumquat,1.52,121.5,1016.5,57.5
1216,ORANGE,Orange,1.52,112.9,1480.4,12.5
1216,TANGERINE,Mandarin,1.52,101.7,1691.4,38.2
1217,ORANGE,Orange,1.92,143.0,1875.5,15.9
1218,GRAPEFRUIT,Grapefruit,1.95,148.7,1989.0,18.6
1218,AVOCADO,Avocado,1.95,74.4,316.0,546.5
1219,ORANGE,Orange,12.43,926.0,12140.5,102.9
1220,ORANGE,Orange,1.66,123.5,1619.0,13.7
1220,TANGELO,Mandarin,1.66,111.3,1849.8,41.7
1220,AVOCADO,Avocado,1.66,63.2,268.4,464.2
1221,KUMQUAT,Kumquat,2.48,198.7,1663.2,94.1
1221,LEMON,Lemon,2.48,259.8,2196.7,70.9
1221,LIME,Lime,2.48,110.2,1653.4,31.5
1221,ORANGE,Orange,2.48,184.7,2422.2,20.5
1221,TANGELO,Mandarin,2.48,166.5,2767.5,62.4
1221,TANGERINE,Mandarin,2.48,166.5,2767.5,62.4
1221,APPLE,Apple / pear,2.48,60.7,2794.0,40.5
1221,AVOCADO,Avocado,2.48,94.5,401.5,694.4
1221,GUAVA,Guava,2.48,263.2,1447.6,101.2
1222,ORANGE,Orange,0.77,57.2,750.1,6.4
1222,TANGELO,Mandarin,0.77,51.5,857.0,19.3
1222,POMEGRANATE,Pomegranate,0.77,49.7,547.1,35.1
1223,CITRUS,Citrus (other),0.77,56.5,690.0,12.5
1223,GRAPEFRUIT,Grapefruit,0.77,58.5,783.0,7.3
1223,LEMON,Lemon,0.77,80.5,680.6,22.0
1223,LIME,Lime,0.77,34.2,512.3,9.8
1223,ORANGE,Orange,0.77,57.2,750.5,6.4
1223,TANGELO,Mandarin,0.77,51.6,857.4,19.3
1223,TANGERINE,Mandarin,0.77,51.6,857.4,19.3
1223,AVOCADO,Avocado,0.77,29.3,124.4,215.2
1224,TANGELO,Mandarin,6.32,424.1,7050.1,159.0
1225,LEMON,Lemon,9.35,980.1,8286.0,267.3
1226,GRAPEFRUIT,Grapefruit,4.58,349.3,4672.5,43.7
1226,ORANGE,Orange,4.58,341.5,4478.0,37.9
1227,GRAPEFRUIT,Grapefruit,0.81,61.4,821.7,7.7
1227,LEMON,Lemon,0.81,84.5,714.2,23.0
1227,LIME,Lime,0.81,35.8,537.5,10.2
1227,ORANGE,Orange,0.81,60.1,787.5,6.7
1227,PERSIMMON,Persimmon,0.81,28.0,867.2,9.3
1227,AVOCADO,Avocado,0.81,30.7,130.5,225.8
1228,ORANGE,Orange,1.42,105.5,1382.7,11.7
1229,LEMON,Lemon,0.39,40.7,344.3,11.1
1229,LIME,Lime,0.39,17.3,259.2,4.9
1229,ORANGE,Orange,0.39,29.0,379.7,3.2
1230,LEMON,Lemon,3.92,410.5,3471.0,112.0
1231,LEMON,Lemon,3.66,383.9,3246.0,104.7
1232,ORANGE,Orange,2.12,157.7,2067.0,17.5
1232,AVOCADO,Avocado,2.12,80.6,342.7,592.6
1233,LEMON,Lemon,7.35,770.1,6510.7,210.0
1234,AVOCADO,Avocado,6.9,262.8,1116.9,1931.5
1234,GRAPE,Grape,6.9,166.4,4303.5,47.6
1240,AVOCADO,Avocado,37.88,1443.2,6133.5,10607.4
1241,AVOCADO,Avocado,12.52,477.0,2027.2,3505.9
1242,LEMON,Lemon,4.88,511.0,4320.1,139.4
1242,AVOCADO,Avocado,4.88,185.8,789.7,1365.7
1243,AVOCADO,Avocado,5.47,208.2,885.0,1530.5
1244,AVOCADO,Avocado,5.84,222.6,945.9,1635.8
1245,ORANGE,Orange,8.24,614.0,8050.8,68.2
1245,AVOCADO,Avocado,8.24,314.0,1334.6,2308.1
1246,AVOCADO,Avocado,11.28,429.7,1826.4,3158.5
1247,AVOCADO,Avocado,39.43,1502.4,6385.3,11042.9
1248,AVOCADO,Avocado,8.05,306.7,1303.4,2254.1
1249,RASPBERRY,Berries,13.38,403.5,8357.9,172.9
1249,STRAWBERRY,Strawberry,13.38,1996.2,21958.0,855.5
1249,GRAPEFRUIT,Grapefruit,13.38,1019.3,13633.5,127.4
1249,LEMON,Lemon,13.38,1401.6,11849.7,382.2
1249,LIME,Lime,13.38,594.6,8919.1,169.9
1249,ORANGE,Orange,13.38,996.6,13066.2,110.7
1249,SQUASH,Squash & melons,13.38,955.6,6370.8,212.4
1249,TOMATO,Tomato,13.38,3112.6,13487.9,691.7
1249,AVOCADO,Avocado,13.38,509.7,2166.1,3746.0
1249,VEGETABLE,Vegetables (other),13.38,1365.2,4095.5,136.5
1249,CORN,Sweet corn,13.38,1441.6,8300.2,611.6
1250,STRAWBERRY,Strawberry,3.14,468.7,5155.3,200.9
1250,SWEET BASIL,Leafy greens & herbs,3.14,363.3,847.6,72.7
1250,CUCUMBER,Squash & melons,3.14,224.4,1495.7,49.9
1250,SQUASH,Squash & melons,3.14,224.4,1495.7,49.9
1250,TOMATO,Tomato,3.14,730.8,3166.7,162.4
1250,BROCCOLI,Brassicas,3.14,547.0,1276.4,54.7
1250,CABBAGE,Brassicas,3.14,547.0,1276.4,54.7
1250,KALE,Leafy greens & herbs,3.14,363.3,847.6,72.7
1250,PARSLEY,Leafy greens & herbs,3.14,363.3,847.6,72.7
1250,LETTUCE LEAF,Leafy greens & herbs,3.14,363.3,847.6,72.7
1250,CILANTRO,Leafy greens & herbs,3.14,363.3,847.6,72.7
1250,BEAN SUCCULENT,Green beans / peas,3.14,320.5,1025.7,38.5
1250,BEET,Root veg & alliums,3.14,538.5,4262.9,44.9
1250,CARROT,Root veg & alliums,3.14,538.5,4262.9,44.9
1251,STRAWBERRY,Strawberry,0.18,26.6,292.8,11.4
1251,SWEET BASIL,Leafy greens & herbs,0.18,20.6,48.1,4.1
1251,CUCUMBER,Squash & melons,0.18,12.7,85.0,2.8
1251,SQUASH,Squash & melons,0.18,12.7,85.0,2.8
1251,TOMATO,Tomato,0.18,41.5,179.9,9.2
1251,BROCCOLI,Brassicas,0.18,31.1,72.5,3.1
1251,CABBAGE,Brassicas,0.18,31.1,72.5,3.1
1251,KALE,Leafy greens & herbs,0.18,20.6,48.1,4.1
1251,PARSLEY,Leafy greens & herbs,0.18,20.6,48.1,4.1
1251,LETTUCE LEAF,Leafy greens & herbs,0.18,20.6,48.1,4.1
1251,CILANTRO,Leafy greens & herbs,0.18,20.6,48.1,4.1
1251,BEAN SUCCULENT,Green beans / peas,0.18,18.2,58.3,2.2
1251,BEET,Root veg & alliums,0.18,30.6,242.1,2.5
1251,CARROT,Root veg & alliums,0.18,30.6,242.1,2.5
1251,MELON,Squash & melons,0.18,12.7,85.0,2.8
1254,AVOCADO,Avocado,82.75,3152.7,13399.1,23172.6
1255,ORANGE,Orange,6.17,459.5,6025.2,51.1
1255,AVOCADO,Avocado,6.17,235.0,998.8,1727.4
1256,LEMON,Lemon,14.48,1517.1,12826.7,413.8
1256,AVOCADO,Avocado,14.48,551.7,2344.7,4054.9
1257,LEMON,Lemon,84.07,8808.8,74474.3,2402.4
1257,AVOCADO,Avocado,84.07,3203.2,13613.6,23543.5
1258,GRAPE,Grape,3.92,94.6,2446.3,27.0
1259,GRAPE,Grape,5.4,130.2,3367.2,37.2
1260,GRAPE,Grape,2.0,48.3,1249.4,13.8
1261,GRAPE,Grape,1.89,45.7,1182.3,13.1
1262,GRAPE,Grape,1.17,28.2,730.3,8.1
1263,GRAPE,Grape,0.36,8.6,223.1,2.5
1264,SQUASH,Squash & melons,0.58,41.2,274.5,9.2
1264,EGGPLANT,Squash & melons,0.58,41.2,274.5,9.2
1264,TOMATO,Tomato,0.58,134.1,581.2,29.8
1264,MELON,Squash & melons,0.58,41.2,274.5,9.2
1265,GRAPE,Grape,0.35,8.4,216.6,2.4
1266,GRAPE,Grape,2.01,48.4,1251.1,13.8
1267,LEMON,Lemon,12.18,1276.6,10793.1,348.2
1268,GRAPE,Grape,0.68,16.5,427.4,4.7
1269,CITRUS,Citrus (other),0.77,56.7,693.2,12.6
1269,APPLE,Apple / pear,0.77,18.9,869.6,12.6
1269,STONE FRUIT,Subtropical fruit,0.77,34.1,420.1,13.1
1269,CHERRY,Stone fruit,0.77,42.5,519.9,14.2
1269,TROPICAL/SUBTROPICAL FRUIT,Subtropical fruit,0.77,34.1,420.1,13.1
1269,POMEGRANATE,Pomegranate,0.77,50.0,549.9,35.3
1269,JUJUBE,Subtropical fruit,0.77,34.1,420.1,13.1
1269,AVOCADO,Avocado,0.77,29.4,125.0,216.1
1269,GRAPE,Grape,0.77,18.6,481.6,5.3
1271,GRAPE,Grape,9.53,229.9,5945.6,65.7
1272,GRAPE,Grape,0.5,12.1,312.7,3.5
1273,OLIVE,Olive,6.66,164.3,1293.9,2197.6
1274,GRAPE,Grape,0.29,7.0,180.1,2.0
1275,GRAPE,Grape,0.33,7.9,205.5,2.3
1276,GRAPE,Grape,0.3,7.3,188.7,2.1
1277,GRAPEFRUIT,Grapefruit,9.62,733.4,9809.5,91.7
1278,AVOCADO,Avocado,16.1,613.6,2607.9,4510.1
1279,AVOCADO,Avocado,21.27,810.3,3443.8,5955.7
1280,AVOCADO,Avocado,11.49,437.7,1860.3,3217.2
1281,NUTS,Walnut / nuts,1.23,169.9,153.1,728.7
1285,GRAPE,Grape,0.2,4.7,121.9,1.3
1289,GRAPEFRUIT,Grapefruit,2.37,180.5,2414.5,22.6
1289,LEMON,Lemon,2.37,248.2,2098.6,67.7
1289,LIME,Lime,2.37,105.3,1579.6,30.1
1289,ORANGE,Orange,2.37,176.5,2314.0,19.6
1289,AVOCADO,Avocado,2.37,90.3,383.6,663.4
1295,AVOCADO,Avocado,6.59,251.2,1067.6,1846.4
1296,AVOCADO,Avocado,144.28,5497.3,23363.4,40404.9
1297,HERB,Leafy greens & herbs,0.08,9.0,21.0,1.8
1297,SWEET BASIL,Leafy greens & herbs,0.08,9.0,21.0,1.8
1297,LETTUCE LEAF,Leafy greens & herbs,0.08,9.0,21.0,1.8
1301,CITRUS,Citrus (other),2.46,181.1,2213.2,40.2
1301,APPLE,Apple / pear,2.46,60.4,2776.6,40.2
1301,CHERIMOYA,Subtropical fruit,2.46,109.0,1341.4,41.9
1301,TOMATO,Tomato,2.46,573.4,2484.9,127.4
1301,AVOCADO,Avocado,2.46,93.9,399.1,690.1
1302,STRAWBERRY,Strawberry,1.12,166.5,1831.1,71.3
1302,CITRUS,Citrus (other),1.12,82.0,1001.8,18.2
1302,POMEGRANATE,Pomegranate,1.12,72.3,794.8,51.0
1302,SWEET BASIL,Leafy greens & herbs,1.12,129.0,301.0,25.8
1302,CUCUMBER,Squash & melons,1.12,79.7,531.3,17.7
1302,SQUASH,Squash & melons,1.12,79.7,531.3,17.7
1302,EGGPLANT,Squash & melons,1.12,79.7,531.3,17.7
1302,TOMATO,Tomato,1.12,259.6,1124.7,57.7
1302,KALE,Leafy greens & herbs,1.12,129.0,301.0,25.8
1302,LETTUCE LEAF,Leafy greens & herbs,1.12,129.0,301.0,25.8
1302,ONION DRY ETC,Root veg & alliums,1.12,191.3,1514.1,15.9
1302,AVOCADO,Avocado,1.12,42.5,180.6,312.4
1303,AVOCADO,Avocado,4.53,172.7,734.0,1269.3
1304,AVOCADO,Avocado,4.63,176.5,750.2,1297.4
1305,GRAPE,Grape,28.64,691.0,17867.4,197.4
1306,GRAPE,Grape,0.05,1.3,32.7,0.4
1307,TANGERINE,Mandarin,4.24,284.7,4732.6,106.8
1307,PUMPKIN,Squash & melons,4.24,302.9,2019.6,67.3
1307,TOMATO,Tomato,4.24,986.7,4275.8,219.3
1307,AVOCADO,Avocado,4.24,161.6,686.7,1187.5
1308,AVOCADO,Avocado,4.54,173.1,735.6,1272.1
1309,AVOCADO,Avocado,4.15,158.0,671.4,1161.2
1310,AVOCADO,Avocado,4.85,184.6,784.6,1356.9
1311,AVOCADO,Avocado,23.72,903.6,3840.3,6641.5
1312,ORANGE,Orange,2.42,180.3,2363.7,20.0
1313,AVOCADO,Avocado,15.4,586.7,2493.5,4312.4
1314,AVOCADO,Avocado,1.7,64.9,276.0,477.3
1315,GRAPE,Grape,5.06,122.0,3155.2,34.9
1316,GRAPE,Grape,1.64,39.5,1021.6,11.3
1317,GRAPE,Grape,1.23,29.7,768.5,8.5
1318,GRAPE,Grape,0.26,6.2,159.8,1.8
1319,GRAPE,Grape,1.73,41.8,1080.8,11.9
1320,APPLE,Apple / pear,1.13,27.6,1267.8,18.4
1320,PEAR,Apple / pear,1.13,27.6,1267.8,18.4
1320,PEACH,Stone fruit,1.13,62.0,757.9,20.7
1321,GRAPE,Grape,0.08,2.0,52.3,0.6
1322,GRAPE,Grape,0.07,1.6,42.3,0.5
1323,GRAPE,Grape,0.07,1.6,41.3,0.5
1324,GRAPE,Grape,0.16,3.9,100.3,1.1
1325,GRAPE,Grape,0.18,4.3,111.4,1.2
1326,GRAPE,Grape,1.46,35.2,909.6,10.1
1327,GRAPE,Grape,0.22,5.2,134.5,1.5
1328,GRAPE,Grape,2.16,52.2,1348.7,14.9
1329,GRAPE,Grape,0.34,8.3,214.6,2.4
1330,GRAPE,Grape,0.18,4.4,113.7,1.3
1331,GRAPE,Grape,0.34,8.1,210.1,2.3
1332,GRAPE,Grape,6.77,163.3,4221.2,46.6
1333,LEMON,Lemon,2.96,310.0,2620.7,84.5
1333,AVOCADO,Avocado,2.96,112.7,479.1,828.5
1334,HERB,Leafy greens & herbs,2.19,253.8,592.1,50.8
1334,SWEET BASIL,Leafy greens & herbs,2.19,253.8,592.1,50.8
1334,CUCUMBER,Squash & melons,2.19,156.7,1044.9,34.8
1334,TOMATO,Tomato,2.19,510.5,2212.2,113.4
1334,PARSLEY,Leafy greens & herbs,2.19,253.8,592.1,50.8
1334,ARUGULA,Leafy greens & herbs,2.19,253.8,592.1,50.8
1334,CILANTRO,Leafy greens & herbs,2.19,253.8,592.1,50.8
1334,OKRA,Vegetables (other),2.19,223.9,671.7,22.4
1335,ORANGE,Orange,1.01,75.3,987.3,8.4
1336,GRAPE,Grape,0.1,2.3,60.6,0.7
1337,AVOCADO,Avocado,19.44,740.7,3148.1,5444.4
1338,GRAPE,Grape,1.0,24.1,622.7,6.9
1342,GRAPE,Grape,0.58,13.9,360.4,4.0
1343,GRAPE,Grape,3.85,93.0,2403.8,26.6
1345,GRAPE,Grape,0.55,13.3,344.6,3.8
1347,GRAPE,Grape,23.14,558.5,14440.1,159.6
1348,GRAPE,Grape,4.98,120.3,3110.0,34.4
1349,GRAPE,Grape,0.97,23.3,603.6,6.7
1352,GRAPE,Grape,27.03,652.2,16863.7,186.3
1353,APPLE,Apple / pear,8.55,209.5,9635.8,139.6
1353,PEAR,Apple / pear,8.55,209.5,9635.8,139.6
1354,GRAPE,Grape,0.41,9.8,254.5,2.8
1355,BLUEBERRY,Berries,1.79,54.0,1117.6,23.1
1355,STRAWBERRY,Strawberry,1.79,266.9,2936.3,114.4
1355,SQUASH,Squash & melons,1.79,127.8,851.9,28.4
1355,VEGETABLE FRTG,Vegetables (other),1.79,182.6,547.7,18.3
1355,TOMATO,Tomato,1.79,416.2,1803.6,92.5
1355,VEGETABLE LEAF,Vegetables (other),1.79,182.6,547.7,18.3
1355,OLIVE,Olive,1.79,44.1,347.6,590.3
1355,VEGETABLE ROOT,Vegetables (other),1.79,182.6,547.7,18.3
1355,CORN,Sweet corn,1.79,192.8,1109.9,81.8
1355,GRAPE,Grape,1.79,43.2,1116.1,12.3
1356,GRAPE,Grape,2.7,65.3,1687.6,18.6
1357,GRAPE,Grape,3.29,79.5,2055.1,22.7
1358,GRAPE,Grape,2.19,52.8,1365.7,15.1
1359,GRAPE,Grape,20.92,504.8,13051.9,144.2
1360,CITRUS,Citrus (other),1.01,74.2,907.2,16.5
1361,CITRUS,Citrus (other),2.8,205.6,2512.3,45.7
1361,AVOCADO,Avocado,2.8,106.6,453.0,783.4
1363,CITRUS,Citrus (other),1.51,110.7,1352.8,24.6
1364,HERB,Leafy greens & herbs,2.25,260.2,607.2,52.0
1364,CABBAGE,Brassicas,2.25,391.9,914.3,39.2
1364,KALE,Leafy greens & herbs,2.25,260.2,607.2,52.0
1364,PARSLEY,Leafy greens & herbs,2.25,260.2,607.2,52.0
1364,SWISS CHARD,Leafy greens & herbs,2.25,260.2,607.2,52.0
1364,ONION GREEN,Root veg & alliums,2.25,385.7,3053.7,32.1
1365,GRAPE,Grape,0.41,9.9,256.1,2.8
1366,GRAPE,Grape,0.05,1.2,30.1,0.3
1370,STRAWBERRY,Strawberry,8.92,1330.5,14635.0,570.2
1371,AVOCADO,Avocado,3.46,132.0,561.0,970.1
1371,GRAPE,Grape,3.46,83.6,2161.5,23.9
1374,GRAPE,Grape,5.5,132.8,3433.4,37.9
1375,GRAPE,Grape,4.23,102.0,2638.4,29.2
1376,AVOCADO,Avocado,24.94,950.1,4037.8,6983.0
1380,SWEET BASIL,Leafy greens & herbs,0.38,43.9,102.5,8.8
1380,VEGETABLE LEAF,Vegetables (other),0.38,38.8,116.3,3.9
1380,KALE,Leafy greens & herbs,0.38,43.9,102.5,8.8
1380,LETTUCE LEAF,Leafy greens & herbs,0.38,43.9,102.5,8.8
1380,ARUGULA,Leafy greens & herbs,0.38,43.9,102.5,8.8
1381,GRAPE,Grape,0.34,8.2,212.4,2.3
1382,AVOCADO,Avocado,7.03,267.9,1138.4,1968.7
1384,GRAPE,Grape,10.45,252.2,6522.2,72.1
1388,GRAPE,Grape,4.01,96.8,2504.1,27.7
1389,GRAPE,Grape,0.95,23.0,595.8,6.6
1390,GRAPE,Grape,11.62,280.4,7249.6,80.1
1392,GRAPE,Grape,0.85,20.4,528.5,5.8
1393,GRAPE,Grape,0.73,17.5,453.6,5.0
1394,GRAPE,Grape,1.17,28.1,727.7,8.0
1395,GRAPE,Grape,0.54,13.1,338.9,3.7
1396,GRAPE,Grape,1.31,31.7,819.7,9.1
1397,APPLE,Apple / pear,5.14,125.8,5787.1,83.9
1398,GRAPE,Grape,0.77,18.5,477.7,5.3
1399,GRAPE,Grape,1.17,28.2,730.0,8.1
1400,STRAWBERRY,Strawberry,5.18,773.7,8510.5,331.6
1401,APPLE,Apple / pear,5.06,123.8,5696.2,82.6
1404,GRAPE,Grape,2.53,60.9,1575.7,17.4
1407,GRAPE,Grape,1.2,28.9,746.6,8.2
1409,GRAPE,Grape,0.1,2.3,59.5,0.7
1411,SWEET BASIL,Leafy greens & herbs,0.86,99.7,232.5,19.9
1412,GRAPE,Grape,2.39,57.6,1489.0,16.5
1413,GRAPE,Grape,6.79,163.9,4237.9,46.8
1415,GRAPE,Grape,3.7,89.4,2311.6,25.5
1416,GRAPE,Grape,0.59,14.3,368.9,4.1
1417,GRAPE,Grape,0.92,22.3,577.0,6.4
1418,GRAPE,Grape,2.55,61.5,1591.4,17.6
1419,GRAPE,Grape,5.14,124.0,3205.9,35.4
1420,GRAPE,Grape,1.6,38.6,997.0,11.0
1422,GRAPE,Grape,1.53,37.0,957.4,10.6
1423,GRAPE,Grape,4.78,115.3,2980.4,32.9
1424,GRAPE,Grape,4.04,97.5,2519.9,27.8
1426,HERB,Leafy greens & herbs,9.37,1083.9,2529.1,216.8
1427,HERB,Leafy greens & herbs,8.17,944.5,2203.8,188.9
1428,GRAPE,Grape,0.3,7.2,185.1,2.0
1429,VEGETABLE FRTG,Vegetables (other),0.55,55.8,167.3,5.6
1429,VEGETABLE LEAF,Vegetables (other),0.55,55.8,167.3,5.6
1429,VEGETABLE STEM,Vegetables (other),0.55,55.8,167.3,5.6
1430,CITRUS,Citrus (other),0.42,30.9,377.3,6.9
1430,PEPPER FRUITNG,Subtropical fruit,0.42,18.6,228.6,7.1
1430,TOMATO,Tomato,0.42,97.7,423.6,21.7
1430,AVOCADO,Avocado,0.42,16.0,68.0,117.6
1432,OLIVE,Olive,8.98,221.5,1744.3,2962.6
1433,GRAPE,Grape,0.53,12.8,330.9,3.7
1436,AVOCADO,Avocado,16.8,640.1,2720.5,4704.9
1438,GRAPE,Grape,0.31,7.4,192.0,2.1
1440,GRAPE,Grape,2.07,49.9,1290.5,14.3
1441,GRAPE,Grape,0.61,14.8,383.4,4.2
1442,ORANGE,Orange,9.06,675.2,8853.0,75.0
1443,TANGERINE,Mandarin,4.81,322.8,5366.6,121.1
1443,POMEGRANATE,Pomegranate,4.81,311.5,3426.1,219.9
1443,AVOCADO,Avocado,4.81,183.2,778.7,1346.6
1444,AVOCADO,Avocado,10.26,390.8,1661.0,2872.6
1445,GRAPE,Grape,19.95,481.4,12447.2,137.5
1446,CITRUS,Citrus (other),6.16,452.5,5530.3,100.6
1446,AVOCADO,Avocado,6.16,234.6,997.1,1724.5
1447,AVOCADO,Avocado,13.0,495.3,2105.2,3640.7
1448,AVOCADO,Avocado,3.74,142.4,605.3,1046.9
1449,AVOCADO,Avocado,12.27,467.6,1987.4,3437.1
1450,AVOCADO,Avocado,4.85,184.9,785.9,1359.1
1451,GRAPEFRUIT,Grapefruit,1.04,79.2,1059.4,9.9
1452,TANGERINE,Mandarin,2.77,185.9,3090.1,69.7
1452,AVOCADO,Avocado,2.77,105.5,448.4,775.4
1453,AVOCADO,Avocado,10.79,411.0,1746.6,3020.6
1454,CITRUS,Citrus (other),0.84,61.9,756.7,13.8
1454,KUMQUAT,Kumquat,0.84,67.5,565.2,32.0
1454,AVOCADO,Avocado,0.84,32.1,136.4,236.0
1455,GRAPE,Grape,0.55,13.2,340.7,3.8
1456,AVOCADO,Avocado,26.47,1008.7,4286.9,7413.7
1457,GRAPE,Grape,0.52,12.6,326.9,3.6
1458,APPLE,Apple / pear,4.64,113.7,5228.9,75.8
1458,PEAR,Apple / pear,4.64,113.7,5228.9,75.8
1459,GRAPE,Grape,1.22,29.5,763.3,8.4
1460,GRAPE,Grape,2.5,60.2,1557.0,17.2
1461,AVOCADO,Avocado,4.34,165.3,702.7,1215.2
1462,GRAPE,Grape,0.5,11.9,308.9,3.4
1463,GRAPE,Grape,0.37,8.9,230.2,2.5
1464,CITRUS,Citrus (other),1.15,84.3,1029.9,18.7
1465,AVOCADO,Avocado,10.99,418.6,1779.0,3076.7
1466,CITRUS,Citrus (other),2.57,188.5,2304.4,41.9
1467,CITRUS,Citrus (other),3.94,289.9,3542.8,64.4
1471,LEMON,Lemon,5.2,545.3,4610.4,148.7
1471,STONE FRUIT,Subtropical fruit,5.2,230.2,2832.8,88.5
1471,AVOCADO,Avocado,5.2,198.3,842.8,1457.5
1472,GRAPE,Grape,1.48,35.6,920.9,10.2
1473,BLACKBERRY,Berries,0.69,20.9,433.3,9.0
1473,STRAWBERRY,Strawberry,0.69,103.5,1138.3,44.4
1473,ALMOND,Almond,0.69,133.4,135.9,313.9
1473,PECAN,Pecan,0.69,34.7,52.5,271.8
1473,WALNUT,Walnut / nuts,0.69,95.6,86.2,410.2
1473,APPLE,Apple / pear,0.69,17.0,781.3,11.3
1473,PEACH,Stone fruit,0.69,38.2,467.1,12.7
1473,PLUM,Stone fruit,0.69,38.2,467.1,12.7
1473,FIG,Fig,0.69,20.1,483.1,7.5
1473,PERSIMMON,Persimmon,0.69,24.1,745.9,8.0
1473,HERB,Leafy greens & herbs,0.69,80.2,187.2,16.0
1473,SQUASH,Squash & melons,0.69,49.5,330.3,11.0
1473,EGGPLANT,Squash & melons,0.69,49.5,330.3,11.0
1473,PEPPER FRUITNG,Subtropical fruit,0.69,30.7,377.5,11.8
1473,TOMATO,Tomato,0.69,161.4,699.2,35.9
1473,KALE,Leafy greens & herbs,0.69,80.2,187.2,16.0
1473,ARTICHOKE,Vegetables (other),0.69,70.8,212.3,7.1
1473,SWISS CHARD,Leafy greens & herbs,0.69,80.2,187.2,16.0
1473,RADISH,Root veg & alliums,0.69,118.9,941.3,9.9
1473,ONION GREEN,Root veg & alliums,0.69,118.9,941.3,9.9
1473,BEAN UNSPECIFD,Green beans / peas,0.69,70.8,226.5,8.5
1473,BEET,Root veg & alliums,0.69,118.9,941.3,9.9
1473,CARROT,Root veg & alliums,0.69,118.9,941.3,9.9
1473,CORN,Sweet corn,0.69,74.7,430.3,31.7
1474,AVOCADO,Avocado,21.19,807.2,3430.8,5933.3
1475,LEMON,Lemon,11.13,1165.9,9857.4,318.0
1475,AVOCADO,Avocado,11.13,424.0,1801.9,3116.2
1476,LEMON,Lemon,20.37,2134.3,18044.6,582.1
1476,AVOCADO,Avocado,20.37,776.1,3298.5,5704.4
1477,LEMON,Lemon,19.41,2033.4,17191.2,554.6
1477,AVOCADO,Avocado,19.41,739.4,3142.5,5434.6
1479,AVOCADO,Avocado,7.92,301.9,1283.1,2218.9
1480,AVOCADO,Avocado,14.0,533.3,2266.6,3919.9
1481,LEMON,Lemon,0.44,46.5,392.9,12.7
1481,ORANGE,Orange,0.44,33.0,433.3,3.7
1483,AVOCADO,Avocado,5.98,228.0,969.0,1675.9
1484,LEMON,Lemon,12.58,1318.4,11146.9,359.6
1484,AVOCADO,Avocado,12.58,479.4,2037.6,3523.9
1485,AVOCADO,Avocado,12.63,481.2,2045.0,3536.6
1486,LEMON,Lemon,4.19,439.5,3715.5,119.9
1486,AVOCADO,Avocado,4.19,159.8,679.2,1174.6
1487,LEMON,Lemon,8.58,899.1,7601.8,245.2
1487,AVOCADO,Avocado,8.58,327.0,1389.6,2403.1
1488,AVOCADO,Avocado,14.23,542.1,2304.0,3984.5
1491,AVOCADO,Avocado,1.07,40.6,172.5,298.4
1494,AVOCADO,Avocado,6.83,260.3,1106.3,1913.2
1495,LEMON,Lemon,5.41,566.5,4789.5,154.5
1496,AVOCADO,Avocado,9.78,372.7,1583.9,2739.2
1498,AVOCADO,Avocado,2.65,101.1,429.8,743.3
1500,AVOCADO,Avocado,14.22,541.7,2302.3,3981.5
1501,GRAPE,Grape,3.23,78.0,2016.9,22.3
1502,AVOCADO,Avocado,5.12,195.2,829.5,1434.5
1503,AVOCADO,Avocado,7.5,285.6,1213.7,2099.0
1504,AVOCADO,Avocado,19.19,731.3,3108.0,5375.0
1505,LEMON,Lemon,12.86,1347.8,11395.2,367.6
1505,AVOCADO,Avocado,12.86,490.1,2083.0,3602.3
1506,AVOCADO,Avocado,3.8,144.7,614.9,1063.4
1506,GRAPE,Grape,3.8,91.6,2369.3,26.2
1507,AVOCADO,Avocado,2.66,101.3,430.5,744.4
1508,AVOCADO,Avocado,2.53,96.3,409.1,707.6
1509,AVOCADO,Avocado,2.97,113.3,481.4,832.5
1510,CITRUS,Citrus (other),4.97,365.5,4467.4,81.2
1511,GRAPE,Grape,1.28,30.9,799.8,8.8
1512,AVOCADO,Avocado,7.2,274.3,1165.9,2016.3
1513,AVOCADO,Avocado,4.83,184.2,782.9,1354.0
1514,AVOCADO,Avocado,8.69,331.0,1406.7,2432.7
1515,AVOCADO,Avocado,1.22,46.4,197.3,341.3
1516,AVOCADO,Avocado,14.67,558.8,2374.8,4107.0
1517,GRAPEFRUIT,Grapefruit,11.88,905.4,12109.5,113.2
1517,LEMON,Lemon,11.88,1244.9,10525.1,339.5
1518,LEMON,Lemon,8.76,917.5,7756.8,250.2
1519,CITRUS,Citrus (other),6.05,444.7,5435.2,98.8
1520,CITRUS,Citrus (other),41.37,3039.9,37154.5,675.5
1521,AVOCADO,Avocado,34.73,1323.4,5624.5,9727.0
1522,AVOCADO,Avocado,12.84,489.2,2079.1,3595.6
1522,GRAPE,Grape,12.84,309.8,8011.2,88.5
1523,GRAPE,Grape,4.97,120.0,3102.4,34.3
1524,LIME,Lime,5.43,241.2,3617.7,68.9
1524,POME FRUIT,Subtropical fruit,5.43,239.9,2953.2,92.3
1525,ORANGE,Orange,8.89,662.0,8679.6,73.6
1526,LEMON,Lemon,9.83,1029.5,8704.0,280.8
1527,LIME,Lime,11.64,517.3,7759.1,147.8
1528,ORANGE,Orange,52.31,3897.4,51098.7,433.0
1529,POME FRUIT,Subtropical fruit,7.86,347.8,4280.4,133.8
1530,ORANGE,Orange,11.68,870.2,11409.3,96.7
1531,LEMON,Lemon,12.83,1343.9,11362.5,366.5
1531,ORANGE,Orange,12.83,955.6,12529.0,106.2
1531,AVOCADO,Avocado,12.83,488.7,2077.0,3592.0
1532,GRAPE,Grape,2.03,49.0,1267.1,14.0
1533,AVOCADO,Avocado,458.75,17479.3,74287.0,128472.8
1534,AVOCADO,Avocado,3.34,127.2,540.7,935.0
1535,AVOCADO,Avocado,4.03,153.4,651.8,1127.3
1536,AVOCADO,Avocado,87.14,3320.0,14110.1,24402.3
1537,AVOCADO,Avocado,3.79,144.5,614.2,1062.1
1538,AVOCADO,Avocado,3.56,135.8,577.1,998.0
1539,AVOCADO,Avocado,8.17,311.3,1323.0,2288.0
1540,AVOCADO,Avocado,3.23,123.2,523.4,905.2
1541,AVOCADO,Avocado,9.98,380.3,1616.3,2795.3
1542,AVOCADO,Avocado,8.19,311.9,1325.6,2292.6
1543,AVOCADO,Avocado,5.17,197.2,838.0,1449.2
1544,AVOCADO,Avocado,24.68,940.5,3997.1,6912.7
1553,CUCUMBER,Squash & melons,12.54,896.0,5973.2,199.1
1553,EGGPLANT,Squash & melons,12.54,896.0,5973.2,199.1
1554,CUCUMBER,Squash & melons,1.49,106.6,710.7,23.7
1554,SQUASH,Squash & melons,1.49,106.6,710.7,23.7
1555,STRAWBERRY,Strawberry,3.93,587.1,6457.7,251.6
1555,WATERMELON,Squash & melons,3.93,281.0,1873.6,62.5
1555,PEPPER FRUITNG,Subtropical fruit,3.93,174.0,2141.3,66.9
1555,TOMATO,Tomato,3.93,915.4,3966.7,203.4
1556,STRAWBERRY,Strawberry,0.92,137.3,1510.5,58.9
1559,AVOCADO,Avocado,6.21,236.6,1005.8,1739.4
1560,AVOCADO,Avocado,273.58,10424.0,44302.0,76616.4
1561,AVOCADO,Avocado,7.38,281.1,1194.7,2066.1
1562,LEMON,Lemon,0.98,102.3,865.1,27.9
1563,ORANGE,Orange,10.9,811.8,10643.4,90.2
1563,AVOCADO,Avocado,10.9,415.2,1764.4,3051.4
1564,ORANGE,Orange,10.9,811.8,10643.4,90.2
1564,AVOCADO,Avocado,10.9,415.2,1764.4,3051.4
1565,AVOCADO,Avocado,42.77,1629.7,6926.1,11978.1
1566,AVOCADO,Avocado,31.78,1210.9,5146.1,8899.8
1567,AVOCADO,Avocado,13.72,522.7,2221.3,3841.6
1568,LEMON,Lemon,8.64,905.8,7658.3,247.0
1576,ORANGE,Orange,2.25,167.5,2195.8,18.6
1577,GRAPEFRUIT,Grapefruit,0.99,75.6,1011.0,9.4
1577,ORANGE,Orange,0.99,73.9,968.9,8.2
1577,APRICOT,Stone fruit,0.99,54.7,668.1,18.2
1577,PEACH,Stone fruit,0.99,54.7,668.1,18.2
1578,AVOCADO,Avocado,37.52,1429.5,6075.3,10506.8
1579,AVOCADO,Avocado,13.02,496.0,2108.0,3645.7
1580,AVOCADO,Avocado,7.28,277.5,1179.2,2039.4
1581,AVOCADO,Avocado,2.22,84.4,358.9,620.6
1582,AVOCADO,Avocado,27.38,1043.3,4433.9,7668.0
1596,GRAPE,Grape,0.47,11.4,295.6,3.3
1601,GRAPE,Grape,0.33,8.0,207.3,2.3
1602,LETTUCE LEAF,Leafy greens & herbs,5.11,591.0,1379.1,118.2
1603,GRAPE,Grape,1.4,33.9,875.5,9.7
1604,GRAPE,Grape,2.2,53.1,1373.4,15.2
1605,GRAPE,Grape,0.46,11.0,284.9,3.1
1606,AVOCADO,Avocado,3.37,128.3,545.1,942.8
1609,GRAPE,Grape,3.54,85.4,2208.0,24.4
1610,AVOCADO,Avocado,6.83,260.1,1105.3,1911.6
1611,TANGERINE,Mandarin,5.71,383.3,6371.6,143.7
1612,GRAPE,Grape,54.51,1315.4,34012.5,375.8
1615,GRAPE,Grape,45.52,1098.5,28404.3,313.9
1616,GRAPE,Grape,1.44,34.9,901.2,10.0
1617,GRAPE,Grape,1.32,31.7,820.8,9.1
1618,POME FRUIT,Subtropical fruit,0.99,43.8,538.6,16.8
1618,STONE FRUIT,Subtropical fruit,0.99,43.8,538.6,16.8
1620,GRAPE,Grape,0.59,14.2,366.8,4.1
1622,AVOCADO,Avocado,0.71,26.9,114.2,197.5
1623,GRAPE,Grape,0.12,3.0,76.4,0.8
1626,GRAPE,Grape,3.6,86.8,2244.1,24.8
1627,AVOCADO,Avocado,9.9,377.0,1602.3,2771.1
1628,AVOCADO,Avocado,1.23,46.9,199.5,345.0
1630,AVOCADO,Avocado,3.65,139.1,591.1,1022.2
1631,AVOCADO,Avocado,9.09,346.3,1471.8,2545.4
1632,AVOCADO,Avocado,76.79,2925.9,12435.3,21505.7
1633,GRAPE,Grape,10.82,261.0,6748.5,74.6
1634,CITRUS,Citrus (other),0.19,13.7,168.0,3.1
1634,PEAR,Apple / pear,0.19,4.6,210.8,3.1
1634,PEACH,Stone fruit,0.19,10.3,126.0,3.4
1634,FIG,Fig,0.19,5.4,130.4,2.0
1634,GRAPE,Grape,0.19,4.5,116.7,1.3
1634,GUAVA,Guava,0.19,19.9,109.2,7.6
1636,GRAPE,Grape,4.02,97.0,2508.2,27.7
1637,SWEET BASIL,Leafy greens & herbs,0.19,21.5,50.2,4.3
1637,EGGPLANT,Squash & melons,0.19,13.3,88.6,3.0
1637,TOMATO,Tomato,0.19,43.3,187.6,9.6
1637,OKRA,Vegetables (other),0.19,19.0,57.0,1.9
1638,GRAPE,Grape,1.15,27.8,717.7,7.9
1639,GRAPE,Grape,12.75,307.6,7953.0,87.9
1640,GRAPE,Grape,0.25,6.1,156.8,1.7
1641,AVOCADO,Avocado,3.98,151.7,644.9,1115.3
1642,AVOCADO,Avocado,4.28,163.3,693.8,1199.9
1643,GRAPE,Grape,2.13,51.4,1328.3,14.7
1646,GRAPE,Grape,0.36,8.7,225.1,2.5
1648,PECAN,Pecan,40.11,2008.6,3034.7,15719.5
1648,POMEGRANATE,Pomegranate,40.11,2598.1,28579.0,1833.9
1649,AVOCADO,Avocado,0.36,13.7,58.2,100.7
1649,GRAPE,Grape,0.36,8.7,224.4,2.5
1650,AVOCADO,Avocado,4.24,161.4,686.1,1186.6
1651,TANGELO,Mandarin,0.85,57.3,952.8,21.5
1652,GRAPE,Grape,0.02,0.4,10.5,0.1
1653,OLIVE,Olive,2.6,64.1,504.8,857.3
1654,AVOCADO,Avocado,11.01,419.4,1782.3,3082.3
1655,GRAPE,Grape,0.11,2.7,69.4,0.8
1656,POMEGRANATE,Pomegranate,45.78,2965.5,32620.2,2093.3
1656,AVOCADO,Avocado,45.78,1744.4,7413.7,12821.3
1657,AVOCADO,Avocado,24.16,920.7,3913.0,6767.1
1658,AVOCADO,Avocado,10.42,397.2,1688.1,2919.4
1660,AVOCADO,Avocado,5.82,221.8,942.6,1630.2
1661,AVOCADO,Avocado,17.75,676.3,2874.2,4970.8
1662,AVOCADO,Avocado,1.64,62.6,266.3,460.5
1663,GRAPE,Grape,1.6,38.6,996.9,11.0
1664,GRAPE,Grape,24.52,591.6,15297.7,169.0
1665,LEMON,Lemon,2.46,257.3,2175.6,70.2
1666,ORANGE,Orange,1.57,116.8,1530.9,13.0
1666,AVOCADO,Avocado,1.57,59.7,253.8,438.9
1667,GRAPEFRUIT,Grapefruit,3.15,239.7,3206.3,30.0
1667,ORANGE,Orange,3.15,234.4,3072.9,26.0
1667,AVOCADO,Avocado,3.15,119.9,509.4,881.0
1668,AVOCADO,Avocado,4.84,184.6,784.5,1356.7
1669,AVOCADO,Avocado,12.29,468.2,1989.9,3441.3
1670,AVOCADO,Avocado,5.17,197.1,837.7,1448.8
1671,AVOCADO,Avocado,10.48,399.4,1697.6,2935.9
1672,AVOCADO,Avocado,11.62,442.8,1881.9,3254.6
1673,AVOCADO,Avocado,2.44,92.9,394.9,682.9
1674,AVOCADO,Avocado,2.17,82.6,350.8,606.8
1677,AVOCADO,Avocado,3.37,128.5,546.1,944.5
1678,AVOCADO,Avocado,11.15,424.7,1805.1,3121.8
1679,AVOCADO,Avocado,24.23,923.3,3923.9,6786.0
1680,AVOCADO,Avocado,6.84,260.4,1106.8,1914.1
1681,AVOCADO,Avocado,3.54,134.9,573.3,991.5
1682,AVOCADO,Avocado,2.6,99.2,421.5,729.0
1683,AVOCADO,Avocado,11.02,419.8,1784.1,3085.5
1684,AVOCADO,Avocado,3.38,128.7,547.1,946.1
1685,GRAPEFRUIT,Grapefruit,47.82,3643.8,48736.4,455.5
1685,AVOCADO,Avocado,47.82,1821.9,7743.2,13391.1
1686,AVOCADO,Avocado,5.45,207.8,883.1,1527.2
1688,AVOCADO,Avocado,35.64,1357.8,5770.8,9980.2
1689,GRAPEFRUIT,Grapefruit,15.5,1180.9,15794.8,147.6
1689,AVOCADO,Avocado,15.5,590.5,2509.5,4339.9
1690,AVOCADO,Avocado,49.29,1878.0,7981.5,13803.3
1691,AVOCADO,Avocado,2.65,100.9,428.8,741.5
1692,LEMON,Lemon,14.18,1486.3,12565.6,405.3
1693,LEMON,Lemon,1.95,203.8,1723.3,55.6
1693,AVOCADO,Avocado,1.95,74.1,315.0,544.8
1694,AVOCADO,Avocado,2.45,93.3,396.4,685.6
1695,LEMON,Lemon,0.83,87.2,737.1,23.8
1696,LEMON,Lemon,1.58,165.7,1401.2,45.2
1697,LEMON,Lemon,2.93,306.6,2592.4,83.6
1698,LEMON,Lemon,0.25,26.1,220.8,7.1
1698,ORANGE,Orange,0.25,18.6,243.4,2.1
1699,ORANGE,Orange,2.06,153.5,2012.2,17.1
1700,AVOCADO,Avocado,5.93,226.1,960.9,1661.9
1701,AVOCADO,Avocado,14.52,553.4,2352.1,4067.7
1704,AVOCADO,Avocado,6.42,244.4,1038.8,1796.6
1705,AVOCADO,Avocado,6.42,244.4,1038.8,1796.6
1706,LEMON,Lemon,114.38,11984.4,101322.5,3268.5
1707,AVOCADO,Avocado,17.85,680.1,2890.6,4999.1
1708,GRAPE,Grape,5.59,135.0,3489.7,38.6
1709,AVOCADO,Avocado,7.14,272.2,1156.9,2000.7
1710,GRAPEFRUIT,Grapefruit,19.88,1514.8,20260.2,189.3
1710,AVOCADO,Avocado,19.88,757.4,3218.9,5566.8
1711,KUMQUAT,Kumquat,9.82,787.3,6588.1,372.9
1711,LIME,Lime,9.82,436.6,6549.3,124.7
1711,AVOCADO,Avocado,9.82,374.2,1590.6,2750.7
1712,GRAPE,Grape,0.55,13.2,341.3,3.8
1713,BLUEBERRY,Berries,55.15,1663.6,34461.1,713.0
1713,GRAPEFRUIT,Grapefruit,55.15,4202.9,56213.5,525.4
1713,ORANGE,Orange,55.15,4109.1,53874.4,456.6
1713,TANGELO,Mandarin,55.15,3702.5,61554.6,1388.4
1713,AVOCADO,Avocado,55.15,2101.4,8931.1,15445.6
1715,TROPICAL/SUBTROPICAL FRUIT,Subtropical fruit,1.39,61.4,755.7,23.6
1715,MANGO,Mango,1.39,35.3,661.2,17.6
1715,GUAVA,Guava,1.39,147.4,810.5,56.7
1719,CITRUS,Citrus (other),3.42,251.5,3073.7,55.9
1719,GRAPEFRUIT,Grapefruit,3.42,260.8,3488.2,32.6
1719,KUMQUAT,Kumquat,3.42,274.3,2295.5,129.9
1719,LEMON,Lemon,3.42,358.6,3031.8,97.8
1719,LIME,Lime,3.42,152.1,2282.0,43.5
1719,ORANGE,Orange,3.42,255.0,3343.0,28.3
1719,TANGERINE,Mandarin,3.42,229.8,3819.6,86.2
1719,AVOCADO,Avocado,3.42,130.4,554.2,958.4
1720,AVOCADO,Avocado,0.72,27.5,117.0,202.4
1720,GRAPE,Grape,0.72,17.4,451.0,5.0
1722,AVOCADO,Avocado,110.34,4204.1,17867.3,30899.9
1724,GRAPE,Grape,21.33,514.8,13310.5,147.1
1727,AVOCADO,Avocado,18.88,719.2,3056.7,5286.4
1731,GRAPE,Grape,2.16,52.0,1345.8,14.9
1733,AVOCADO,Avocado,38.04,1449.5,6160.4,10653.9
1738,GRAPEFRUIT,Grapefruit,22.71,1730.8,23149.8,216.4
1738,KUMQUAT,Kumquat,22.71,1820.5,15234.3,862.3
1738,ORANGE,Orange,22.71,1692.2,22186.5,188.0
1738,MANGO,Mango,22.71,576.9,10817.7,288.5
1738,PERSIMMON,Persimmon,22.71,788.1,24432.4,262.7
1738,CHERIMOYA,Subtropical fruit,22.71,1004.5,12363.0,386.3
1738,AVOCADO,Avocado,22.71,865.4,3678.0,6360.8
1739,GRAPE,Grape,2.71,65.3,1689.1,18.7
1743,STRAWBERRY,Strawberry,13.27,1981.0,21791.1,849.0
1743,CUCUMBER,Squash & melons,13.27,948.4,6322.4,210.7
1743,SQUASH,Squash & melons,13.27,948.4,6322.4,210.7
1743,PEPPER FRUITNG,Subtropical fruit,13.27,587.1,7225.6,225.8
1743,TOMATO,Tomato,13.27,3088.9,13385.3,686.4
1743,BROCCOLI,Brassicas,13.27,2312.2,5395.1,231.2
1743,CABBAGE,Brassicas,13.27,2312.2,5395.1,231.2
1743,ARTICHOKE,Vegetables (other),13.27,1354.8,4064.4,135.5
1743,LETTUCE LEAF,Leafy greens & herbs,13.27,1535.4,3582.7,307.1
1743,CORN,Sweet corn,13.27,1430.7,8237.1,606.9
1743,MELON,Squash & melons,13.27,948.4,6322.4,210.7
1745,OLIVE,Olive,1.34,33.1,260.3,442.2
1745,GRAPE,Grape,1.34,32.3,836.0,9.2
1746,GRAPE,Grape,4.37,105.4,2726.5,30.1
1747,GRAPE,Grape,4.98,120.1,3104.8,34.3
1750,CITRUS,Citrus (other),0.05,4.0,48.4,0.9
1750,POME FRUIT,Subtropical fruit,0.05,2.4,29.3,0.9
1750,TROPICAL/SUBTROPICAL FRUIT,Subtropical fruit,0.05,2.4,29.3,0.9
1750,GRAPE,Grape,0.05,1.3,33.6,0.4
1751,GRAPE,Grape,1.28,30.9,799.7,8.8
1752,LEMON,Lemon,2.57,269.3,2276.8,73.4
1757,AVOCADO,Avocado,4.01,152.9,649.8,1123.7
1759,CITRUS,Citrus (other),0.82,60.1,734.0,13.3
1759,TOMATO,Tomato,0.82,190.2,824.1,42.3
1759,VEGETABLE,Vegetables (other),0.82,83.4,250.2,8.3
1759,GRAPE,Grape,0.82,19.7,510.0,5.6
1760,OLIVE,Olive,3.6,88.9,700.2,1189.2
1760,GRAPE,Grape,3.6,86.9,2248.2,24.8
1761,GRAPE,Grape,0.42,10.1,261.1,2.9
1763,AVOCADO,Avocado,9.19,350.3,1488.9,2575.0
1765,GRAPE,Grape,0.49,11.8,306.3,3.4
1768,NECTARINE,Stone fruit,1.96,108.1,1320.8,36.0
1769,GRAPE,Grape,1.97,47.6,1231.9,13.6
1770,CITRUS,Citrus (other),1.97,145.0,1772.5,32.2
1773,GRAPEFRUIT,Grapefruit,11.13,847.9,11341.3,106.0
1773,LEMON,Lemon,11.13,1165.9,9857.4,318.0
1773,ORANGE,Orange,11.13,829.0,10869.4,92.1
1773,PERSIMMON,Persimmon,11.13,386.1,11969.7,128.7
1773,POMEGRANATE,Pomegranate,11.13,720.8,7928.3,508.8
1773,AVOCADO,Avocado,11.13,424.0,1801.9,3116.2
1774,ORANGE,Orange,7.84,584.3,7660.4,64.9
1775,AVOCADO,Avocado,7.73,294.6,1252.2,2165.5
1775,GRAPE,Grape,7.73,186.6,4824.8,53.3
1776,LEMON,Lemon,7.57,793.3,6706.6,216.3
1777,GRAPEFRUIT,Grapefruit,33.49,2552.2,34135.6,319.0
1777,AVOCADO,Avocado,33.49,1276.1,5423.4,9379.3
1778,AVOCADO,Avocado,2.26,86.2,366.4,633.7
1779,AVOCADO,Avocado,10.58,403.3,1714.0,2964.2
1780,ORANGE,Orange,2.83,211.1,2767.7,23.5
1780,AVOCADO,Avocado,2.83,108.0,458.8,793.5
1781,LEMON,Lemon,8.01,839.5,7097.9,229.0
1782,AVOCADO,Avocado,19.14,729.4,3100.0,5361.2
1783,AVOCADO,Avocado,23.89,910.2,3868.3,6689.8
1784,AVOCADO,Avocado,4.82,183.7,780.9,1350.5
1785,AVOCADO,Avocado,10.95,417.2,1773.1,3066.4
1786,GRAPE,Grape,0.18,4.4,113.7,1.3
1787,AVOCADO,Avocado,6.51,248.2,1054.8,1824.2
1788,GRAPEFRUIT,Grapefruit,28.23,2151.1,28770.5,268.9
1788,ORANGE,Orange,28.23,2103.0,27573.3,233.7
1788,AVOCADO,Avocado,28.23,1075.5,4571.0,7905.2
1791,GRAPE,Grape,1.08,26.2,676.4,7.5
1792,GRAPEFRUIT,Grapefruit,1.21,92.0,1230.0,11.5
1793,LEMON,Lemon,0.45,47.0,397.3,12.8
1794,CITRUS,Citrus (other),6.49,477.0,5829.6,106.0
1794,PERSIMMON,Persimmon,6.49,225.2,6982.3,75.1
1794,CABBAGE,Brassicas,6.49,1130.6,2638.1,113.1
1794,KALE,Leafy greens & herbs,6.49,750.8,1751.8,150.2
1794,AVOCADO,Avocado,6.49,247.3,1051.1,1817.8
1794,CARROT,Root veg & alliums,6.49,1112.9,8810.7,92.7
1795,HERB,Leafy greens & herbs,4.9,566.9,1322.7,113.4
1795,VEGETABLE LEAF,Vegetables (other),4.9,500.2,1500.5,50.0
1795,VEGETABLE ROOT,Vegetables (other),4.9,500.2,1500.5,50.0
1795,CORN,Sweet corn,4.9,528.2,3041.0,224.1
1796,GRAPE,Grape,4.38,105.6,2731.2,30.2
1797,GRAPE,Grape,4.12,99.4,2570.9,28.4
1798,GRAPE,Grape,1.4,33.8,873.9,9.7
1799,GRAPE,Grape,1.6,38.5,995.4,11.0
1800,GRAPE,Grape,0.29,7.1,182.5,2.0
1801,GRAPE,Grape,28.04,676.7,17497.5,193.3
1802,GRAPE,Grape,0.8,19.2,496.4,5.5
1803,CITRUS,Citrus (other),1.34,98.6,1204.8,21.9
1803,GRAPE,Grape,1.34,32.4,837.0,9.2
1804,GRAPE,Grape,0.52,12.7,327.4,3.6
1805,GRAPE,Grape,1.17,28.2,729.8,8.1
1806,AVOCADO,Avocado,0.61,23.1,98.2,169.8
1806,GRAPE,Grape,0.61,14.6,378.3,4.2
1807,GRAPE,Grape,1.78,43.0,1112.8,12.3
1808,GRAPE,Grape,1.1,26.5,684.6,7.6
1809,GRAPE,Grape,1.06,25.6,662.6,7.3
1810,CITRUS,Citrus (other),2.64,194.1,2372.5,43.1
1810,GRAPE,Grape,2.64,63.7,1648.3,18.2
1811,GRAPE,Grape,0.93,22.5,581.2,6.4
1812,GRAPE,Grape,1.27,30.6,792.3,8.8
1813,GRAPE,Grape,0.55,13.3,343.0,3.8
1814,GRAPE,Grape,3.69,89.1,2303.4,25.5
1815,GRAPE,Grape,1.87,45.1,1166.1,12.9
1816,GRAPE,Grape,15.71,379.1,9803.0,108.3
1817,GRAPE,Grape,0.96,23.2,600.1,6.6
1818,GRAPE,Grape,1.16,28.0,724.2,8.0
1819,GRAPE,Grape,1.36,32.7,845.9,9.3
1820,GRAPE,Grape,0.48,11.6,299.9,3.3
1822,AVOCADO,Avocado,9.3,354.4,1506.4,2605.2
1823,AVOCADO,Avocado,4.84,184.3,783.3,1354.6
1824,AVOCADO,Avocado,1.66,63.3,268.9,465.1
1824,GRAPE,Grape,1.66,40.1,1036.3,11.5
1825,LEMON,Lemon,3.75,393.3,3325.4,107.3
1825,AVOCADO,Avocado,3.75,143.0,607.9,1051.3
1826,AVOCADO,Avocado,5.77,219.7,933.7,1614.7
1827,GRAPEFRUIT,Grapefruit,4.42,336.8,4504.3,42.1
1827,AVOCADO,Avocado,4.42,168.4,715.6,1237.6
1828,AVOCADO,Avocado,9.31,354.7,1507.4,2606.9
1829,AVOCADO,Avocado,0.57,21.7,92.3,159.6
1829,GRAPE,Grape,0.57,13.8,355.6,3.9
1830,AVOCADO,Avocado,16.75,638.2,2712.3,4690.7
1831,GRAPEFRUIT,Grapefruit,1.04,79.0,1057.0,9.9
1831,TANGERINE,Mandarin,1.04,69.6,1157.4,26.1
1831,AVOCADO,Avocado,1.04,39.5,167.9,290.4
1832,POME FRUIT,Subtropical fruit,2.31,102.3,1259.2,39.3
1832,AVOCADO,Avocado,2.31,88.1,374.6,647.9
1832,GUAVA,Guava,2.31,245.5,1350.5,94.4
1833,STRAWBERRY,Strawberry,1.03,154.0,1694.1,66.0
1833,TROPICAL/SUBTROPICAL FRUIT,Subtropical fruit,1.03,45.6,561.7,17.6
1833,HERB,Leafy greens & herbs,1.03,119.4,278.5,23.9
1833,SWEET BASIL,Leafy greens & herbs,1.03,119.4,278.5,23.9
1833,CUCUMBER,Squash & melons,1.03,73.7,491.5,16.4
1833,SQUASH,Squash & melons,1.03,73.7,491.5,16.4
1833,VEGETABLE FRTG,Vegetables (other),1.03,105.3,316.0,10.5
1833,PEPPER FRUITNG,Subtropical fruit,1.03,45.6,561.7,17.6
1833,TOMATO,Tomato,1.03,240.1,1040.6,53.4
1833,VEGETABLE LEAF,Vegetables (other),1.03,105.3,316.0,10.5
1833,BROCCOLI,Brassicas,1.03,179.8,419.4,18.0
1833,CABBAGE,Brassicas,1.03,179.8,419.4,18.0
1833,KALE,Leafy greens & herbs,1.03,119.4,278.5,23.9
1833,ARTICHOKE,Vegetables (other),1.03,105.3,316.0,10.5
1833,PARSLEY,Leafy greens & herbs,1.03,119.4,278.5,23.9
1833,SPINACH,Leafy greens & herbs,1.03,119.4,278.5,23.9
1833,SWISS CHARD,Leafy greens & herbs,1.03,119.4,278.5,23.9
1833,LETTUCE LEAF,Leafy greens & herbs,1.03,119.4,278.5,23.9
1833,RADISH,Root veg & alliums,1.03,176.9,1400.8,14.7
1834,STRAWBERRY,Strawberry,0.3,44.6,490.9,19.1
1834,TROPICAL/SUBTROPICAL FRUIT,Subtropical fruit,0.3,13.2,162.8,5.1
1834,HERB,Leafy greens & herbs,0.3,34.6,80.7,6.9
1834,SWEET BASIL,Leafy greens & herbs,0.3,34.6,80.7,6.9
1834,CUCUMBER,Squash & melons,0.3,21.4,142.4,4.7
1834,SQUASH,Squash & melons,0.3,21.4,142.4,4.7
1834,VEGETABLE FRTG,Vegetables (other),0.3,30.5,91.6,3.1
1834,PEPPER FRUITNG,Subtropical fruit,0.3,13.2,162.8,5.1
1834,TOMATO,Tomato,0.3,69.6,301.6,15.5
1834,VEGETABLE LEAF,Vegetables (other),0.3,30.5,91.6,3.1
1834,BROCCOLI,Brassicas,0.3,52.1,121.5,5.2
1834,CABBAGE,Brassicas,0.3,52.1,121.5,5.2
1834,KALE,Leafy greens & herbs,0.3,34.6,80.7,6.9
1834,ARTICHOKE,Vegetables (other),0.3,30.5,91.6,3.1
1834,PARSLEY,Leafy greens & herbs,0.3,34.6,80.7,6.9
1834,SPINACH,Leafy greens & herbs,0.3,34.6,80.7,6.9
1834,SWISS CHARD,Leafy greens & herbs,0.3,34.6,80.7,6.9
1834,LETTUCE LEAF,Leafy greens & herbs,0.3,34.6,80.7,6.9
1834,RADISH,Root veg & alliums,0.3,51.3,405.9,4.3
1835,STRAWBERRY,Strawberry,0.58,86.0,946.2,36.9
1835,TROPICAL/SUBTROPICAL FRUIT,Subtropical fruit,0.58,25.5,313.7,9.8
1835,HERB,Leafy greens & herbs,0.58,66.7,155.6,13.3
1835,SWEET BASIL,Leafy greens & herbs,0.58,66.7,155.6,13.3
1835,CUCUMBER,Squash & melons,0.58,41.2,274.5,9.2
1835,SQUASH,Squash & melons,0.58,41.2,274.5,9.2
1835,VEGETABLE FRTG,Vegetables (other),0.58,58.8,176.5,5.9
1835,PEPPER FRUITNG,Subtropical fruit,0.58,25.5,313.7,9.8
1835,TOMATO,Tomato,0.58,134.1,581.2,29.8
1835,VEGETABLE LEAF,Vegetables (other),0.58,58.8,176.5,5.9
1835,BROCCOLI,Brassicas,0.58,100.4,234.3,10.0
1835,CABBAGE,Brassicas,0.58,100.4,234.3,10.0
1835,KALE,Leafy greens & herbs,0.58,66.7,155.6,13.3
1835,ARTICHOKE,Vegetables (other),0.58,58.8,176.5,5.9
1835,PARSLEY,Leafy greens & herbs,0.58,66.7,155.6,13.3
1835,SPINACH,Leafy greens & herbs,0.58,66.7,155.6,13.3
1835,SWISS CHARD,Leafy greens & herbs,0.58,66.7,155.6,13.3
1835,LETTUCE LEAF,Leafy greens & herbs,0.58,66.7,155.6,13.3
1835,RADISH,Root veg & alliums,0.58,98.8,782.4,8.2
1836,STRAWBERRY,Strawberry,1.23,183.4,2017.4,78.6
1836,TROPICAL/SUBTROPICAL FRUIT,Subtropical fruit,1.23,54.3,668.9,20.9
1836,HERB,Leafy greens & herbs,1.23,142.1,331.7,28.4
1836,SWEET BASIL,Leafy greens & herbs,1.23,142.1,331.7,28.4
1836,CUCUMBER,Squash & melons,1.23,87.8,585.3,19.5
1836,SQUASH,Squash & melons,1.23,87.8,585.3,19.5
1836,VEGETABLE FRTG,Vegetables (other),1.23,125.4,376.3,12.5
1836,PEPPER FRUITNG,Subtropical fruit,1.23,54.3,668.9,20.9
1836,TOMATO,Tomato,1.23,286.0,1239.2,63.5
1836,VEGETABLE LEAF,Vegetables (other),1.23,125.4,376.3,12.5
1836,BROCCOLI,Brassicas,1.23,214.1,499.5,21.4
1836,CABBAGE,Brassicas,1.23,214.1,499.5,21.4
1836,KALE,Leafy greens & herbs,1.23,142.1,331.7,28.4
1836,ARTICHOKE,Vegetables (other),1.23,125.4,376.3,12.5
1836,PARSLEY,Leafy greens & herbs,1.23,142.1,331.7,28.4
1836,SPINACH,Leafy greens & herbs,1.23,142.1,331.7,28.4
1836,SWISS CHARD,Leafy greens & herbs,1.23,142.1,331.7,28.4
1836,LETTUCE LEAF,Leafy greens & herbs,1.23,142.1,331.7,28.4
1836,RADISH,Root veg & alliums,1.23,210.7,1668.1,17.6
1841,LEMON,Lemon,3.92,410.5,3470.7,112.0
1842,AVOCADO,Avocado,2.52,96.1,408.6,706.6
1843,AVOCADO,Avocado,4.97,189.3,804.5,1391.3
1844,AVOCADO,Avocado,1.2,45.5,193.5,334.7
1845,AVOCADO,Avocado,32.6,1241.9,5278.3,9128.3
1846,GRAPE,Grape,1.74,42.1,1087.8,12.0
1848,AVOCADO,Avocado,13.49,514.1,2184.9,3778.6
1849,GRAPEFRUIT,Grapefruit,2.37,180.7,2417.3,22.6
1850,AVOCADO,Avocado,0.31,11.9,50.4,87.2
1850,ORCHARD FLOOR,Leafy greens & herbs,0.31,36.0,84.1,7.2
1850,GRAPE,Grape,0.31,7.5,194.3,2.1
1851,AVOCADO,Avocado,3.01,114.5,486.7,841.7
1852,AVOCADO,Avocado,9.44,359.8,1529.3,2644.8
1853,AVOCADO,Avocado,23.49,894.8,3803.1,6577.1
1854,GRAPE,Grape,4.32,104.2,2693.3,29.8
1858,GRAPE,Grape,3.44,83.0,2146.2,23.7
1861,GRAPE,Grape,2.87,69.2,1789.2,19.8
1862,GRAPE,Grape,8.16,197.0,5093.6,56.3
1863,GRAPE,Grape,0.59,14.2,366.5,4.0
1864,GRAPE,Grape,0.53,12.9,333.6,3.7
1865,GRAPE,Grape,0.57,13.7,353.6,3.9
1866,GRAPE,Grape,0.44,10.5,271.9,3.0
1867,GRAPE,Grape,0.28,6.8,174.6,1.9
1870,AVOCADO,Avocado,0.35,13.5,57.2,99.0
1870,OLIVE,Olive,0.35,8.7,68.7,116.7
1870,GRAPE,Grape,0.35,8.5,220.6,2.4
1873,AVOCADO,Avocado,16.51,629.0,2673.2,4623.0
1875,GRAPE,Grape,2.1,50.7,1311.4,14.5
1877,GRAPE,Grape,0.99,24.0,620.8,6.9
1878,GRAPE,Grape,1.53,36.8,952.7,10.5
1879,GRAPE,Grape,0.39,9.3,240.2,2.7
1880,CITRUS,Citrus (other),1.0,73.3,895.6,16.3
1880,STONE FRUIT,Subtropical fruit,1.0,44.1,542.8,17.0
1880,AVOCADO,Avocado,1.0,38.0,161.5,279.3
1880,MACADAMIA NUT,Macadamia,1.0,35.7,62.4,342.9
1881,AVOCADO,Avocado,3.39,129.0,548.3,948.2
1882,AVOCADO,Avocado,6.36,242.5,1030.4,1782.0
1883,AVOCADO,Avocado,18.75,714.2,3035.5,5249.7
1884,GRAPEFRUIT,Grapefruit,9.76,743.4,9943.6,92.9
1884,AVOCADO,Avocado,9.76,371.7,1579.8,2732.2
1885,AVOCADO,Avocado,7.72,294.0,1249.6,2161.0
1886,AVOCADO,Avocado,11.32,431.2,1832.6,3169.4
1887,AVOCADO,Avocado,4.62,176.0,748.1,1293.8
1888,AVOCADO,Avocado,4.98,189.7,806.3,1394.4
1889,AVOCADO,Avocado,16.36,623.5,2649.8,4582.6
1890,AVOCADO,Avocado,5.76,219.3,932.2,1612.2
1891,AVOCADO,Avocado,15.01,572.0,2430.8,4203.9
1892,AVOCADO,Avocado,26.74,1018.9,4330.3,7488.9
1906,CITRUS,Citrus (other),2.79,205.0,2505.5,45.6
1906,CHERIMOYA,Subtropical fruit,2.79,123.4,1518.5,47.5
1906,AVOCADO,Avocado,2.79,106.3,451.8,781.3
1907,OLIVE,Olive,14.41,355.7,2801.1,4757.4
1908,AVOCADO,Avocado,10.88,414.6,1762.0,3047.2
1909,AVOCADO,Avocado,27.0,1028.9,4372.7,7562.1
1910,AVOCADO,Avocado,43.15,1644.0,6987.1,12083.6
1911,GRAPE,Grape,5.11,123.2,3185.6,35.2
1912,WHEAT,"Grain (wheat, barley)",0.34,58.3,335.9,8.4
1913,GRAIN,"Grain (wheat, barley)",2.53,431.0,2482.4,62.1
1915,LEMON,Lemon,2.28,239.3,2023.2,65.3
1916,AVOCADO,Avocado,2.85,108.4,460.7,796.8
1917,GRAPE,Grape,4.99,120.3,3111.3,34.4
1918,OAT,Grain (oat),11.5,2203.2,8643.4,899.5
1919,AVOCADO,Avocado,9.84,374.9,1593.4,2755.7
1920,SWEET BASIL,Leafy greens & herbs,0.13,14.5,33.9,2.9
1920,PEPPER FRUITNG,Subtropical fruit,0.13,5.6,68.4,2.1
1920,VEGETABLE LEAF,Vegetables (other),0.13,12.8,38.5,1.3
1920,KALE,Leafy greens & herbs,0.13,14.5,33.9,2.9
1920,SPINACH,Leafy greens & herbs,0.13,14.5,33.9,2.9
1920,SWISS CHARD,Leafy greens & herbs,0.13,14.5,33.9,2.9
1920,LETTUCE LEAF,Leafy greens & herbs,0.13,14.5,33.9,2.9
1920,CILANTRO,Leafy greens & herbs,0.13,14.5,33.9,2.9
1921,LEMON,Lemon,10.39,1088.6,9203.5,296.9
1922,LEMON,Lemon,1.7,177.6,1501.7,48.4
1923,LEMON,Lemon,2.83,296.8,2509.0,80.9
1924,LEMON,Lemon,0.87,91.4,773.1,24.9
1925,ORANGE,Orange,1.76,131.4,1722.8,14.6
1926,LEMON,Lemon,2.67,279.3,2361.2,76.2
1927,LEMON,Lemon,3.53,370.0,3127.8,100.9
1928,LEMON,Lemon,10.02,1050.3,8879.8,286.4
1929,LEMON,Lemon,1.15,120.2,1016.3,32.8
1930,LEMON,Lemon,1.85,194.0,1640.5,52.9
1931,LEMON,Lemon,0.96,100.6,850.5,27.4
1932,LEMON,Lemon,0.17,17.6,148.6,4.8
1933,LEMON,Lemon,1.34,139.9,1183.1,38.2
1934,LEMON,Lemon,6.34,664.5,5617.8,181.2
1935,ORANGE,Orange,1.44,107.2,1405.4,11.9
1936,ORANGE,Orange,0.14,10.3,134.6,1.1
1937,LEMON,Lemon,0.63,66.2,559.3,18.0
1938,LEMON,Lemon,1.01,105.8,894.7,28.9
1939,LEMON,Lemon,0.56,58.4,493.8,15.9
1940,ORANGE,Orange,1.4,104.3,1367.8,11.6
1941,LEMON,Lemon,4.36,456.4,3858.5,124.5
1941,ORANGE,Orange,4.36,324.5,4254.6,36.1
1942,LEMON,Lemon,4.05,424.3,3587.2,115.7
1943,LEMON,Lemon,1.16,122.1,1031.9,33.3
1944,ORANGE,Orange,3.97,296.0,3880.9,32.9
1945,LEMON,Lemon,3.52,368.6,3116.7,100.5
1946,LEMON,Lemon,3.87,405.0,3424.1,110.5
1947,LEMON,Lemon,7.35,769.8,6508.6,210.0
1948,ORANGE,Orange,1.39,103.9,1361.9,11.5
1949,LEMON,Lemon,0.76,79.5,672.0,21.7
1950,LEMON,Lemon,1.12,117.4,992.9,32.0
1951,LEMON,Lemon,0.35,36.2,306.2,9.9
1952,ORANGE,Orange,0.95,70.7,927.2,7.9
1953,LEMON,Lemon,1.0,105.3,890.2,28.7
1954,LEMON,Lemon,1.45,152.0,1285.5,41.5
1955,LEMON,Lemon,0.89,93.1,787.4,25.4
1956,LEMON,Lemon,0.3,31.3,264.4,8.5
1957,LEMON,Lemon,1.6,168.0,1420.6,45.8
1958,LEMON,Lemon,4.04,423.4,3579.3,115.5
1959,LEMON,Lemon,4.36,456.8,3862.1,124.6
1960,LEMON,Lemon,1.67,175.2,1481.2,47.8
1961,ORANGE,Orange,2.1,156.2,2047.9,17.4
1962,LEMON,Lemon,0.56,59.2,500.4,16.1
1963,LEMON,Lemon,1.4,146.4,1238.1,39.9
1964,LEMON,Lemon,1.93,202.5,1712.1,55.2
1965,ORANGE,Orange,1.22,90.9,1192.4,10.1
1966,LEMON,Lemon,0.65,68.0,574.5,18.5
1967,LEMON,Lemon,1.09,114.5,968.4,31.2
1968,LEMON,Lemon,1.2,125.5,1061.0,34.2
1969,LEMON,Lemon,0.92,96.8,818.6,26.4
1970,LEMON,Lemon,0.68,70.9,599.2,19.3
1971,ORANGE,Orange,0.83,61.8,809.9,6.9
1972,LEMON,Lemon,1.57,164.7,1392.7,44.9
1973,LEMON,Lemon,0.57,60.1,508.3,16.4
1974,LEMON,Lemon,4.47,468.1,3957.9,127.7
1975,LEMON,Lemon,3.26,341.4,2886.1,93.1
1976,LEMON,Lemon,0.84,87.6,740.6,23.9
1977,LEMON,Lemon,1.36,142.9,1208.4,39.0
1978,LEMON,Lemon,3.44,360.2,3045.6,98.2
1979,LEMON,Lemon,1.86,195.2,1650.5,53.2
1980,LEMON,Lemon,0.54,56.5,477.6,15.4
1981,ORANGE,Orange,0.38,28.6,374.4,3.2
1982,ORANGE,Orange,0.96,71.3,935.1,7.9
1983,LEMON,Lemon,1.09,113.9,962.7,31.1
1984,LEMON,Lemon,12.76,1337.5,11307.6,364.8
1985,LEMON,Lemon,2.33,244.2,2064.7,66.6
1986,LEMON,Lemon,2.47,258.7,2187.5,70.6
1987,LEMON,Lemon,4.0,419.1,3543.0,114.3
1988,ORANGE,Orange,7.84,584.5,7662.9,64.9
1989,LEMON,Lemon,3.33,348.9,2950.1,95.2
1990,LEMON,Lemon,1.15,120.1,1015.1,32.7
1991,LEMON,Lemon,0.43,45.4,383.7,12.4
1992,LEMON,Lemon,0.71,74.8,632.4,20.4
1993,LEMON,Lemon,0.31,32.1,271.8,8.8
1994,LEMON,Lemon,2.37,248.6,2101.7,67.8
1995,LEMON,Lemon,2.68,281.1,2376.3,76.7
1996,LEMON,Lemon,2.22,232.9,1968.7,63.5
1997,ORANGE,Orange,1.67,124.3,1629.9,13.8
1998,LEMON,Lemon,0.46,47.9,405.3,13.1
1999,LEMON,Lemon,0.44,46.4,392.0,12.6
2000,LEMON,Lemon,0.45,46.9,396.6,12.8
2001,LEMON,Lemon,0.73,76.7,648.4,20.9
2002,LEMON,Lemon,2.96,310.3,2623.7,84.6
2003,LEMON,Lemon,0.98,103.2,872.3,28.1
2004,LEMON,Lemon,0.6,63.0,532.7,17.2
2005,LEMON,Lemon,0.69,72.7,614.8,19.8
2006,LEMON,Lemon,0.59,62.2,526.0,17.0
2007,LEMON,Lemon,0.75,78.5,664.1,21.4
2008,LEMON,Lemon,1.0,104.6,884.7,28.5
2009,ORANGE,Orange,0.37,27.9,366.2,3.1
2010,ORANGE,Orange,2.12,157.9,2070.4,17.5
2012,LEMON,Lemon,0.87,91.6,774.0,25.0
2013,LEMON,Lemon,0.97,102.0,862.0,27.8
2014,LEMON,Lemon,1.16,121.0,1023.4,33.0
2015,LEMON,Lemon,0.57,59.6,504.2,16.3
2015,ORANGE,Orange,0.57,42.4,556.0,4.7
2016,ORANGE,Orange,1.99,148.1,1941.9,16.5
2017,LEMON,Lemon,1.68,176.2,1489.3,48.0
2018,LEMON,Lemon,5.07,530.7,4487.2,144.7
2019,LEMON,Lemon,0.65,67.6,571.9,18.4
2020,LEMON,Lemon,0.49,51.3,434.0,14.0
2021,LEMON,Lemon,1.0,105.2,889.3,28.7
2022,LEMON,Lemon,1.27,133.0,1124.7,36.3
2023,LEMON,Lemon,0.83,87.0,735.5,23.7
2024,LEMON,Lemon,1.21,127.0,1074.0,34.6
2025,ORANGE,Orange,0.31,22.8,298.4,2.5
2026,LEMON,Lemon,1.52,159.7,1350.0,43.5
2027,LEMON,Lemon,1.28,134.2,1134.8,36.6
2028,LEMON,Lemon,1.33,139.4,1178.5,38.0
2029,LEMON,Lemon,1.1,115.4,975.3,31.5
2030,LEMON,Lemon,0.66,69.3,586.0,18.9
2031,LEMON,Lemon,0.7,73.3,619.4,20.0
2031,ORANGE,Orange,0.7,52.1,683.0,5.8
2032,LEMON,Lemon,1.58,165.1,1395.8,45.0
2033,LEMON,Lemon,0.22,23.3,196.9,6.4
2034,LEMON,Lemon,0.17,17.5,148.3,4.8
2035,LEMON,Lemon,0.35,36.5,308.4,9.9
2036,LEMON,Lemon,1.25,131.0,1107.9,35.7
2037,LEMON,Lemon,10.56,1106.1,9351.3,301.7
2038,ORANGE,Orange,1.42,105.6,1385.1,11.7
2039,LEMON,Lemon,1.08,112.8,954.0,30.8
2040,LEMON,Lemon,1.9,198.7,1679.5,54.2
2041,LEMON,Lemon,0.58,61.3,518.1,16.7
2042,LEMON,Lemon,2.69,282.2,2385.9,77.0
2043,LEMON,Lemon,0.45,47.6,402.3,13.0
2044,LEMON,Lemon,0.4,42.0,354.8,11.4
2045,LEMON,Lemon,1.8,188.5,1593.8,51.4
2046,LEMON,Lemon,1.43,149.6,1265.1,40.8
2047,LEMON,Lemon,1.31,136.9,1157.7,37.3
2048,LEMON,Lemon,0.36,38.0,321.7,10.4
2049,LEMON,Lemon,1.41,147.5,1247.3,40.2
2050,ORANGE,Orange,1.11,82.9,1086.6,9.2
2051,LEMON,Lemon,1.12,117.7,995.2,32.1
2052,LEMON,Lemon,2.45,256.3,2167.0,69.9
2053,LEMON,Lemon,3.57,374.3,3164.9,102.1
2054,LEMON,Lemon,1.23,128.9,1089.5,35.1
2055,LEMON,Lemon,3.8,397.9,3364.0,108.5
2056,LEMON,Lemon,1.63,170.4,1440.9,46.5
2057,LEMON,Lemon,0.25,26.4,223.5,7.2
2058,LEMON,Lemon,1.21,126.6,1070.1,34.5
2059,LEMON,Lemon,0.44,46.4,392.4,12.7
2060,LEMON,Lemon,0.73,76.3,645.2,20.8
2061,LEMON,Lemon,0.81,84.4,713.5,23.0
2062,LEMON,Lemon,0.83,86.8,733.9,23.7
2063,LEMON,Lemon,0.55,57.5,486.0,15.7
2064,LEMON,Lemon,0.36,38.2,323.3,10.4
2065,LEMON,Lemon,1.02,106.9,904.1,29.2
2066,LEMON,Lemon,0.55,58.0,490.3,15.8
2067,LEMON,Lemon,0.86,89.9,760.1,24.5
2068,LEMON,Lemon,0.91,95.4,806.6,26.0
2069,LEMON,Lemon,8.26,865.2,7315.0,236.0
2070,LEMON,Lemon,0.27,28.5,240.7,7.8
2071,LEMON,Lemon,0.94,98.1,829.4,26.8
2072,LEMON,Lemon,1.02,107.2,906.4,29.2
2073,ORANGE,Orange,0.52,39.0,511.7,4.3
2074,LEMON,Lemon,0.18,18.6,157.5,5.1
2075,ORANGE,Orange,0.69,51.1,669.9,5.7
2076,LEMON,Lemon,0.91,94.9,802.1,25.9
2077,LEMON,Lemon,2.84,297.7,2517.1,81.2
2078,LEMON,Lemon,2.08,217.9,1842.4,59.4
2079,LEMON,Lemon,1.03,108.3,915.4,29.5
2080,LEMON,Lemon,1.77,185.7,1569.7,50.6
2081,LEMON,Lemon,2.59,271.5,2295.1,74.0
2082,LEMON,Lemon,2.71,283.8,2399.5,77.4
2083,LEMON,Lemon,1.44,151.3,1279.5,41.3
2084,LEMON,Lemon,0.24,24.8,209.5,6.8
2085,LEMON,Lemon,0.42,44.1,372.5,12.0
2086,ORANGE,Orange,3.49,259.8,3406.9,28.9
2087,LEMON,Lemon,0.44,46.0,388.5,12.5
2088,LEMON,Lemon,3.48,365.1,3086.5,99.6
2089,LEMON,Lemon,0.26,26.8,226.9,7.3
2090,LEMON,Lemon,0.54,56.3,476.4,15.4
2091,LEMON,Lemon,0.65,67.9,574.4,18.5
2092,LEMON,Lemon,0.49,51.3,433.8,14.0
2093,LEMON,Lemon,0.34,35.9,303.7,9.8
2094,LEMON,Lemon,1.16,121.9,1030.6,33.2
2095,LEMON,Lemon,0.67,70.2,593.3,19.1
2096,LEMON,Lemon,0.92,96.9,819.3,26.4
2097,LEMON,Lemon,1.13,118.9,1005.3,32.4
2098,LEMON,Lemon,0.44,46.4,392.1,12.6
2099,LEMON,Lemon,0.98,102.9,870.4,28.1
2100,LEMON,Lemon,1.3,136.3,1152.8,37.2
2101,LEMON,Lemon,1.05,109.8,928.1,29.9
2102,LEMON,Lemon,3.76,393.7,3328.6,107.4
2103,LEMON,Lemon,0.92,96.1,812.1,26.2
2104,LEMON,Lemon,1.6,167.9,1419.4,45.8
2105,LEMON,Lemon,0.73,76.1,643.5,20.8
2106,LEMON,Lemon,1.77,185.8,1570.9,50.7
2107,LEMON,Lemon,0.41,43.2,365.6,11.8
2108,LEMON,Lemon,3.1,324.7,2745.5,88.6
2109,LEMON,Lemon,0.71,74.7,632.0,20.4
2110,LEMON,Lemon,1.12,117.2,991.0,32.0
2111,LEMON,Lemon,1.27,133.4,1127.7,36.4
2112,LEMON,Lemon,1.01,106.0,895.9,28.9
2113,LEMON,Lemon,0.65,68.0,575.0,18.5
2114,LEMON,Lemon,1.08,112.6,952.4,30.7
2115,LEMON,Lemon,0.72,75.0,633.7,20.4
2116,LEMON,Lemon,1.58,165.0,1395.3,45.0
2117,LEMON,Lemon,0.97,101.8,860.3,27.8
2118,LEMON,Lemon,0.57,59.8,505.5,16.3
2119,LEMON,Lemon,0.68,71.0,600.5,19.4
2120,LEMON,Lemon,0.58,60.3,509.9,16.4
2121,LEMON,Lemon,0.54,56.4,477.2,15.4
2122,LEMON,Lemon,0.43,45.4,383.5,12.4
2123,LEMON,Lemon,0.64,67.0,566.8,18.3
2124,LEMON,Lemon,0.35,36.3,307.2,9.9
2125,LEMON,Lemon,0.6,63.2,534.6,17.2
2126,LEMON,Lemon,0.27,28.0,237.0,7.6
2127,LEMON,Lemon,0.29,30.9,260.9,8.4
2128,LEMON,Lemon,0.28,29.7,251.5,8.1
2129,LEMON,Lemon,1.38,144.7,1223.5,39.5
2130,LEMON,Lemon,0.64,66.6,563.0,18.2
2131,LEMON,Lemon,2.37,248.3,2099.4,67.7
2132,LEMON,Lemon,1.51,158.6,1340.5,43.2
2133,LEMON,Lemon,0.63,66.5,562.2,18.1
2134,LEMON,Lemon,0.24,25.1,212.2,6.8
2135,LEMON,Lemon,1.04,108.9,920.9,29.7
2136,LEMON,Lemon,1.03,107.9,912.5,29.4
2137,LEMON,Lemon,1.03,108.0,913.1,29.5
2138,LEMON,Lemon,0.9,94.2,796.3,25.7
2139,LEMON,Lemon,0.21,22.0,186.0,6.0
2139,OLIVE,Olive,0.21,5.2,40.8,69.3
2140,LEMON,Lemon,1.49,156.1,1320.1,42.6
2142,LEMON,Lemon,1.65,173.1,1463.1,47.2
2143,LEMON,Lemon,0.39,40.7,344.4,11.1
2144,LEMON,Lemon,1.29,134.8,1139.7,36.8
2145,ORANGE,Orange,2.05,152.7,2001.8,17.0
2146,LEMON,Lemon,0.94,98.4,832.2,26.8
2147,LEMON,Lemon,0.58,60.7,513.1,16.6
2148,LEMON,Lemon,0.36,37.8,319.7,10.3
2149,LEMON,Lemon,1.18,123.2,1041.8,33.6
2150,LEMON,Lemon,1.07,111.6,943.7,30.4
2151,LEMON,Lemon,1.06,111.5,942.7,30.4
2152,LEMON,Lemon,1.71,179.3,1515.6,48.9
2153,LEMON,Lemon,2.6,272.9,2307.5,74.4
2155,LEMON,Lemon,2.98,312.3,2640.3,85.2
2156,LEMON,Lemon,0.17,17.9,151.4,4.9
2157,LEMON,Lemon,1.85,193.5,1635.8,52.8
2158,LEMON,Lemon,0.36,37.4,315.8,10.2
2159,LEMON,Lemon,1.46,152.8,1291.8,41.7
2160,LEMON,Lemon,0.76,79.5,672.3,21.7
2161,ORANGE,Orange,1.43,106.7,1398.9,11.9
2162,LEMON,Lemon,1.11,116.7,986.4,31.8
2163,LEMON,Lemon,0.39,40.9,345.8,11.2
2164,LEMON,Lemon,0.3,31.2,263.5,8.5
2165,LEMON,Lemon,0.35,36.7,309.9,10.0
2167,LEMON,Lemon,0.55,57.3,484.2,15.6
2168,LEMON,Lemon,1.44,151.3,1279.2,41.3
2169,ORANGE,Orange,0.62,46.1,604.6,5.1
2170,LEMON,Lemon,0.31,32.7,276.0,8.9
2171,LEMON,Lemon,1.02,107.0,904.5,29.2
2172,LEMON,Lemon,1.23,128.5,1086.6,35.1
2173,LEMON,Lemon,1.09,114.7,970.0,31.3
2174,ORANGE,Orange,3.76,280.2,3673.2,31.1
2175,ORANGE,Orange,0.94,70.3,921.7,7.8
2176,LEMON,Lemon,0.9,94.2,796.6,25.7
2177,LEMON,Lemon,0.69,72.0,608.5,19.6
2178,LEMON,Lemon,0.46,47.7,403.5,13.0
2179,LEMON,Lemon,0.42,43.7,369.6,11.9
2180,LEMON,Lemon,0.71,74.1,626.4,20.2
2181,LEMON,Lemon,1.02,106.4,899.5,29.0
2182,ORANGE,Orange,1.4,104.1,1364.9,11.6
2183,LEMON,Lemon,0.76,79.3,670.4,21.6
2184,LEMON,Lemon,0.35,37.2,314.4,10.1
2185,ORANGE,Orange,1.91,142.1,1863.5,15.8
2186,LEMON,Lemon,2.8,293.8,2483.6,80.1
2187,LEMON,Lemon,0.77,80.4,679.9,21.9
2188,LEMON,Lemon,38.05,3987.2,33710.4,1087.4
2188,ORANGE,Orange,38.05,2835.1,37171.2,315.0
2189,LEMON,Lemon,0.66,69.1,584.2,18.8
2190,ORANGE,Orange,4.23,314.8,4128.0,35.0
2191,LEMON,Lemon,3.02,315.9,2671.1,86.2
2192,LEMON,Lemon,5.34,559.0,4726.2,152.5
2193,LEMON,Lemon,0.96,101.0,853.5,27.5
2194,LIME,Lime,0.88,39.1,586.0,11.2
2194,ORANGE,Orange,0.88,65.5,858.5,7.3
2194,AVOCADO,Avocado,0.88,33.5,142.3,246.1
2197,AVOCADO,Avocado,4.12,157.0,667.0,1153.6
2198,AVOCADO,Avocado,4.92,187.4,796.4,1377.3
2199,LEMON,Lemon,2.89,302.6,2558.7,82.5
2199,LIME,Lime,2.89,128.4,1925.9,36.7
2199,AVOCADO,Avocado,2.89,110.1,467.7,808.9
2200,AVOCADO,Avocado,5.95,226.6,963.2,1665.7
2201,AVOCADO,Avocado,8.59,327.2,1390.4,2404.6
2202,ORANGE,Orange,11.36,846.6,11099.3,94.1
2202,AVOCADO,Avocado,11.36,432.9,1840.0,3182.1
2203,AVOCADO,Avocado,8.45,322.1,1369.1,2367.7
2204,ORANGE,Orange,2.34,174.5,2288.5,19.4
2205,AVOCADO,Avocado,9.8,373.5,1587.2,2744.9
2206,AVOCADO,Avocado,6.39,243.4,1034.5,1789.0
2207,AVOCADO,Avocado,17.59,670.2,2848.2,4925.7
2208,AVOCADO,Avocado,15.27,581.7,2472.0,4275.2
2209,LEMON,Lemon,10.93,1145.6,9685.7,312.4
2209,AVOCADO,Avocado,10.93,416.6,1770.5,3061.9
2210,TROPICAL/SUBTROPICAL FRUIT,Subtropical fruit,7.1,314.1,3865.9,120.8
2210,AVOCADO,Avocado,7.1,270.6,1150.1,1989.0
2211,AVOCADO,Avocado,11.26,429.1,1823.8,3154.1
2212,AVOCADO,Avocado,4.15,158.1,672.0,1162.1
2213,AVOCADO,Avocado,2.44,92.9,394.7,682.5
2214,ORANGE,Orange,4.48,333.8,4376.0,37.1
2214,AVOCADO,Avocado,4.48,170.7,725.4,1254.6
2215,AVOCADO,Avocado,10.41,396.5,1685.1,2914.2
2216,GRAPEFRUIT,Grapefruit,13.58,1034.6,13837.9,129.3
2216,LEMON,Lemon,13.58,1422.6,12027.4,388.0
2216,LIME,Lime,13.58,603.5,9052.9,172.4
2216,ORANGE,Orange,13.58,1011.5,13262.1,112.4
2216,TANGERINE,Mandarin,13.58,911.4,15152.8,341.8
2216,GARLIC,Root veg & alliums,13.58,2327.9,18429.0,194.0
2216,ONION DRY ETC,Root veg & alliums,13.58,2327.9,18429.0,194.0
2217,AVOCADO,Avocado,37.28,1420.3,6036.3,10439.2
2218,AVOCADO,Avocado,10.23,389.7,1656.3,2864.4
2219,AVOCADO,Avocado,11.14,424.3,1803.5,3118.9
2220,AVOCADO,Avocado,34.3,1306.9,5554.3,9605.7
2221,AVOCADO,Avocado,44.98,1714.0,7284.4,12597.7
2222,LEMON,Lemon,12.25,1283.9,10854.8,350.2
2222,TANGERINE,Mandarin,12.25,822.6,13675.5,308.5
2222,AVOCADO,Avocado,12.25,466.9,1984.2,3431.5
2223,GRAPEFRUIT,Grapefruit,3.82,291.2,3894.5,36.4
2223,TANGERINE,Mandarin,3.82,256.5,4264.5,96.2
2223,AVOCADO,Avocado,3.82,145.6,618.8,1070.1
2224,LEMON,Lemon,11.69,1224.9,10356.1,334.1
2224,TANGERINE,Mandarin,11.69,784.8,13047.2,294.3
2225,LEMON,Lemon,13.64,1428.9,12080.8,389.7
2225,TANGERINE,Mandarin,13.64,915.5,15220.0,343.3
2225,AVOCADO,Avocado,13.64,519.6,2208.3,3819.1
2226,LEMON,Lemon,11.49,1204.1,10180.2,328.4
2226,TANGERINE,Mandarin,11.49,771.5,12825.6,289.3
2226,AVOCADO,Avocado,11.49,437.9,1860.9,3218.3
2227,LEMON,Lemon,10.43,1092.6,9237.6,298.0
2227,AVOCADO,Avocado,10.43,397.3,1688.6,2920.3
2228,LEMON,Lemon,11.79,1235.8,10447.8,337.0
2228,ORANGE,Orange,11.79,878.7,11520.4,97.6
2228,TANGERINE,Mandarin,11.79,791.7,13162.7,296.9
2229,LEMON,Lemon,13.96,1462.4,12364.2,398.8
2229,ORANGE,Orange,13.96,1039.8,13633.6,115.5
2229,TANGERINE,Mandarin,13.96,937.0,15577.2,351.4
2229,TROPICAL/SUBTROPICAL FRUIT,Subtropical fruit,13.96,617.3,7597.1,237.4
2230,LEMON,Lemon,2.77,289.9,2450.9,79.1
2231,LEMON,Lemon,1.8,189.1,1598.9,51.6
2231,AVOCADO,Avocado,1.8,68.8,292.3,505.5
2232,AVOCADO,Avocado,19.88,757.4,3219.1,5567.2
2233,AVOCADO,Avocado,9.26,352.7,1499.1,2592.5
2234,ORANGE,Orange,12.13,903.9,11851.7,100.4
2234,TANGERINE,Mandarin,12.13,814.5,13541.3,305.4
2234,AVOCADO,Avocado,12.13,462.3,1964.7,3397.8
2235,LEMON,Lemon,30.38,3183.4,26914.4,868.2
2236,OLIVE,Olive,35.63,879.1,6923.3,11758.6
2239,GRAPE,Grape,4.11,99.2,2564.6,28.3
2244,TOMATO,Tomato,23.51,5470.3,23704.4,1215.6
2245,TOMATO,Tomato,277.43,64555.9,279742.4,14345.8
2246,TOMATO,Tomato,109.88,25568.1,110795.0,5681.8
2247,TOMATO,Tomato,53.32,12407.2,53764.4,2757.1
2247,BRUSSEL SPROUT,Brassicas,53.32,9287.2,21670.2,928.7
2248,TOMATO,Tomato,38.05,8854.9,38371.3,1967.8
2248,BRUSSEL SPROUT,Brassicas,38.05,6628.2,15465.9,662.8
2249,TOMATO,Tomato,60.3,14031.6,60803.4,3118.1
2250,TOMATO,Tomato,49.73,11571.8,50144.6,2571.5
2250,BRUSSEL SPROUT,Brassicas,49.73,8661.9,20211.2,866.2
2251,TOMATO,Tomato,49.23,11455.7,49641.2,2545.7
2251,BRUSSEL SPROUT,Brassicas,49.23,8575.0,20008.3,857.5
2252,TOMATO,Tomato,57.38,13352.6,57861.3,2967.2
2252,BRUSSEL SPROUT,Brassicas,57.38,9994.9,23321.5,999.5
2253,TOMATO,Tomato,1.52,354.1,1534.6,78.7
2254,ORANGE,Orange,44.18,3291.2,43150.7,365.7
2258,GRAPE,Grape,10.02,241.9,6254.7,69.1
2259,GRAPE,Grape,0.62,14.9,384.3,4.2
2260,GRAPE,Grape,7.49,180.7,4671.7,51.6
2261,GRAPE,Grape,4.7,113.5,2934.6,32.4
2262,GRAPE,Grape,3.96,95.5,2469.4,27.3
2263,AVOCADO,Avocado,15.36,585.3,2487.5,4301.9
2264,GRAPE,Grape,2.46,59.3,1533.5,16.9
2273,APPLE,Apple / pear,2.48,60.7,2793.3,40.5
2273,PEACH,Stone fruit,2.48,136.6,1669.9,45.5
2274,GRAPE,Grape,0.18,4.3,111.9,1.2
2311,GRAPEFRUIT,Grapefruit,58.07,4425.2,59187.5,553.2
2311,LEMON,Lemon,58.07,6084.7,51443.4,1659.5
2311,ORANGE,Orange,58.07,4326.5,56724.7,480.7
2311,TANGERINE,Mandarin,58.07,3898.4,64811.3,1461.9
2311,APPLE,Apple / pear,58.07,1422.4,65430.3,948.3
2311,PERSIMMON,Persimmon,58.07,2015.1,62467.0,671.7
2311,POMEGRANATE,Pomegranate,58.07,3761.5,41376.0,2655.1
2311,AVOCADO,Avocado,58.07,2212.6,9403.6,16262.7
2317,AVOCADO,Avocado,55.24,2104.6,8944.7,15469.1
2318,AVOCADO,Avocado,36.03,1372.6,5833.7,10088.9
2330,GRAPE,Grape,0.89,21.6,557.4,6.2
2331,GRAPE,Grape,1.78,43.0,1112.6,12.3
2333,GRAPE,Grape,0.35,8.4,217.9,2.4
2334,AVOCADO,Avocado,9.23,351.8,1494.9,2585.4
2336,AVOCADO,Avocado,9.99,380.8,1618.5,2799.0
2337,AVOCADO,Avocado,8.18,311.5,1323.9,2289.6
2338,KUMQUAT,Kumquat,17.95,1438.4,12037.4,681.4
2338,AVOCADO,Avocado,17.95,683.8,2906.2,5026.0
2339,AVOCADO,Avocado,21.36,813.9,3459.2,5982.4
2341,AVOCADO,Avocado,3.03,115.5,490.8,848.7
2342,AVOCADO,Avocado,8.96,341.2,1450.1,2507.9
2343,AVOCADO,Avocado,5.33,203.1,863.3,1493.0
2344,AVOCADO,Avocado,7.36,280.6,1192.5,2062.3
2345,AVOCADO,Avocado,13.24,504.3,2143.3,3706.7
2346,ORANGE,Orange,4.42,329.4,4318.8,36.6
2346,AVOCADO,Avocado,4.42,168.5,716.0,1238.2
2347,AVOCADO,Avocado,4.52,172.4,732.6,1266.9
2348,AVOCADO,Avocado,4.82,183.6,780.4,1349.6
2349,AVOCADO,Avocado,1.43,54.4,231.3,400.0
2350,AVOCADO,Avocado,7.94,302.6,1286.0,2224.0
2351,AVOCADO,Avocado,3.2,121.8,517.6,895.1
2352,AVOCADO,Avocado,4.16,158.4,673.1,1164.0
2353,AVOCADO,Avocado,5.57,212.3,902.3,1560.4
2354,AVOCADO,Avocado,3.62,138.1,586.9,1015.0
2355,AVOCADO,Avocado,3.91,149.2,634.0,1096.4
2356,AVOCADO,Avocado,8.9,339.1,1441.1,2492.3
2357,AVOCADO,Avocado,2.73,104.0,442.1,764.6
2358,AVOCADO,Avocado,2.85,108.7,461.8,798.7
2359,AVOCADO,Avocado,5.58,212.6,903.7,1562.8
2360,AVOCADO,Avocado,5.04,192.1,816.5,1412.1
2361,AVOCADO,Avocado,8.1,308.6,1311.7,2268.4
2362,AVOCADO,Avocado,17.61,671.0,2851.7,4931.7
2363,AVOCADO,Avocado,6.84,260.4,1106.9,1914.3
2364,AVOCADO,Avocado,2.39,91.0,386.6,668.6
2365,AVOCADO,Avocado,9.72,370.4,1574.1,2722.3
2366,AVOCADO,Avocado,10.25,390.4,1659.2,2869.5
2367,AVOCADO,Avocado,11.76,448.0,1903.9,3292.6
2368,AVOCADO,Avocado,11.05,421.1,1789.6,3094.9
2370,AVOCADO,Avocado,7.14,272.0,1156.1,1999.4
2371,AVOCADO,Avocado,5.99,228.1,969.2,1676.2
2373,AVOCADO,Avocado,9.51,362.2,1539.3,2662.0
2374,AVOCADO,Avocado,2.8,106.8,453.9,785.0
2375,AVOCADO,Avocado,5.2,198.2,842.3,1456.7
2376,AVOCADO,Avocado,3.34,127.2,540.7,935.2
2377,GRAPEFRUIT,Grapefruit,27.44,2091.4,27972.4,261.4
2377,LEMON,Lemon,27.44,2875.7,24312.5,784.3
2377,ORANGE,Orange,27.44,2044.7,26808.5,227.2
2377,AVOCADO,Avocado,27.44,1045.7,4444.2,7685.9
2377,POMELO,Grapefruit,27.44,2091.4,27972.4,261.4
2378,AVOCADO,Avocado,3.74,142.5,605.6,1047.3
2380,GRAPE,Grape,0.41,10.0,258.2,2.9
2381,AVOCADO,Avocado,75.25,2867.3,12186.0,21074.7
2382,AVOCADO,Avocado,1.8,68.5,291.2,503.6
2383,GRAPE,Grape,0.04,0.9,24.5,0.3
2385,ORANGE,Orange,21.97,1636.9,21461.8,181.9
2386,GRAPE,Grape,0.06,1.5,39.2,0.4
2388,APPLE,Apple / pear,1.02,25.0,1149.1,16.7
2389,AVOCADO,Avocado,4.82,183.8,781.0,1350.7
2390,LEMON,Lemon,5.0,524.3,4432.4,143.0
2391,GRAPE,Grape,3.06,73.7,1906.6,21.1
