{
  "type" : "FeatureCollection",
  "features" : [{"type":"Feature","id":1,"geometry":{"type":"Polygon","coordinates":[[[-117.33014197668214,33.447830706162179],[-117.33012979071781,33.448134280011686],[-117.33025747540782,33.448333573860928],[-117.3310364230783,33.44872570340835],[-117.33170132387157,33.448916508339764],[-117.33197284723698,33.448412184603988],[-117.3329958153638,33.448880469895805],[-117.3330126857792,33.447404935017744],[-117.33282754003842,33.447162245830647],[-117.33233085359979,33.447059687944879],[-117.33187217962394,33.44708505437422],[-117.33129739618904,33.447332768072968],[-117.33116328658004,33.446810749469947],[-117.33080331776775,33.44605425429986],[-117.33083709715653,33.445840197343514],[-117.33074608553865,33.445550117732232],[-117.3297737405304,33.445570777865676],[-117.32973529323105,33.445594803835341],[-117.33005972280176,33.446549698008887],[-117.33008217717389,33.446754678571772],[-117.33014197668214,33.447830706162179]]]},"properties":{"OBJECTID":1,"Record_Num":"AWM2010-LCP-00171","Business_N":"CUNNINGHAM ORGANIC FARM","PRODUCER_L":"40411 DE LUZ RD FALLBROOK CA 92028 APN 101-240-37/38-00","Area":15,"Shape_Length":4194.1904525580121,"Shape_Area":652986.81478765875}},{"type":"Feature","id":2,"geometry":{"type":"Polygon","coordinates":[[[-117.32430423984718,33.462927089399891],[-117.32139212086007,33.462991904150854],[-117.32091949916531,33.463594941025754],[-117.32063441995166,33.46389470404376],[-117.32429046861947,33.46388150637101],[-117.32430423984718,33.462927089399891]]]},"properties":{"OBJECTID":2,"Record_Num":"AWM2010-LCP-00060","Business_N":"DAVIS, JEANNE & JIM","PRODUCER_L":"41272 DE LUZ RD FALLBROOK CA 92028 APN 101-210-24-00","Area":8,"Shape_Length":2752.8013715758721,"Shape_Area":335079.25124112557}},{"type":"Feature","id":3,"geometry":{"type":"Polygon","coordinates":[[[-117.33793434246385,33.460636008197177],[-117.33761302763764,33.460799140896057],[-117.33756590191678,33.460818256858502],[-117.33758530266677,33.461449888273336],[-117.33718674562074,33.461457135083684],[-117.33718888013365,33.461482309874874],[-117.33727562249497,33.462048405143172],[-117.33763707392642,33.461999439035075],[-117.33766128880283,33.461932425904898],[-117.33950992264049,33.461536437492434],[-117.33966440170441,33.460594144885228],[-117.33960458634087,33.459997277300801],[-117.33779686998312,33.460202050812782],[-117.33793434246385,33.460636008197177]]]},"properties":{"OBJECTID":3,"Record_Num":"AWM2012-LCP-00070","Business_N":"FANCY TREATS","PRODUCER_L":"2120 CALLE CARALENE FALLBROOK CA 92028 APN 101-240-40-00","Area":9,"Shape_Length":2701.7259923848951,"Shape_Area":370668.29685490765}},{"type":"Feature","id":4,"geometry":{"type":"Polygon","coordinates":[[[-117.3199123033677,33.449239281308216],[-117.31986324357443,33.445783839585054],[-117.31909961075736,33.445781244962248],[-117.31870415179708,33.445297330256686],[-117.31853540628597,33.445796542557247],[-117.31808672548215,33.446043171040877],[-117.31763064148811,33.446653258784089],[-117.31720483752474,33.447580674977679],[-117.31699853391062,33.44821228345095],[-117.31655899812223,33.448761912961729],[-117.31655599309754,33.44926199099335],[-117.3199123033677,33.449239281308216]]]},"properties":{"OBJECTID":4,"Record_Num":"AWM2010-LCP-00093","Business_N":"GARCIA FARM","PRODUCER_L":"40430 DELUZ MURRIETA, FALLBROOK CA 92028 APN 101-260-09/10/11-00","Area":23,"Shape_Length":4364.6612248739875,"Shape_Area":1017662.8443372749}},{"type":"Feature","id":5,"geometry":{"type":"Polygon","coordinates":[[[-117.33732074941152,33.445333691701883],[-117.3373517702541,33.443160473760983],[-117.33735354672243,33.443028764731366],[-117.33503420587411,33.442980311040365],[-117.33455647761964,33.443559923041427],[-117.3337823401847,33.444471350010261],[-117.33305806068168,33.444171328297308],[-117.33306284921871,33.444557779023008],[-117.33403941106809,33.445373787792953],[-117.33541203095413,33.445356090223299],[-117.33537568058733,33.445178906737659],[-117.33635938317769,33.445193221196689],[-117.33654228062697,33.445346220992484],[-117.33732074941152,33.445333691701883]]]},"properties":{"OBJECTID":5,"Record_Num":"AWM2010-LCP-00170","Business_N":"CUNNINGHAM ORGANIC FARM","PRODUCER_L":"40164 DE LUZ RD FALLBROOK CA 92028 APN 101-311-03-00","Area":19,"Shape_Length":4118.2380343706945,"Shape_Area":847252.64961845521}},{"type":"Feature","id":6,"geometry":{"type":"Polygon","coordinates":[[[-117.2648457995717,33.43508977184036],[-117.26476318018835,33.435322937684553],[-117.26617758138049,33.43531770961669],[-117.26617093872707,33.434985523855161],[-117.26552540921392,33.435025296079857],[-117.26554909841246,33.43471304706059],[-117.26616412757183,33.434644851778138],[-117.26611233403247,33.43205454460589],[-117.2649580744567,33.431746189637636],[-117.26435035694084,33.431751148416815],[-117.26294360318546,33.432635798187754],[-117.26296630572658,33.434595024371681],[-117.26296781237586,33.435338886376002],[-117.2633007603217,33.435340945588251],[-117.2637295824061,33.434964318712751],[-117.26368930596105,33.434671209755116],[-117.26481824716048,33.435078641625452],[-117.2648457995717,33.43508977184036]]]},"properties":{"OBJECTID":6,"Record_Num":"AWM2010-LCP-00247","Business_N":"SANTIAGO'S FARM","PRODUCER_L":"2996 DE LUZ HEIGHTS RD, FALLBROOK, CA  92028  APN-101-350-09-00","Area":25,"Shape_Length":4941.9343561409623,"Shape_Area":1091648.9808086236}},{"type":"Feature","id":7,"geometry":{"type":"Polygon","coordinates":[[[-117.24712687855532,33.448342834508729],[-117.24752289873614,33.44773272767813],[-117.24678266894001,33.44690842689694],[-117.24646090058116,33.446842296302954],[-117.24633927438755,33.44695778570793],[-117.24637318408755,33.447535816574515],[-117.24623665895321,33.447542635976866],[-117.24617127811885,33.447199613798297],[-117.24612579201766,33.447203794980929],[-117.24609987280672,33.447526554322828],[-117.24620125680215,33.447632622649735],[-117.24647678877514,33.447836543262753],[-117.24712687855532,33.448342834508729]]]},"properties":{"OBJECTID":7,"Record_Num":"AWM2016-LCP-00044","Business_N":"JCI FARMS","PRODUCER_L":"40355 Sandia Creek, Fallbrook, CA 92028 APN 101-360-36-00","Area":3,"Shape_Length":1727.8819406548448,"Shape_Area":120687.31753646019}},{"type":"Feature","id":8,"geometry":{"type":"Polygon","coordinates":[[[-117.24376364264329,33.444072597531168],[-117.24376586769949,33.444027918887059],[-117.24404973425384,33.443296760221763],[-117.24399720738627,33.443242212824849],[-117.24397805039006,33.443159152260264],[-117.24390546648843,33.442461952377123],[-117.24385624471363,33.442457765135671],[-117.24377172198123,33.44271266401978],[-117.24144365136483,33.443284277961673],[-117.2414464650174,33.445255189574247],[-117.24202082517795,33.445311684837797],[-117.2424769825563,33.445384389140777],[-117.24285264035467,33.445385207669318],[-117.24325938847264,33.445317067767107],[-117.24360071140445,33.445248929859339],[-117.24373757452804,33.445274598618397],[-117.24375900151233,33.444180535732485],[-117.24376364264329,33.444072597531168]]]},"properties":{"OBJECTID":8,"Record_Num":"AWM2010-LCP-00123","Business_N":"GERWIG AVOCADO RANCH","PRODUCER_L":"40225 SANDIA CREEK DR FALLBROOK CA 92028 APN 101-361-18/23/27-00","Area":14,"Shape_Length":3321.9466820441917,"Shape_Area":623877.79944266286}},{"type":"Feature","id":9,"geometry":{"type":"Polygon","coordinates":[[[-117.24410403695033,33.443235365390059],[-117.24413050286351,33.443250461884737],[-117.24399206378735,33.443579559379998],[-117.24406320531632,33.44378880037133],[-117.24469223205844,33.443343902426179],[-117.24470532663015,33.443433088785376],[-117.24477530975939,33.443433423509582],[-117.24571077411031,33.443410507696441],[-117.24574738703845,33.443615644676854],[-117.24599619234242,33.44370080915234],[-117.24629792462139,33.443707934982271],[-117.24620932925568,33.443260154051927],[-117.24629617628061,33.442259520676849],[-117.2463161626803,33.44191581523846],[-117.24611503925667,33.44156746633471],[-117.24573607052312,33.440868114106507],[-117.24572730352854,33.440823802925323],[-117.24567415914335,33.440615863178891],[-117.24567677672441,33.440445977502328],[-117.24569971720612,33.439861765693443],[-117.2457040461745,33.439642243355166],[-117.24579974008522,33.439049814260088],[-117.2449142631183,33.439056901443621],[-117.24397282428041,33.442150618320767],[-117.24402793928439,33.443150087346474],[-117.24405032655831,33.443196859583615],[-117.24410403695033,33.443235365390059]]]},"properties":{"OBJECTID":9,"Record_Num":"AWM2010-LCP-00122","Business_N":"PEDRO GALLARDO","PRODUCER_L":"4172 EAST SANDIA CREEK DR FALLBROOK CA 92028 APN 101-361-19-00","Area":19,"Shape_Length":4633.3013966913186,"Shape_Area":829944.99035317742}},{"type":"Feature","id":10,"geometry":{"type":"Polygon","coordinates":[[[-117.30572412850938,33.438433065495438],[-117.3025805077942,33.438498361579278],[-117.30258562089536,33.438922982527252],[-117.303852246261,33.441073744199947],[-117.30414678915346,33.440956732136883],[-117.30422726021716,33.440550473044922],[-117.30523508891245,33.439881072053261],[-117.30532188428555,33.439763433851112],[-117.30541531524285,33.439723992334173],[-117.30596381612409,33.43990065254679],[-117.30624099072378,33.439759925755418],[-117.30628612485148,33.439256148923967],[-117.30572412850938,33.438433065495438]]]},"properties":{"OBJECTID":10,"Record_Num":"AWM2011-LCP-00010","Business_N":"URUETA-RUIZ, EMMA S","PRODUCER_L":"39695 BERG RD FALLBROOK CA 92028 APN 101-370-61-00","Area":15,"Shape_Length":3517.38781730655,"Shape_Area":647083.71184731496}},{"type":"Feature","id":11,"geometry":{"type":"Polygon","coordinates":[[[-117.30693154390832,33.439339585403367],[-117.30702555987929,33.439301568688443],[-117.30716925033182,33.439229728884946],[-117.30731297409801,33.439160751525002],[-117.30748494867819,33.439098214462554],[-117.30801458194946,33.439032633927496],[-117.30808401482405,33.438938522522967],[-117.30827884943753,33.438860520469461],[-117.30876804062753,33.438839179200009],[-117.30901157873873,33.438835196639346],[-117.30917017670508,33.438772771137607],[-117.3093186767008,33.438628360541472],[-117.30939614822614,33.438446383203789],[-117.30940314724791,33.438402779595698],[-117.30632593329082,33.438415214113171],[-117.30632661542484,33.438584691757193],[-117.30637206462549,33.438594242425047],[-117.30643195373737,33.438606828161902],[-117.30645825960391,33.43861181020214],[-117.30654705578368,33.438628625443599],[-117.30675013828612,33.438592545154243],[-117.30676654838308,33.438630797367956],[-117.30682025673254,33.438898346789884],[-117.30683269378787,33.438957933603],[-117.3066503728258,33.438964616240689],[-117.30653868984837,33.438765161523065],[-117.30642825285057,33.438668761270542],[-117.30635679165725,33.438689408580515],[-117.30636579217847,33.438963216119873],[-117.30651953208157,33.439252017451338],[-117.30677772120521,33.439329984780187],[-117.30691290801094,33.439342221657263],[-117.30693154390832,33.439339585403367]]]},"properties":{"OBJECTID":11,"Record_Num":"AWM2013-LCP-00006","Business_N":"LAND OF MILK AND HONEY, THE","PRODUCER_L":"39807 JONES RD FALLBROOK CA 92028 APN 101-370-63-00","Area":4,"Shape_Length":2714.5923948888253,"Shape_Area":194826.40054390181}},{"type":"Feature","id":12,"geometry":{"type":"Polygon","coordinates":[[[-117.30932535326711,33.433962414779394],[-117.30910484941825,33.433969555318839],[-117.30910851035726,33.434402476532632],[-117.30925078267941,33.434421114761463],[-117.30922836030028,33.434674767437251],[-117.30896040668756,33.434654146352393],[-117.30895638418696,33.434472481661238],[-117.30902800107249,33.434371097730669],[-117.30902840398429,33.433972031418833],[-117.30887753737106,33.433976916647509],[-117.30888676550221,33.434738752401891],[-117.30933480731365,33.434742571163845],[-117.30932535326711,33.433962414779394]]]},"properties":{"OBJECTID":12,"Record_Num":"AWM2010-LCP-00036","Business_N":"MANCHOR, MICHAEL  *","PRODUCER_L":"39524 DAILY RD FALLBROOK CA 92028 APN 101-450-15-00","Area":1,"Shape_Length":1441.4859827999114,"Shape_Area":26655.1697856881}},{"type":"Feature","id":13,"geometry":{"type":"Polygon","coordinates":[[[-117.28530259224267,33.439301147939652],[-117.28676615218765,33.438782031545855],[-117.2868392097761,33.438799744954324],[-117.28690498368603,33.438817519051106],[-117.28718479547662,33.438663302803427],[-117.286689937866,33.438037550724665],[-117.28633246138148,33.437853251198312],[-117.2860514707521,33.437956187711599],[-117.28603705991196,33.437962066913876],[-117.28622042278363,33.438374322891079],[-117.28619392822996,33.438597467684701],[-117.2861074063721,33.438673006042698],[-117.28595327085372,33.438729257625191],[-117.28562563285465,33.4387442018133],[-117.28509360636376,33.438724200615454],[-117.28507132448236,33.438841955720093],[-117.28512182729067,33.438942231542242],[-117.28535661462487,33.438788048848544],[-117.28583342296737,33.438970166124143],[-117.28556463287018,33.439052566488606],[-117.28533369704196,33.438871263455177],[-117.28514400856939,33.438986274277134],[-117.28530259224267,33.439301147939652]]]},"properties":{"OBJECTID":13,"Record_Num":"AWM2010-LCP-00035","Business_N":"MANCHOR, MICHAEL  *","PRODUCER_L":"40020-21 CATHY DR FALLBROOK CA 92028 APN 101-500-04-00","Area":3,"Shape_Length":2437.943274571905,"Shape_Area":122113.84944179925}},{"type":"Feature","id":14,"geometry":{"type":"Polygon","coordinates":[[[-117.28233601250811,33.438601355048597],[-117.28225909281379,33.43844930642426],[-117.28221999107465,33.438415276314771],[-117.2819140913672,33.438728915921942],[-117.28192157351586,33.43878420272425],[-117.28197904179841,33.439216977876207],[-117.28202731688803,33.43925665770972],[-117.28280947805965,33.438790192288984],[-117.28308887265324,33.438545479994914],[-117.2829841821253,33.437969953029906],[-117.28277735694375,33.437805623242845],[-117.2827153813919,33.437955008192453],[-117.28241683231191,33.438266868513153],[-117.28248239258772,33.438273770438606],[-117.28266954052596,33.438121437363911],[-117.28272931004335,33.438170564146112],[-117.28275840633481,33.438321101666162],[-117.28236873743336,33.438673610516311],[-117.28231156004648,33.438626057149804],[-117.28233601250811,33.438601355048597]]]},"properties":{"OBJECTID":14,"Record_Num":"AWM2010-LCP-00037","Business_N":"MANCHOR, MICHAEL","PRODUCER_L":"40020 LAKEVIEW DR FALLBROOK CA 92028 APN 101-500-12-00","Area":2,"Shape_Length":1733.8161823513483,"Shape_Area":78011.324891285185}},{"type":"Feature","id":15,"geometry":{"type":"Polygon","coordinates":[[[-117.28115406666365,33.4367187784677],[-117.28144495598475,33.436622806855361],[-117.28122144887118,33.43635593022362],[-117.28104275971356,33.436337562799068],[-117.28099449589233,33.436260091432608],[-117.28126342219019,33.436054596353323],[-117.28121011758249,33.435588386336988],[-117.28100215024031,33.435615876738062],[-117.28056118892485,33.436154893253267],[-117.28048251894614,33.436433246415646],[-117.28056621742432,33.436581423094793],[-117.28082803504141,33.436776792492928],[-117.28086245493968,33.436787106627648],[-117.28115406666365,33.4367187784677]]]},"properties":{"OBJECTID":15,"Record_Num":"AWM2016-LCP-00072","Business_N":"SANTIAGO'S FARM","PRODUCER_L":"2625 JOAN LN, FALLBROOK, CA  92028  APN 101-510-06-00","Area":2,"Shape_Length":1258.4253502884776,"Shape_Area":70832.42910834853}},{"type":"Feature","id":16,"geometry":{"type":"Polygon","coordinates":[[[-117.28087911463456,33.437023252964764],[-117.28053411286221,33.43744559021895],[-117.28057038146086,33.437579305345828],[-117.28072260585154,33.437746954222099],[-117.28080079871307,33.437717677216263],[-117.28090758932602,33.437796953790617],[-117.28074853171695,33.437918513594326],[-117.28062379065371,33.437764950531104],[-117.28053681157478,33.437628252657419],[-117.28049624411221,33.437490693140965],[-117.28024168517396,33.437793883558953],[-117.28074103301149,33.438091235465237],[-117.28185083118453,33.438731023305905],[-117.28256345969942,33.437967394852102],[-117.28128184587069,33.43739209037787],[-117.28087911463456,33.437023252964764]]]},"properties":{"OBJECTID":16,"Record_Num":"AWM2016-LCP-00062","Business_N":"TEMECULA VALLEY FARMS","PRODUCER_L":"2656 Joan LN, Fallbrook, CA 92028 APN 101-510-15-00","Area":4,"Shape_Length":2334.547673273401,"Shape_Area":192258.80174217321}},{"type":"Feature","id":17,"geometry":{"type":"Polygon","coordinates":[[[-117.32857769077187,33.441856076119031],[-117.32854661408237,33.439927892026127],[-117.32638511869116,33.439952726461058],[-117.32641977141816,33.4418793531405],[-117.32857769077187,33.441856076119031]]]},"properties":{"OBJECTID":17,"Record_Num":"AWM2010-LCP-00198","Business_N":"OAKES KNOLL RANCH","PRODUCER_L":"39956 DE LUZ RD FALLBROOK CA 92028 APN 101-561-03-00","Area":11,"Shape_Length":2720.5728785014471,"Shape_Area":462142.75760072336}},{"type":"Feature","id":18,"geometry":{"type":"Polygon","coordinates":[[[-117.3109286031458,33.428411775011924],[-117.31098404995888,33.428235264504814],[-117.31103121331989,33.428189836496166],[-117.31123120531487,33.427972797115672],[-117.31120540669677,33.42758775799534],[-117.31120785632709,33.427227010364135],[-117.31121719470532,33.427152495174631],[-117.3091167675957,33.427382258569956],[-117.30870646823381,33.427334220449268],[-117.30700539535884,33.427554822283092],[-117.30701920217898,33.427849583823885],[-117.3071591533844,33.428128959340164],[-117.30787012570929,33.428758477824246],[-117.30865924753201,33.428791842467241],[-117.30924139876277,33.428932893645857],[-117.30946039656536,33.428690543231951],[-117.30910559727367,33.428433041637334],[-117.3090695500084,33.428275888139467],[-117.30913443693917,33.42775097797513],[-117.3090739661412,33.427644611641966],[-117.30913083018848,33.427453266818667],[-117.30930417424331,33.427482327216353],[-117.30934731545669,33.42766136855348],[-117.30923030547447,33.427773064570026],[-117.30916666993878,33.428282987767112],[-117.3109286031458,33.428411775011924]]]},"properties":{"OBJECTID":18,"Record_Num":"AWM2010-LCP-00096","Business_N":"SAHU, RANAJIT & CATHERINE","PRODUCER_L":"39238 DAILY RD FALLBROOK CA 92028 APN 102-071-10/18-00","Area":12,"Shape_Length":4263.1991503768477,"Shape_Area":522145.86305570824}},{"type":"Feature","id":19,"geometry":{"type":"Polygon","coordinates":[[[-117.31131975199429,33.414756339472959],[-117.30949699848161,33.414704480377551],[-117.30927845982823,33.416503490300208],[-117.31132033028092,33.416310134411511],[-117.31135123710737,33.416306435079782],[-117.3113198349139,33.414978689949535],[-117.31131975199429,33.414756339472959]]]},"properties":{"OBJECTID":19,"Record_Num":"AWM2012-LCP-00003","Business_N":"CRANE/ WILLIAMSON GROVE","PRODUCER_L":"000 DELUZ CANYON RD FALLBROOK CA APN 102-130-14-00","Area":8,"Shape_Length":2415.1897333612833,"Shape_Area":361099.17327610706}},{"type":"Feature","id":20,"geometry":{"type":"Polygon","coordinates":[[[-117.22031170375411,33.419841685325515],[-117.22039466407904,33.419626320721214],[-117.22005297761196,33.419600358224223],[-117.21997268927467,33.419543726950806],[-117.22019698658859,33.419246145026143],[-117.22047140354829,33.419363290484043],[-117.22038169586548,33.419483277770091],[-117.22046751428172,33.419525551200508],[-117.22070313541717,33.419223109088726],[-117.22069114114893,33.419065266234774],[-117.21921509213655,33.418647347968928],[-117.21901321148572,33.418605978299745],[-117.21897491901169,33.419771472880974],[-117.22030401947217,33.419867034245705],[-117.22031170375411,33.419841685325515]]]},"properties":{"OBJECTID":20,"Record_Num":"AWM2016-LCP-00057","Business_N":"BARE BEES HONEY","PRODUCER_L":"42310 Via Del Gavilan, Fallbrook, CA 92028 APN 102-180-60-00","Area":4,"Shape_Length":2091.5926325000305,"Shape_Area":160441.63011896823}},{"type":"Feature","id":21,"geometry":{"type":"Polygon","coordinates":[[[-117.14386161060506,33.420100297269137],[-117.14333454756141,33.420098410985268],[-117.14334073284562,33.421241534658101],[-117.14336342180125,33.421240956860586],[-117.14385806727179,33.421239221406132],[-117.14386458145631,33.42081527146977],[-117.14386161060506,33.420100297269137]]]},"properties":{"OBJECTID":21,"Record_Num":"AWM2015-LCP-00007","Business_N":"RESENDIZ BROTHERS PROTEA GROWERS LLC","PRODUCER_L":"5467 Rainbow Creek Rd, Fallbrook, CA  92028  APN 102-240-10-00","Area":2,"Shape_Length":1149.0618892280816,"Shape_Area":66468.666291649526}},{"type":"Feature","id":22,"geometry":{"type":"Polygon","coordinates":[[[-117.17201500324882,33.424431251186519],[-117.17201822410193,33.42322595677004],[-117.17174636494202,33.423346304946705],[-117.17163692096098,33.423328030135281],[-117.17148503932795,33.423386413221273],[-117.17149569210187,33.423533295482912],[-117.1713762353782,33.423644878639678],[-117.17113218753092,33.423812733235522],[-117.17114098750041,33.424432003448239],[-117.17201500324882,33.424431251186519]]]},"properties":{"OBJECTID":22,"Record_Num":"AWM2010-LCP-00201","Business_N":"VENEGAS GROWERS","PRODUCER_L":"2511 RAINBOW GLEN FALLBROOK CA 92028 APN 102-570-47-00","Area":2,"Shape_Length":1313.832299045145,"Shape_Area":94538.689962054879}},{"type":"Feature","id":23,"geometry":{"type":"Polygon","coordinates":[[[-117.15616848400701,33.40583739247041],[-117.15504158262083,33.405841134814089],[-117.15447110780043,33.405842068612628],[-117.15446760344969,33.406016112681456],[-117.1542231151264,33.406029819757826],[-117.15419364853439,33.406041008587742],[-117.15423655300704,33.406118949008587],[-117.15432906685585,33.40615936707858],[-117.15434065889757,33.406173540314732],[-117.1561703699759,33.40615115068416],[-117.15616848400701,33.40583739247041]]]},"properties":{"OBJECTID":23,"Record_Num":"AWM2013-LCP-00040","Business_N":"LASATER, ELAINE & TERREL","PRODUCER_L":"1858 CANYON HEIGHTS RD, FALLBROOK, CA  92028, APN 102-330-27-00","Area":1,"Shape_Length":1407.9345399482022,"Shape_Area":64447.928449097693}},{"type":"Feature","id":24,"geometry":{"type":"Polygon","coordinates":[[[-117.18212159202868,33.429981769614002],[-117.18169886662317,33.429361410408816],[-117.18039432804895,33.42869554033841],[-117.17996081393973,33.428800544480467],[-117.17998677334468,33.4288989898916],[-117.17998597476269,33.429465844627401],[-117.17996100690991,33.429510567662867],[-117.17932572061733,33.430814810067737],[-117.17893060765671,33.431683870994],[-117.17893865273845,33.431798326449808],[-117.17865148130738,33.432407399889577],[-117.17912257855852,33.43239815512829],[-117.1792153775271,33.432134077138571],[-117.17993291137422,33.431538961874821],[-117.18130961035727,33.431282451352409],[-117.18208954522646,33.430137184495756],[-117.18212159202868,33.429981769614002]]]},"properties":{"OBJECTID":24,"Record_Num":"AWM2010-LCP-00204","Business_N":"RAY SUBTROPICAL","PRODUCER_L":"END OF SUMAC SUMMIT RAINBOW GLEN FALLBROOK CA 92028 APN 102-370-37-00","Area":15,"Shape_Length":3774.9850917993026,"Shape_Area":655348.53949560621}},{"type":"Feature","id":25,"geometry":{"type":"Polygon","coordinates":[[[-117.1581916020366,33.404317716421637],[-117.15833865142849,33.403051889969596],[-117.15812493087719,33.402927851878395],[-117.15619916901035,33.40293314274264],[-117.15621167015175,33.403803481335963],[-117.15748460837924,33.404314116915749],[-117.1581916020366,33.404317716421637]]]},"properties":{"OBJECTID":25,"Record_Num":"AWM2015-LCP-00055","Business_N":"WALKER, STEVEN","PRODUCER_L":"1033 PRIETO RD, FALLBROOK, CA  92028  APN 102-560-45-00","Area":6,"Shape_Length":2092.9222472574902,"Shape_Area":279777.48901025637}},{"type":"Feature","id":26,"geometry":{"type":"Polygon","coordinates":[[[-117.17351529825244,33.414201618874998],[-117.17356663185329,33.41432147827377],[-117.17364243517915,33.414387716140048],[-117.17386210821346,33.414500598920469],[-117.17399945456958,33.414575921843003],[-117.1746837598954,33.414292180407436],[-117.17510920904741,33.413634370066745],[-117.17511295337781,33.413557998565913],[-117.17341212400565,33.413698518405745],[-117.17340362714432,33.413971509499142],[-117.17347004984356,33.414108380013552],[-117.17355649901886,33.414008545332855],[-117.17374231622514,33.413932730095524],[-117.17410249429295,33.413989219801117],[-117.17438110877862,33.413864998928794],[-117.17447872379421,33.414057040607958],[-117.17423380090294,33.414139022102873],[-117.17399837990379,33.414043434264855],[-117.17388298616179,33.414107275074315],[-117.17378491102545,33.414087008836233],[-117.17380456519621,33.414008611190269],[-117.17374064614384,33.413989999997497],[-117.17362960271396,33.414034723018951],[-117.17350127461214,33.414172720999403],[-117.17351529825244,33.414201618874998]]]},"properties":{"OBJECTID":26,"Record_Num":"AWM2016-LCP-00039","Business_N":"VENEGAS GROWERS","PRODUCER_L":"1996 RAINBOW GLEN RD, FALLBROOK, CA  92028 APN  102-300-41-00","Area":3,"Shape_Length":2203.8806024466362,"Shape_Area":112661.6424181067}},{"type":"Feature","id":27,"geometry":{"type":"Polygon","coordinates":[[[-117.22642383575564,33.426298776818172],[-117.22656874720893,33.426331748099273],[-117.22802234299451,33.425694105043512],[-117.22815052236544,33.425309233420535],[-117.22845731041225,33.424960409966502],[-117.22898968658471,33.424619788811064],[-117.22826033525077,33.424443777202661],[-117.22800333480541,33.424359912448537],[-117.22739959140586,33.424410465904117],[-117.22641013462061,33.425385895732425],[-117.22561794770485,33.425377799597761],[-117.22493322279992,33.425821192007483],[-117.22494640149263,33.426084474631274],[-117.22541057255668,33.42637571101023],[-117.22545984668395,33.426385488370236],[-117.22595337560475,33.426232505109972],[-117.22642383575564,33.426298776818172]]]},"properties":{"OBJECTID":27,"Record_Num":"AWM2010-LCP-00012","Business_N":"HOFSHI, ELI","PRODUCER_L":"40491 GAVILAN MOUNTAIN RD FALLBROOK CA 92028 APN 102-620-16-00","Area":10,"Shape_Length":3120.5539157609051,"Shape_Area":422330.2753424698}},{"type":"Feature","id":28,"geometry":{"type":"Polygon","coordinates":[[[-117.19853502317497,33.405090376092218],[-117.19905817984558,33.404950527282779],[-117.19914831506183,33.404819890249392],[-117.19907862760824,33.40456347763444],[-117.19868059256304,33.404226876628016],[-117.19831377177255,33.404170608072405],[-117.19821989016317,33.404280598995648],[-117.19828589308266,33.404522273111297],[-117.19844721808828,33.404461974945526],[-117.19864506546205,33.404522486661008],[-117.19877761734809,33.404731164531526],[-117.19841639575266,33.404866823762212],[-117.19853502317497,33.405090376092218]]]},"properties":{"OBJECTID":28,"Record_Num":"AWM2016-LCP-00064","Business_N":"RED MOUNTAIN OLIVE RANCH","PRODUCER_L":"3018 Red Mtn Hgts Dr., Fallbrook, CA 92028 APN 102-6880-61-00","Area":1,"Shape_Length":1157.9519898213621,"Shape_Area":47516.791962749943}},{"type":"Feature","id":29,"geometry":{"type":"Polygon","coordinates":[[[-117.14530173606535,33.423046592170785],[-117.14611689649519,33.423000066341139],[-117.14616592252219,33.422774918266896],[-117.14615518665416,33.422562159110285],[-117.14615241698961,33.422291947298987],[-117.14617326893941,33.422100482876274],[-117.14607789093878,33.421976815605134],[-117.14573198573852,33.421895608706045],[-117.14532751871705,33.421943958895746],[-117.14521691760626,33.422004540875356],[-117.14549154607055,33.422366060362094],[-117.14521056768864,33.422777017773072],[-117.14525746789901,33.42290103384591],[-117.14530173606535,33.423046592170785]]]},"properties":{"OBJECTID":29,"Record_Num":"AWM2012-LCP-00072","Business_N":"POOR, SCYMACK AMHAD","PRODUCER_L":"2752 RAIBOW VALLEY BLVD RAINBOW CA 92028 APN 102-700-04-00","Area":2,"Shape_Length":1336.8365565004597,"Shape_Area":99904.501935307591}},{"type":"Feature","id":30,"geometry":{"type":"Polygon","coordinates":[[[-117.14421856615296,33.423641163683399],[-117.14478528696689,33.423638995534738],[-117.14478234824462,33.423129426225032],[-117.14465939153649,33.423124585279311],[-117.14465870055888,33.422389787549776],[-117.14435214897827,33.422682096996098],[-117.14405567396349,33.423069761656414],[-117.14421109883175,33.423133535828626],[-117.14407218579824,33.42357159876002],[-117.14421856615296,33.423641163683399]]]},"properties":{"OBJECTID":30,"Record_Num":"AWM2009-LCP-00038","Business_N":"THYS' RANCH","PRODUCER_L":"277 RAINBOW VALLEY BLVD FALLBROOK CA 92028 APN 102-700-17-018-00","Area":1,"Shape_Length":1241.5443221473236,"Shape_Area":64481.530713597582}},{"type":"Feature","id":31,"geometry":{"type":"Polygon","coordinates":[[[-117.18264333506524,33.41847110299161],[-117.18266507380291,33.41730861097205],[-117.18184096489422,33.417500877202862],[-117.18163758104123,33.417636956489773],[-117.18151801534661,33.417949906593243],[-117.1813723272884,33.418054061520102],[-117.18121188569427,33.418055263299692],[-117.18089307723912,33.417931684236592],[-117.18040370952269,33.417820832324139],[-117.18021690459331,33.417910979204386],[-117.17999205775151,33.418276247160101],[-117.17971680116267,33.418395683592202],[-117.17959680521537,33.418347911980334],[-117.17945181949455,33.418197263614431],[-117.17947245874909,33.417890780914561],[-117.17943734875784,33.417799431418608],[-117.17821889735825,33.41782857416068],[-117.17807146224257,33.419054986372139],[-117.18212605271067,33.418852020473409],[-117.18264348187633,33.418611373718484],[-117.18264333506524,33.41847110299161]]]},"properties":{"OBJECTID":31,"Record_Num":"AWM2014-LCP-00010","Business_N":"SOL VISTA RANCH","PRODUCER_L":"2172 Rainbow Glen Rd, Fallbrook, CA  92028, APN 102-770-09-00","Area":12,"Shape_Length":4111.1841944738771,"Shape_Area":543372.16132815403}},{"type":"Feature","id":32,"geometry":{"type":"Polygon","coordinates":[[[-117.22500194502413,33.390310763649495],[-117.2249306777409,33.390875187680727],[-117.22500817538946,33.390869651976161],[-117.22504773195718,33.390706774957117],[-117.2251172623524,33.390693443363787],[-117.22517641500399,33.390725857982176],[-117.22529398830915,33.390724935455239],[-117.22529063218437,33.390814464599288],[-117.22534799439033,33.390881598742695],[-117.22533603087975,33.390980328755944],[-117.22531208063263,33.390980516695677],[-117.22523400368584,33.391008528415888],[-117.22524369051811,33.391096128367771],[-117.22517619486337,33.391096657949518],[-117.22507345480608,33.391060932495719],[-117.22508507246506,33.390931153360235],[-117.22492421901084,33.390926335011685],[-117.22489389995526,33.391166456745694],[-117.22609149200977,33.391164364009143],[-117.2260571168938,33.39081575423711],[-117.2255508463916,33.390717440022478],[-117.22510008468095,33.390324606710514],[-117.22500194502413,33.390310763649495]]]},"properties":{"OBJECTID":32,"Record_Num":"AWM2010-LCP-00193","Business_N":"HERB FRESH.COM","PRODUCER_L":"1812 DAVIS DR FALLBROOK CA 92028 APN 105-380-02-00","Area":1,"Shape_Length":1653.0770903779812,"Shape_Area":58818.075731247336}},{"type":"Feature","id":33,"geometry":{"type":"Polygon","coordinates":[[[-117.24350251191944,33.391155879483797],[-117.24341632155108,33.391153977812607],[-117.24338548378047,33.392011654539765],[-117.24317253963541,33.39201123006147],[-117.2432803508281,33.391682892023354],[-117.24309244129535,33.391654622968062],[-117.24302554777081,33.391791252208812],[-117.24296012738165,33.391834303636429],[-117.2428509641807,33.391820290388026],[-117.24286465234282,33.391686213383515],[-117.2429474055493,33.391606873402786],[-117.24330787072499,33.391650775288355],[-117.24337358060318,33.391633238625452],[-117.24338331002073,33.39115324888369],[-117.24279507964113,33.391140267376855],[-117.24278353897162,33.392133420161848],[-117.24354635734564,33.392114565754369],[-117.24350251191944,33.391155879483797]]]},"properties":{"OBJECTID":33,"Record_Num":"AWM2018-LCP-00037","Business_N":"HILLCREST HEALTHY GROVE","PRODUCER_L":"744 HILLCREST LN, FALLBROOK, CA  92028","Area":2,"Shape_Length":2215.8044258856003,"Shape_Area":66579.252158504023}},{"type":"Feature","id":34,"geometry":{"type":"Polygon","coordinates":[[[-117.21245515422771,33.394203384169437],[-117.21197980600537,33.394815622462289],[-117.21196971900757,33.394829442420949],[-117.21275892299516,33.394839936821263],[-117.21277393893067,33.394839820512288],[-117.21277760333713,33.394242591430967],[-117.21247050638846,33.394187139306268],[-117.21246050643452,33.394197719730315],[-117.21245515422771,33.394203384169437]]]},"properties":{"OBJECTID":34,"Record_Num":"AWM2016-LCP-00008","Business_N":"BAHUCHET, ANKE","PRODUCER_L":"2454 E. Mission Rd, Fallbrook, CA  92028  APN 105-741-06-00","Area":1,"Shape_Length":837.97701994579279,"Shape_Area":39299.683709120887}},{"type":"Feature","id":35,"geometry":{"type":"Polygon","coordinates":[[[-117.21070116883813,33.388433559708673],[-117.21069388138407,33.3884080411243],[-117.21017329097371,33.388405193039148],[-117.21017174754301,33.388418714229772],[-117.21016172175891,33.388595613214811],[-117.21035026517859,33.388592776915431],[-117.21036007792124,33.38865759372478],[-117.21041933185654,33.388666678550855],[-117.21052523888261,33.388780376901366],[-117.21051653678572,33.388816706912138],[-117.21014628779486,33.388825058146899],[-117.21012558664071,33.389112457224627],[-117.21012524523333,33.389132763434652],[-117.21012500771872,33.38914686695135],[-117.21041895443854,33.389146122454392],[-117.21069670228748,33.388747750069392],[-117.21069984741877,33.388727494319646],[-117.21070116883813,33.388433559708673]]]},"properties":{"OBJECTID":35,"Record_Num":"AWM2013-LCP-00053","Business_N":"Return of the Native, The","PRODUCER_L":"2468 Gum Tree Lane, Fallbrook CA  92028, APN 105-742-28-00","Area":1,"Shape_Length":1005.9241973452838,"Shape_Area":31662.176409092477}},{"type":"Feature","id":36,"geometry":{"type":"Polygon","coordinates":[[[-117.19984244621141,33.396586953813198],[-117.19976731228066,33.396553872966436],[-117.1998087443454,33.397150247588868],[-117.19977886510618,33.397541738707353],[-117.19983166486885,33.397689251521619],[-117.19987745389065,33.397715144626538],[-117.19998769761096,33.397652272546274],[-117.20020472416591,33.397731729511136],[-117.20021160486115,33.39784142071597],[-117.20016922900388,33.397867987652397],[-117.20029018274435,33.398005436612756],[-117.20019715852268,33.39808249177355],[-117.20024349219106,33.398158481597889],[-117.20010780769145,33.39823586280346],[-117.19989524952381,33.398044241835265],[-117.19984832029091,33.397913383633032],[-117.19981258559312,33.397765740433833],[-117.199733801577,33.397582640481616],[-117.19973783195761,33.397429921635123],[-117.19975918438286,33.397300928446846],[-117.19975139863095,33.397107742419735],[-117.1997094326502,33.396528388695124],[-117.19960809882102,33.396483771432919],[-117.19949609620545,33.39638442589073],[-117.19975812523271,33.398512895498847],[-117.20116588053965,33.398497359485084],[-117.20110291304928,33.398199622880284],[-117.20112314804059,33.397968050977617],[-117.20120127674711,33.397829079520747],[-117.20124514613111,33.397678442535941],[-117.20125217375971,33.397540015135895],[-117.20122920369344,33.397258672789015],[-117.20118298845091,33.396932179058822],[-117.20109399414343,33.396856515996426],[-117.19984244621141,33.396586953813198]]]},"properties":{"OBJECTID":36,"Record_Num":"AWM2014-LCP-00011","Business_N":"RICK'S SEASONAL PRODUCE","PRODUCER_L":"1397 Willow Glen Rd, Fallbrook, CA  92028, APN 129-250-15-00","Area":7,"Shape_Length":3771.8128904255773,"Shape_Area":284731.88856372773}},{"type":"Feature","id":37,"geometry":{"type":"Polygon","coordinates":[[[-117.2440249526426,33.375048974291118],[-117.24401283515493,33.374783392939094],[-117.24399037073798,33.37477614709065],[-117.24283860427236,33.374772206729098],[-117.24285563887665,33.375812882965803],[-117.24387679914578,33.375813484719878],[-117.24385516042554,33.375747922614366],[-117.24395914120784,33.375475383930244],[-117.24399826272416,33.375470688727333],[-117.24401845610861,33.375278060148666],[-117.2440249526426,33.375048974291118]]]},"properties":{"OBJECTID":37,"Record_Num":"AWM2016-LCP-00037","Business_N":"MARISCAL CACTUS & SUCCULENTS","PRODUCER_L":"425 GOLDEN RD., FALLBROOK, CA  92028  APN 105-842-04-00","Area":3,"Shape_Length":1440.8048694796846,"Shape_Area":130551.86430741377}},{"type":"Feature","id":38,"geometry":{"type":"Polygon","coordinates":[[[-117.213008209696,33.34567164660789],[-117.21370537864453,33.345674367232242],[-117.21381835648793,33.345089737487967],[-117.21362762458926,33.34506142026077],[-117.21292714404157,33.345050598726218],[-117.21284795537264,33.345055926652648],[-117.21288726125313,33.345206945516786],[-117.21321542264096,33.345144527228705],[-117.2132763516225,33.345108839527178],[-117.21349744466248,33.345109834542392],[-117.21360753939322,33.345289117262972],[-117.21362588488269,33.345343152205039],[-117.2133428002504,33.345427966670179],[-117.21331771749581,33.345348251026145],[-117.21338675901031,33.34531656345348],[-117.21336019581187,33.345249048569556],[-117.21328449038924,33.345261825811164],[-117.21326441233079,33.34519696934592],[-117.21290361232153,33.345269771431546],[-117.213008209696,33.34567164660789]]]},"properties":{"OBJECTID":38,"Record_Num":"AWM2013-LCP-00005","Business_N":"WINTERWARM FARMS","PRODUCER_L":"2210 WINTERWARM DR FALLBROOK CA 92028 APN 106-312-12-00","Area":1,"Shape_Length":1551.4955440265137,"Shape_Area":46074.133164142972}},{"type":"Feature","id":39,"geometry":{"type":"Polygon","coordinates":[[[-117.2114838085744,33.358242063962649],[-117.21019483722449,33.358235237049172],[-117.21019812438313,33.358741947944161],[-117.21121633909243,33.358738845646158],[-117.21139124954689,33.35876039562946],[-117.21147061530944,33.358315949846904],[-117.21138631739116,33.358311528270484],[-117.21133561069776,33.35833329733412],[-117.21129820942976,33.358406877271548],[-117.21138968085455,33.358451976103694],[-117.2113341691614,33.358533330918398],[-117.21119849637223,33.358439713343365],[-117.21132410744985,33.358279945010878],[-117.21147793162393,33.358274975675307],[-117.2114838085744,33.358242063962649]]]},"properties":{"OBJECTID":39,"Record_Num":"AWM2010-LCP-00166","Business_N":"NEJELY, KARL","PRODUCER_L":"1844 GREEN BRIAR CIR FALLBROOK CA 92028 APN 107-030-07-00","Area":2,"Shape_Length":1427.5642346167006,"Shape_Area":66705.342824460648}},{"type":"Feature","id":40,"geometry":{"type":"Polygon","coordinates":[[[-117.21597601836412,33.358175177828436],[-117.21579079518091,33.357466614297621],[-117.21554919363201,33.356595301583873],[-117.21470993765732,33.356593232318858],[-117.21400052780244,33.35661019036322],[-117.21315394869629,33.356600464141266],[-117.21313981193811,33.355898272604193],[-117.2152410479861,33.355876239782667],[-117.2152789504846,33.355601105519149],[-117.21510832918787,33.354978313842452],[-117.21489658488879,33.354957055202931],[-117.21489551156144,33.354859724436835],[-117.21109434671826,33.354786122880803],[-117.21105454885306,33.355817916423405],[-117.20977548721926,33.355844146431458],[-117.20990640860919,33.355339261357202],[-117.20844604692499,33.355316180911963],[-117.20752979704281,33.356382525332506],[-117.2091807319031,33.356388493752313],[-117.20918252235934,33.356524374950283],[-117.20904395779401,33.356954882394874],[-117.20982114904628,33.357163878673056],[-117.2094521037272,33.357464193386186],[-117.2093167195702,33.357562577812381],[-117.20918815175773,33.357763974294294],[-117.20919708048139,33.358059740190399],[-117.20924309111078,33.358146195666215],[-117.21597601836412,33.358175177828436]]]},"properties":{"OBJECTID":40,"Record_Num":"AWM2014-LCP-00041","Business_N":"GOOD TASTE FARM","PRODUCER_L":"1990 GREEN CANYON RD, FALLBROOK, CA  92028  APN 107-090-27/28/45/47/50/51/52/53-00","Area":48,"Shape_Length":9149.5314768784519,"Shape_Area":2107338.0352881341}},{"type":"Feature","id":41,"geometry":{"type":"Polygon","coordinates":[[[-117.18661943853297,33.351452831611674],[-117.18705516217508,33.351366521497241],[-117.18719424766672,33.351293899608883],[-117.18711825477354,33.351205722662058],[-117.18705215785114,33.351085978119833],[-117.18704134234909,33.351031664413846],[-117.18723100987512,33.350904265662678],[-117.18745078641983,33.351040027121698],[-117.18755763308994,33.351142286478741],[-117.1877158762554,33.350310846472794],[-117.18769985836964,33.350195496063989],[-117.18685050065274,33.349881257226571],[-117.18630310355347,33.349944551116899],[-117.18585739907125,33.349522289880952],[-117.18539080740429,33.349911342743368],[-117.18534602338799,33.350402193285575],[-117.18528308561253,33.350471376953941],[-117.185968522078,33.350981539401523],[-117.18661943853297,33.351452831611674]]]},"properties":{"OBJECTID":41,"Record_Num":"AWM2010-LCP-00272","Business_N":"QUINTOS, GILBERT & LEE","PRODUCER_L":"3233 VIA DEL CIELO FALLBROOK CA 92028 APN 107-151-02-00","Area":7,"Shape_Length":2461.4084792285475,"Shape_Area":307070.6961188562}},{"type":"Feature","id":42,"geometry":{"type":"Polygon","coordinates":[[[-117.18267305918111,33.352578238609517],[-117.18237073589617,33.352537541702475],[-117.18220290034594,33.352635208569282],[-117.18200781915527,33.352682478724375],[-117.18194215550508,33.352709691479248],[-117.18199762718326,33.352793254577044],[-117.18204000695789,33.353142212260245],[-117.18188323883381,33.353156747887205],[-117.18180573268425,33.352712623667507],[-117.18194158637333,33.352656255407794],[-117.18215707299606,33.352603106438536],[-117.18228360713438,33.35252581246808],[-117.1817205356584,33.352614014876309],[-117.18197329700679,33.353925242179137],[-117.18253046502896,33.353709205292702],[-117.18252232074531,33.353585207408592],[-117.18255709944192,33.353434166268187],[-117.18264539677752,33.353183475600801],[-117.18266202365582,33.353036387592091],[-117.18260269018683,33.352803982578912],[-117.18260092054024,33.352637947213914],[-117.18267305918111,33.352578238609517]]]},"properties":{"OBJECTID":42,"Record_Num":"AWM2014-LCP-00006","Business_N":"MCADAMS, EDWARD","PRODUCER_L":"2252 Via Oeste Dr., Fallbrook, CA  92028, APN 107-162-05-00","Area":2,"Shape_Length":2050.330543263527,"Shape_Area":95826.824186880054}},{"type":"Feature","id":43,"geometry":{"type":"Polygon","coordinates":[[[-117.18130523062851,33.367567680790039],[-117.18165254474366,33.366860801879376],[-117.18185003115664,33.366609293739216],[-117.18125687328155,33.366230111054378],[-117.18111169698594,33.366267462729752],[-117.18112624636875,33.366621986402301],[-117.18110881417881,33.36663775342759],[-117.18016271670282,33.366650565158061],[-117.18003948609446,33.367254606429753],[-117.17983204600169,33.367212261401725],[-117.17988477882587,33.367679474376189],[-117.18078619753686,33.367608532351582],[-117.18074610413346,33.367394369445591],[-117.18074915016869,33.367253110519357],[-117.1808049351251,33.367151536238339],[-117.18094251803994,33.367041715320198],[-117.18041600842572,33.366940685542303],[-117.18046667676506,33.366785709515199],[-117.1808376306993,33.366803925462484],[-117.18113277757961,33.36696585432383],[-117.18100203968788,33.367077533071054],[-117.18086443648201,33.3671854453058],[-117.18079522833268,33.367308114466553],[-117.18080580761142,33.367447363328516],[-117.18085691413998,33.367602966610825],[-117.18130523062851,33.367567680790039]]]},"properties":{"OBJECTID":43,"Record_Num":"AWM2016-LCP-00076","Business_N":"AINPOUR, MARJAN","PRODUCER_L":"3775 RECHE RD, FALLBROOK, CA  92028  APN 107-190-91-00","Area":4,"Shape_Length":2907.2622151304136,"Shape_Area":168877.4143414865}},{"type":"Feature","id":44,"geometry":{"type":"Polygon","coordinates":[[[-117.20905831330917,33.358248280304075],[-117.20880829052352,33.358246123490154],[-117.20855876896215,33.358530792673953],[-117.20845461961099,33.358781624343344],[-117.20848693897521,33.358825272692059],[-117.20851882039871,33.358828844555042],[-117.20857001862103,33.35872729276258],[-117.20856250603286,33.35866436667385],[-117.2086942428046,33.358648080777463],[-117.20870686923041,33.358762500705467],[-117.20862466791581,33.358940635465075],[-117.20850363234396,33.358895762687879],[-117.20843803606516,33.358928714747499],[-117.20842743367504,33.358791376796106],[-117.20844405902091,33.358648102982052],[-117.20851545429976,33.358521584105858],[-117.20863886275046,33.358367942765774],[-117.20876032085104,33.35824570918642],[-117.20800744674874,33.35823921018266],[-117.20800535405735,33.359086649840826],[-117.20905612619278,33.359086177147361],[-117.20905831330917,33.358248280304075]]]},"properties":{"OBJECTID":44,"Record_Num":"AWM2010-LCP-00165","Business_N":"NEJELY, KARL","PRODUCER_L":"2344 CAMINO VERDE FALLBROOK CA 92028 APN 107-250-29-00","Area":2,"Shape_Length":2051.6571730105929,"Shape_Area":90005.449123904022}},{"type":"Feature","id":45,"geometry":{"type":"Polygon","coordinates":[[[-117.1944321441303,33.358835852954094],[-117.19367655489913,33.358863029454014],[-117.19369420982217,33.359478458317476],[-117.19391896997598,33.359493451420484],[-117.19415434427469,33.359701610152996],[-117.1944945068297,33.36013561857574],[-117.19431811315417,33.360387464165861],[-117.19438822035853,33.360561091631013],[-117.19471230262606,33.360558627904254],[-117.19472762416602,33.360661099055498],[-117.19487867086634,33.360958170685947],[-117.19490951157843,33.362234318152858],[-117.19591558671291,33.361935600505895],[-117.19590306100474,33.361565902999502],[-117.19530027226965,33.361560946923042],[-117.19523883566234,33.358242821320637],[-117.19446286842442,33.358258265113236],[-117.1944321441303,33.358835852954094]]]},"properties":{"OBJECTID":45,"Record_Num":"AWM2010-LCP-00225","Business_N":"ATKINS NURSERY (GONZALEZ)","PRODUCER_L":"3129 RECHE FALLBROOK CA 92028 APN 107-280-33-00","Area":9,"Shape_Length":4008.041197652482,"Shape_Area":389706.3647242462}},{"type":"Feature","id":46,"geometry":{"type":"Polygon","coordinates":[[[-117.18984954391108,33.361780545640002],[-117.19000264571257,33.360153254365507],[-117.18764211558978,33.360820971150268],[-117.18765598865632,33.361797118813257],[-117.18919113574167,33.361785524240844],[-117.18907908251143,33.361199474742143],[-117.18901386635721,33.361162749865173],[-117.18885761748649,33.361226914540026],[-117.18852047039138,33.361283856859366],[-117.188481470958,33.361146731993315],[-117.18882193680066,33.36108117598247],[-117.18892108253249,33.361100467133419],[-117.18910222492121,33.36113059010129],[-117.18915136736555,33.361259049397425],[-117.18921304899436,33.36160213267523],[-117.1892593643483,33.361785008487367],[-117.18984954391108,33.361780545640002]]]},"properties":{"OBJECTID":46,"Record_Num":"AWM2009-LCP-00039","Business_N":"THYS' RANCH","PRODUCER_L":"3291 RECHE RD FALLBROOK 92028 APN 107-330-12/13-00","Area":7,"Shape_Length":3245.5824550706143,"Shape_Area":314605.09820326068}},{"type":"Feature","id":47,"geometry":{"type":"Polygon","coordinates":[[[-117.18364712964249,33.384059362283779],[-117.18352982111891,33.380315571575984],[-117.18184661035771,33.38033965559395],[-117.18184999019998,33.381083984451472],[-117.18097212368468,33.384102333130812],[-117.18364712964249,33.384059362283779]]]},"properties":{"OBJECTID":47,"Record_Num":"AWM2014-LCP-00036","Business_N":"DO'S FARM","PRODUCER_L":"405 RANGER RD, FALLBROOK, CA  92028  APN 108-081-06-00","Area":20,"Shape_Length":4094.6480183506364,"Shape_Area":870173.42605451727}},{"type":"Feature","id":48,"geometry":{"type":"Polygon","coordinates":[[[-117.14124425626645,33.383928724533256],[-117.14122355034108,33.383734464810075],[-117.14108020239756,33.383415795704558],[-117.1391464670684,33.383382631843233],[-117.13912977409453,33.384496985831184],[-117.14121306164455,33.384080093094155],[-117.14124087663286,33.383990922460676],[-117.14113065935108,33.3839678503318],[-117.13999464206729,33.384126435798585],[-117.13987131344953,33.384122617467035],[-117.13978922368416,33.384040930940493],[-117.13968759172693,33.38396643551269],[-117.13948593091183,33.383974931123568],[-117.13946565392368,33.383634223754711],[-117.13990855848289,33.383652209625239],[-117.13992105724964,33.383779058073202],[-117.13986413145923,33.383967522322401],[-117.13988755068686,33.384066084845941],[-117.13999981529238,33.384084086707844],[-117.14114155545316,33.383937212849688],[-117.14124425626645,33.383928724533256]]]},"properties":{"OBJECTID":48,"Record_Num":"AWM2012-LCP-00005","Business_N":"VALENCIA, DORA","PRODUCER_L":"801 RICE CANYON RD FALLBROOK CA  92028 APN 108-100-46-00","Area":4,"Shape_Length":3275.8287680365593,"Shape_Area":180507.5019622409}},{"type":"Feature","id":49,"geometry":{"type":"Polygon","coordinates":[[[-117.14340049108579,33.387656374347607],[-117.14611004183391,33.387642593760745],[-117.14654153760262,33.387788352677774],[-117.14685401701608,33.387642953229133],[-117.14754315690831,33.387620801195077],[-117.14773865183946,33.384057955566362],[-117.14354167586805,33.384105378487988],[-117.14340049108579,33.387656374347607]]]},"properties":{"OBJECTID":49,"Record_Num":"AWM2012-LCP-00008","Business_N":"ARCO BALENO GROVES","PRODUCER_L":"564 RICE CANYON RD FALLBROOK CA  92028 APN 108-100-75-00","Area":38,"Shape_Length":5160.4905065559087,"Shape_Area":1655696.5770405589}},{"type":"Feature","id":50,"geometry":{"type":"Polygon","coordinates":[[[-117.1619366163066,33.370224873815275],[-117.16180513259908,33.369793602960165],[-117.16175721657689,33.369793954549955],[-117.16165326113577,33.369475063160131],[-117.16046720884988,33.369471697089523],[-117.16029167440527,33.370102238213626],[-117.1619366163066,33.370224873815275]]]},"properties":{"OBJECTID":50,"Record_Num":"AWM2016-LCP-00017","Business_N":"HERITAGE FAMILY FARMS","PRODUCER_L":"350 SKYLINECIRCLE, FALLBROOK, CA  92028  APN 108-191-10-00","Area":2,"Shape_Length":1398.8059516580142,"Shape_Area":108611.80199737602}},{"type":"Feature","id":51,"geometry":{"type":"Polygon","coordinates":[[[-117.15842814005177,33.402840953002865],[-117.15853007431608,33.399072652705264],[-117.15787032561985,33.399085107684556],[-117.1575558472049,33.401232658261812],[-117.15757243546871,33.401953984025511],[-117.15723588881349,33.402853476928215],[-117.15842814005177,33.402840953002865]]]},"properties":{"OBJECTID":51,"Record_Num":"AWM2015-LCP-00041","Business_N":"RAINBOW WATER GARDENS","PRODUCER_L":"950 PRIETO RD, FALLBROOK, CA  92028  APN 108-300-26-00","Area":8,"Shape_Length":3329.6498190539032,"Shape_Area":362838.53342002293}},{"type":"Feature","id":52,"geometry":{"type":"Polygon","coordinates":[[[-117.14688668946796,33.397193354600113],[-117.1469233929167,33.395114637048621],[-117.14455441776991,33.395080177029833],[-117.14490524266901,33.39534389930688],[-117.14511255680726,33.395591477783128],[-117.14521110296332,33.39588278157337],[-117.14523065759195,33.396125986204424],[-117.14514425532137,33.396687733258176],[-117.1451874359242,33.396905001826042],[-117.14537148026353,33.397212866923375],[-117.14688668946796,33.397193354600113]]]},"properties":{"OBJECTID":52,"Record_Num":"AWM2014-LCP-00015","Business_N":"VALENCIA, DORA","PRODUCER_L":"1370 Rice Canyon Rd, Fallbrook, CA  92028, APN 108-310-34-00","Area":10,"Shape_Length":2806.4319583937609,"Shape_Area":416278.56184235739}},{"type":"Feature","id":53,"geometry":{"type":"Polygon","coordinates":[[[-117.15163729451437,33.389615536808272],[-117.14912301936101,33.389606856771735],[-117.14920753275857,33.390072115057926],[-117.14911408144206,33.390387708942463],[-117.14886392457673,33.390399061850843],[-117.14868903158407,33.389985207890888],[-117.14880518517469,33.389605755314307],[-117.14316190481078,33.389586072802992],[-117.14315509631258,33.389476378294162],[-117.14126668422826,33.389475619829604],[-117.14149627732799,33.389679146574103],[-117.14170948979418,33.389949590639134],[-117.14174619340665,33.390202215593696],[-117.14172874492115,33.390722431713975],[-117.14174459517663,33.391161293378978],[-117.145829117066,33.391208265246206],[-117.15134139308363,33.39125907174131],[-117.15231507104248,33.390254768413762],[-117.15163729451437,33.389615536808272]]]},"properties":{"OBJECTID":53,"Record_Num":"AWM2012-LCP-00007","Business_N":"ARCO BALENO GROVES","PRODUCER_L":"1050 RICE CANYON RD FALLBROOK CA 92028 APN 108-320-14/26/53-00","Area":42,"Shape_Length":8148.1651490873455,"Shape_Area":1816272.9755676982}},{"type":"Feature","id":54,"geometry":{"type":"Polygon","coordinates":[[[-117.14327397459893,33.389498145680598],[-117.14636061892973,33.38951809669215],[-117.14636533164258,33.389311935280901],[-117.1460664011135,33.38778244570711],[-117.14321649673059,33.387754290857167],[-117.14327397459893,33.389498145680598]]]},"properties":{"OBJECTID":54,"Record_Num":"AWM2016-LCP-00071","Business_N":"SANTIAGO'S FARM","PRODUCER_L":"1044 RICE CANYON RD, FALLBROOK, CA  92028  APN 108-320-18-00","Area":13,"Shape_Length":3085.9136718571613,"Shape_Area":576905.00610700145}},{"type":"Feature","id":55,"geometry":{"type":"Polygon","coordinates":[[[-117.16963190155225,33.380330518047863],[-117.16976316972564,33.380157773139516],[-117.1698738741937,33.379976591621357],[-117.16993005620645,33.377531260654941],[-117.16930288108729,33.377272515658426],[-117.16862726597024,33.37727464880372],[-117.16862277194093,33.379771128102597],[-117.16862038194637,33.379868484065014],[-117.16903809449995,33.380326322070424],[-117.16963190155225,33.380330518047863]]]},"properties":{"OBJECTID":55,"Record_Num":"AWM2010-LCP-00226","Business_N":"BEATTY CITRUS FARMS","PRODUCER_L":"4255 STERLING VIEW DRIVE FALLBROOK CA 92028 APN 108-370-05-00","Area":9,"Shape_Length":2793.0537915083569,"Shape_Area":409182.90076941112}},{"type":"Feature","id":56,"geometry":{"type":"Polygon","coordinates":[[[-117.16122128700998,33.382465094181178],[-117.16122292492679,33.382404007529281],[-117.15987937114251,33.381404204043164],[-117.15980379415376,33.381574622639327],[-117.15959840660669,33.381513142515736],[-117.15963070282463,33.381337315062993],[-117.15872281222178,33.381101565421488],[-117.15894402539898,33.380496831377954],[-117.15867247346297,33.380416747413811],[-117.15831742658625,33.381278211126755],[-117.15767024417346,33.382050194302472],[-117.15785952989816,33.382072312633547],[-117.15944077837041,33.382325449150841],[-117.16119610915639,33.382462152600183],[-117.16122128700998,33.382465094181178]]]},"properties":{"OBJECTID":56,"Record_Num":"AWM2010-LCP-00084","Business_N":"HERITAGE FAMILY FARMS","PRODUCER_L":"580 STEWART CANYON RD FALLBROOK CA 92028 APN 108-381-02-00","Area":7,"Shape_Length":3146.8081028836914,"Shape_Area":306662.3136903118}},{"type":"Feature","id":57,"geometry":{"type":"Polygon","coordinates":[[[-117.1499278722011,33.380289663447201],[-117.15033921643276,33.380274326329079],[-117.15073872928568,33.380329118290732],[-117.15186991644012,33.380270813475661],[-117.15239817657262,33.380197539119919],[-117.15246915112363,33.380194891224171],[-117.15262971867226,33.376464805864501],[-117.14834164063795,33.376408601797124],[-117.14827517232573,33.376916249829492],[-117.14812659714708,33.377102107529169],[-117.1480823842718,33.377249261170007],[-117.14811880704613,33.377473258059304],[-117.14821175513829,33.377663445740403],[-117.1479201077141,33.378061587571764],[-117.14772244016395,33.378196616425136],[-117.14740645026112,33.378439859048768],[-117.14733215978417,33.378521032415556],[-117.14643343522238,33.37971406171274],[-117.14600625333898,33.380296121514846],[-117.14867941509647,33.380281997368286],[-117.14951563759735,33.380295875970724],[-117.1499278722011,33.380289663447201]]]},"properties":{"OBJECTID":57,"Record_Num":"AWM2011-LCP-00032","Business_N":"SERRATO FARMS","PRODUCER_L":"1038 RICE CANYON RD FALLBROOK CA 92082 APN 108-390-29-00","Area":50,"Shape_Length":6302.7626209436103,"Shape_Area":2194619.6625387063}},{"type":"Feature","id":58,"geometry":{"type":"Polygon","coordinates":[[[-117.158704718297,33.374220107859969],[-117.15844934864387,33.373678789330846],[-117.15852192566967,33.372773295445192],[-117.15844852645419,33.372769537266514],[-117.15752627255402,33.372894609493294],[-117.15739798026792,33.372906066473774],[-117.15739563810537,33.373020098805135],[-117.15752697192838,33.373071626678978],[-117.1575902156886,33.3731379652939],[-117.15758497543872,33.373180947844148],[-117.15737232600884,33.373239758594487],[-117.15731916831317,33.373049286987332],[-117.15732673968139,33.372912427859127],[-117.15699674439929,33.372941895945665],[-117.15697635162456,33.373991773749431],[-117.15770835506271,33.373836126744401],[-117.158704718297,33.374220107859969]]]},"properties":{"OBJECTID":58,"Record_Num":"AWM2010-LCP-00239","Business_N":"GRATEFUL DAVIS ORGANIC FARM","PRODUCER_L":"481 SKYLINE CIR RAINBOW CA 92028 APN 108-440-06-00","Area":4,"Shape_Length":2259.538523139136,"Shape_Area":180583.38812831236}},{"type":"Feature","id":59,"geometry":{"type":"Polygon","coordinates":[[[-117.11058623101746,33.423156055225753],[-117.11234896608553,33.423264082198088],[-117.11226775729567,33.421953454837961],[-117.111329100856,33.42232068152979],[-117.11033802203865,33.422218754638756],[-117.11039169537646,33.421428233299807],[-117.10880674211509,33.421341853819804],[-117.10883827033778,33.421771065251264],[-117.10909828228877,33.421826526085908],[-117.10922656102078,33.423068120542673],[-117.11058623101746,33.423156055225753]]]},"properties":{"OBJECTID":59,"Record_Num":"AWM2010-LCP-00192","Business_N":"RAINBOW HEIGHTS NURSERY","PRODUCER_L":"7632 RAINBOW HEIGHTS RD FALLBROOK CA 92028 APN 109-020-73-00","Area":11,"Shape_Length":3518.1595424069815,"Shape_Area":461412.68232021033}},{"type":"Feature","id":60,"geometry":{"type":"Polygon","coordinates":[[[-117.1104057268125,33.424980032847415],[-117.11023910961124,33.423245195918412],[-117.1083171522518,33.423117403914013],[-117.10846940418232,33.424820993453785],[-117.1104057268125,33.424980032847415]]]},"properties":{"OBJECTID":60,"Record_Num":"AWM2015-LCP-00037","Business_N":"IMMANUEL ORGANIC FARM","PRODUCER_L":"39291 VIA QUINCELEAGUAS, FALLBROOK, CA  92028 APN 109-021-24-00","Area":8,"Shape_Length":2436.8041736921941,"Shape_Area":365676.5089980833}},{"type":"Feature","id":61,"geometry":{"type":"Polygon","coordinates":[[[-117.13704698301669,33.396568064490211],[-117.13707151383225,33.396462917041376],[-117.13695025138941,33.396284852233279],[-117.13667577587186,33.396143666719382],[-117.13620230351755,33.396292572912579],[-117.13558348467825,33.396974531488468],[-117.13482225979487,33.39763841538452],[-117.13523963971157,33.397847773294707],[-117.13588542459192,33.397580742099045],[-117.13594875889699,33.397375117746016],[-117.1359879714617,33.397315194888023],[-117.13615730774193,33.397185158432713],[-117.13632520748307,33.397082183668545],[-117.13670626789623,33.396906883730722],[-117.13697986303123,33.396680672583273],[-117.1367803959909,33.396643924414533],[-117.13667227509616,33.396639923964351],[-117.136610528559,33.396721479796099],[-117.13653072745059,33.396705348724183],[-117.1365773825368,33.396538014326623],[-117.13700365063838,33.396640764329526],[-117.13704698301669,33.396568064490211]]]},"properties":{"OBJECTID":61,"Record_Num":"AWM2009-LCP-00037","Business_N":"THYS' RANCH","PRODUCER_L":"6016 RAINBOW HEIGHTS RD FALLBROOK CA  92028 APN 109-320-03-00","Area":4,"Shape_Length":2250.025765122853,"Shape_Area":155891.75105980405}},{"type":"Feature","id":62,"geometry":{"type":"Polygon","coordinates":[[[-117.04749813357343,33.383395015908697],[-117.04735689854695,33.381670397014787],[-117.04664475951222,33.381719121475129],[-117.04503460377775,33.383193410630895],[-117.04516100536266,33.383291106042883],[-117.04749813357343,33.383395015908697]]]},"properties":{"OBJECTID":62,"Record_Num":"AWM2012-LCP-00052","Business_N":"LOERA, BERNARDINO","PRODUCER_L":"36872 MAGEE RD PALA CA 92059 APN 110-060-16-00","Area":7,"Shape_Length":2341.5820789756508,"Shape_Area":300276.47083851841}},{"type":"Feature","id":63,"geometry":{"type":"Polygon","coordinates":[[[-117.13725384977216,33.372466964910345],[-117.13717595464117,33.37268121777835],[-117.13730724139003,33.372965203946571],[-117.13926722789566,33.373049008578732],[-117.13935737276772,33.371287683785631],[-117.13653575321291,33.371163153576326],[-117.13702793152584,33.371779097097942],[-117.13721622300227,33.372121300287546],[-117.13725384977216,33.372466964910345]]]},"properties":{"OBJECTID":63,"Record_Num":"AWM2010-LCP-00095","Business_N":"SAHU, RANAJIT & CATHERINE","PRODUCER_L":"155 RICE CANYON FALLBROOK CA 92028 APN 110-071-01-00","Area":10,"Shape_Length":2828.8656563982272,"Shape_Area":442058.66791170696}},{"type":"Feature","id":64,"geometry":{"type":"Polygon","coordinates":[[[-117.12415355908372,33.382409292217673],[-117.12419188166588,33.381804954200177],[-117.12288272481362,33.38192867124905],[-117.12203359092425,33.381986164131675],[-117.12189548581298,33.382167495376116],[-117.12156134256961,33.38219560505749],[-117.12140589969701,33.382691973971077],[-117.12092777540778,33.382311698868278],[-117.1204479004729,33.382441027469604],[-117.12038208858753,33.383371925594723],[-117.12199240793686,33.383332008759439],[-117.12206482403163,33.383065252955632],[-117.12291987872777,33.3829161053376],[-117.12295628341877,33.382460650995199],[-117.12415355908372,33.382409292217673]]]},"properties":{"OBJECTID":64,"Record_Num":"AWM2010-LCP-00098","Business_N":"SAHU, RANAJIT & CATHERINE","PRODUCER_L":"10505 RAINBROOK FALLBROOK CA 92028 APN 110-280-07-00","Area":8,"Shape_Length":3334.2456357296214,"Shape_Area":361099.08464059775}},{"type":"Feature","id":65,"geometry":{"type":"Polygon","coordinates":[[[-117.11611223585328,33.382851471737851],[-117.11605140511769,33.383600825176408],[-117.11604620619725,33.383627199871377],[-117.12022604630296,33.383642663532271],[-117.12021788425723,33.383624416299504],[-117.12011772060056,33.38350486411602],[-117.11996495676965,33.383412200680681],[-117.11994744779163,33.383404500146654],[-117.11990995659659,33.383375039139288],[-117.11950800807709,33.383142808328486],[-117.11945544808529,33.383084669641917],[-117.11942607536984,33.38303381310859],[-117.11924070096308,33.382827226985512],[-117.11914855332398,33.382765762779492],[-117.11902620710686,33.38271847690978],[-117.11882244683359,33.382678228851759],[-117.1185582168284,33.382626681963949],[-117.11850355169481,33.382599771523282],[-117.11833244019284,33.382555630919235],[-117.1182287157085,33.382517229292588],[-117.11804935850741,33.38249701103507],[-117.11781857932144,33.382529840271403],[-117.11745571732098,33.382416339066808],[-117.11742475449719,33.382376240451023],[-117.11615030590262,33.382836319459336],[-117.11611223585328,33.382851471737851]]]},"properties":{"OBJECTID":65,"Record_Num":"AWM2015-LCP-00010","Business_N":"RESENDIZ BROTHERS PROTEA GROWERS LLC","PRODUCER_L":"Rainbow Crest Rd, Fallbrook, CA  92028  APN 110-290-17-00","Area":9,"Shape_Length":3019.7239404124125,"Shape_Area":405187.83192678314}},{"type":"Feature","id":66,"geometry":{"type":"Polygon","coordinates":[[[-117.13342833337326,33.365496161268062],[-117.13541567217021,33.365580212483813],[-117.13541556689006,33.365120241885478],[-117.13509168232082,33.364806676559105],[-117.13501671891032,33.364478931195279],[-117.13471153094876,33.364664330469196],[-117.13389348777902,33.364630071936482],[-117.1336579846036,33.364959071372326],[-117.13342833337326,33.365496161268062]]]},"properties":{"OBJECTID":66,"Record_Num":"AWM2010-LCP-00053","Business_N":"LOERA, BERNARDINO","PRODUCER_L":"9262 HUNTLEY RD FALLBROOK 92028 APN 110-350-16-00","Area":4,"Shape_Length":1759.7149976895844,"Shape_Area":169263.09235314903}},{"type":"Feature","id":67,"geometry":{"type":"Polygon","coordinates":[[[-117.13413183791748,33.362184909087027],[-117.13405180663592,33.36216633639274],[-117.13097775487311,33.362347693494527],[-117.13087977251068,33.363567145445998],[-117.13083814486136,33.363586582695952],[-117.13086721870245,33.364208517295651],[-117.13073978571514,33.364391276807787],[-117.13029254141409,33.364531635850526],[-117.13022916063463,33.364656512804807],[-117.13032153019773,33.36476752462837],[-117.13051417622088,33.364641731669394],[-117.13074161631228,33.36457311999456],[-117.1309203055404,33.364571853272352],[-117.131103215119,33.364612032649795],[-117.1314519941171,33.364510654411916],[-117.13167189317042,33.364448475834912],[-117.13193412827347,33.364437043284035],[-117.13218038274159,33.364349152376988],[-117.13239554724539,33.364194482023379],[-117.13263722655937,33.364030052321468],[-117.13290938405729,33.363871785985232],[-117.13313537113902,33.363659609183962],[-117.1335335040016,33.363175018722799],[-117.13371618542192,33.362816387481146],[-117.13413183791748,33.362184909087027]]]},"properties":{"OBJECTID":67,"Record_Num":"AWM2010-LCP-00097","Business_N":"SAHU, RANAJIT & CATHERINE","PRODUCER_L":"HUNTLEY RD #1 FALLBROOK CA 92028 APN 110-350-25/6-00","Area":14,"Shape_Length":3584.2666760066886,"Shape_Area":598103.97480579442}},{"type":"Feature","id":68,"geometry":{"type":"Polygon","coordinates":[[[-116.99629383253756,33.343573008880028],[-116.99592881928758,33.343968369389287],[-116.99576708053168,33.344360288657761],[-116.99611044447194,33.34446732791762],[-116.9959488070369,33.344712597492354],[-116.99773050867509,33.346179129779934],[-116.99777046064791,33.346064374502689],[-116.99815252301529,33.345535305130213],[-116.99822902000015,33.345439414793411],[-116.99833758053185,33.345370051987011],[-116.99845039342988,33.345266309017887],[-116.99854033728673,33.345147434500554],[-116.99878503536958,33.345042896461685],[-116.99758125692632,33.343614891540589],[-116.99700636935628,33.343931357702019],[-116.99629383253756,33.343573008880028]]]},"properties":{"OBJECTID":68,"Record_Num":"AWM2012-LCP-00037","Business_N":"POLITO FAMILY FARMS","PRODUCER_L":"15560 ADAMS DR PAUMA VALLEY CA 92061 APN 111-130-49-00","Area":11,"Shape_Length":2947.4655395669133,"Shape_Area":461705.47168534668}},{"type":"Feature","id":69,"geometry":{"type":"Polygon","coordinates":[[[-116.65431917682668,33.38734985275908],[-116.6543120590613,33.386548290706479],[-116.6522474998666,33.386557852431864],[-116.65224442691668,33.387373761508414],[-116.65431917682668,33.38734985275908]]]},"properties":{"OBJECTID":69,"Record_Num":"AWM2016-LCP-00061","Business_N":"MEZA RANCH","PRODUCER_L":"31292 Chihuahua Valley Rd, Warner Springs, CA 92086 APN 115-210-24-00","Area":4,"Shape_Length":1852.1244349018179,"Shape_Area":185909.88781420689}},{"type":"Feature","id":70,"geometry":{"type":"Polygon","coordinates":[[[-116.6465773959532,33.388183241757829],[-116.64645580629127,33.388462275770912],[-116.6467249731365,33.388617916734106],[-116.64706645853616,33.388666448677256],[-116.64742671679728,33.388840881788887],[-116.64748300096645,33.389210957367212],[-116.64783810483929,33.389251809218223],[-116.64782890112089,33.388228864639601],[-116.6465773959532,33.388183241757829]]]},"properties":{"OBJECTID":70,"Record_Num":"AWM2014-LCP-00024","Business_N":"PALMAS HEIGHTS RANCH  *","PRODUCER_L":"37755 PALMAS HEIGHTS RD, WARNER SPRINGS, CA  92086  APN 115-220-34-00","Area":2,"Shape_Length":1440.326811043474,"Shape_Area":91880.769695141949}},{"type":"Feature","id":71,"geometry":{"type":"Polygon","coordinates":[[[-116.65218412833185,33.388445185582526],[-116.65218591649783,33.388347628301041],[-116.65016408443246,33.388299750257048],[-116.65015065445262,33.388401756846889],[-116.65014654100216,33.388433000271391],[-116.65014325352057,33.389123377611867],[-116.65217407529609,33.389176855173993],[-116.65218412833185,33.388445185582526]]]},"properties":{"OBJECTID":71,"Record_Num":"AWM2010-LCP-00187","Business_N":"HOMESTEADER PANTRY  *","PRODUCER_L":"37724 CRUCES DR WARNER SPRINGS CA 92086 APN 115-240-04-00","Area":4,"Shape_Length":1839.3139869651957,"Shape_Area":186714.19911586551}},{"type":"Feature","id":72,"geometry":{"type":"Polygon","coordinates":[[[-117.24506474133143,33.326242824019729],[-117.24589796834587,33.326207434945069],[-117.24795453739088,33.325857165382132],[-117.24788986538898,33.325434202991666],[-117.24769777430839,33.325084040514319],[-117.24735558507291,33.324692017400601],[-117.24693895636041,33.323769444325698],[-117.24689050643934,33.323644223766109],[-117.24698501843088,33.323309703364522],[-117.24704018368287,33.322523306932155],[-117.24689714865096,33.321975363445262],[-117.24520056776146,33.322021269812076],[-117.24506948774074,33.322147929624094],[-117.24506474133143,33.326242824019729]]]},"properties":{"OBJECTID":72,"Record_Num":"AWM2015-LCP-00049","Business_N":"SMILEY & SAGE LLC/GOOD TASTE FARM","PRODUCER_L":"3600 BLOCK OF OLIVE HILL RD, FALLBROOK, CA  92028  121-044-09/10/11-00","Area":23,"Shape_Length":4460.4088100793879,"Shape_Area":1009974.8399985192}},{"type":"Feature","id":73,"geometry":{"type":"Polygon","coordinates":[[[-117.27694304355948,33.293465050368319],[-117.27665294846922,33.293764525556121],[-117.27667122762182,33.293848774418507],[-117.27663536012521,33.293938644204303],[-117.27653776217262,33.294011798866052],[-117.27640739009497,33.294088668977153],[-117.27635978161859,33.294226867801122],[-117.27645919720057,33.294308728131995],[-117.27632922840374,33.294420046802863],[-117.27619277383911,33.294328156119001],[-117.27628188620096,33.294230956305015],[-117.27636214762938,33.294078707500638],[-117.27649248041696,33.293998392292821],[-117.27658605685559,33.293932161858542],[-117.27663028844248,33.293856002996733],[-117.27661467911759,33.293804032537395],[-117.27657028415759,33.293849862516588],[-117.27575745779527,33.294307020267901],[-117.27647742740062,33.294846941608078],[-117.27863752931306,33.293189539087585],[-117.27807590988479,33.293167469527809],[-117.27770435330734,33.293460659597294],[-117.27694304355948,33.293465050368319]]]},"properties":{"OBJECTID":73,"Record_Num":"AWM2012-LCP-00074","Business_N":"BLUE HERON FARM","PRODUCER_L":"1220 CAMINO BAJA CERRO FALLBROOK, CA 92028 APN 121-151-23-00","Area":4,"Shape_Length":2811.8581829372615,"Shape_Area":176738.78042168845}},{"type":"Feature","id":74,"geometry":{"type":"Polygon","coordinates":[[[-117.24704872688019,33.314599102110819],[-117.24685605097177,33.314596869872453],[-117.2467689342586,33.31501878135721],[-117.24692328015328,33.31507246756658],[-117.24682659962987,33.315199572880502],[-117.2464628072925,33.315136581793894],[-117.24646420177184,33.314971794127381],[-117.24663063012964,33.314937503616655],[-117.24667622478214,33.314594785782269],[-117.24564858506159,33.314582873353885],[-117.24568635959987,33.315315825178217],[-117.24583350826805,33.315311898639166],[-117.2458486118977,33.315201926244548],[-117.24641770542206,33.315197361222623],[-117.24644126815562,33.315543203010634],[-117.24706920447885,33.315535416231143],[-117.24704872688019,33.314599102110819]]]},"properties":{"OBJECTID":74,"Record_Num":"AWM2010-LCP-00182","Business_N":"RUSSELL FAMILY FARMS","PRODUCER_L":"205 CALLE LINDA, FALLBROOK, CA 92028  APN 121-270-35&69-00 APN 121-240-05-00","Area":2,"Shape_Length":2170.5280829878961,"Shape_Area":104390.04407196381}},{"type":"Feature","id":75,"geometry":{"type":"Polygon","coordinates":[[[-117.24763073996768,33.281050971131712],[-117.24763518121507,33.28115094864512],[-117.24762600811651,33.281203205718683],[-117.24759361489609,33.281258397839437],[-117.24749367877774,33.28133185960538],[-117.2469020554793,33.281593431606083],[-117.24689088729936,33.281649941815026],[-117.25042289714843,33.281710279303717],[-117.25152400681267,33.281721441016231],[-117.25165411131216,33.281771924478285],[-117.25182593425012,33.281893645048477],[-117.25232734845979,33.281923952847293],[-117.25230221177713,33.282110248025148],[-117.25247305424551,33.282146087811839],[-117.25253364998716,33.28178200197685],[-117.25281040828457,33.281244392556097],[-117.25109202285883,33.280608369561506],[-117.24944131590154,33.280524330552069],[-117.24859257571372,33.280224823947428],[-117.24777495691289,33.280262891216942],[-117.2471083272667,33.280765811604539],[-117.24700790952809,33.280841652882813],[-117.24698595067949,33.280858237821391],[-117.2473546941077,33.280873162152943],[-117.24741381062968,33.280878681786263],[-117.24755890311425,33.280947481115412],[-117.24763073996768,33.281050971131712]]]},"properties":{"OBJECTID":75,"Record_Num":"AWM2010-LCP-00049","Business_N":"RANCHO SHIRAZ","PRODUCER_L":"31258 VIA PUERTA DEL SOL BONSALL CA 92003 APN 122-040-27-00","Area":16,"Shape_Length":4655.5762993845929,"Shape_Area":689864.01167953911}},{"type":"Feature","id":76,"geometry":{"type":"Polygon","coordinates":[[[-117.28359907249038,33.26743273157966],[-117.28360304391458,33.266995385233443],[-117.27943435986681,33.267033867790047],[-117.27942589836805,33.268645089550581],[-117.27956694132347,33.268648461617211],[-117.27967088736598,33.268508795314503],[-117.27971040297881,33.268374204557148],[-117.27978997610438,33.268151052352877],[-117.27991253683538,33.268088657817664],[-117.27988609937267,33.267781991129091],[-117.28015974340893,33.267752867738061],[-117.28022790826545,33.268112892833713],[-117.2803592320227,33.268407180969206],[-117.28044639288838,33.268440981621048],[-117.28047026126718,33.268529013433209],[-117.280444242755,33.2686694347355],[-117.28043411106771,33.268752215856281],[-117.2825228578254,33.26871910205341],[-117.28359907249038,33.26743273157966]]]},"properties":{"OBJECTID":76,"Record_Num":"AWM2009-LCP-00046","Business_N":"RODNEY'S RANCH","PRODUCER_L":"401 WILSHIRE RD, OCEANSIDE, CA 92057  APN 122-080-20-00","Area":15,"Shape_Length":4099.7733420604172,"Shape_Area":658629.93279662891}},{"type":"Feature","id":77,"geometry":{"type":"Polygon","coordinates":[[[-117.27071024601391,33.268754301780241],[-117.27070085286729,33.267070950352355],[-117.2694807881639,33.267072389255432],[-117.26915305982986,33.267610456682917],[-117.26880206282094,33.267613338388188],[-117.26873709200355,33.268180740117195],[-117.26870737618019,33.268556033612931],[-117.26877852961545,33.268813117509673],[-117.27071024601391,33.268754301780241]]]},"properties":{"OBJECTID":77,"Record_Num":"AWM2010-LCP-00086","Business_N":"MARK WALL","PRODUCER_L":"5959 LAS TUNAS DR OCEANSIDE CA 92057 APN 122-100-43-00","Area":8,"Shape_Length":2343.7798694263447,"Shape_Area":338529.23868386325}},{"type":"Feature","id":78,"geometry":{"type":"Polygon","coordinates":[[[-117.2424953867945,33.332730836048142],[-117.2443031425677,33.332743098154779],[-117.24469162553449,33.332314363757291],[-117.24474989047738,33.332239460875577],[-117.24479204626645,33.332147509388101],[-117.24480895517779,33.33203476555456],[-117.24480640457941,33.331210259353696],[-117.24249160605646,33.331194422724607],[-117.2424953867945,33.332730836048142]]]},"properties":{"OBJECTID":78,"Record_Num":"AWM2015-LCP-00050","Business_N":"OLIVE CREST FARM","PRODUCER_L":"3270 OLIVE HILL RD, FALLBROOK, CA  92028  APN 123-120-65-00","Area":9,"Shape_Length":2424.0193775302641,"Shape_Area":379057.80986210739}},{"type":"Feature","id":79,"geometry":{"type":"Polygon","coordinates":[[[-117.2420126627767,33.325681318006936],[-117.24134581332292,33.325820246562607],[-117.24121909525407,33.326676322404147],[-117.24120293920699,33.326855863120429],[-117.24153974512362,33.326883712057338],[-117.24155533116553,33.327055364609116],[-117.24181029540256,33.327083866182953],[-117.24190798319184,33.327277766504736],[-117.24241977216164,33.327899707664976],[-117.24285890511241,33.328529862335834],[-117.24320113212723,33.329034820398384],[-117.24470168240113,33.329030446714654],[-117.24469574672564,33.328908342074619],[-117.24462278071948,33.328889839886067],[-117.24324399712734,33.327202195850013],[-117.2420126627767,33.325681318006936]]]},"properties":{"OBJECTID":79,"Record_Num":"AWM2015-LCP-00029","Business_N":"GOOD TASTE FARM","PRODUCER_L":"3508 OLIVE HILL RD, FALLBROOK, CA  92028  APN 123-400-04/05/34-00","Area":12,"Shape_Length":3602.3494507565465,"Shape_Area":501567.46854385204}},{"type":"Feature","id":80,"geometry":{"type":"Polygon","coordinates":[[[-117.22305228105138,33.319965310223651],[-117.22332432153441,33.319896376042522],[-117.22352083800004,33.31978222728987],[-117.22360942983899,33.319571583735041],[-117.22369096927837,33.319340000855632],[-117.22379927499205,33.319266623390064],[-117.2236081606885,33.319048629959198],[-117.22278498429732,33.319642937924414],[-117.22305228105138,33.319965310223651]]]},"properties":{"OBJECTID":80,"Record_Num":"AWM2011-LCP-00047","Business_N":"ATKINS NURSERY","PRODUCER_L":"3975 MONSERATE TER FALLBROOK CA 92028 APN 123-480-36-00","Area":1,"Shape_Length":944.53719632883781,"Shape_Area":49831.905248384115}},{"type":"Feature","id":81,"geometry":{"type":"Polygon","coordinates":[[[-117.19117591236557,33.332079079605549],[-117.19115413729401,33.331957093069022],[-117.19109731460858,33.331747575580508],[-117.1906304427134,33.331464819281749],[-117.19028741666645,33.332127798792726],[-117.1901954962638,33.332460593255405],[-117.19015646339111,33.333060194586778],[-117.19011091413888,33.33347661747365],[-117.18999834646333,33.3340042473287],[-117.19018871085065,33.333945548164017],[-117.19037858391361,33.333841045728505],[-117.19070511507007,33.333758411432349],[-117.1909154650056,33.333443805100572],[-117.19097896060785,33.333428054585013],[-117.19094200173144,33.332951181109983],[-117.19095456112628,33.332853851313359],[-117.19117591236557,33.332079079605549]]]},"properties":{"OBJECTID":81,"Record_Num":"AWM2010-LCP-00211","Business_N":"BAY PRODUCE","PRODUCER_L":"3378 VIA LOMA FALLBROOK CA 92028 APN 124-220-33-00","Area":5,"Shape_Length":2138.2661208470013,"Shape_Area":197044.17668304339}},{"type":"Feature","id":82,"geometry":{"type":"Polygon","coordinates":[[[-117.17488133670275,33.319703284390989],[-117.17402461612606,33.319596244099316],[-117.1740784803751,33.320104768754966],[-117.17422521895465,33.320551530481531],[-117.17438988543432,33.320727702303316],[-117.17465089090308,33.320842084928408],[-117.17485377448071,33.320700982704771],[-117.17472882836206,33.320350028152646],[-117.17500861794004,33.320275240733942],[-117.17488133670275,33.319703284390989]]]},"properties":{"OBJECTID":82,"Record_Num":"AWM2010-LCP-00061","Business_N":"ORGANIC ONLY","PRODUCER_L":"4072 STAR TRACK WAY FALLBROOK CA 92028 APN 125-080-15-00","Area":2,"Shape_Length":1305.5753373193495,"Shape_Area":92261.305649004848}},{"type":"Feature","id":83,"geometry":{"type":"Polygon","coordinates":[[[-117.2421123165321,33.270745621238092],[-117.24211923542126,33.270152932476655],[-117.24212519011373,33.268572527547896],[-117.24203645803696,33.268561784965222],[-117.24181701887997,33.269347991492559],[-117.24057998674814,33.270262567374004],[-117.24105587509685,33.270754061190871],[-117.2421123165321,33.270745621238092]]]},"properties":{"OBJECTID":83,"Record_Num":"AWM2016-LCP-00066","Business_N":"RESENDEZ, PRISCO","PRODUCER_L":"30464 NORTH RIVER RD, BONSALL, CA  92003  APN 126-170-69-00","Area":4,"Shape_Length":2169.0639288393645,"Shape_Area":181360.61617817808}},{"type":"Feature","id":84,"geometry":{"type":"Polygon","coordinates":[[[-117.244841403801,33.272189461505889],[-117.24482572692186,33.270809311559155],[-117.24257113086412,33.27082051255104],[-117.24258727677625,33.272245182936224],[-117.244841403801,33.272189461505889]]]},"properties":{"OBJECTID":84,"Record_Num":"AWM2010-LCP-00223","Business_N":"REY RIVER FARM, INC.","PRODUCER_L":"30971 VIA PUERTA DEL SOL BONSALL CA 92003 APN 126-250-18-00","Area":8,"Shape_Length":2398.9965911669733,"Shape_Area":351662.31023118529}},{"type":"Feature","id":85,"geometry":{"type":"Polygon","coordinates":[[[-117.16774696079352,33.298966261763049],[-117.16826668974497,33.29899563077025],[-117.16827352040526,33.298641318291537],[-117.16839724848789,33.298622689951848],[-117.16842722543774,33.298212852056103],[-117.16855196182671,33.2980392256813],[-117.16853554040735,33.297981780202115],[-117.16846412390659,33.29796016704222],[-117.16815136503698,33.298055473648361],[-117.16814321059292,33.298283590816901],[-117.16792754305504,33.298586308785922],[-117.1677635821388,33.298791221628818],[-117.16774696079352,33.298966261763049]]]},"properties":{"OBJECTID":85,"Record_Num":"AWM2010-LCP-00199","Business_N":"HILLSIDE FLOWER GROWER","PRODUCER_L":"32246 LEPRECHAUN LN BONSALL CA 92003 APN 127-271-04-00","Area":1,"Shape_Length":1061.16446814561,"Shape_Area":44314.725220512533}},{"type":"Feature","id":86,"geometry":{"type":"Polygon","coordinates":[[[-117.18335812923846,33.257537790847437],[-117.18536888020077,33.257559869957134],[-117.18548761850845,33.257510304790493],[-117.18549060877935,33.256513973773899],[-117.18458422576053,33.25651794011705],[-117.18459079973006,33.255856548184966],[-117.18409664760578,33.255851678969421],[-117.1839605912912,33.256514046299621],[-117.18336080820323,33.256509969961101],[-117.18335812923846,33.257537790847437]]]},"properties":{"OBJECTID":86,"Record_Num":"AWM2010-LCP-00074","Business_N":"ALFREDO HIDALGO FLOWERS","PRODUCER_L":"29920 DISNEY LN VISTA 92084 APN 127-420-25-00","Area":7,"Shape_Length":2488.5195974524249,"Shape_Area":285926.59288811084}},{"type":"Feature","id":87,"geometry":{"type":"Polygon","coordinates":[[[-117.14926803177111,33.26705416116949],[-117.14891511316874,33.266980372454128],[-117.14864337327381,33.267068228405741],[-117.14830768963128,33.267013399724547],[-117.14802738393061,33.266819793560572],[-117.14889949305487,33.266011856864729],[-117.14792002675033,33.26521255070724],[-117.14748608026392,33.265544928213657],[-117.14703445671248,33.265815401317063],[-117.14663825731496,33.265951868312712],[-117.14600200354189,33.265942148571227],[-117.14559220019086,33.265859217379372],[-117.1450384583238,33.265586461078037],[-117.14436369704002,33.265142798243588],[-117.14402743904823,33.265030702540621],[-117.14337429987506,33.265035405694505],[-117.14278965564901,33.265073013940174],[-117.14308354060839,33.26548602625499],[-117.14346739178208,33.266366003800513],[-117.14356960630676,33.267477043877427],[-117.14346539218793,33.267840432971838],[-117.14432850444824,33.267815131033437],[-117.14513014342181,33.267420073922473],[-117.14890356485053,33.267653844185624],[-117.1489660772434,33.267510464580461],[-117.14902278755382,33.267371457892388],[-117.14926803177111,33.26705416116949]]]},"properties":{"OBJECTID":87,"Record_Num":"AWM2010-LCP-00025","Business_N":"ACE RANCH","PRODUCER_L":"30555 CAMINO DE LAS LOMAS ESCONDIDO 92026 APN127-521-[12,13,14,16]-00","Area":28,"Shape_Length":5989.556090044819,"Shape_Area":1216773.6355061899}},{"type":"Feature","id":88,"geometry":{"type":"Polygon","coordinates":[[[-117.15967412003469,33.284427116619476],[-117.15861452530983,33.284427995754605],[-117.15750102115996,33.284421550328197],[-117.15749307175214,33.28475084564483],[-117.15752162338687,33.284764951580875],[-117.1577603883007,33.284779906438636],[-117.15784522831784,33.284743499818283],[-117.15798072482988,33.284661391822503],[-117.15803935875921,33.284563146241432],[-117.15816618583438,33.284466786789956],[-117.15831403245862,33.2844800197539],[-117.15839428081728,33.284548620840511],[-117.15838830810068,33.28479439972606],[-117.15826476672321,33.284933679342132],[-117.15808310701087,33.284946937058763],[-117.15795452296506,33.284873918359182],[-117.15792834074976,33.284814465282487],[-117.15784335230774,33.284836558383574],[-117.15750258121717,33.284846207799063],[-117.1575407461029,33.285239582397622],[-117.16373393136443,33.285303898034222],[-117.16375283401189,33.283576452220075],[-117.15966764275842,33.283530110247881],[-117.15967412003469,33.284427116619476]]]},"properties":{"OBJECTID":88,"Record_Num":"AWM2010-LCP-00227","Business_N":"MACIEL & FAMILY","PRODUCER_L":"31796 CALLE DETALAR, BONSALL, CA 92003 APN 127-530-02-00","Area":22,"Shape_Length":5770.2864619888469,"Shape_Area":958422.96896625555}},{"type":"Feature","id":89,"geometry":{"type":"Polygon","coordinates":[[[-117.17729567226128,33.294361458059115],[-117.17732531167911,33.29351189867289],[-117.17637955955023,33.29348269507895],[-117.17636139552563,33.294343621183934],[-117.17729567226128,33.294361458059115]]]},"properties":{"OBJECTID":89,"Record_Num":"AWM2010-LCP-00250","Business_N":"MARIA'S FLOWERS","PRODUCER_L":"7217 W LILAC BONSALL CA 92003 APN 127-541-12-00","Area":2,"Shape_Length":1197.307626249938,"Shape_Area":89448.254151030647}},{"type":"Feature","id":90,"geometry":{"type":"Polygon","coordinates":[[[-117.20230466258798,33.274772081279828],[-117.20227116257725,33.274905588423316],[-117.2021261366035,33.275071198241946],[-117.20194555677566,33.275181375276325],[-117.20193624272231,33.275242567695194],[-117.2019323688681,33.275849498850668],[-117.20191647270839,33.276477561877329],[-117.20228684106094,33.276476629030022],[-117.20227018939198,33.275990054949176],[-117.20220163800218,33.275599389596465],[-117.20221944799385,33.275505359131714],[-117.20235209624964,33.275372937149911],[-117.20250588999113,33.275306864202634],[-117.20274991234899,33.275388970872683],[-117.20288904708013,33.275437527852162],[-117.20289525718823,33.274964138068732],[-117.2028057681287,33.274920251428725],[-117.2027167101653,33.27484335591631],[-117.20263904572197,33.274805779676086],[-117.20256611185607,33.274785344767629],[-117.20248644604121,33.274772595400336],[-117.20233630455856,33.274756569760932],[-117.20230466258798,33.274772081279828]]]},"properties":{"OBJECTID":90,"Record_Num":"AWM2013-LCP-00001","Business_N":"MANCHOR, MICHAEL  *","PRODUCER_L":"6052 VILLA SANTINI BONSALL CA 92003 APN 127-590-20-00","Area":2,"Shape_Length":1751.4251112091372,"Shape_Area":89233.018220024052}},{"type":"Feature","id":91,"geometry":{"type":"Polygon","coordinates":[[[-117.08872566717555,33.327758181463906],[-117.08927254936899,33.327512540316349],[-117.09113874636643,33.326481910480034],[-117.09103784356201,33.326167605518023],[-117.08923237224121,33.325590927971319],[-117.0889682407708,33.326400725197274],[-117.0879977850135,33.327274634796396],[-117.08791510986801,33.327727131835637],[-117.08872566717555,33.327758181463906]]]},"properties":{"OBJECTID":91,"Record_Num":"AWM2016-LCP-00059","Business_N":"SAN GABRIEL RANCH","PRODUCER_L":"11357 PALA LOMA DR. VALLEY CENTER, CA  92082  APN 128-101-24-00","Area":9,"Shape_Length":2734.9316996190337,"Shape_Area":379798.24879278126}},{"type":"Feature","id":92,"geometry":{"type":"Polygon","coordinates":[[[-117.08636844730405,33.319113875634962],[-117.08672520047064,33.319334778782732],[-117.08753675073359,33.320400035006486],[-117.08888970502498,33.321023606219313],[-117.09032199285352,33.320673236997301],[-117.09038985521312,33.319013891861395],[-117.09038035432823,33.318937920185988],[-117.08636844730405,33.319113875634962]]]},"properties":{"OBJECTID":92,"Record_Num":"AWM2011-LCP-00037","Business_N":"MIKOLICH HONEY","PRODUCER_L":"33314 LILAC RD VALLEY CENTER CA 92082 APN 128-121-05-00","Area":15,"Shape_Length":3381.8871546612786,"Shape_Area":633677.82010174543}},{"type":"Feature","id":93,"geometry":{"type":"Polygon","coordinates":[[[-117.03856627848809,33.315751046034087],[-117.03839948186156,33.317675971915371],[-117.03856076608311,33.318167366087962],[-117.03867974182826,33.318504432609004],[-117.03919870116307,33.318575570942009],[-117.03951808613265,33.318447573672799],[-117.04059722780806,33.317868129192135],[-117.04063421475023,33.317432733271943],[-117.0404971012136,33.317353445159064],[-117.04026327371996,33.317137352663494],[-117.04022679887692,33.31687419870677],[-117.04018350482448,33.316611087218654],[-117.04003905683943,33.316474587426121],[-117.03978368986702,33.316138389574398],[-117.03955100455588,33.316048256626502],[-117.03906409241543,33.315747883927969],[-117.03856627848809,33.315751046034087]]]},"properties":{"OBJECTID":93,"Record_Num":"AWM2011-LCP-00027","Business_N":"SERRATO FARMS","PRODUCER_L":"36929 MUUTANA RD VALLEY CENTER CA 92082 APN 128-150-20-00","Area":11,"Shape_Length":2811.1370251023109,"Shape_Area":491720.8759592225}},{"type":"Feature","id":94,"geometry":{"type":"Polygon","coordinates":[[[-117.10716068206668,33.309623554795458],[-117.10711050795278,33.310184811400106],[-117.10771434060345,33.31090872725364],[-117.10891577677152,33.310877436635515],[-117.10909095152408,33.310868015736162],[-117.10908036056327,33.309788760260112],[-117.11157334855818,33.309584517828874],[-117.11155247972883,33.309006754077409],[-117.10913370525734,33.309036260024868],[-117.10909990913859,33.309202218039282],[-117.10698459030975,33.309212585133672],[-117.10712421842135,33.309517573154139],[-117.1073174302264,33.309648315519809],[-117.10767280864368,33.310075298804996],[-117.10781039235229,33.310197453562232],[-117.10811362332282,33.310521731061812],[-117.10829750938738,33.31049755691199],[-117.10825231645542,33.310409119075771],[-117.10827078048987,33.310205724869576],[-117.10863539542578,33.310183162937278],[-117.10860278907145,33.310335123516928],[-117.10829496999828,33.310586324661926],[-117.10804233339748,33.310553715692322],[-117.10801243389325,33.310634083757343],[-117.10783584219841,33.31070687745337],[-117.10771440741003,33.31049299717975],[-117.10783227964077,33.310343311654542],[-117.107190777075,33.309597657507268],[-117.10714796045343,33.309586578974681],[-117.10716068206668,33.309623554795458]]]},"properties":{"OBJECTID":94,"Record_Num":"AWM2015-LCP-00044","Business_N":"FOGGY HILL RANCH, LLC","PRODUCER_L":"32776 VIA DEL VENADO, VALLEY CENTER, CA  92082  APN 128-170-37-00","Area":11,"Shape_Length":5505.3991870550799,"Shape_Area":500306.81743661739}},{"type":"Feature","id":95,"geometry":{"type":"Polygon","coordinates":[[[-117.08292906779283,33.307803439320537],[-117.08308334063743,33.307294715243394],[-117.0829546064504,33.307142889980213],[-117.08257527297792,33.306931670103083],[-117.08197858056209,33.306809700792336],[-117.08126063938298,33.306845047071036],[-117.08061149968067,33.30694482179829],[-117.0801660132886,33.306947800967649],[-117.07937381960987,33.306823309159029],[-117.07881371451889,33.306723984429475],[-117.07815270084028,33.306529899471776],[-117.07761482290242,33.306376979919349],[-117.07750366816738,33.306641108853213],[-117.07732158602383,33.306615601116256],[-117.07725538349635,33.306825989114955],[-117.07730708141132,33.307005053652567],[-117.07756009412802,33.307320196939799],[-117.07757528298529,33.307484235249092],[-117.0783318005772,33.307681503143087],[-117.07873309664127,33.307812428016611],[-117.07890393053972,33.308089944356546],[-117.07955521353362,33.308215380664649],[-117.0801462819196,33.308222882159072],[-117.08054729348385,33.308323265147905],[-117.08191497633167,33.308249216891802],[-117.08263631255872,33.308091694137623],[-117.08292906779283,33.307803439320537]]]},"properties":{"OBJECTID":95,"Record_Num":"AWM2010-LCP-00013","Business_N":"CRIMSON SKY RANCH","PRODUCER_L":"12448 SANTA CATALINA RD VALLEY CENTER CA 92082 APN 128-190-60-00","Area":18,"Shape_Length":4238.3706212309444,"Shape_Area":782968.6481151511}},{"type":"Feature","id":96,"geometry":{"type":"Polygon","coordinates":[[[-117.08135406981198,33.306733262395106],[-117.08146927606744,33.306747232039484],[-117.08150689664406,33.304605522084834],[-117.08136160551153,33.304600743000343],[-117.08130569671003,33.304598903643232],[-117.08115572818978,33.304603312424369],[-117.08108364026701,33.304631837901198],[-117.08086185197614,33.304722125471812],[-117.08052763965729,33.30469631842896],[-117.08029988633474,33.30474457955804],[-117.07994473955492,33.30485912659168],[-117.07966405925613,33.304608613987931],[-117.07938581456463,33.304615147277104],[-117.07972931325061,33.3050334993532],[-117.07972624684565,33.305092585870646],[-117.07844170462694,33.305676699700292],[-117.07811534052445,33.305975143662835],[-117.07775933506807,33.306257175887581],[-117.07889848969556,33.306642180578223],[-117.08004692541517,33.306830810419711],[-117.08048119844049,33.306841929045092],[-117.08135406981198,33.306733262395106]]]},"properties":{"OBJECTID":96,"Record_Num":"AWM2010-LCP-00256","Business_N":"VALLEY CENTER GROWERS, INC.","PRODUCER_L":"12395 SANTA CATALINA RD VALLEY CENTER CA 92082  APN 128-190-67-00","Area":14,"Shape_Length":3607.4457156258341,"Shape_Area":629315.68847493152}},{"type":"Feature","id":97,"geometry":{"type":"Polygon","coordinates":[[[-117.07045836308207,33.3045939501596],[-117.07278551851594,33.304567859823749],[-117.07272492237368,33.301022068679323],[-117.06829752691071,33.301039874856485],[-117.06850419618048,33.304276416783054],[-117.06863674047915,33.304259367357233],[-117.06881820938017,33.304219998148355],[-117.06879834836626,33.304040720187487],[-117.06884241298499,33.303891558606601],[-117.06905598560242,33.303882515265741],[-117.06915641721447,33.303927659198408],[-117.06915877429181,33.304179580085076],[-117.06930079669384,33.304296977007134],[-117.0697789110458,33.304381616433808],[-117.0699979237927,33.304467966292592],[-117.07011089871396,33.304427787829553],[-117.07008726377333,33.304299418935678],[-117.07026919701296,33.30430966880553],[-117.07031508213468,33.304355172135836],[-117.07045836308207,33.3045939501596]]]},"properties":{"OBJECTID":97,"Record_Num":"AWM2009-LCP-00043","Business_N":"QUINTA TERRA NOSSA/ BELLAVADO","PRODUCER_L":"12927 SANTA VIRGINIA DR VALLEY CENTER CA  92082, APN 128-200-29-00","Area":38,"Shape_Length":5488.5400697422747,"Shape_Area":1645781.3732275686}},{"type":"Feature","id":98,"geometry":{"type":"Polygon","coordinates":[[[-117.04513797084651,33.311040769022362],[-117.04509944790381,33.311304402982707],[-117.04477123626759,33.311379662536595],[-117.04294059270089,33.310871594645903],[-117.04176917715979,33.311039391389698],[-117.04166828502812,33.313456322915158],[-117.04164846414272,33.314280964450766],[-117.04633105304386,33.314754895390365],[-117.04646076118115,33.312521001133035],[-117.04649427859137,33.31170772204424],[-117.04684615950097,33.311407722476638],[-117.04670717288737,33.311122324686252],[-117.04578822253126,33.310555636185875],[-117.04486157144362,33.310641733175594],[-117.04513797084651,33.311040769022362]]]},"properties":{"OBJECTID":98,"Record_Num":"AWM2011-LCP-00028","Business_N":"SERRATO FARMS","PRODUCER_L":"36446 CARNEY RD VALLEY CENTER CA 92082 APN 128-211-03-00","Area":43,"Shape_Length":5950.0548603584712,"Shape_Area":1890678.6196886823}},{"type":"Feature","id":99,"geometry":{"type":"Polygon","coordinates":[[[-117.06426503933027,33.297156065955576],[-117.06414301345846,33.29350426728238],[-117.06390705951308,33.293486728009057],[-117.0639066271753,33.291912128976094],[-117.0639708546264,33.291487041703419],[-117.06002403235478,33.29138163917446],[-117.06048038451266,33.297103530886446],[-117.06426503933027,33.297156065955576]]]},"properties":{"OBJECTID":99,"Record_Num":"AWM2010-LCP-00094","Business_N":"MORNING STAR RANCH","PRODUCER_L":"12458 KEYS CREEK RD VALLEY CENTER CA 92082 APN 128-380-08-00","Area":56,"Shape_Length":6580.3894060884359,"Shape_Area":2434005.3674053308}},{"type":"Feature","id":100,"geometry":{"type":"Polygon","coordinates":[[[-117.08193689464002,33.320515558393851],[-117.08497559624693,33.320482360297838],[-117.08480653915264,33.31914858098088],[-117.08145103008441,33.319142280513177],[-117.08147362089132,33.319513473057796],[-117.08148513907396,33.319923153962719],[-117.08159075979512,33.320204155159601],[-117.08173341641842,33.320369664582188],[-117.08193689464002,33.320515558393851]]]},"properties":{"OBJECTID":100,"Record_Num":"AWM2010-LCP-00018","Business_N":"BEHNEMAN FAMILY FARMS","PRODUCER_L":"33319 LILAC RD VALLEY CENTER CA 92082 APN 128-410-09-00","Area":12,"Shape_Length":2989.0720943266442,"Shape_Area":503983.45086386614}},{"type":"Feature","id":101,"geometry":{"type":"Polygon","coordinates":[[[-117.08808524373441,33.31345071568186],[-117.08798387580599,33.309985370042305],[-117.08582987034031,33.31008004875094],[-117.08583139318594,33.313572788630381],[-117.08808524373441,33.31345071568186]]]},"properties":{"OBJECTID":101,"Record_Num":"AWM2015-LCP-00021","Business_N":"FOR HIS GLORY FARMS, INC.","PRODUCER_L":"23840 LILAC RD, VALLEY CENTER, CA  92082  APN 128-430-06-00","Area":20,"Shape_Length":3881.1186237648189,"Shape_Area":852962.07764273195}},{"type":"Feature","id":102,"geometry":{"type":"Polygon","coordinates":[[[-117.0477744409165,33.286246366516444],[-117.04620118111774,33.286299102943268],[-117.04638617204142,33.286427730890459],[-117.0464173603043,33.286962569693429],[-117.04650215705071,33.28702393116636],[-117.04650332337154,33.287152156635649],[-117.0468182331838,33.287044011664165],[-117.04693047197436,33.286649750220889],[-117.04711895010234,33.286533573028002],[-117.04735621706375,33.286571845059555],[-117.04712305548711,33.286984571214646],[-117.04686814863167,33.287322266026862],[-117.04658860195353,33.287266576557478],[-117.04650388642362,33.28721405852324],[-117.04640397992604,33.287227964433875],[-117.04637600747104,33.287046849330224],[-117.04632798357038,33.286976408894411],[-117.04630756543015,33.286468030889765],[-117.04614525372612,33.286339772254472],[-117.04622944165963,33.287688348241964],[-117.04643086894821,33.287868954843965],[-117.0468383777132,33.288100695978827],[-117.04715465907242,33.288142884074269],[-117.04744843297304,33.288026030255466],[-117.0475780351394,33.28780410648509],[-117.047781301104,33.287577288156797],[-117.0477744409165,33.286246366516444]]]},"properties":{"OBJECTID":102,"Record_Num":"AWM2010-LCP-00183","Business_N":"PEADS AND BARNETT LLC","PRODUCER_L":"13312 RICKS RANCH RD VALLEY CENTER CA 92082 APN 128-460-19-00","Area":6,"Shape_Length":3645.3121369241808,"Shape_Area":258553.19055006784}},{"type":"Feature","id":103,"geometry":{"type":"Polygon","coordinates":[[[-117.07192350838369,33.291622788497058],[-117.0711763304344,33.291920304222259],[-117.07106032941186,33.293481451588363],[-117.07123949287703,33.293479243153939],[-117.07122319253683,33.293305644094694],[-117.07139680000735,33.293243543157054],[-117.07178807516948,33.293271215005184],[-117.07192350838369,33.291622788497058]]]},"properties":{"OBJECTID":103,"Record_Num":"AWM2014-LCP-00043","Business_N":"GARDEN TROPICAL WHOLESALE","PRODUCER_L":"32130 Dowling Ln, Valley Center, CA  92082  APN 128-480-08-00","Area":3,"Shape_Length":1718.8115041167032,"Shape_Area":122940.73205746383}},{"type":"Feature","id":104,"geometry":{"type":"Polygon","coordinates":[[[-117.10892311008702,33.307264888926383],[-117.10840309500557,33.304071560147058],[-117.10164796062207,33.304199192179389],[-117.10225314924033,33.307411049298878],[-117.10278203540616,33.307399472344301],[-117.10476215222505,33.307312365991784],[-117.1075130473136,33.307295817492182],[-117.10892311008702,33.307264888926383]]]},"properties":{"OBJECTID":104,"Record_Num":"AWM2010-LCP-00028","Business_N":"MARKOV FARMS","PRODUCER_L":"32702 VIA DEL VENADO VALLEY CENTER CA 92082 APN 128-490-04/128-500-09-00","Area":55,"Shape_Length":6459.2688927640156,"Shape_Area":2386935.4888791651}},{"type":"Feature","id":105,"geometry":{"type":"Polygon","coordinates":[[[-117.09635210028694,33.302479822299155],[-117.10114611793875,33.302394865796778],[-117.10084389923344,33.300811298759498],[-117.09613080310378,33.30085153541318],[-117.09635210028694,33.302479822299155]]]},"properties":{"OBJECTID":105,"Record_Num":"AWM2011-LCP-00001","Business_N":"PEOPLE PLUS, INC.","PRODUCER_L":"11358 CALLE ORO VERDE VALLEY CENTER CA 92082 APN 128-500-15-00","Area":20,"Shape_Length":4085.0952909168645,"Shape_Area":850515.92894655536}},{"type":"Feature","id":106,"geometry":{"type":"Polygon","coordinates":[[[-117.07169324944672,33.282527149981775],[-117.06946121183866,33.282524449217576],[-117.06990605868157,33.282845744193295],[-117.06996190425983,33.283030957011988],[-117.0698868114395,33.283198097975024],[-117.06963444914081,33.283214913133641],[-117.06950755861133,33.28314757839221],[-117.06941613797022,33.283015624062131],[-117.06937403344273,33.282853045072578],[-117.06927175347548,33.282524218245385],[-117.06922506880886,33.282354094202013],[-117.06823302620553,33.282353062823923],[-117.06823623626691,33.284144469249547],[-117.07169943999737,33.284148105782712],[-117.07169324944672,33.282527149981775]]]},"properties":{"OBJECTID":106,"Record_Num":"AWM2010-LCP-00254","Business_N":"VALLEY CENTER GROWERS, INC.","PRODUCER_L":"31580 LAUREL RIDGE DR VALLEY CENTER CA 92082 APN 129-040-27-00","Area":14,"Shape_Length":4025.6378039023562,"Shape_Area":610960.92481489934}},{"type":"Feature","id":107,"geometry":{"type":"Polygon","coordinates":[[[-117.08575610191231,33.277725324084528],[-117.08575108903264,33.276485711271846],[-117.08412864904112,33.276479447063181],[-117.08421987994066,33.277111539883187],[-117.08575610191231,33.277725324084528]]]},"properties":{"OBJECTID":107,"Record_Num":"AWM2010-LCP-00254","Business_N":"VALLEY CENTER GROWERS, INC.","PRODUCER_L":"31580 LAUREL RIDGE DR VALLEY CENTER CA 92082 APN 129-040-27-00","Area":4,"Shape_Length":1698.5166837783961,"Shape_Area":162705.54227711854}},{"type":"Feature","id":108,"geometry":{"type":"Polygon","coordinates":[[[-117.05491893306625,33.279249781940521],[-117.05490855405226,33.277749679954177],[-117.05341282639449,33.277810903196887],[-117.05335701414531,33.278043160254761],[-117.05279813508733,33.278069623396888],[-117.05272666111611,33.278074025173801],[-117.05263090398385,33.278079922057486],[-117.05256164675019,33.279845453175959],[-117.05260653804356,33.279834475030256],[-117.05491893306625,33.279249781940521]]]},"properties":{"OBJECTID":108,"Record_Num":"AWM2010-LCP-00257","Business_N":"VALLEY CENTER GROWERS, INC.","PRODUCER_L":"30969 MESA CREST RD VALLEY CENTER CA 92082  APN 129-080-07&29-00","Area":10,"Shape_Length":2707.1334144283069,"Shape_Area":429849.88468629937}},{"type":"Feature","id":109,"geometry":{"type":"Polygon","coordinates":[[[-117.0594063721518,33.275621917199722],[-117.05939431347154,33.274808926477775],[-117.05485798925837,33.274697187261992],[-117.05483037388615,33.274659193547436],[-117.05042605163801,33.274569339771013],[-117.05045956060469,33.277241179742504],[-117.05488226400384,33.277338548710631],[-117.05487039060226,33.275552164728715],[-117.0594063721518,33.275621917199722]]]},"properties":{"OBJECTID":109,"Record_Num":"AWM2010-LCP-00215","Business_N":"SCHANER, PETER","PRODUCER_L":"30819 MESA CREST RD VALLEY CENTER CA 92082 APN 129-080-31/32/48-00","Area":40,"Shape_Length":7406.594054736699,"Shape_Area":1738033.0918050949}},{"type":"Feature","id":110,"geometry":{"type":"Polygon","coordinates":[[[-117.09019609656319,33.268724031290738],[-117.09017364693013,33.268776014343466],[-117.08972337350255,33.268929071494483],[-117.08963267799524,33.268970810171744],[-117.08957746229416,33.26902884701348],[-117.08955812374533,33.269095582489129],[-117.08985214561095,33.269822478134259],[-117.08979681937898,33.270094831045149],[-117.09041199976659,33.269918890875999],[-117.09073462205986,33.269444322763178],[-117.09095118699668,33.269282531928688],[-117.09130771933032,33.269145558347084],[-117.09143727368533,33.269150405960772],[-117.09188759763254,33.268488877990976],[-117.09205116328893,33.267777762376603],[-117.09012223632902,33.267779382404079],[-117.09012948557255,33.268535146029663],[-117.09019609656319,33.268724031290738]]]},"properties":{"OBJECTID":110,"Record_Num":"AWM2016-LCP-00012","Business_N":"R & L FARMS","PRODUCER_L":"11223 W LILAC RD, VALLYE CENTER, CA  92082  APN 129-170-70-00","Area":8,"Shape_Length":2754.7160583653181,"Shape_Area":364016.45453949989}},{"type":"Feature","id":111,"geometry":{"type":"Polygon","coordinates":[[[-117.11270680478168,33.284123806252843],[-117.11375902439006,33.284131757937125],[-117.11375158122328,33.283837882741437],[-117.11269476346466,33.283824236227346],[-117.11270680478168,33.284123806252843]]]},"properties":{"OBJECTID":111,"Record_Num":"AWM2010-LCP-00270","Business_N":"BEN'S SUBTROPICALS","PRODUCER_L":"10149 LA ROCA GRANDE ESCONDIDO CA 92026 APN 129-190-32-00","Area":1,"Shape_Length":860.59932085241257,"Shape_Area":34781.788380220729}},{"type":"Feature","id":112,"geometry":{"type":"Polygon","coordinates":[[[-117.11387174608247,33.274323112639856],[-117.11383205710023,33.274294110365325],[-117.11380464655673,33.274183591087706],[-117.11373562639434,33.274182263467878],[-117.1137243986346,33.274138800771418],[-117.11379059890409,33.273959142544562],[-117.11349732905286,33.273962930609976],[-117.11351327342398,33.27486584520986],[-117.11447795261537,33.274861101505586],[-117.11450607880762,33.274856962441554],[-117.11449008528342,33.273950105064962],[-117.11385872331407,33.273958262670902],[-117.11390620789443,33.27400937739484],[-117.11407509967798,33.273998343399519],[-117.11412060923698,33.274090694324933],[-117.11402738694905,33.274158380844867],[-117.11407555421739,33.274282260478664],[-117.11387174608247,33.274323112639856]]]},"properties":{"OBJECTID":112,"Record_Num":"AWM2010-LCP-00091","Business_N":"ARCHI'S ACRES, INC.  *","PRODUCER_L":"10085 W LILAC RD ESCONDIDO CA 92026 APN 129-211-15-00","Area":2,"Shape_Length":1668.5066118264019,"Shape_Area":89732.694903193886}},{"type":"Feature","id":113,"geometry":{"type":"Polygon","coordinates":[[[-117.12128229803407,33.278492586039214],[-117.12353268827167,33.278505780591225],[-117.12355950000291,33.282218814151115],[-117.12554201852667,33.282090330002688],[-117.1255503209712,33.27848870270023],[-117.12933707742106,33.278485411073362],[-117.1294524675931,33.27843592381668],[-117.12984336200796,33.277989398943063],[-117.12991583779254,33.275025747309051],[-117.12710847417223,33.275270643937482],[-117.12633051460477,33.275184525083773],[-117.12550094155414,33.275435828147053],[-117.12494686333163,33.275470272317406],[-117.12418791840524,33.275467985834673],[-117.1239597981035,33.275377977620757],[-117.12313846912991,33.275044023399779],[-117.12119794697027,33.275038572046611],[-117.12128229803407,33.278492586039214]]]},"properties":{"OBJECTID":113,"Record_Num":"AWM2010-LCP-00230","Business_N":"RODRIGUEZ RANCH /J R ORGANICS","PRODUCER_L":"31030 RODRIGUEZ RD ESCONDIDO CA 92026 APN-129-300-09-00","Area":91,"Shape_Length":10413.992466095358,"Shape_Area":3954104.7370085777}},{"type":"Feature","id":114,"geometry":{"type":"Polygon","coordinates":[[[-117.0802451541623,33.276518639962525],[-117.07978681265399,33.276641926608704],[-117.07931886618366,33.27681167662989],[-117.07930754951271,33.276942519489957],[-117.07944891564334,33.277021723098017],[-117.07962467466923,33.277020548517214],[-117.07964944267792,33.276984526623352],[-117.07993587838929,33.277003703622348],[-117.07993211598361,33.277136605123914],[-117.0798052014697,33.277257675415505],[-117.07962380215518,33.277193504321957],[-117.07955016857559,33.277107521000467],[-117.07928880143616,33.277083958351668],[-117.07930231946037,33.277450859779336],[-117.08024904984144,33.277459295618328],[-117.0802451541623,33.276518639962525]]]},"properties":{"OBJECTID":114,"Record_Num":"AWM2010-LCP-00019","Business_N":"BEHNEMAN FAMILY FARMS","PRODUCER_L":"11670 MESA VERDE DR VALLEY CENTER CA 92082 APN 129-340-30-00","Area":2,"Shape_Length":1610.517884630324,"Shape_Area":72656.632490186254}},{"type":"Feature","id":115,"geometry":{"type":"Polygon","coordinates":[[[-117.12440089923724,33.266586514408729],[-117.12541348650031,33.266583772233567],[-117.12540460754511,33.266218951228318],[-117.12494311444577,33.266121092979127],[-117.12488768714624,33.266073124951539],[-117.12487357394929,33.265969913613674],[-117.12497820700717,33.265966978534898],[-117.12506098635603,33.265871876677586],[-117.1253992888641,33.265948622436674],[-117.12538728810156,33.265533266284436],[-117.12437216319404,33.265542620421904],[-117.12440089923724,33.266586514408729]]]},"properties":{"OBJECTID":115,"Record_Num":"AWM2012-LCP-00115","Business_N":"SILVERA, TIM","PRODUCER_L":"9627 CIRCLE R DR VALLEY CENTER CA 92082 APN 129-390-68-00","Area":2,"Shape_Length":1673.2958136815651,"Shape_Area":104376.14275805152}},{"type":"Feature","id":116,"geometry":{"type":"Polygon","coordinates":[[[-117.0015997502237,33.330312283556466],[-117.00349455365411,33.329383773943157],[-117.00303235868994,33.328759662447624],[-117.00115779685474,33.329731393480181],[-117.0015997502237,33.330312283556466]]]},"properties":{"OBJECTID":116,"Record_Num":"AWM2017-LCP-00001","Business_N":"SWEET STRAWBERRIES","PRODUCER_L":"15235 Hwy 76, Pauma Valley, CA  92061","Area":4,"Shape_Length":1861.2904333637653,"Shape_Area":173939.24025348059}},{"type":"Feature","id":117,"geometry":{"type":"Polygon","coordinates":[[[-117.00482981289277,33.308023776172135],[-117.00307954114862,33.307492362647416],[-117.00298134226593,33.307350926426672],[-117.00257724452794,33.307277032224754],[-117.00234529620924,33.307397725114527],[-117.00211677545205,33.307255965059447],[-117.00176377819473,33.30717698690583],[-117.00120979330585,33.306826409053009],[-117.00116480437146,33.306797938718638],[-117.00088222118389,33.306315341787993],[-117.00077969612138,33.306287332845848],[-116.99969402463221,33.310895992627088],[-116.99980733488309,33.311054676134965],[-117.00250170338118,33.312724621599394],[-117.00406896680776,33.312978500909864],[-117.00766832389915,33.311158695129954],[-117.00564497026316,33.308713547150731],[-117.00482981289277,33.308023776172135]]]},"properties":{"OBJECTID":117,"Record_Num":"AWM2012-LCP-00105","Business_N":"INTERNATIONAL RESCUE COMMITTEE","PRODUCER_L":"0 COLE GRADE RD PAUMA VALLEY CA 92061 APN 130-090-53/55-00","Area":78,"Shape_Length":7502.1309727158941,"Shape_Area":3416640.1357312482}},{"type":"Feature","id":118,"geometry":{"type":"Polygon","coordinates":[[[-116.99132146760221,33.340116648923086],[-116.99163662076207,33.339400384301499],[-116.99240303868764,33.339281291210455],[-116.99223426696268,33.339087624471333],[-116.99125005796884,33.339265273793906],[-116.99106153562779,33.339558412451751],[-116.99116847888811,33.340041218299717],[-116.99132146760221,33.340116648923086]]]},"properties":{"OBJECTID":118,"Record_Num":"AWM2014-LCP-00065","Business_N":"Loera, Bernardino & Veronica","PRODUCER_L":"34509 CITRACADO DR, PAUMA VALLEY, CA  92061  APN 131-060-29-00","Area":1,"Shape_Length":1264.7298499804408,"Shape_Area":52056.195891780626}},{"type":"Feature","id":119,"geometry":{"type":"Polygon","coordinates":[[[-116.94552444108903,33.299404511334451],[-116.94555708565017,33.300058282625088],[-116.94597076533432,33.299775402157223],[-116.94657140172937,33.299480782865579],[-116.94714441924701,33.299057676297949],[-116.94601171563932,33.299065557673259],[-116.94601266233937,33.29918464913321],[-116.9455168366988,33.299254610191625],[-116.94551920447434,33.299299637488538],[-116.94552444108903,33.299404511334451]]]},"properties":{"OBJECTID":119,"Record_Num":"AWM2016-LCP-00073","Business_N":"VILLALOBOS, LYNNE V","PRODUCER_L":"(no address) HWY 76, PAUMA VALLEY, CA  92061  APN  132-190-39/40-00","Area":2,"Shape_Length":1444.4423718857515,"Shape_Area":84340.454491627723}},{"type":"Feature","id":120,"geometry":{"type":"Polygon","coordinates":[[[-116.94552802152192,33.311428858914162],[-116.94477153104512,33.312177210568088],[-116.94403171070738,33.312051637239961],[-116.9433939062672,33.312334012742447],[-116.94294796661461,33.31285754611546],[-116.94278344555936,33.312749674819337],[-116.94223358217168,33.313067658322204],[-116.94172841811914,33.313001764294519],[-116.94164787418245,33.313464066251939],[-116.94134698189796,33.314047725742142],[-116.94148782928157,33.314202341943172],[-116.94148639784989,33.314208750127797],[-116.94136524132614,33.315496241771847],[-116.94114124363246,33.316061475540572],[-116.94100140637237,33.316379617834222],[-116.94098505394868,33.316452809012539],[-116.94098749445622,33.316761986595736],[-116.94144217239217,33.316693132806073],[-116.94148974186338,33.316599824121042],[-116.94196915510894,33.31649695317909],[-116.94249094291091,33.316362829484611],[-116.9427886145518,33.31627528303521],[-116.94315403549957,33.315775329380635],[-116.94381645545778,33.315007333076395],[-116.94442534341609,33.313605861435413],[-116.94532307348759,33.313223920510687],[-116.9456007485245,33.312552450802379],[-116.94579827629362,33.312522715428329],[-116.94605830437516,33.312336565286493],[-116.94610254716233,33.31226339195441],[-116.94615963134207,33.312090217375747],[-116.94620814371761,33.311753165707152],[-116.94638425846142,33.311408700702039],[-116.94634710905777,33.311219890675659],[-116.94641050081347,33.311044899732074],[-116.94650055342314,33.310792460651193],[-116.94657144690943,33.31070331382697],[-116.94667323184686,33.310639759541601],[-116.94686071624906,33.31037988728179],[-116.94689057682132,33.310303484230907],[-116.94688888497689,33.3101770213013],[-116.94682220769201,33.310091227851593],[-116.94672904290734,33.310056044456097],[-116.94657714269208,33.310101608016438],[-116.94604598872378,33.310532737498555],[-116.94562307371265,33.31051793007277],[-116.94558202329674,33.310500982766854],[-116.94552802152192,33.311428858914162]]]},"properties":{"OBJECTID":120,"Record_Num":"AWM2016-LCP-00014","Business_N":"H&H Avocado","PRODUCER_L":"32757 Rincon Ranch Rd, Pauma Valley, CA 92061","Area":33,"Shape_Length":6991.3891722102508,"Shape_Area":1428457.392067096}},{"type":"Feature","id":121,"geometry":{"type":"Polygon","coordinates":[[[-117.02986232952154,33.290919741243286],[-117.03006504687947,33.290715677778088],[-117.03011130890201,33.289212361025903],[-117.02965671584613,33.289203288168061],[-117.02963431699344,33.290835285402338],[-117.02986232952154,33.290919741243286]]]},"properties":{"OBJECTID":121,"Record_Num":"AWM2012-LCP-00102","Business_N":"CACTUS GUY, A","PRODUCER_L":"13917 McNally RD, VALLEY CENTER, CA  92082  APN 132-351-11-00","Area":2,"Shape_Length":1452.8420925335511,"Shape_Area":80486.564474792001}},{"type":"Feature","id":122,"geometry":{"type":"Polygon","coordinates":[[[-116.94877921662665,33.304366539421729],[-116.94875423559215,33.304383154862265],[-116.94543500749205,33.306294155724899],[-116.94545655681777,33.306860885786151],[-116.94707879959397,33.305918489228112],[-116.94844311162386,33.30512925575831],[-116.94842145696026,33.30495578969672],[-116.94875024399691,33.3048566020138],[-116.94881644911875,33.304608112912014],[-116.94873592514867,33.304486416245126],[-116.94877921662665,33.304366539421729]]]},"properties":{"OBJECTID":122,"Record_Num":"AWM2014-LCP-00061","Business_N":"BERNARD RANCHES TOO","PRODUCER_L":"32562 RINCON RANCH RD, PAUMA VALLEY, CA  92061  APN 132-440-06-00","Area":5,"Shape_Length":2913.627863396267,"Shape_Area":206418.00327945963}},{"type":"Feature","id":123,"geometry":{"type":"Polygon","coordinates":[[[-116.94950399678368,33.303325485476734],[-116.94934158996159,33.303557433376461],[-116.94933245132236,33.303759702461583],[-116.94912764563217,33.303862985316165],[-116.9490771476909,33.303868457083816],[-116.94887475368961,33.304224157993076],[-116.94879483582569,33.304463181685023],[-116.94888457345982,33.304600094845831],[-116.94878244542303,33.304904135755777],[-116.94847629470283,33.304991744673579],[-116.94851630326897,33.305163292366039],[-116.94738840151653,33.306811019332457],[-116.94805013465947,33.307702429755288],[-116.9490754358022,33.306015194371582],[-116.94926942938977,33.30526020903222],[-116.95021640160955,33.304584956840813],[-116.95092059754941,33.30424888963374],[-116.95104628758943,33.304049686434759],[-116.95082981510787,33.303697819281744],[-116.9499746067122,33.303340010644433],[-116.94950399678368,33.303325485476734]]]},"properties":{"OBJECTID":123,"Record_Num":"AWM2011-LCP-00052","Business_N":"BERNARD, VINCENT& VICKI","PRODUCER_L":"RINCADO RD, PAUMA VALLEY CA 92061 APN 132-440-12-00","Area":13,"Shape_Length":4161.0923935098072,"Shape_Area":547804.71647654078}},{"type":"Feature","id":124,"geometry":{"type":"Polygon","coordinates":[[[-116.95132023693509,33.302311191445249],[-116.95131051865759,33.30223299365494],[-116.9500426382462,33.301713377449573],[-116.94949118932209,33.303243358250654],[-116.94989588667154,33.303258255014654],[-116.94996486092879,33.303268712689203],[-116.95003706031936,33.303005524798955],[-116.95066963066326,33.303283966326418],[-116.95132023693509,33.302311191445249]]]},"properties":{"OBJECTID":124,"Record_Num":"AWM2016-LCP-00074","Business_N":"VILLALOBOS, LYNNE V","PRODUCER_L":"32486 RINCANDO RD, PAUMA VALLEY, CA  92061  APN 132-440-14-00","Area":4,"Shape_Length":1908.9398446423515,"Shape_Area":187443.56117748754}},{"type":"Feature","id":125,"geometry":{"type":"Polygon","coordinates":[[[-116.95593106471753,33.290290526336449],[-116.95623610719406,33.290232665315045],[-116.95732968496316,33.28969457453276],[-116.95733552791877,33.28884195255344],[-116.95710640983776,33.288843257768988],[-116.95663170231819,33.288776471413094],[-116.95577588686812,33.288805393388877],[-116.95578543322802,33.288805339116912],[-116.95548744869575,33.288948685809082],[-116.95553646174004,33.289897211396422],[-116.95556415967462,33.290175013714155],[-116.95593106471753,33.290290526336449]]]},"properties":{"OBJECTID":125,"Record_Num":"AWM2011-LCP-00006","Business_N":"VILLALOBOS, LYNNE V","PRODUCER_L":"17166 HWY 76 PAUMA VALLEY CA 92061 APN 133-030-13-00","Area":6,"Shape_Length":1946.4414297931944,"Shape_Area":253733.02531769354}},{"type":"Feature","id":126,"geometry":{"type":"Polygon","coordinates":[[[-117.02476971478157,33.284782583913355],[-117.02567292147077,33.284387587903019],[-117.02565872777215,33.283811278147006],[-117.0249246914445,33.283806318877716],[-117.02491354027553,33.284086953893286],[-117.02450607837844,33.284265088713539],[-117.02368335104869,33.284253041589075],[-117.02368078708656,33.284449506794708],[-117.02380321443322,33.284445062976303],[-117.02400300920625,33.284424732007331],[-117.02399924089957,33.284512551485797],[-117.02407873763335,33.284508237999304],[-117.02404915756595,33.284775756234602],[-117.02476971478157,33.284782583913355]]]},"properties":{"OBJECTID":126,"Record_Num":"AWM2010-LCP-00001","Business_N":"MI RANCHITO","PRODUCER_L":"31532 COLE GRAD RD VALLEY CENTER CA  92082 APN 133-081-23-00","Area":3,"Shape_Length":1784.0259949967465,"Shape_Area":122886.53180365088}},{"type":"Feature","id":127,"geometry":{"type":"Polygon","coordinates":[[[-117.02506263415033,33.259836783399436],[-117.0250511444915,33.256291605932716],[-117.02360012872207,33.256295888755069],[-117.02355503458786,33.256334341738835],[-117.02356044707989,33.259841384055804],[-117.02506263415033,33.259836783399436]]]},"properties":{"OBJECTID":127,"Record_Num":"AWM2014-LCP-00064","Business_N":"BERNARD, VINCENT& VICKI","PRODUCER_L":"30066 COLE GRADE RD, VALLEY CENTER, CA  92082  APN 133-230-12-00","Area":14,"Shape_Length":3488.4371768085575,"Shape_Area":591091.71215307468}},{"type":"Feature","id":128,"geometry":{"type":"Polygon","coordinates":[[[-116.94702511509986,33.298802977074054],[-116.94702062205737,33.29395613189989],[-116.94657403062949,33.294811779438078],[-116.94657332893527,33.299008777133373],[-116.94678814443542,33.299013297538977],[-116.94698488922648,33.298889089342431],[-116.94702511509986,33.298802977074054]]]},"properties":{"OBJECTID":128,"Record_Num":"AWM2011-LCP-00008","Business_N":"VILLALOBOS, LYNNE V","PRODUCER_L":"17576 HWY 76 PAUMA VALLEY CA 92061 APN 133-260-06-00","Area":5,"Shape_Length":3805.14577099908,"Shape_Area":229177.58456578729}},{"type":"Feature","id":129,"geometry":{"type":"Polygon","coordinates":[[[-117.01680417466291,33.256304680375678],[-117.01642603194102,33.256297580897019],[-117.016414086936,33.256630160092278],[-117.01615374370265,33.256654717838089],[-117.01591428886958,33.256665023621252],[-117.01590421338297,33.256954612350206],[-117.01680779093866,33.256957860157193],[-117.01680417466291,33.256304680375678]]]},"properties":{"OBJECTID":129,"Record_Num":"AWM2010-LCP-00249","Business_N":"DUEL GROWERS","PRODUCER_L":"30422 MILLER RD VALLEY CENTER CA 92082 APN 133-361-20-00","Area":1,"Shape_Length":1009.3846432855283,"Shape_Area":45484.301054968855}},{"type":"Feature","id":130,"geometry":{"type":"Polygon","coordinates":[[[-116.87346117584302,33.313953011625536],[-116.87344146979808,33.311345514982619],[-116.87214792580001,33.31164544643476],[-116.87222239329267,33.31172857334667],[-116.87229278473221,33.311893789680262],[-116.8722903305009,33.312060230347107],[-116.87222591940225,33.312208659148936],[-116.87208857539694,33.312329968912401],[-116.87187094683316,33.312413510295144],[-116.87149561159933,33.312568075041384],[-116.871343815592,33.312703198936291],[-116.87116352288571,33.31343546799917],[-116.87114524190795,33.31367833104612],[-116.87119592243357,33.313900999357344],[-116.87119442934345,33.313946812616898],[-116.87206737516435,33.313953130550857],[-116.87346117584302,33.313953011625536]]]},"properties":{"OBJECTID":130,"Record_Num":"AWM2015-LCP-00024","Business_N":"STROZYK, DAVID","PRODUCER_L":"APN 135-030-33-00","Area":11,"Shape_Length":3060.1003397775357,"Shape_Area":498780.36371398787}},{"type":"Feature","id":131,"geometry":{"type":"Polygon","coordinates":[[[-117.31381418492305,33.245123130895081],[-117.31379326112595,33.241716346749264],[-117.31198728163773,33.241697461715376],[-117.31221605708329,33.245111055358862],[-117.31381418492305,33.245123130895081]]]},"properties":{"OBJECTID":131,"Record_Num":"AWM2012-LCP-00089","Business_N":"NAGATA BROS FARMS","PRODUCER_L":"4617 N RIVER RD OCEANSIDE CA 92057 APN 157-060-17-00","Area":15,"Shape_Length":3524.4833044866941,"Shape_Area":645504.39181567798}},{"type":"Feature","id":132,"geometry":{"type":"Polygon","coordinates":[[[-117.33987494694564,33.183917834327012],[-117.33929868435689,33.183667134707875],[-117.33909659730809,33.183844508034881],[-117.33946928957538,33.183920281160681],[-117.33947129997661,33.184406186578862],[-117.33980089830797,33.184443372370033],[-117.33987494694564,33.183917834327012]]]},"properties":{"OBJECTID":132,"Record_Num":"AWM2010-LCP-00044","Business_N":"WILLIAMSON PRODUCE","PRODUCER_L":"2216 IVY RD OCEANSIDE CA 92054 APN 165-210-70-00, 165-210-71-00,165-210-72-00","Area":1,"Shape_Length":876.29900951919717,"Shape_Area":31037.384141691018}},{"type":"Feature","id":133,"geometry":{"type":"Polygon","coordinates":[[[-117.32036045963058,33.169721262170015],[-117.32036393343742,33.16972695821152],[-117.32052497979082,33.169533745516574],[-117.32041285492379,33.169384118086526],[-117.32040483097474,33.169387844815247],[-117.32021533191748,33.169489740545444],[-117.32020722528982,33.169494688927671],[-117.32036045963058,33.169721262170015]]]},"properties":{"OBJECTID":133,"Record_Num":"AWM2016-LCP-00032","Business_N":"LOMIGLIO, KARLA","PRODUCER_L":"2396 LAFAYETTE CT., CARLSBAD, CA  92010  APN  167-370-17-00","Area":0,"Shape_Length":322.07375707216721,"Shape_Area":6179.2149327506622}},{"type":"Feature","id":134,"geometry":{"type":"Polygon","coordinates":[[[-117.25185196230613,33.177047592494084],[-117.25140505929393,33.176173215375997],[-117.25136158349189,33.175844321069967],[-117.25119115672082,33.175826611392438],[-117.25115776871509,33.175884140927309],[-117.25106175206651,33.175923089205696],[-117.25096505554572,33.175902397899158],[-117.25080368325149,33.175932330585944],[-117.25093587463859,33.177074078496986],[-117.25097733401371,33.177226436582771],[-117.25185196230613,33.177047592494084]]]},"properties":{"OBJECTID":134,"Record_Num":"AWM2010-LCP-00047","Business_N":"VENEGAS, IGNACIO & LEONILA","PRODUCER_L":"1292 NAVAL PLACE VISTA 92083 APN 169-120-14-00","Area":2,"Shape_Length":1405.9211187641299,"Shape_Area":100131.57895120888}},{"type":"Feature","id":135,"geometry":{"type":"Polygon","coordinates":[[[-117.27093560553699,33.177674654459551],[-117.27094205894221,33.177390770182704],[-117.27078671788115,33.177390681305802],[-117.27067721813972,33.177485965330625],[-117.27072203982326,33.177563563737216],[-117.2708665602827,33.177682061724148],[-117.27093560553699,33.177674654459551]]]},"properties":{"OBJECTID":135,"Record_Num":"AWM2010-LCP-00130","Business_N":"CAROL'S GARDEN","PRODUCER_L":"3597 KELLINGTON CT. OCEANSIDE, CA 92056, APN 169-271-30-00","Area":0,"Shape_Length":313.5022672893765,"Shape_Area":6135.7861742649302}},{"type":"Feature","id":136,"geometry":{"type":"Polygon","coordinates":[[[-117.22658783425926,33.255974769727658],[-117.22655735065717,33.25597285991585],[-117.22639225626077,33.256178503155127],[-117.22639112989651,33.256262613632799],[-117.22865163641733,33.256273437120228],[-117.2287425088804,33.256070404209993],[-117.22928545929278,33.255867621545349],[-117.22920488945921,33.255772825564172],[-117.22925092584758,33.255217046799906],[-117.22916460874289,33.255217727905396],[-117.22891228906109,33.255406765087486],[-117.22870401241907,33.25547139392863],[-117.22857232792512,33.255478158332039],[-117.22837432207645,33.2554453631261],[-117.22817123986886,33.255364893095205],[-117.22802452007471,33.255245804219378],[-117.22693297832699,33.255145609543121],[-117.22640600764781,33.255151665895035],[-117.22639560536213,33.255928392888208],[-117.22651174611369,33.255874209928926],[-117.22650046941723,33.255677708373689],[-117.22670152326356,33.255372651357263],[-117.2267856974233,33.255383440678855],[-117.22673487755677,33.255511719916434],[-117.22692201521691,33.255588501730159],[-117.2267937577266,33.255902529025022],[-117.22692617214273,33.256164879105825],[-117.22680380707777,33.256192563905351],[-117.22658783425926,33.255974769727658]]]},"properties":{"OBJECTID":136,"Record_Num":"AWM2015-LCP-00056","Business_N":"GoSPIRAL LLC","PRODUCER_L":"3472 FAIRVIEW DR., VISTA, CA  92084  APN 170-061-71-00","Area":6,"Shape_Length":3281.3242369909335,"Shape_Area":273185.18411362654}},{"type":"Feature","id":137,"geometry":{"type":"Polygon","coordinates":[[[-117.22802082397047,33.244373682122173],[-117.22807224529721,33.244349144027254],[-117.22809935177939,33.244333244007628],[-117.22792658479513,33.244164469857203],[-117.22770371177937,33.244009362734474],[-117.22744130775263,33.243914899012225],[-117.22714061138326,33.243992078716587],[-117.2268827083269,33.244043582409113],[-117.22708512697538,33.244553603712234],[-117.22802082397047,33.244373682122173]]]},"properties":{"OBJECTID":137,"Record_Num":"AWM2010-LCP-00253","Business_N":"MARIA'S FLOWERS","PRODUCER_L":"2738 E VISTA WAY VISTA CA 92084 APN 170-151-19-00","Area":1,"Shape_Length":951.22675772914715,"Shape_Area":53294.165743885096}},{"type":"Feature","id":138,"geometry":{"type":"Polygon","coordinates":[[[-117.24303489403005,33.24087000163864],[-117.24291195472529,33.240627864721993],[-117.24254187907927,33.240729146896548],[-117.24267522104059,33.240950642557003],[-117.24303924968453,33.240878904658167],[-117.24303489403005,33.24087000163864]]]},"properties":{"OBJECTID":138,"Record_Num":"AWM2010-LCP-00251","Business_N":"MARIA'S FLOWERS","PRODUCER_L":"2525 PRUETT DR VISTA CA 92084 APN 171-011-40-00","Area":0,"Shape_Length":422.93348052407976,"Shape_Area":10904.436352190367}},{"type":"Feature","id":139,"geometry":{"type":"Polygon","coordinates":[[[-117.24196630464357,33.240643262874912],[-117.24227876210378,33.240475856384421],[-117.24196016953941,33.239940928200149],[-117.24194387503344,33.239464659157917],[-117.24137505235112,33.239456989848883],[-117.24138145061237,33.239701246195999],[-117.24143052027279,33.239862708005084],[-117.24155452560157,33.24004304998013],[-117.24187533739099,33.240456185537283],[-117.24188458432479,33.240466068441982],[-117.24194026578374,33.24056566677308],[-117.24196630464357,33.240643262874912]]]},"properties":{"OBJECTID":139,"Record_Num":"AWM2012-LCP-00100","Business_N":"RIVERA'S GARDEN TREASURES","PRODUCER_L":"2562 HUTCHISON ST., VISTA CA 92084 APN 171-011-57-00","Area":1,"Shape_Length":1157.0253600632966,"Shape_Area":58914.487993719587}},{"type":"Feature","id":140,"geometry":{"type":"Polygon","coordinates":[[[-117.24253696354798,33.23932935287673],[-117.24272410221073,33.239247692492718],[-117.24286340797386,33.239043874004686],[-117.24277435483945,33.239012867579376],[-117.24270408414912,33.23897378196007],[-117.2428249474261,33.238814222469159],[-117.24194916403559,33.238805367877333],[-117.24199354723748,33.239558326189659],[-117.24250275622686,33.239527293282414],[-117.24251554968822,33.23952420714032],[-117.2425350279955,33.239340551532976],[-117.24253696354798,33.23932935287673]]]},"properties":{"OBJECTID":140,"Record_Num":"AWM2014-LCP-00056","Business_N":"MARIA'S FLOWERS","PRODUCER_L":"2435 PRUETT DR., VISTA CA  92084  APN 171-011-58-00","Area":1,"Shape_Length":1047.5440712932796,"Shape_Area":58550.631207081235}},{"type":"Feature","id":141,"geometry":{"type":"Polygon","coordinates":[[[-117.22322301845087,33.232542093217781],[-117.22325293729915,33.23198800697979],[-117.22261060772578,33.232117806629205],[-117.22260738829274,33.232327712296403],[-117.22272948590044,33.232327920965083],[-117.22272078146659,33.232543700174915],[-117.22322301845087,33.232542093217781]]]},"properties":{"OBJECTID":141,"Record_Num":"AWM2010-LCP-00234","Business_N":"KORAL'S TROPICAL FRUIT FARM","PRODUCER_L":"2344 WARMLANDS VISTA CA 92084 APN 171-240-19-00","Area":1,"Shape_Length":749.68139005527837,"Shape_Area":31389.644668522829}},{"type":"Feature","id":142,"geometry":{"type":"Polygon","coordinates":[[[-117.23273591317344,33.238723242513608],[-117.23273345387676,33.2382922710472],[-117.23235344465101,33.238283308231942],[-117.23234256109113,33.238159684373159],[-117.23216686937859,33.238161075298095],[-117.23216374684812,33.238729768650821],[-117.23273591317344,33.238723242513608]]]},"properties":{"OBJECTID":142,"Record_Num":"AWM2015-LCP-00051","Business_N":"CALGRO","PRODUCER_L":"844 OSBORNE ST., VISTA, CA  92084  APN 171-340-40-00","Area":1,"Shape_Length":753.76781569336868,"Shape_Area":30382.565886253076}},{"type":"Feature","id":143,"geometry":{"type":"Polygon","coordinates":[[[-117.18673115377398,33.252850658541561],[-117.18671265979661,33.253970932818056],[-117.1869137805616,33.253996371349722],[-117.18705299501593,33.254056396205343],[-117.18713595284152,33.254166470854479],[-117.18718875358532,33.254005746804097],[-117.18736613503015,33.254023493699499],[-117.18734280204104,33.254178269344138],[-117.18736592576502,33.254216267067896],[-117.18752507372095,33.25422842556317],[-117.18754377639321,33.254277909363687],[-117.18746942973829,33.254335730069918],[-117.18711886332223,33.254267758137729],[-117.18670903766224,33.254190338902333],[-117.18670357997586,33.254520925213164],[-117.18763737389285,33.25453295891716],[-117.18765372768981,33.253301764205588],[-117.18765598235818,33.253087979768097],[-117.18745781343387,33.253037942945497],[-117.18688135583415,33.252876245216534],[-117.18673115377398,33.252850658541561]]]},"properties":{"OBJECTID":143,"Record_Num":"AWM2010-LCP-00076","Business_N":"ALFREDO HIDALGO FLOWERS","PRODUCER_L":"3002 GOPHER CANYON RD VISTA CA 92084 APN 172-013-12-00","Area":3,"Shape_Length":2317.2698275051739,"Shape_Area":143723.9431418282}},{"type":"Feature","id":144,"geometry":{"type":"Polygon","coordinates":[[[-117.22052216049956,33.224830182735133],[-117.22051033156276,33.223966519964797],[-117.21971080996141,33.2239252092226],[-117.21969369091525,33.224423809332855],[-117.22006506564207,33.224436125985378],[-117.22006720348702,33.224833741250208],[-117.22052216049956,33.224830182735133]]]},"properties":{"OBJECTID":144,"Record_Num":"AWM2010-LCP-00242","Business_N":"RANCHO GARCIA NURSERY","PRODUCER_L":"1640 BONAIR RD VISTA CA 92084 APN 173-070-30-00","Area":1,"Shape_Length":1138.2030294630115,"Shape_Area":63995.332985027148}},{"type":"Feature","id":145,"geometry":{"type":"Polygon","coordinates":[[[-117.21693396119937,33.224188339212049],[-117.21710855385091,33.224164073539839],[-117.2169389030631,33.223607115843521],[-117.2166810637957,33.223701695344197],[-117.21693396119937,33.224188339212049]]]},"properties":{"OBJECTID":145,"Record_Num":"AWM2010-LCP-00048","Business_N":"VIERECK, LUISA & ALBERT","PRODUCER_L":"1774 QUEENS WAY VISTA CA 92084 APN 174-020-45-00","Area":0,"Shape_Length":542.56133215526938,"Shape_Area":13950.898392594139}},{"type":"Feature","id":146,"geometry":{"type":"Polygon","coordinates":[[[-117.21478422813622,33.20637846354083],[-117.21478286167866,33.206170420997481],[-117.21408666731428,33.206179715687362],[-117.21409186528011,33.206232464957552],[-117.21415611361773,33.20653240038213],[-117.21478422813622,33.20637846354083]]]},"properties":{"OBJECTID":146,"Record_Num":"AWM2010-LCP-00202","Business_N":"WEAMER,  JOSEFINA","PRODUCER_L":"1663 VALE TERRACE DR VISTA CA 92084 APN 177-022-10-00","Area":0,"Shape_Length":618.94440848880754,"Shape_Area":21084.589989932068}},{"type":"Feature","id":147,"geometry":{"type":"Polygon","coordinates":[[[-117.21623573566544,33.157168357038302],[-117.21591913681671,33.156978430500864],[-117.21554139071743,33.157417694495194],[-117.21587289104758,33.157600634699946],[-117.21623573566544,33.157168357038302]]]},"properties":{"OBJECTID":147,"Record_Num":"AWM2010-LCP-00238","Business_N":"WHOLE EARTH ACRE NURSERY","PRODUCER_L":"2704 OLEANDER AVE VISTA CA 92083 APN 217-180-13-00","Area":1,"Shape_Length":630.14674497693545,"Shape_Area":23412.253039280065}},{"type":"Feature","id":148,"geometry":{"type":"Polygon","coordinates":[[[-117.20662199101517,33.211932459682259],[-117.20665152508403,33.211146446483482],[-117.2062140755552,33.211132957477332],[-117.20618648818562,33.21191389596499],[-117.20662199101517,33.211932459682259]]]},"properties":{"OBJECTID":148,"Record_Num":"AWM2010-LCP-00101","Business_N":"TRIPLE R NURSERY","PRODUCER_L":"2053 EDGEHILL RD VISTA CA 92084 APN 178-010-45-00","Area":1,"Shape_Length":837.67198634876672,"Shape_Area":38107.900099573359}},{"type":"Feature","id":149,"geometry":{"type":"Polygon","coordinates":[[[-117.20375089321598,33.197877012547956],[-117.20383623786398,33.197634938250971],[-117.20326644490632,33.197600281062044],[-117.20319790279073,33.197814488752691],[-117.20375089321598,33.197877012547956]]]},"properties":{"OBJECTID":149,"Record_Num":"AWM2010-LCP-00026","Business_N":"DUBOS, GISELE","PRODUCER_L":"2128 DON'S WAY VISTA CA 92084 APN 178-060-32-00","Area":0,"Shape_Length":518.02331495345902,"Shape_Area":14671.718417683269}},{"type":"Feature","id":150,"geometry":{"type":"Polygon","coordinates":[[[-117.21176976714506,33.195513667823889],[-117.21182445052872,33.195518165331535],[-117.21181009821969,33.195277126312284],[-117.21145853716703,33.195245402050844],[-117.21146908958812,33.194784346277089],[-117.21119387042344,33.194774996319602],[-117.21092694186268,33.194809874280871],[-117.21066464172979,33.195445130795399],[-117.21176976714506,33.195513667823889]]]},"properties":{"OBJECTID":150,"Record_Num":"AWM2010-LCP-00133","Business_N":"RIVAS FARMS","PRODUCER_L":"804 VALLEY DR VISTA CA 92084 APN 181-012-08-00","Area":1,"Shape_Length":1131.1396010892497,"Shape_Area":60463.660509577188}},{"type":"Feature","id":151,"geometry":{"type":"Polygon","coordinates":[[[-117.19770964012646,33.193934527949089],[-117.197702108185,33.193867782126802],[-117.19682131246149,33.1938687843057],[-117.19681997707332,33.193905313453378],[-117.19681859530223,33.193943108976526],[-117.19681487090116,33.19411314138555],[-117.19659952305504,33.194117138896381],[-117.1966215083646,33.194496348303083],[-117.19771116669413,33.194495660535146],[-117.19771461266765,33.194394475106428],[-117.19770964012646,33.193934527949089]]]},"properties":{"OBJECTID":151,"Record_Num":"AWM2012-LCP-00103","Business_N":"SOLUTIONS FARMS","PRODUCER_L":"948 LA RUEDA DR VISTA CA 92084 APN 181-041-09/10/13/14-00","Area":2,"Shape_Length":1124.3545225086846,"Shape_Area":71243.869596036515}},{"type":"Feature","id":152,"geometry":{"type":"Polygon","coordinates":[[[-117.1781541590622,33.192156859424799],[-117.17813518102571,33.191436485580823],[-117.17739753327612,33.191179565007772],[-117.17667290314365,33.19108000626224],[-117.17657263712125,33.191526903029086],[-117.17714037245911,33.191816114667887],[-117.17716322300153,33.191830258681321],[-117.1781541590622,33.192156859424799]]]},"properties":{"OBJECTID":152,"Record_Num":"AWM2012-LCP-00058","Business_N":"JOSE ZAMORA","PRODUCER_L":"1049 VIA CONCA DORO ST VISTA CA 92084 APN 181-270-55-00","Area":3,"Shape_Length":1433.9070851003382,"Shape_Area":113294.04330863479}},{"type":"Feature","id":153,"geometry":{"type":"Polygon","coordinates":[[[-117.15093078921556,33.196220700317241],[-117.15054036708001,33.196067542845725],[-117.15005223200954,33.196391175885644],[-117.14996517324558,33.196539938812194],[-117.14986395304551,33.196702227449244],[-117.15062409133709,33.197044343537698],[-117.15080190601797,33.196832980843304],[-117.15061812967004,33.196729135281991],[-117.15100764809419,33.196318985875848],[-117.15093078921556,33.196220700317241]]]},"properties":{"OBJECTID":153,"Record_Num":"AWM2016-LCP-00003","Business_N":"SAINT MUSHROOM","PRODUCER_L":"2705 Sarver Ln, San Marcos, CA  92069  APN 182-020-37-00","Area":2,"Shape_Length":1108.4244697203137,"Shape_Area":66667.599494577589}},{"type":"Feature","id":154,"geometry":{"type":"Polygon","coordinates":[[[-117.14980936927293,33.183542737429057],[-117.14795769146079,33.184479469421241],[-117.14849013857541,33.185215213792368],[-117.15035576768885,33.184254514028751],[-117.14980936927293,33.183542737429057]]]},"properties":{"OBJECTID":154,"Record_Num":"AWM2010-LCP-00046","Business_N":"VENEGAS, IGNACIO & LEONILA","PRODUCER_L":"581 SYCAMORE DR SAN MARCOS, CA  92069 APN 182-074-08-00","Area":5,"Shape_Length":1952.0964604817714,"Shape_Area":206722.66971499531}},{"type":"Feature","id":155,"geometry":{"type":"Polygon","coordinates":[[[-117.15467891483834,33.180198976859067],[-117.1563914437893,33.18074938562485],[-117.15673421991785,33.180004183258475],[-117.15498674862538,33.179462875714115],[-117.15467891483834,33.180198976859067]]]},"properties":{"OBJECTID":155,"Record_Num":"AWM2016-LCP-00056","Business_N":"ELI'S FARMS","PRODUCER_L":"2075 N. TWIN OAKS VALLEY RD, FALLBROOK, CA  92028  APN 182-082-01-00","Area":4,"Shape_Length":1705.3706953729134,"Shape_Area":162415.28519321655}},{"type":"Feature","id":156,"geometry":{"type":"Polygon","coordinates":[[[-117.14042120056804,33.182510046171878],[-117.14035578948857,33.182327286042238],[-117.14010570197439,33.18228709113032],[-117.13990003960392,33.182151144971279],[-117.14014512734829,33.181698944156331],[-117.14078485232986,33.181663811248491],[-117.14081589705815,33.179804564997646],[-117.14050060104098,33.179600696248315],[-117.14037641618296,33.179441261028082],[-117.14034549903809,33.179078840209989],[-117.13992006137438,33.179204048089154],[-117.13953101224426,33.179336627417783],[-117.13939592258603,33.179444481229289],[-117.1392751765673,33.181861695686948],[-117.13956118964593,33.18186346194264],[-117.13933933618432,33.182368936356447],[-117.13988389641047,33.182349759526552],[-117.14042120056804,33.182510046171878]]]},"properties":{"OBJECTID":156,"Record_Num":"AWM2010-LCP-00135","Business_N":"RIVAS FARMS","PRODUCER_L":"2108 LOW CHAPARRAL DR, SAN MARCOS CA 92069 APN 182-140-78-00","Area":10,"Shape_Length":3432.5439196487832,"Shape_Area":429831.23131251667}},{"type":"Feature","id":157,"geometry":{"type":"Polygon","coordinates":[[[-117.17090475689942,33.193211722511627],[-117.17089430826776,33.19286537982336],[-117.17057638460392,33.193071011234991],[-117.17035254950591,33.193119918453796],[-117.16985082612878,33.192721386175563],[-117.16964264934013,33.192677122684337],[-117.16947378719621,33.192705104631031],[-117.16952522850455,33.193135436488816],[-117.17026421843102,33.19317639514383],[-117.17090475689942,33.193211722511627]]]},"properties":{"OBJECTID":157,"Record_Num":"AWM2014-LCP-00004","Business_N":"R & L FARMS","PRODUCER_L":"2480 Tamara Ln, San Marcos, CA  92069, APN 182-170-04-00","Area":1,"Shape_Length":1229.3221795243817,"Shape_Area":42113.406787591666}},{"type":"Feature","id":158,"geometry":{"type":"Polygon","coordinates":[[[-117.16982186119837,33.184244540335122],[-117.16978398197705,33.183663064341403],[-117.16917405363054,33.183682856163557],[-117.16889309417553,33.183730746177034],[-117.16891857267714,33.184255818605749],[-117.16982186119837,33.184244540335122]]]},"properties":{"OBJECTID":158,"Record_Num":"AWM2014-LCP-00055","Business_N":"MARIA'S FLOWERS","PRODUCER_L":"720 Buena Creek Rd, San Marcos, CA  92069  APN 182-200-27-00","Area":1,"Shape_Length":953.95089060314103,"Shape_Area":56708.936659332947}},{"type":"Feature","id":159,"geometry":{"type":"Polygon","coordinates":[[[-117.16507636987131,33.17222546627395],[-117.16509218260479,33.173434462044355],[-117.16598035719852,33.173430590379304],[-117.1659641449088,33.172490288979915],[-117.16561964212966,33.172237577135363],[-117.16507636987131,33.17222546627395]]]},"properties":{"OBJECTID":159,"Record_Num":"AWM2013-LCP-00045","Business_N":"ROWE FAMILY FARMS","PRODUCER_L":"265 W LA CIENEGA RD, SAN MARCOS, CA  92069, APN 182-210-22-00","Area":3,"Shape_Length":1360.0491666035837,"Shape_Area":113421.99955798278}},{"type":"Feature","id":160,"geometry":{"type":"Polygon","coordinates":[[[-117.2402621306567,33.181892946343773],[-117.24114243564851,33.180827447898459],[-117.24064475964127,33.180714646706278],[-117.24053425776778,33.180872062597416],[-117.24045447897787,33.18113358923388],[-117.24024842045492,33.181202321075553],[-117.23974618161883,33.181208815466974],[-117.23983672424599,33.181377049746644],[-117.23953029598657,33.18145403531009],[-117.23957733328191,33.181694671467305],[-117.2402621306567,33.181892946343773]]]},"properties":{"OBJECTID":160,"Record_Num":"AWM2012-LCP-00014","Business_N":"WONDERLAND PRODUCE","PRODUCER_L":"805 MAR VISTA DR VISTA CA 92081 APN 183-012-19-00","Area":2,"Shape_Length":1491.3947653578164,"Shape_Area":87456.399793512624}},{"type":"Feature","id":161,"geometry":{"type":"Polygon","coordinates":[[[-117.20431387350142,33.180726939792343],[-117.20450761554704,33.180548750589764],[-117.20400100966283,33.180216924969315],[-117.20390309006557,33.180511437481108],[-117.20386221820945,33.180738145743291],[-117.20431387350142,33.180726939792343]]]},"properties":{"OBJECTID":161,"Record_Num":"AWM2016-LCP-00035","Business_N":"VENEGAS, IGNACIO & LEONILA","PRODUCER_L":"2158 BUENA CREEK RD, VISTA, CA  92084  APN 184-050-35-00","Area":1,"Shape_Length":617.2780451549728,"Shape_Area":22186.257016056592}},{"type":"Feature","id":162,"geometry":{"type":"Polygon","coordinates":[[[-117.13140347500855,33.251688447687037],[-117.13118162569675,33.251651851027766],[-117.13101520982211,33.25176277925226],[-117.13078568153999,33.251809738646038],[-117.1306357262138,33.251863289834269],[-117.13051630753436,33.251847436621034],[-117.13033199155433,33.251872602759356],[-117.13034681121493,33.251934527369201],[-117.1305772273203,33.251975836596642],[-117.13083014260611,33.251995514103449],[-117.13095545643058,33.252032796757973],[-117.13108122625381,33.252115406970276],[-117.13119794988961,33.252145593476214],[-117.13119587830033,33.252221953530452],[-117.13049930957256,33.252133852036401],[-117.13043896414788,33.252062706730143],[-117.13035063363621,33.252032318085405],[-117.13026271069907,33.252042484638586],[-117.13018249126046,33.251971480185908],[-117.13008006043097,33.251950734191325],[-117.12999769563581,33.25194893327766],[-117.12998294809739,33.251894164111278],[-117.13094014692265,33.251621570061687],[-117.13091153160269,33.2516179814982],[-117.13047943052455,33.251568561267135],[-117.12973519775835,33.251540438418921],[-117.12894575254012,33.251534103853508],[-117.12896318019332,33.251856061475429],[-117.1291967222344,33.251925980506527],[-117.12962432020832,33.252092341515826],[-117.12982674984079,33.252174408664168],[-117.12998370319509,33.25225202701764],[-117.1302950360046,33.252433524846793],[-117.13060774568697,33.252469478352715],[-117.13128764121396,33.252593483951742],[-117.1313827629897,33.252452047356996],[-117.13141273037321,33.252043864326751],[-117.13140347500855,33.251688447687037]]]},"properties":{"OBJECTID":162,"Record_Num":"AWM2014-LCP-00070","Business_N":"ACE ASSOCIATION LLC","PRODUCER_L":"9362 OLD CASTLE RD, VALLEY CENTER, CA  92082  APN 185-240-11-00","Area":4,"Shape_Length":3238.3544293862215,"Shape_Area":163903.27917672144}},{"type":"Feature","id":163,"geometry":{"type":"Polygon","coordinates":[[[-117.09067686987554,33.20077917718136],[-117.0906538883892,33.200157081156632],[-117.09134764810605,33.200198866363813],[-117.09130401345337,33.199641281320815],[-117.09123111883623,33.199137536013417],[-117.08925702402591,33.199097268815741],[-117.08937070656006,33.200752263128607],[-117.09067686987554,33.20077917718136]]]},"properties":{"OBJECTID":163,"Record_Num":"AWM2010-LCP-00088","Business_N":"MOUNTAIN MEADOW MUSHROOM CORP.","PRODUCER_L":"26948 N BROADWAY ESCONDIDO CA 92026 APN 186-121-31-00","Area":7,"Shape_Length":2434.0899158688412,"Shape_Area":322180.83855592815}},{"type":"Feature","id":164,"geometry":{"type":"Polygon","coordinates":[[[-117.05684135170253,33.210642433668944],[-117.0571064273967,33.209397824125773],[-117.05583808141296,33.209399872740256],[-117.05464536592609,33.209206150957918],[-117.05474633143805,33.210163230252135],[-117.05509281674797,33.210151683245108],[-117.05542883922404,33.210205291542188],[-117.05576954597423,33.210367349952307],[-117.05611725770473,33.21048906977304],[-117.05655663084698,33.210554401834514],[-117.05651971204375,33.210148611459061],[-117.05638950045434,33.210022380606688],[-117.05628626641032,33.210023051734296],[-117.05620821448655,33.209955370671608],[-117.05619215571001,33.209812899829906],[-117.05632822868367,33.20977482144778],[-117.05673192755188,33.209970562361896],[-117.05668873971263,33.210085523094421],[-117.0565783035529,33.210104838230976],[-117.05660928445367,33.210570681602924],[-117.05684135170253,33.210642433668944]]]},"properties":{"OBJECTID":164,"Record_Num":"AWM2013-LCP-00060","Business_N":"BEHNEMAN FAMILY FARMS","PRODUCER_L":"12717 Mirar De Valle Rd, VCntr, CA  92028 APN 186-140-42-00","Area":6,"Shape_Length":2988.2370658309856,"Shape_Area":244147.71020557647}},{"type":"Feature","id":165,"geometry":{"type":"Polygon","coordinates":[[[-117.05263932027097,33.208772244715483],[-117.05375789196675,33.208787341890428],[-117.05448465655253,33.208341394046769],[-117.05446541973011,33.208175822766798],[-117.05245427954792,33.208155339605334],[-117.05248647711349,33.208285454027333],[-117.05263932027097,33.208772244715483]]]},"properties":{"OBJECTID":165,"Record_Num":"AWM2010-LCP-00164","Business_N":"ROOTS N' FRUITS","PRODUCER_L":"12909 MIRAR DE VALLE VALLEY CENTER CA 92082 APN 186-140-58-00","Area":3,"Shape_Length":1524.6576881262408,"Shape_Area":114893.05954617677}},{"type":"Feature","id":166,"geometry":{"type":"Polygon","coordinates":[[[-117.0465610577151,33.214866439316161],[-117.04664477192361,33.213187534859664],[-117.04444549333934,33.213147383648376],[-117.04443511882097,33.214851136719737],[-117.0465610577151,33.214866439316161]]]},"properties":{"OBJECTID":166,"Record_Num":"AWM2010-LCP-00120","Business_N":"RANCHO MEXICO LINDO","PRODUCER_L":"12912 RANCHO VISTA CT VALLEY CENTER CA 92082 APN 186-210-26-00","Area":9,"Shape_Length":2554.3883878390393,"Shape_Area":407189.53267336154}},{"type":"Feature","id":167,"geometry":{"type":"Polygon","coordinates":[[[-117.04715652207743,33.212200711078182],[-117.04712518663533,33.212250536375663],[-117.04676367404792,33.212056154289876],[-117.04674388156128,33.213016437769788],[-117.04679196120179,33.213060026960193],[-117.04786370342337,33.213062681348951],[-117.04802382735112,33.211446951964305],[-117.04677697018026,33.211411069793257],[-117.04676631373491,33.211928101450468],[-117.04703934051531,33.212048773638806],[-117.04712278237433,33.212177139850468],[-117.04715652207743,33.212200711078182]]]},"properties":{"OBJECTID":167,"Record_Num":"AWM2010-LCP-00205","Business_N":"CARRANZA, EMILIO","PRODUCER_L":"13056 MIRAR DE VALLE VALLEY CENTER CA 92082 APN 186-210-61-00","Area":5,"Shape_Length":2171.2990648547157,"Shape_Area":209576.05995139561}},{"type":"Feature","id":168,"geometry":{"type":"Polygon","coordinates":[[[-117.08321189601016,33.22238776899357],[-117.08317311443422,33.217950462970357],[-117.08209740380148,33.218014942436355],[-117.08137838525658,33.217979682433743],[-117.08121825434232,33.217975029696063],[-117.0811850029244,33.222369874238026],[-117.08321189601016,33.22238776899357]]]},"properties":{"OBJECTID":168,"Record_Num":"AWM2016-LCP-00015","Business_N":"PATEL, MARGI","PRODUCER_L":"11544 TURNER HEIGHTS DR, ESCONDIDO, CA  92026  APN 186-601-09-00","Area":22,"Shape_Length":4432.7069835419434,"Shape_Area":972918.49851398496}},{"type":"Feature","id":169,"geometry":{"type":"Polygon","coordinates":[[[-117.01788870196927,33.254997003509175],[-117.01796042129294,33.252683320783184],[-117.01695526296326,33.252686674276099],[-117.01688444329656,33.255106278484035],[-117.0171217285064,33.254964529154364],[-117.01788870196927,33.254997003509175]]]},"properties":{"OBJECTID":169,"Record_Num":"AWM2016-LCP-00041","Business_N":"HISTORIC FOODS","PRODUCER_L":"30353 MILLER RD, VALLEY CENTER, CA  92082  APN 188-120-27-00","Area":6,"Shape_Length":2353.8589497338603,"Shape_Area":257570.95595142533}},{"type":"Feature","id":170,"geometry":{"type":"Polygon","coordinates":[[[-117.01593691927715,33.241986631064947],[-117.01603971865443,33.240721707369417],[-117.01521772835315,33.240750113919795],[-117.01517841291013,33.241969961311746],[-117.01593691927715,33.241986631064947]]]},"properties":{"OBJECTID":170,"Record_Num":"AWM2010-LCP-00106","Business_N":"BURNS, BRUCE","PRODUCER_L":"14555 FRUITVALE RD VALLEY CENTER CA 92082, APN 188-240-11/46-00","Area":3,"Shape_Length":1388.8698802013869,"Shape_Area":109178.56149783834}},{"type":"Feature","id":171,"geometry":{"type":"Polygon","coordinates":[[[-116.98738298208887,33.24129602747432],[-116.98735987833088,33.241905012044526],[-116.9879176948438,33.241776723187002],[-116.9879527841275,33.241921202042072],[-116.98759718142608,33.241928060338104],[-116.98735751312533,33.241967341108335],[-116.987341398179,33.2423921073092],[-116.98737538885993,33.242406136918881],[-116.98803306854954,33.242404599111566],[-116.98806609680551,33.241299082150199],[-116.98738298208887,33.24129602747432]]]},"properties":{"OBJECTID":171,"Record_Num":"AWM2016-LCP-00034","Business_N":"DEEP ROOTS","PRODUCER_L":"15821 FRUITVALE RD., VALLEY CENTER, CA  92082  APN 188-331-28-00","Area":2,"Shape_Length":1614.1310056273815,"Shape_Area":78623.449557043568}},{"type":"Feature","id":172,"geometry":{"type":"Polygon","coordinates":[[[-116.97494646521125,33.209292626019014],[-116.97492909033949,33.208921476462486],[-116.97482800649229,33.208709733987121],[-116.97480659294536,33.208512696209262],[-116.97217896464075,33.208574882670575],[-116.97219296975499,33.208896880262515],[-116.97190721295081,33.209349455286656],[-116.97194705303437,33.209348954688707],[-116.97494646521125,33.209292626019014]]]},"properties":{"OBJECTID":172,"Record_Num":"AWM2012-LCP-00031","Business_N":"FOXY TREATS","PRODUCER_L":"27264 N LAKE WOHLFORD RD VALLEY CENTER CA 92082 APN 189-181-02-00","Area":6,"Shape_Length":2327.682738632981,"Shape_Area":240507.07499650397}},{"type":"Feature","id":173,"geometry":{"type":"Polygon","coordinates":[[[-116.73632098915779,33.205790269754011],[-116.7370791033659,33.206165196571632],[-116.73709504975538,33.20535779849493],[-116.7371433013593,33.20239737951313],[-116.73685913406202,33.20151099871255],[-116.73669366599491,33.201682649511056],[-116.73667501420336,33.201708150547525],[-116.73662337948296,33.201778745001256],[-116.7366238033033,33.201855087281253],[-116.73664335726662,33.201904949216633],[-116.7366623717044,33.202005416475998],[-116.73664506706238,33.202139313276263],[-116.73660193492093,33.202215624471911],[-116.73645539222009,33.202394353834251],[-116.7364398420885,33.202501998036837],[-116.73638959354017,33.202583029493894],[-116.73629596672195,33.202637346943369],[-116.73617091556079,33.202678895052699],[-116.73595260080516,33.20279122287495],[-116.73592193217777,33.202815499485112],[-116.73581231457423,33.20290226995494],[-116.73561588057972,33.203302317621173],[-116.73552470538553,33.20344161967877],[-116.73551626891073,33.203558077030884],[-116.73553618485437,33.203614661661987],[-116.73552143401754,33.203680181659266],[-116.73550426287548,33.203705714585418],[-116.73548603915096,33.20384582296488],[-116.73554806294568,33.203969636439794],[-116.73570303459654,33.204281085082165],[-116.73593511084378,33.20437178836012],[-116.73619126255132,33.204505340113485],[-116.73640612112277,33.204561756279652],[-116.73661708292055,33.204529436105517],[-116.736750068829,33.204560406906936],[-116.73683545854264,33.204605877929446],[-116.7368498752531,33.204748965620453],[-116.73637065782322,33.205114957946542],[-116.7362553648595,33.205181245557085],[-116.73600574757033,33.205267265616214],[-116.73625322826038,33.205688783531755],[-116.73632098915779,33.205790269754011]]]},"properties":{"OBJECTID":173,"Record_Num":"AWM2013-LCP-00012","Business_N":"HARMONY HILL RANCH","PRODUCER_L":"26464 EAGLE GAP RD,  SANTA YSABEL CA 92070 APN 194-240-01-00","Area":11,"Shape_Length":4128.2335110219628,"Shape_Area":465129.61495156121}},{"type":"Feature","id":174,"geometry":{"type":"Polygon","coordinates":[[[-117.33357240904193,33.162347526793916],[-117.333567322287,33.162375764144123],[-117.33364095860797,33.162469606530237],[-117.33384264763781,33.162368785370532],[-117.33373484412115,33.162222665887896],[-117.33357240904193,33.162347526793916]]]},"properties":{"OBJECTID":174,"Record_Num":"AWM2010-LCP-00080","Business_N":"MALDONADO GROWERS","PRODUCER_L":"1590 BASSWOOD  CARLSBAD 92008 APN 205-060-76-00","Area":0,"Shape_Length":253.01656456829102,"Shape_Area":3968.8046538977942}},{"type":"Feature","id":175,"geometry":{"type":"Polygon","coordinates":[[[-117.12835284792355,33.117560104422978],[-117.12832612086467,33.116989868625971],[-117.12757212675839,33.116995211428851],[-117.12759341854401,33.117547798479109],[-117.12835284792355,33.117560104422978]]]},"properties":{"OBJECTID":175,"Record_Num":"AWM2014-LCP-00025","Business_N":"VALDIVIA FARMS","PRODUCER_L":"2807 Eden Valley Ln, Escondido, CA  92029  APN 232-492-22-00","Area":1,"Shape_Length":872.24890808371958,"Shape_Area":47319.105360278474}},{"type":"Feature","id":176,"geometry":{"type":"Polygon","coordinates":[[[-117.33235227482564,33.133368889468557],[-117.33226575715115,33.133218939643186],[-117.33165112427429,33.132219380247456],[-117.33147176127517,33.132023396551169],[-117.33107881616584,33.131339695910285],[-117.33077709270135,33.131431081796507],[-117.33181621164178,33.133523811455134],[-117.33235227482564,33.133368889468557]]]},"properties":{"OBJECTID":176,"Record_Num":"AWM2018-LCP-00027","Business_N":"REY RIVER FARM, INC.","PRODUCER_L":"CARLSBAD BLVD & CANNON RD CARLSBAD CA 92008 ","Area":3,"Shape_Length":1933.3648768282483,"Shape_Area":112089.63352037077}},{"type":"Feature","id":177,"geometry":{"type":"Polygon","coordinates":[[[-117.32642348442084,33.135800426980808],[-117.32808006526319,33.139068973081656],[-117.328469188919,33.139809975717384],[-117.32857174087434,33.139847257556326],[-117.32938052491637,33.140121747762741],[-117.32956958167632,33.140735653041887],[-117.33002364005502,33.140760327181823],[-117.33059803071879,33.14088415650621],[-117.33107139753332,33.141094756228334],[-117.33163119116763,33.141414349025418],[-117.33188752040384,33.141502774503749],[-117.33194494062707,33.141559533808525],[-117.33236631023985,33.142152320337331],[-117.33266204920753,33.142216540868766],[-117.33266950473919,33.141901541659514],[-117.32982526002485,33.13662497074116],[-117.32856663686756,33.135280761662614],[-117.32846999514101,33.135262515578951],[-117.32815914744657,33.135351111289566],[-117.32808454492859,33.135280184584019],[-117.32710213042218,33.135641834826622],[-117.32642348442084,33.135800426980808]]]},"properties":{"OBJECTID":177,"Record_Num":"AWM2010-LCP-00058","Business_N":"CARLSBAD STRAWBERRY CO.","PRODUCER_L":"N/OF CANNON E OF I-5 FIELDS CARLSBAD 92008 APN 211-010-24-00","Area":42,"Shape_Length":6822.5165273383009,"Shape_Area":1814204.5686653033}},{"type":"Feature","id":178,"geometry":{"type":"Polygon","coordinates":[[[-117.21058125968509,33.157553631011936],[-117.21168331891771,33.157836987474589],[-117.2118852374664,33.157516677382311],[-117.21072782814534,33.157096189278086],[-117.21058125968509,33.157553631011936]]]},"properties":{"OBJECTID":178,"Record_Num":"AWM2010-LCP-00085","Business_N":"PEACEFIELD FARMS","PRODUCER_L":"562 MIMOSA AVE VISTA CA 92081 APN 217-140-04-00","Area":1,"Shape_Length":1042.8321005504681,"Shape_Area":55749.87351127596}},{"type":"Feature","id":179,"geometry":{"type":"Polygon","coordinates":[[[-117.2021595124432,33.117183825936827],[-117.20285011159598,33.117037177396945],[-117.20269338134858,33.116508716598688],[-117.20221657769244,33.116658004595436],[-117.20203270882567,33.11675507157203],[-117.2021595124432,33.117183825936827]]]},"properties":{"OBJECTID":179,"Record_Num":"AWM2010-LCP-00231","Business_N":"RODRIGUEZ RANCH /J R ORGANICS","PRODUCER_L":"DEADWOOD DR, ESCONDIDO CA 92026 APN 222-510-10-00","Area":1,"Shape_Length":799.25121907473226,"Shape_Area":40177.605605616387}},{"type":"Feature","id":180,"geometry":{"type":"Polygon","coordinates":[[[-117.06708970716168,33.122787280511588],[-117.06724423021586,33.122739807415186],[-117.06709773921681,33.12240174040069],[-117.06696262281005,33.122453160248931],[-117.06695705464946,33.122479276571283],[-117.06708970716168,33.122787280511588]]]},"properties":{"OBJECTID":180,"Record_Num":"AWM2011-LCP-00015","Business_N":"R & L FARMS","PRODUCER_L":"441 S CEDAR ST ESCONDIDO CA 92025 APN 230-322-09-00","Area":0,"Shape_Length":355.54939540369384,"Shape_Area":6464.1203562431238}},{"type":"Feature","id":181,"geometry":{"type":"Polygon","coordinates":[[[-117.04169985801174,33.11601399261442],[-117.04248546365075,33.114350355910837],[-117.04064276881924,33.113730366700054],[-117.03983441979702,33.115390318731698],[-117.04169985801174,33.11601399261442]]]},"properties":{"OBJECTID":181,"Record_Num":"AWM2010-LCP-00173","Business_N":"LAURA KAPUSNIK","PRODUCER_L":"1811 CITRUS GLEN DR ESCONDIDO, CA 92027 APN 234-141-03-00","Area":9,"Shape_Length":2526.348201211149,"Shape_Area":398474.07715106651}},{"type":"Feature","id":182,"geometry":{"type":"Polygon","coordinates":[[[-117.04283871192612,33.107679872950293],[-117.04324930210997,33.107942546509918],[-117.04391189629995,33.107984109607003],[-117.04449146143619,33.108373575603451],[-117.04490982567796,33.107741038229314],[-117.04486196133536,33.107714623709398],[-117.04495341628498,33.107546075844056],[-117.04379777987697,33.106650695438894],[-117.04283871192612,33.107679872950293]]]},"properties":{"OBJECTID":182,"Record_Num":"AWM2014-LCP-00035","Business_N":"LAURA KAPUSNIK","PRODUCER_L":"1980 SUMMIT DR., ESCONDIDO, CA  92027  APN 234-440-02-00","Area":5,"Shape_Length":1893.754688309846,"Shape_Area":205847.82303217045}},{"type":"Feature","id":183,"geometry":{"type":"Polygon","coordinates":[[[-117.08180877684167,33.093613359224314],[-117.08195369822219,33.093054103236277],[-117.08052373578397,33.092302623212731],[-117.08032493797313,33.092261011331637],[-117.08012620804156,33.092226555673918],[-117.07983274261755,33.093263968150517],[-117.08180877684167,33.093613359224314]]]},"properties":{"OBJECTID":183,"Record_Num":"AWM2010-LCP-00174","Business_N":"LAURA KAPUSNIK","PRODUCER_L":"2115 MILLER AVE ESCONDIDO CA 92027 APN 236-333-45-00","Area":4,"Shape_Length":1855.8814786731341,"Shape_Area":194226.06473514531}},{"type":"Feature","id":184,"geometry":{"type":"Polygon","coordinates":[[[-117.05691623733019,33.105248434544535],[-117.05578179338657,33.105102357080803],[-117.05524147114858,33.105831523729591],[-117.05490773781209,33.106081422844646],[-117.05556997592385,33.106147271470562],[-117.0561013218864,33.105858815762602],[-117.05661224494381,33.105899336450697],[-117.05680634614407,33.105483733508549],[-117.05666097370447,33.105532904324946],[-117.05650770044198,33.105577748540995],[-117.05637273968458,33.105631242624526],[-117.05618362517656,33.105744280778886],[-117.05594273715195,33.105892732490688],[-117.05590663419325,33.105932428554354],[-117.05582837272509,33.105919784215871],[-117.05587439122323,33.10582521515451],[-117.05579891546297,33.105832283274758],[-117.05574649930914,33.105797547184018],[-117.05583070284391,33.105606268870126],[-117.05598734713838,33.1056447119377],[-117.05600872838406,33.105703764625197],[-117.05615980047808,33.105702781630313],[-117.05631016649313,33.105625072738611],[-117.05647103267673,33.105556063661076],[-117.05665800654857,33.10549346244558],[-117.05682350857251,33.105446985632206],[-117.05691623733019,33.105248434544535]]]},"properties":{"OBJECTID":184,"Record_Num":"AWM2014-LCP-00038","Business_N":"BAIAMONTE FLORAL & GOURD FARM","PRODUCER_L":"652 Eldorado Dr., Escondido, CA  92025  APN 237-030-37-00","Area":3,"Shape_Length":2442.5504125508492,"Shape_Area":114340.70215880811}},{"type":"Feature","id":185,"geometry":{"type":"Polygon","coordinates":[[[-117.03311769660699,33.09514064078774],[-117.03233827702145,33.095718160432568],[-117.03300937902651,33.096215894351779],[-117.03319421881623,33.096092573107455],[-117.0331386242888,33.095961227178272],[-117.03311506515519,33.095862126268152],[-117.03306658076043,33.09576509187162],[-117.03306114265746,33.095663968348937],[-117.03311733459026,33.095608261793643],[-117.03318077153054,33.095602134784933],[-117.03340882353071,33.096001509107282],[-117.0337862573365,33.095861699003379],[-117.03311769660699,33.09514064078774]]]},"properties":{"OBJECTID":185,"Record_Num":"AWM2013-LCP-00063","Business_N":"SUMMIT FARMS","PRODUCER_L":"1603 Summit Ln, Escondido, CA  92025, APN 237-090-34-00","Area":2,"Shape_Length":1493.2928044266341,"Shape_Area":75695.364610506236}},{"type":"Feature","id":186,"geometry":{"type":"Polygon","coordinates":[[[-117.04431222527698,33.085253735395007],[-117.04458225088736,33.084426321021638],[-117.04382948443778,33.084522763251321],[-117.04379721736053,33.084715361842669],[-117.04345542862711,33.085279840703258],[-117.04388825341891,33.085266654014141],[-117.04378419088414,33.084929596604951],[-117.04378430841879,33.084792172251383],[-117.04401477005558,33.084703660620669],[-117.04407438097533,33.084826958878423],[-117.04402908445347,33.084932607589103],[-117.0438528886351,33.085004738783809],[-117.04395336281496,33.085264670361745],[-117.04431222527698,33.085253735395007]]]},"properties":{"OBJECTID":186,"Record_Num":"AWM2012-LCP-00112","Business_N":"R & L FARMS (CERVANTES)","PRODUCER_L":"2628 ANAHEIM ST ESCONDIDO CA 92025 APN 239-350-20-00","Area":1,"Shape_Length":1592.4646952236226,"Shape_Area":57833.835711991022}},{"type":"Feature","id":187,"geometry":{"type":"Polygon","coordinates":[[[-117.03191354110029,33.118494334670437],[-117.03266639126886,33.117036234478796],[-117.03296756913112,33.116633182319404],[-117.03014367630584,33.115440969707159],[-117.02886343809004,33.115593700861119],[-117.02883982900113,33.116455334756886],[-117.03191354110029,33.118494334670437]]]},"properties":{"OBJECTID":187,"Record_Num":"AWM2010-LCP-00125","Business_N":"HILLEBRECHT, MARY","PRODUCER_L":"1990 BIRCH AVE ESCONDIDO CA 92027 APN 241-041-09-00","Area":17,"Shape_Length":3626.9382370220064,"Shape_Area":738214.56860807491}},{"type":"Feature","id":188,"geometry":{"type":"Polygon","coordinates":[[[-116.98081743019574,33.113607607678844],[-116.98083447837635,33.112025252585298],[-116.98024589760134,33.111764166462841],[-116.97971802469388,33.111533245851682],[-116.97938520467331,33.11149450396929],[-116.97908332934976,33.111542070034552],[-116.97877460485005,33.111493009732989],[-116.97723826368571,33.111257499824674],[-116.97751811228061,33.112527487523955],[-116.97825553832133,33.113250822940195],[-116.97996840796776,33.113314702579601],[-116.98025681280842,33.113563511829653],[-116.98081743019574,33.113607607678844]]]},"properties":{"OBJECTID":188,"Record_Num":"AWM2013-LCP-00059","Business_N":"BEHNEMAN FAMILY FARMS","PRODUCER_L":"17050 Rockwood Rd, Escondido, CA  92027, APN 242-020-56-00","Area":15,"Shape_Length":3373.5880522209563,"Shape_Area":646644.60334382614}},{"type":"Feature","id":189,"geometry":{"type":"Polygon","coordinates":[[[-116.94664295306873,33.087001195013599],[-116.94658891507054,33.089595583203923],[-116.94494149768329,33.090386106696833],[-116.95058217299193,33.090308523448542],[-116.9505329681548,33.087552726099482],[-116.95475025328312,33.087559340136437],[-116.95470079895759,33.085918190767508],[-116.95371181778589,33.085862737736633],[-116.95363205702202,33.08383239718593],[-116.95030870695616,33.082179263878125],[-116.9487736643803,33.081874917200686],[-116.94654489063196,33.081762774404481],[-116.94647044149848,33.083809255001043],[-116.94554617797809,33.083906063546536],[-116.94560689499794,33.086990083787086],[-116.94664295306873,33.087001195013599]]]},"properties":{"OBJECTID":189,"Record_Num":"AWM2010-LCP-00039","Business_N":"DRAGON ORGANICS (NEW ALTERNATIVES, INC.)","PRODUCER_L":"17701 SAN PASQUAL VALLEY RD ESCONDIDO CA 92025 APN 242-130-26-00","Area":136,"Shape_Length":12006.613764130698,"Shape_Area":5905559.9953582454}},{"type":"Feature","id":190,"geometry":{"type":"Polygon","coordinates":[[[-116.69723897151968,33.159031559566735],[-116.69442844619383,33.163248223219242],[-116.6943812551052,33.163306198507634],[-116.69450293552376,33.164479551478273],[-116.69457192644744,33.164569868910796],[-116.69458852648036,33.164610389432625],[-116.69455989264827,33.164737048249819],[-116.6945117796775,33.165362652561107],[-116.69453023442931,33.165421753153112],[-116.69530999439128,33.165813603842992],[-116.69547578885769,33.16609576106633],[-116.69561037978661,33.166417503889093],[-116.6957330709125,33.166557822490788],[-116.69597186859652,33.166659550837331],[-116.69610533528618,33.166687699570488],[-116.6962327653238,33.16664429755776],[-116.69690736401759,33.165983400233557],[-116.69694081956847,33.165868763881214],[-116.69692899826588,33.165775762005943],[-116.69686134582649,33.165563966002701],[-116.69688140613775,33.16534032288304],[-116.6969038168223,33.165304411290037],[-116.69701429443131,33.165206127256525],[-116.69714481953018,33.165167836582398],[-116.69723855657912,33.165158432768372],[-116.69831458844439,33.165321524568014],[-116.69858550121012,33.16553165842285],[-116.69863937212757,33.165665425272515],[-116.69864987588745,33.165850295936465],[-116.69857894745952,33.16601959047717],[-116.69832241178895,33.166359593276148],[-116.69805697210231,33.166687818157108],[-116.69799532242807,33.166835957415813],[-116.69802704927814,33.166938429924983],[-116.6981466144989,33.167021499576123],[-116.69859217465033,33.167060445633261],[-116.69952520921059,33.167014122554946],[-116.69993056707004,33.166957780085582],[-116.70032777998824,33.166699455587526],[-116.70057297297306,33.166661521994044],[-116.70089987059202,33.166683236613331],[-116.70101748177487,33.166606464657058],[-116.70108950490142,33.16649073285965],[-116.70110150067003,33.1661757699761],[-116.70116812100596,33.165892100131643],[-116.70152765468092,33.165641719365304],[-116.7015881878452,33.165498354164058],[-116.70156004263833,33.165320956338562],[-116.7001500497672,33.159427554658585],[-116.69723897151968,33.159031559566735]]]},"properties":{"OBJECTID":190,"Record_Num":"AWM2014-LCP-00039","Business_N":"MESA GRANDE CORAZON WINERY","PRODUCER_L":"22950 CRESCENT HEIGHTS RD., SANTA YSABEL, CA  92070  APN 247-010-20-00","Area":102,"Shape_Length":9612.0815400407555,"Shape_Area":4436485.4385464611}},{"type":"Feature","id":191,"geometry":{"type":"Polygon","coordinates":[[[-117.292629749924,33.077141116609894],[-117.29264030453623,33.076999021216274],[-117.29243478857933,33.076989299182877],[-117.2924256073687,33.077132528209724],[-117.292629749924,33.077141116609894]]]},"properties":{"OBJECTID":191,"Record_Num":"AWM2010-LCP-00011","Business_N":"KG GROWERS","PRODUCER_L":"30315 Lilac Rd, Valley Center, CA  92082, APN 129-250-15-00","Area":0,"Shape_Length":229.65889202537147,"Shape_Area":3267.0008202255494}},{"type":"Feature","id":192,"geometry":{"type":"Polygon","coordinates":[[[-117.2864244882674,33.07077202724458],[-117.28578337800032,33.071206484085572],[-117.28583211222985,33.071774514563742],[-117.28654575260309,33.071697764392297],[-117.28664507991176,33.072322877939968],[-117.28750933706806,33.072320063087354],[-117.28749539315963,33.071807038426343],[-117.2864244882674,33.07077202724458]]]},"properties":{"OBJECTID":192,"Record_Num":"AWM2010-LCP-00184","Business_N":"COSGROVE CYMBIDIUM COMPANY","PRODUCER_L":"1200 SAXONY RD LEUCADIA CA 92024 APN 254-351-05-00","Area":4,"Shape_Length":1860.1254765439098,"Shape_Area":164262.12936202268}},{"type":"Feature","id":193,"geometry":{"type":"Polygon","coordinates":[[[-117.28046292919485,33.065408300375417],[-117.27854677650335,33.065542571012259],[-117.2785547080809,33.06583262648229],[-117.27839028761993,33.066116478417513],[-117.27814978532426,33.066484944779511],[-117.27811550224303,33.06820305208506],[-117.27841122525139,33.068677769805277],[-117.27903681922558,33.068678438458306],[-117.27921937055297,33.068774124659122],[-117.28043929347109,33.068802153532353],[-117.28044692680268,33.068679933612799],[-117.28046292919485,33.065408300375417]]]},"properties":{"OBJECTID":193,"Record_Num":"AWM2015-LCP-00005","Business_N":"DRAMM & ECHTER","PRODUCER_L":"1150 Quail Gardens Dr, Encinitas, CA  92024  APN 254-612-12-00","Area":18,"Shape_Length":3649.1210130889781,"Shape_Area":805052.81812872819}},{"type":"Feature","id":194,"geometry":{"type":"Polygon","coordinates":[[[-117.28992713101964,33.059770692930037],[-117.29000248932576,33.059052390515866],[-117.289728525738,33.05831220861748],[-117.28901166265597,33.058260965613577],[-117.28897690357691,33.059154527000409],[-117.28930587580504,33.059180396433923],[-117.28925154887152,33.05976109602134],[-117.28992713101964,33.059770692930037]]]},"properties":{"OBJECTID":194,"Record_Num":"AWM2010-LCP-00269","Business_N":"MALDONADO GROWERS","PRODUCER_L":"556 UNION ST ENCINITAS CA 92024 APN 256-171-20-00","Area":3,"Shape_Length":1610.3864004099876,"Shape_Area":132278.62035152884}},{"type":"Feature","id":195,"geometry":{"type":"Polygon","coordinates":[[[-117.28483668749979,33.059745459293538],[-117.28497332990398,33.058069437831193],[-117.28090672705592,33.058046103396727],[-117.28082443424468,33.05972453029171],[-117.28483668749979,33.059745459293538]]]},"properties":{"OBJECTID":195,"Record_Num":"AWM2014-LCP-00067","Business_N":"PACIFIC MICROFARMS","PRODUCER_L":"441 SAXONY RD, ENCINITAS, CA  92024  APN 256-172-05-00","Area":17,"Shape_Length":3697.8050728173394,"Shape_Area":755549.83007776702}},{"type":"Feature","id":196,"geometry":{"type":"Polygon","coordinates":[[[-117.26272783045148,33.014523159273324],[-117.2627319229466,33.014518484501515],[-117.2627413472504,33.014450825205557],[-117.26246862373615,33.013969106525721],[-117.26247076690049,33.013922898011515],[-117.26253670027207,33.013814296159246],[-117.26263916050453,33.013748937036262],[-117.26268934787707,33.013688201419185],[-117.2627025987164,33.013643217647513],[-117.26272111846274,33.013624120431402],[-117.26278243879305,33.013428856122012],[-117.26291850627045,33.013264038785366],[-117.26265663609126,33.011494868037552],[-117.2626510889087,33.011455785811989],[-117.26218170721718,33.011810825861879],[-117.26146665181079,33.012472309546325],[-117.26039823292693,33.013434432546845],[-117.25981198953961,33.013971743916912],[-117.25955773733757,33.014419498415293],[-117.25959270361699,33.014505105235962],[-117.26006170147517,33.014656359333181],[-117.2602540730098,33.01472222513312],[-117.26031659469521,33.014726533646389],[-117.26055145323748,33.014674378042706],[-117.26112999119752,33.014468694993688],[-117.26132234809783,33.014450421961975],[-117.26170912240435,33.014592799488803],[-117.26199971559704,33.015064368817683],[-117.26204441323097,33.015107198671011],[-117.26217114277335,33.015101946566439],[-117.26224315483083,33.015076858960825],[-117.26254468956407,33.014732382911397],[-117.26267414565116,33.014631592457505],[-117.26272783045148,33.014523159273324]]]},"properties":{"OBJECTID":196,"Record_Num":"AWM2012-LCP-00026","Business_N":"WILLIAMSON PRODUCE","PRODUCER_L":"3111 MANCHESTER AVE CARDIFF CA 92007 APN 261-210-01-00","Area":15,"Shape_Length":3883.2858369688815,"Shape_Area":674488.97964578005}},{"type":"Feature","id":197,"geometry":{"type":"Polygon","coordinates":[[[-117.25593265764917,33.035188463142241],[-117.25588220312967,33.035047707086065],[-117.25557769899994,33.035050988250191],[-117.25558003889181,33.035088075065509],[-117.25554557494446,33.035089162099361],[-117.25554103035714,33.035194064517583],[-117.25593265764917,33.035188463142241]]]},"properties":{"OBJECTID":197,"Record_Num":"AWM2009-LCP-00050","Business_N":"BAIRD, GLADYS & CHARLES","PRODUCER_L":"640 CERRO ST ENCINITAS, CA 92024, APN 262-110-28-00","Area":0,"Shape_Length":329.14463530757882,"Shape_Area":5618.3897778849559}},{"type":"Feature","id":198,"geometry":{"type":"Polygon","coordinates":[[[-117.17519117137509,33.080353635272999],[-117.17557716807657,33.079853142991134],[-117.17558587440732,33.079691880430317],[-117.17489680072408,33.079674250656261],[-117.17483356081648,33.079795621036716],[-117.17459851074261,33.079807888486322],[-117.17429012855082,33.079971387870344],[-117.1741320039294,33.079976072023349],[-117.17410676093304,33.080345962053741],[-117.17519117137509,33.080353635272999]]]},"properties":{"OBJECTID":198,"Record_Num":"AWM2016-LCP-00040","Business_N":"VENEGAS GROWERS","PRODUCER_L":"20303 ELFIN FOREST RD., ESCONDIDO, CA  92029  APN 264-042-79-00","Area":2,"Shape_Length":1234.4815257234541,"Shape_Area":81709.540714810399}},{"type":"Feature","id":199,"geometry":{"type":"Polygon","coordinates":[[[-117.21686232817271,33.070663511488711],[-117.21682662229782,33.069728803025875],[-117.21609756942699,33.069751609822923],[-117.21577330023096,33.070304006101857],[-117.21577517664645,33.070413138661884],[-117.21596619997288,33.070514317825747],[-117.21625323085316,33.070503520091798],[-117.21635557527782,33.070566908035687],[-117.21623783342903,33.070693084442503],[-117.21686232817271,33.070663511488711]]]},"properties":{"OBJECTID":199,"Record_Num":"AWM2015-LCP-00047","Business_N":"LONE JACK ORCHARD","PRODUCER_L":"3554 LONE JACK RD, ENCINITAS, CA  92024  APN 264-223-20-00","Area":2,"Shape_Length":1273.7604011356786,"Shape_Area":90611.130140031921}},{"type":"Feature","id":200,"geometry":{"type":"Polygon","coordinates":[[[-116.97788984900608,33.073442312219001],[-116.97820103277776,33.073383005300059],[-116.97850771628411,33.073393836445334],[-116.97865969035544,33.073432471949914],[-116.97884980933115,33.073513520626342],[-116.97893499964445,33.073398500704833],[-116.97891898967795,33.072815565890586],[-116.97891402665738,33.072660785914394],[-116.97886033971822,33.070986603105652],[-116.97879052827247,33.070857618864508],[-116.97824626717218,33.06907756162714],[-116.97565576024498,33.069413421865775],[-116.9758533720393,33.07012657339444],[-116.97510792407422,33.070558335397671],[-116.97569245451334,33.07130687226261],[-116.97740823026555,33.072835360886934],[-116.9778001012028,33.073353872356307],[-116.97788984900608,33.073442312219001]]]},"properties":{"OBJECTID":200,"Record_Num":"AWM2016-LCP-00051","Business_N":"DEEP ROOTS","PRODUCER_L":"16251 Bandy Canyon Rd., Escondido, CA 92025 APN 276-041-04-00","Area":27,"Shape_Length":4656.9520317310999,"Shape_Area":1185622.7680724571}},{"type":"Feature","id":201,"geometry":{"type":"Polygon","coordinates":[[[-117.00541542634016,33.062774605112864],[-117.00541799024177,33.061491976937212],[-117.00363280410731,33.061602104322958],[-117.00315679612353,33.06160118362088],[-117.00312886908944,33.059402587795972],[-117.00095378797943,33.059503596775258],[-117.00099592338181,33.062839662175769],[-117.00541542634016,33.062774605112864]]]},"properties":{"OBJECTID":201,"Record_Num":"AWM2016-LCP-00011","Business_N":"SGG FARMS","PRODUCER_L":"20323 CAMINO DEL AGUILA, ESCONDIDO, CA  92025  APN 276-080-08-00","Area":26,"Shape_Length":5196.5081445845599,"Shape_Area":1127300.4792624346}},{"type":"Feature","id":202,"geometry":{"type":"Polygon","coordinates":[[[-116.97224919695617,33.019873763703593],[-116.97174571820172,33.020109574606728],[-116.9716014416296,33.020105652996584],[-116.9710125585038,33.019597738393735],[-116.97021018311419,33.01965652000672],[-116.97020473366584,33.022307669224091],[-116.97225721800559,33.022284256693467],[-116.97224919695617,33.019873763703593]]]},"properties":{"OBJECTID":202,"Record_Num":"AWM2016-LCP-00031","Business_N":"MOUNT WOODSON ACRES","PRODUCER_L":"16319 SALIDA DEL SOL, RAMONA, CA 92065 APN 278-080-17-00","Area":13,"Shape_Length":3196.8927663690702,"Shape_Area":565848.34881639283}},{"type":"Feature","id":203,"geometry":{"type":"Polygon","coordinates":[[[-116.87416865007522,33.078190068243934],[-116.87434403673053,33.077859372264818],[-116.87435777470576,33.077750893501076],[-116.87414143703022,33.077423698640217],[-116.8720031716134,33.077426822543977],[-116.87204427880116,33.079388689259282],[-116.87249623290231,33.079181813170464],[-116.8724748596799,33.078725375519689],[-116.87247614237992,33.078650551144342],[-116.87385167889028,33.078290246155234],[-116.87416865007522,33.078190068243934]]]},"properties":{"OBJECTID":203,"Record_Num":"AWM2014-LCP-00027","Business_N":"QUISENBERRY FARMS","PRODUCER_L":"2077 & 2065 JACK & JILL LN, RAMONA, CA 92065  APN 279-092-06/07-00","Area":7,"Shape_Length":2572.6674548969481,"Shape_Area":292147.34178671712}},{"type":"Feature","id":204,"geometry":{"type":"Polygon","coordinates":[[[-116.83701060775343,33.077312304899863],[-116.83498413676163,33.076413882736908],[-116.83488087469807,33.076431166659567],[-116.83467741667864,33.07665352843285],[-116.83391879914801,33.07793817843887],[-116.83607253325769,33.078878769646806],[-116.83654753553866,33.078085584807511],[-116.83518894579494,33.077469035878977],[-116.83502916674455,33.077442306569488],[-116.83492686092788,33.077603114267141],[-116.83476499385763,33.07753516818962],[-116.83480779761902,33.07742655590161],[-116.83474599384419,33.077405471737599],[-116.83477820090219,33.077339662380112],[-116.83485085560112,33.077356115488179],[-116.834902849496,33.077265782559785],[-116.83524116336626,33.077412294144231],[-116.83606524438257,33.077787068532508],[-116.83619120721396,33.077638363413215],[-116.83626566652256,33.077653279650718],[-116.83637339256346,33.077761179820662],[-116.83632531191199,33.077894247731919],[-116.83658259407362,33.078027041900135],[-116.83701060775343,33.077312304899863]]]},"properties":{"OBJECTID":204,"Record_Num":"AWM2010-LCP-00212","Business_N":"TOM KING FARMS","PRODUCER_L":"2055 ORANGE AVE RAMONA CA 92065 APN 279-130-21-00","Area":10,"Shape_Length":4195.3025756986226,"Shape_Area":449619.72389553458}},{"type":"Feature","id":205,"geometry":{"type":"Polygon","coordinates":[[[-116.85993851675501,33.071233932425876],[-116.85992216201996,33.070405720054531],[-116.85936464958965,33.070419175279071],[-116.85946358724276,33.070622191731324],[-116.85949153165666,33.070982646949261],[-116.8590548874752,33.070999075698339],[-116.8590630806829,33.071263233102698],[-116.85993851675501,33.071233932425876]]]},"properties":{"OBJECTID":205,"Record_Num":"AWM2016-LCP-00027","Business_N":"RAHER, AARON","PRODUCER_L":"1642 PAMO RD, RAMONA, CA  92065  APN 279-190-18-00","Area":1,"Shape_Length":1181.9698918607826,"Shape_Area":55760.774938774579}},{"type":"Feature","id":206,"geometry":{"type":"Polygon","coordinates":[[[-116.858640449959,33.069253041391939],[-116.85859339043242,33.067751483923509],[-116.8575002264477,33.067782566784473],[-116.85757151703221,33.069257547593573],[-116.858640449959,33.069253041391939]]]},"properties":{"OBJECTID":206,"Record_Num":"AWM2010-LCP-00156","Business_N":"RAMONA DUCK FARM","PRODUCER_L":"1415 PAMO RD RAMONA CA 92065 APN 280-200-16-00","Area":4,"Shape_Length":1746.2159894904266,"Shape_Area":179457.04331326636}},{"type":"Feature","id":207,"geometry":{"type":"Polygon","coordinates":[[[-116.8882237661839,33.031924601967994],[-116.88867213383263,33.032318195001636],[-116.88894474526317,33.032129154968629],[-116.88848509033714,33.03171498171092],[-116.8882237661839,33.031924601967994]]]},"properties":{"OBJECTID":207,"Record_Num":"AWM2016-LCP-00063","Business_N":"THREE SONS FARM","PRODUCER_L":"2148 ROBERTSON ST., RAMONA, CA  92065  APN 282-141-02-00","Area":1,"Shape_Length":623.58346851777469,"Shape_Area":22115.648616681079}},{"type":"Feature","id":208,"geometry":{"type":"Polygon","coordinates":[[[-116.86872550009994,33.023862652449544],[-116.86973616483021,33.023866921509885],[-116.86973797983912,33.02349670860152],[-116.86905282499561,33.023502002209419],[-116.86899379586167,33.02360767036982],[-116.86872358865367,33.023591303596902],[-116.86872550009994,33.023862652449544]]]},"properties":{"OBJECTID":208,"Record_Num":"AWM2010-LCP-00216","Business_N":"KIEFER, MARK & DAPHNY","PRODUCER_L":"1332 KEYSER RD RAMONA CA 92065 APN 282-342-34-00","Area":1,"Shape_Length":878.76532552438061,"Shape_Area":37892.007806225673}},{"type":"Feature","id":209,"geometry":{"type":"Polygon","coordinates":[[[-116.92441907124862,33.017555661904467],[-116.92534130971713,33.017557508396898],[-116.9253248715695,33.016746267323619],[-116.92442919028903,33.016747713393009],[-116.92441907124862,33.017555661904467]]]},"properties":{"OBJECTID":209,"Record_Num":"AWM2010-LCP-00033","Business_N":"S L WHITE FARMS","PRODUCER_L":"16642 ADRIENNE WAY RAMONA CA 92065 APN 283-011-33-00","Area":2,"Shape_Length":1146.4582320294869,"Shape_Area":82075.611364422643}},{"type":"Feature","id":210,"geometry":{"type":"Polygon","coordinates":[[[-116.90545345551666,33.015425427701608],[-116.90257885991933,33.014108384653774],[-116.90111391397987,33.016456983742316],[-116.90297365029481,33.01721930190822],[-116.90307354421957,33.017265981647753],[-116.90520108050465,33.015607999923901],[-116.90545345551666,33.015425427701608]]]},"properties":{"OBJECTID":210,"Record_Num":"AWM2015-LCP-00032","Business_N":"HUKAMA PRODUCE","PRODUCER_L":"3154 Rancho Maria Ln, Ramona, CA  92065 ","Area":18,"Shape_Length":3627.7599455357217,"Shape_Area":790339.52265885915}},{"type":"Feature","id":211,"geometry":{"type":"Polygon","coordinates":[[[-116.87972508456554,33.006314002693927],[-116.88048183282434,33.006336869965288],[-116.88063992684457,33.006271170330898],[-116.88070063796827,33.005892950347203],[-116.88063702232648,33.005866553021093],[-116.8806366935153,33.005820747355394],[-116.88058969269508,33.005584315313016],[-116.88042965504842,33.005378997720975],[-116.8800205653063,33.005190216113107],[-116.87876080453816,33.004513329650599],[-116.87868643619595,33.004250315306713],[-116.8787117596291,33.00399061050792],[-116.87565902995991,33.004090064196234],[-116.87532224257578,33.005782823549424],[-116.87636004396582,33.005788730829941],[-116.87640043395911,33.005788953792241],[-116.87856206173271,33.005800834835803],[-116.87965328249182,33.005806126635576],[-116.87970915849353,33.005844796575573],[-116.87972508456554,33.006314002693927]]]},"properties":{"OBJECTID":211,"Record_Num":"AWM2014-LCP-00046","Business_N":"EBEN-HAEZER'S HAPPY HENS","PRODUCER_L":"2232 Ramona St., Ramona, CA  92065- APN 283-101-23-00","Area":20,"Shape_Length":4516.1928355001728,"Shape_Area":854368.18331535871}},{"type":"Feature","id":212,"geometry":{"type":"Polygon","coordinates":[[[-116.84063215697786,33.026959884101458],[-116.83895832354978,33.026958316397078],[-116.83895195619222,33.026853371624817],[-116.83733759920524,33.026851499891187],[-116.83740487508514,33.029711748762523],[-116.84066750394098,33.029689064540868],[-116.84063215697786,33.026959884101458]]]},"properties":{"OBJECTID":212,"Record_Num":"AWM2010-LCP-00030","Business_N":"S L WHITE FARMS","PRODUCER_L":"1603 GRIFFITH RD RAMONA 92065 APN 284-090-17-00","Area":23,"Shape_Length":4080.0462817153975,"Shape_Area":1021190.1531736775}},{"type":"Feature","id":213,"geometry":{"type":"Polygon","coordinates":[[[-116.92317813819471,32.996028717430256],[-116.92333314210148,32.996057406295641],[-116.92361057554051,32.99605589618735],[-116.92363945422345,32.995632441712374],[-116.92377408653691,32.995289624980522],[-116.92368368400231,32.994925884587452],[-116.92312905156464,32.994958435577175],[-116.92317813819471,32.996028717430256]]]},"properties":{"OBJECTID":213,"Record_Num":"AWM2012-LCP-00028","Business_N":"VARELA, CATHERINE & TONY","PRODUCER_L":"15717 ROSEMONT LN RAMONA CA 92065 APN 285-030-27-00","Area":2,"Shape_Length":1114.8364203898889,"Shape_Area":65579.927655741631}},{"type":"Feature","id":214,"geometry":{"type":"Polygon","coordinates":[[[-116.78493135533131,33.063804552125518],[-116.78494940514935,33.062011068152621],[-116.78293589678709,33.062076684744667],[-116.78293299698092,33.063898519552708],[-116.78393058921415,33.063634004429048],[-116.78402526944893,33.063878526991324],[-116.78493135533131,33.063804552125518]]]},"properties":{"OBJECTID":214,"Record_Num":"AWM2016-LCP-00004","Business_N":"THE GILMORE RANCH","PRODUCER_L":"19304 STARVALE LN, RAMONA, CA  92065  APN 286-101-07-00","Area":9,"Shape_Length":2625.7280617529486,"Shape_Area":392621.13987097767}},{"type":"Feature","id":215,"geometry":{"type":"Polygon","coordinates":[[[-116.82214086598481,33.030746573030108],[-116.82307908582749,33.031291919084005],[-116.8232541727704,33.031039168268009],[-116.82324009226397,33.030964796906339],[-116.82280698544358,33.030740629284836],[-116.82228607557118,33.030602753590884],[-116.82214086598481,33.030746573030108]]]},"properties":{"OBJECTID":215,"Record_Num":"AWM2012-LCP-00025","Business_N":"DEWEERD, KATHRYN & JAMES","PRODUCER_L":"23259 VISTA RAMONA RD RAMONA CA 92065 APN 287-071-07-00","Area":1,"Shape_Length":875.08670517364112,"Shape_Area":36695.96729834193}},{"type":"Feature","id":216,"geometry":{"type":"Polygon","coordinates":[[[-116.64720812415575,33.078591478278923],[-116.64801827555989,33.076685694179432],[-116.64601795899588,33.076506016555619],[-116.64564524987934,33.078313709097408],[-116.6455302242903,33.078445771367221],[-116.64531977808913,33.078532330653765],[-116.6451371930283,33.078764809202262],[-116.64514886384626,33.079091144825178],[-116.64519352220621,33.079191204245099],[-116.645593885255,33.078989522219274],[-116.64594701439442,33.078871014357247],[-116.64666082015276,33.078800019427973],[-116.64691905557062,33.078753385481328],[-116.64708539730377,33.07868986819112],[-116.64720812415575,33.078591478278923]]]},"properties":{"OBJECTID":216,"Record_Num":"AWM2016-LCP-00055","Business_N":"McGRATH, ROBERT","PRODUCER_L":"2772 Williams Ranch Rd, Santa Ysabel, CA 92070 APN 289-450-23-00","Area":11,"Shape_Length":3079.0120148659794,"Shape_Area":478519.18144899473}},{"type":"Feature","id":217,"geometry":{"type":"Polygon","coordinates":[[[-117.23819278080285,32.973264054044769],[-117.23869058686806,32.972828710111244],[-117.23869727045337,32.970202288918436],[-117.23716243681174,32.970185063491002],[-117.23733766469726,32.970868064115614],[-117.2378715601393,32.971632969036875],[-117.23754178704301,32.972310604452005],[-117.23744572269378,32.972476001147427],[-117.23718440362948,32.972596426580154],[-117.23669597690069,32.97265758449791],[-117.23600022650332,32.972808193484326],[-117.23498475154003,32.973121675154026],[-117.23489082182513,32.974034780412893],[-117.23697105711771,32.973762434129164],[-117.23750831574387,32.973613085144585],[-117.23778322277029,32.973492551448182],[-117.23819278080285,32.973264054044769]]]},"properties":{"OBJECTID":217,"Record_Num":"AWM2015-LCP-00045","Business_N":"REY RIVER FARM, INC.","PRODUCER_L":"EL CAMINO REAL, SAN DIEGO, CA  92130 APN 304-020-24-00","Area":16,"Shape_Length":4750.0701750492799,"Shape_Area":710439.33034037612}},{"type":"Feature","id":218,"geometry":{"type":"Polygon","coordinates":[[[-117.23215121539685,32.929371142162211],[-117.23205013337203,32.930214352845191],[-117.23299867508725,32.930269130802294],[-117.23298219209158,32.930414323074963],[-117.23234298777177,32.930329695155116],[-117.23202121123485,32.930232720300204],[-117.23193216938226,32.930226071081307],[-117.23182512588673,32.930977040565971],[-117.23325100973712,32.930975252097312],[-117.23324036361937,32.929213606717532],[-117.23215121539685,32.929371142162211]]]},"properties":{"OBJECTID":218,"Record_Num":"AWM2016-LCP-00001","Business_N":"EARTH EQUALS, INC.  *","PRODUCER_L":"11680 TIERRA DEL SUR, SAN DIEGO, CA  92130, APN 307-060-37-00","Area":5,"Shape_Length":2676.7497808297258,"Shape_Area":222514.97272599273}},{"type":"Feature","id":219,"geometry":{"type":"Polygon","coordinates":[[[-117.01296742543268,32.992384568296359],[-117.01296283923317,32.992335513736727],[-117.01220389276054,32.992297740978124],[-117.01204054510407,32.992248820330438],[-117.0120545436603,32.992155121254157],[-117.01195800546972,32.992124511546997],[-117.0119964715814,32.992005698360451],[-117.01226161857342,32.992122641342355],[-117.01225706074337,32.992166355422967],[-117.01229909573838,32.992174417580394],[-117.01239835519662,32.992234134253451],[-117.01296119494958,32.992317931169296],[-117.01295109772869,32.992209924076704],[-117.01288162126819,32.992168746776613],[-117.01276207262403,32.992046747002661],[-117.01269895428892,32.991884873826685],[-117.01265143574504,32.991529436975945],[-117.01248619746146,32.991547097721813],[-117.01238486741637,32.99153316016789],[-117.01224364628332,32.991473702017721],[-117.01210977635186,32.991407957567745],[-117.01207565537328,32.99174309374807],[-117.01168860833549,32.992371644966084],[-117.01296742543268,32.992384568296359]]]},"properties":{"OBJECTID":219,"Record_Num":"AWM2017-LCP-00002","Business_N":"MYERS, JULIA","PRODUCER_L":"14708 High Valley Rd, Poway, CA 92064 APN 321-060-40-00","Area":2,"Shape_Length":2014.3904021937349,"Shape_Area":70894.226225988168}},{"type":"Feature","id":220,"geometry":{"type":"Polygon","coordinates":[[[-116.77768256444297,32.976674271410552],[-116.7795026452864,32.976673645499709],[-116.77947537709905,32.974964443245248],[-116.77767656552201,32.974968553481418],[-116.77768256444297,32.976674271410552]]]},"properties":{"OBJECTID":220,"Record_Num":"AWM2010-LCP-00221","Business_N":"RANDOL RIDGE RANCH@GMAIL.COM","PRODUCER_L":"14902 SHOEN LN RAMONA CA 92065 APN 331-090-05-00","Area":8,"Shape_Length":2352.4144853903408,"Shape_Area":344752.2476487399}},{"type":"Feature","id":221,"geometry":{"type":"Polygon","coordinates":[[[-117.04433742466541,32.81506373974765],[-117.04439777451825,32.814820564873763],[-117.04421930456608,32.814697955332868],[-117.04417953113744,32.8150489894958],[-117.04433742466541,32.81506373974765]]]},"properties":{"OBJECTID":221,"Record_Num":"AWM2013-LCP-00009","Business_N":"COMMUNITY CROPS","PRODUCER_L":"7139 RUANE ST SAN DIEGO CA 92119 APN 317-173-04-00","Area":0,"Shape_Length":338.2018073659799,"Shape_Area":5970.1620432849777}},{"type":"Feature","id":222,"geometry":{"type":"Polygon","coordinates":[[[-116.9563187141656,32.885162130481241],[-116.9563274459928,32.883909773087986],[-116.9561864853295,32.883902652548414],[-116.95608411401605,32.884022127700227],[-116.95607609881439,32.884193903122771],[-116.95539588702961,32.884189419910115],[-116.95539977411373,32.884674197425419],[-116.95573459530053,32.884678011636758],[-116.95575269088556,32.884677908288729],[-116.9557882793703,32.885166322655003],[-116.9563187141656,32.885162130481241]]]},"properties":{"OBJECTID":222,"Record_Num":"AWM2013-LCP-00069","Business_N":"FARMERS NURSERY","PRODUCER_L":"11416 OAK CREEK DR., LAKESIDE, CA  92040  APN 377-100-44-00","Area":2,"Shape_Length":1449.6827694023723,"Shape_Area":87260.058710721758}},{"type":"Feature","id":223,"geometry":{"type":"Polygon","coordinates":[[[-116.95372102746761,32.859350451538546],[-116.95259206584295,32.859344662699392],[-116.9526049384186,32.859824044806238],[-116.95271758548139,32.860110467524315],[-116.95268258171605,32.860484763998471],[-116.95266310369333,32.86076430329225],[-116.95268421808028,32.861142861337363],[-116.95328907560945,32.860989780299917],[-116.95352566618466,32.860938044600324],[-116.95372096524916,32.860926244065531],[-116.95372102746761,32.859350451538546]]]},"properties":{"OBJECTID":223,"Record_Num":"AWM2011-LCP-00013","Business_N":"HILLIKER'S EGG RANCH","PRODUCER_L":"11329 EL NOPAL LAKESIDE CA 92040 APN 379-024-02-00","Area":5,"Shape_Length":1909.7866509344547,"Shape_Area":198901.27281395701}},{"type":"Feature","id":224,"geometry":{"type":"Polygon","coordinates":[[[-116.96257118835109,32.834016585942514],[-116.96339645787339,32.834026136491659],[-116.96341262226271,32.833579893579511],[-116.96285575539498,32.833561636268556],[-116.96278015350435,32.833647962348515],[-116.96257118835109,32.834016585942514]]]},"properties":{"OBJECTID":224,"Record_Num":"AWM2016-LCP-00065","Business_N":"SAN DIEGO HOMETOWN HARVEST","PRODUCER_L":"8721 N. MAGNOLIA AVE, SANTEE, CA  92071  APN 384-141-17-00","Area":1,"Shape_Length":774.9042073973344,"Shape_Area":35585.702455994382}},{"type":"Feature","id":225,"geometry":{"type":"Polygon","coordinates":[[[-116.94284481142392,32.837189630382539],[-116.94296109992433,32.83691260369924],[-116.94279313654529,32.83682880158949],[-116.94272341779016,32.836933023944468],[-116.94242144770007,32.836828595621093],[-116.94235674810189,32.836996157667741],[-116.94284481142392,32.837189630382539]]]},"properties":{"OBJECTID":225,"Record_Num":"AWM2010-LCP-00102","Business_N":"McFADDEN RANCH","PRODUCER_L":"8790 GOLDEN RIDGE RD LAKESIDE CA 92040 APN 385-070-46-00","Area":0,"Shape_Length":540.39573263569127,"Shape_Area":13742.48253132173}},{"type":"Feature","id":226,"geometry":{"type":"Polygon","coordinates":[[[-116.83888380684957,32.870144329407196],[-116.83933978919903,32.870012366732027],[-116.83923574071875,32.869673123836485],[-116.83873376157828,32.869690785707903],[-116.83888380684957,32.870144329407196]]]},"properties":{"OBJECTID":226,"Record_Num":"AWM2016-LCP-00006","Business_N":"EL CAPITAN FARM","PRODUCER_L":"10204 El Capitan Real Rd, El Cajon, CA 92021 APN 393-152-01-00","Area":1,"Shape_Length":601.11058817441676,"Shape_Area":22273.348139603098}},{"type":"Feature","id":227,"geometry":{"type":"Polygon","coordinates":[[[-116.77684242893362,32.859053656718579],[-116.77675883819138,32.855856081217141],[-116.77623684214466,32.855918428138885],[-116.77543755434293,32.856691968314834],[-116.77548855317826,32.856711792099233],[-116.77558084496508,32.859101974923973],[-116.77684242893362,32.859053656718579]]]},"properties":{"OBJECTID":227,"Record_Num":"AWM2016-LCP-00036","Business_N":"DARBY, MILO","PRODUCER_L":"1510 Peutz Valley Rd, Alpine, CA 91901 APN 402-270-28-00","Area":10,"Shape_Length":2974.2393493760642,"Shape_Area":423251.04990607628}},{"type":"Feature","id":228,"geometry":{"type":"Polygon","coordinates":[[[-116.77061101166237,32.816576664996504],[-116.7707164520676,32.816059931813854],[-116.77027330000396,32.816037942164392],[-116.770175667174,32.816537463407123],[-116.77032481757735,32.816532063984546],[-116.77061101166237,32.816576664996504]]]},"properties":{"OBJECTID":228,"Record_Num":"AWM2016-LCP-00013","Business_N":"FLORES, JOSIE","PRODUCER_L":"2036 SOUTH GRADE RD, ALPINE, CA  91901  APN 404-170-48-00","Area":1,"Shape_Length":646.65792577586717,"Shape_Area":24839.253063507957}},{"type":"Feature","id":229,"geometry":{"type":"Polygon","coordinates":[[[-116.80575317276036,32.822665494387429],[-116.80576264272125,32.821712814946252],[-116.80522234751358,32.82170570165728],[-116.80521788003271,32.822664085369276],[-116.80575317276036,32.822665494387429]]]},"properties":{"OBJECTID":229,"Record_Num":"AWM2012-LCP-00085","Business_N":"HAWORTH, DIANE & VARBAEK, MICHAEL","PRODUCER_L":"434 ALPINE HEIGHTS RD ALPINE CA 91901 APN 404-340-02-00","Area":1,"Shape_Length":1025.8072155174273,"Shape_Area":57444.445923254396}},{"type":"Feature","id":230,"geometry":{"type":"Polygon","coordinates":[[[-116.61515672879784,32.860120064960377],[-116.61495753731451,32.864819244238916],[-116.61615153386681,32.864651759999589],[-116.61614888875715,32.863880242880398],[-116.61610564800678,32.863815000408408],[-116.61608213203762,32.863734430760815],[-116.61603826727286,32.86202375961745],[-116.61601597305909,32.861829145731171],[-116.61599040692235,32.861663170034944],[-116.61592719677155,32.861418098427144],[-116.61584368281324,32.861184538676497],[-116.61565211990045,32.860799561982979],[-116.61538593330864,32.860414806631212],[-116.61515672879784,32.860120064960377]]]},"properties":{"OBJECTID":230,"Record_Num":"AWM2010-LCP-00143","Business_N":"DESCANSO VALLEY RANCH","PRODUCER_L":"9727 RIVER DR DESCANSO CA 91916 APN 407-070-01-00","Area":10,"Shape_Length":3797.582194537255,"Shape_Area":453939.40465842548}},{"type":"Feature","id":231,"geometry":{"type":"Polygon","coordinates":[[[-117.16832595094321,32.816295289792507],[-117.1683254159321,32.816189838496641],[-117.16803048507106,32.816194417681174],[-117.16802983418788,32.816294628745069],[-117.1681326582204,32.816294297040827],[-117.1681351537175,32.816206522629088],[-117.16828318209194,32.816203990753131],[-117.16828919597604,32.816294554098114],[-117.16832595094321,32.816295289792507]]]},"properties":{"OBJECTID":231,"Record_Num":"AWM2016-LCP-00047","Business_N":"BORROW MY GUY","PRODUCER_L":"3951 Broadlawn St, San Diego, CA 92111 ","Area":0,"Shape_Length":318.78418912518998,"Shape_Area":1863.7204709993789}},{"type":"Feature","id":232,"geometry":{"type":"Polygon","coordinates":[[[-117.17334216703289,32.783260388836197],[-117.17338617435378,32.783255287588844],[-117.17322483298848,32.782790773671955],[-117.17283868043629,32.782920112070464],[-117.17249076049643,32.783140304538023],[-117.17229233590334,32.783395643543813],[-117.17229193304313,32.783413239571416],[-117.1725096707537,32.783491777378657],[-117.17259390472665,32.783335449120216],[-117.17334216703289,32.783260388836197]]]},"properties":{"OBJECTID":232,"Record_Num":"AWM2014-LCP-00050","Business_N":"BAYSIDE COMMUNITY CENTER","PRODUCER_L":"2202 COMSTOCK ST., SAN DIEGO, CA  92111   APN 431-370-07-00","Area":1,"Shape_Length":935.47406251069049,"Shape_Area":39799.562356914794}},{"type":"Feature","id":233,"geometry":{"type":"Polygon","coordinates":[[[-117.05950687774975,32.811651209442495],[-117.05945966276899,32.811530891126267],[-117.05903763183001,32.811648941434065],[-117.05908676627291,32.811781463140974],[-117.05950687774975,32.811651209442495]]]},"properties":{"OBJECTID":233,"Record_Num":"AWM2013-LCP-00035","Business_N":"LATH HOUSE GARDENS","PRODUCER_L":"7907 DEERFIELD ST, SAN DIEGO CA  92120, APN 456-460-07-00","Area":0,"Shape_Length":370.74855157186431,"Shape_Area":6619.5676698329389}},{"type":"Feature","id":234,"geometry":{"type":"Polygon","coordinates":[[[-117.08424562686687,32.789880010514786],[-117.08427958005655,32.789893115928884],[-117.08437403534529,32.789864855480964],[-117.08436003452613,32.789815420398945],[-117.08446979755539,32.789736575352329],[-117.08449323283622,32.78982976024912],[-117.08453267113424,32.789826636016421],[-117.08453155113425,32.789589474075179],[-117.08424562686687,32.789880010514786]]]},"properties":{"OBJECTID":234,"Record_Num":"AWM2016-LCP-00009","Business_N":"TRUE VINE AQUAPONICS","PRODUCER_L":"6401 GLENROY ST., SAN DIEGO, CA  92120  APN 458-600-03-00","Area":0,"Shape_Length":375.63586976000761,"Shape_Area":2983.6544471505977}},{"type":"Feature","id":235,"geometry":{"type":"Polygon","coordinates":[[[-117.09859030392855,32.75200728921218],[-117.09859181750878,32.751883022933519],[-117.09820079349058,32.751878840395655],[-117.09819860178986,32.752003111327433],[-117.09859030392855,32.75200728921218]]]},"properties":{"OBJECTID":235,"Record_Num":"AWM2010-LCP-00154","Business_N":"INTEGRITY FIRST PROMOTIONS INC","PRODUCER_L":"4129 HIGHLAND AVE #4 SAN DIEGO CA 92105 APN 471-382-11-04","Area":0,"Shape_Length":331.1139379850772,"Shape_Area":5441.5038929885823}},{"type":"Feature","id":236,"geometry":{"type":"Polygon","coordinates":[[[-117.10257667844078,32.748061296988844],[-117.10257615551429,32.747890473538583],[-117.10217974903895,32.747888441073663],[-117.10218620382344,32.748088807770401],[-117.10257477158046,32.74809757536579],[-117.10257667844078,32.748061296988844]]]},"properties":{"OBJECTID":236,"Record_Num":"AWM2010-LCP-00267","Business_N":"INTERNATIONAL RESCUE COMMITTEE","PRODUCER_L":"3800 43RD ST SAN DIEGO CA 92105 APN 471-551-16-00","Area":0,"Shape_Length":389.70099781773843,"Shape_Area":8963.5152293527408}},{"type":"Feature","id":237,"geometry":{"type":"Polygon","coordinates":[[[-116.95537802336466,32.773131422610327],[-116.95537960293545,32.77265157570028],[-116.9553677820613,32.772021784753406],[-116.95505197823242,32.772025879717781],[-116.95505267222268,32.77312870094741],[-116.95537802336466,32.773131422610327]]]},"properties":{"OBJECTID":237,"Record_Num":"AWM2013-LCP-00070","Business_N":"HAMPTON, WAYNE","PRODUCER_L":"10997 SKYWOOD DR, EL CAJON, CA  92020, APN 497-040-05-00","Area":1,"Shape_Length":1002.1253186381166,"Shape_Area":40036.189854734468}},{"type":"Feature","id":238,"geometry":{"type":"Polygon","coordinates":[[[-116.94171796084404,32.768597976256046],[-116.94171568993892,32.768308777753482],[-116.94109294003557,32.768322954947671],[-116.94109592917046,32.768609005102604],[-116.94171796084404,32.768597976256046]]]},"properties":{"OBJECTID":238,"Record_Num":"AWM2014-LCP-00022","Business_N":"MOODY, CHRISTOPHER","PRODUCER_L":"12044 FUERTE DR, EL CAJON, CA  92020  APN 498-200-02-00","Area":0,"Shape_Length":592.0703905329126,"Shape_Area":20026.090672006358}},{"type":"Feature","id":239,"geometry":{"type":"Polygon","coordinates":[[[-116.94194852324976,32.767588766374523],[-116.94190274155385,32.767579328588027],[-116.94206952496796,32.767462879307573],[-116.94195581449685,32.767366557738825],[-116.94188002061831,32.767380725035999],[-116.94172926972253,32.767400656104648],[-116.94172858391998,32.76754342784119],[-116.94173726926698,32.768189270711062],[-116.94209865694052,32.767835287415799],[-116.94210305460747,32.767819992889748],[-116.94195255332171,32.767756705953786],[-116.9419710371082,32.767693998040066],[-116.94192738265046,32.767658360348918],[-116.94194852324976,32.767588766374523]]]},"properties":{"OBJECTID":239,"Record_Num":"AWM2013-LCP-00036","Business_N":"GEROCHE, VINCENT","PRODUCER_L":"11780 SHADOW VALLEY RD, EL CAJON, CA  92020, APN 498-200-06-00","Area":0,"Shape_Length":784.02500567285767,"Shape_Area":20232.072074907148}},{"type":"Feature","id":240,"geometry":{"type":"Polygon","coordinates":[[[-116.9462025631311,32.767598159311305],[-116.94679308475447,32.767426100468455],[-116.94679226660647,32.767208517144709],[-116.9470737811023,32.767041255462196],[-116.94701940868921,32.767021712833433],[-116.94699125814441,32.767004312473823],[-116.94674669492457,32.767159149634701],[-116.9464539606905,32.767164619067714],[-116.94644141941865,32.767178432183911],[-116.94639576479516,32.767232896320714],[-116.94574660093754,32.767416735842858],[-116.9462025631311,32.767598159311305]]]},"properties":{"OBJECTID":240,"Record_Num":"AWM2013-LCP-00056","Business_N":"AUSACHICA NURSERY","PRODUCER_L":"4827 Sunrise Hills Dr, El Cajon, CA  92020, APN 498-300-33-00","Area":1,"Shape_Length":985.84812435963988,"Shape_Area":30964.658543656413}},{"type":"Feature","id":241,"geometry":{"type":"Polygon","coordinates":[[[-116.97029203784021,32.756037016733217],[-116.97016912843284,32.755646457472253],[-116.9692171169428,32.755654873226675],[-116.96923321729599,32.75638198093506],[-116.96963091231245,32.756399703112898],[-116.96967386557004,32.756265846038623],[-116.96977003860628,32.756148856463248],[-116.96983624150533,32.756095982394477],[-116.97010730087993,32.75609630885176],[-116.97016580803248,32.756069246438827],[-116.97029203784021,32.756037016733217]]]},"properties":{"OBJECTID":241,"Record_Num":"AWM2015-LCP-00002","Business_N":"RUBY RANCH & GARDENS, LLC","PRODUCER_L":"4235 ALTA MIRA DR, LA MESA, CA  91941  APN 501-041-10-00","Area":2,"Shape_Length":1101.475641072828,"Shape_Area":65742.84644829249}},{"type":"Feature","id":242,"geometry":{"type":"Polygon","coordinates":[[[-116.98225511566136,32.75880863445429],[-116.98339370587898,32.758820161403747],[-116.98339255042198,32.75850804061119],[-116.98282706514701,32.758352898625816],[-116.98282298028614,32.758382184936863],[-116.98260320551316,32.758328623276249],[-116.98247096414059,32.758563503841948],[-116.98237154741871,32.758581163697329],[-116.9822932156795,32.758531639365152],[-116.98220081113831,32.75852487197556],[-116.98225511566136,32.75880863445429]]]},"properties":{"OBJECTID":242,"Record_Num":"AWM2010-LCP-00034","Business_N":"BOYCE, KATHLEEN & JONATHAN","PRODUCER_L":"4336 POINT VIEW CT LA MESA CA 91941 APN 501-350-06-00","Area":1,"Shape_Length":1016.5226911424413,"Shape_Area":48255.093917494552}},{"type":"Feature","id":243,"geometry":{"type":"Polygon","coordinates":[[[-116.92891845731764,32.815333078459986],[-116.92915800733037,32.815327467041364],[-116.92916061907427,32.815153286717504],[-116.92933354831652,32.815155198392816],[-116.92933750141559,32.815081693968231],[-116.92891039820684,32.815094063098059],[-116.92891845731764,32.815333078459986]]]},"properties":{"OBJECTID":243,"Record_Num":"AWM2013-LCP-00037","Business_N":"DARBY, MILO","PRODUCER_L":"1325 PEERLESS DR, EL CAJON, CA  92021, APN 507-012-01-00","Area":0,"Shape_Length":435.21573906937482,"Shape_Area":7945.2290296582678}},{"type":"Feature","id":244,"geometry":{"type":"Polygon","coordinates":[[[-116.85436879812188,32.808127475089229],[-116.85437201607523,32.806949821049628],[-116.85369807718772,32.807216511695046],[-116.85285735078708,32.808211209830333],[-116.85297757812566,32.808275517051314],[-116.85427206138466,32.808192842020858],[-116.85436879812188,32.808127475089229]]]},"properties":{"OBJECTID":244,"Record_Num":"AWM2012-LCP-00060","Business_N":"OUTBACK FARM","PRODUCER_L":"355 AL BAHR RD EL CAJON CA   92021  APN 510-010-10-00","Area":3,"Shape_Length":1582.5084692453454,"Shape_Area":134701.00805164239}},{"type":"Feature","id":245,"geometry":{"type":"Polygon","coordinates":[[[-116.91197122812967,32.781652654642734],[-116.91144003458311,32.781577220856285],[-116.91173720629973,32.781720330713675],[-116.91184089546653,32.781807954584934],[-116.91182515299296,32.781877895747265],[-116.91179393942362,32.781873482342313],[-116.91175290481105,32.782005400406568],[-116.91163620022542,32.781989993364235],[-116.91160272779283,32.781865345895675],[-116.91139109698034,32.7816391693055],[-116.91123827331897,32.782436461441684],[-116.91130526637021,32.782511685232706],[-116.91177774771401,32.782605349036871],[-116.91197122812967,32.781652654642734]]]},"properties":{"OBJECTID":245,"Record_Num":"AWM2012-LCP-00009","Business_N":"S & J GARDENS","PRODUCER_L":"890 HORN WAY EL CAJON CA 92019 APN 514-340-22-00","Area":1,"Shape_Length":1417.7215805016342,"Shape_Area":50826.815618793458}},{"type":"Feature","id":246,"geometry":{"type":"Polygon","coordinates":[[[-116.93081458429658,32.781068521656543],[-116.93087504693776,32.780910723963537],[-116.93058913591481,32.780840153636937],[-116.93052992131143,32.781071810215707],[-116.93081458429658,32.781068521656543]]]},"properties":{"OBJECTID":246,"Record_Num":"AWM2016-LCP-00028","Business_N":"GREEN PLANET REVOLUTION","PRODUCER_L":"1434 KOALA WAY, EL CAJON, CA  92019  APN 514-431-06-00","Area":0,"Shape_Length":325.63096345389863,"Shape_Area":6437.7242423724256}},{"type":"Feature","id":247,"geometry":{"type":"Polygon","coordinates":[[[-116.91299960911661,32.770912801544846],[-116.91312564571119,32.770910753755487],[-116.91311735858396,32.770754595818779],[-116.91300639479449,32.770750385799751],[-116.91293390988388,32.770756783393928],[-116.91294314808887,32.770850454705609],[-116.91276683652059,32.770856207892372],[-116.91276841516269,32.771255116874713],[-116.9134866454322,32.771256063830499],[-116.91348684530632,32.771093852082977],[-116.91333327871345,32.771098282693416],[-116.91332643990631,32.771134365966745],[-116.91299072778639,32.771125355520802],[-116.91299960911661,32.770912801544846]]]},"properties":{"OBJECTID":247,"Record_Num":"AWM2012-LCP-00054","Business_N":"GEROCHE, VICTOR","PRODUCER_L":"1520 VISTA VEREDA EL CAJON CA 92019 APN 517-111-59-00","Area":0,"Shape_Length":906.71416775003593,"Shape_Area":20619.591958063404}},{"type":"Feature","id":248,"geometry":{"type":"Polygon","coordinates":[[[-116.8708949583819,32.740749654008525],[-116.8708101785525,32.740019158689563],[-116.87005456507741,32.740015133577387],[-116.8701264967365,32.740762909676818],[-116.8706413801972,32.740754028278047],[-116.87061476340492,32.74067124146211],[-116.87057213687693,32.740666760613038],[-116.87048319158136,32.740659381931543],[-116.87048095476297,32.740604613462452],[-116.87037717230527,32.740594179443562],[-116.87030466309719,32.740553850150995],[-116.87032501286093,32.740287673495537],[-116.87058442795488,32.740308280718835],[-116.87059139424881,32.740508584351772],[-116.87063243309822,32.740550637189969],[-116.87065519603853,32.740627214282263],[-116.87067478359745,32.740753452650559],[-116.8708949583819,32.740749654008525]]]},"properties":{"OBJECTID":248,"Record_Num":"AWM2012-LCP-00017","Business_N":"WALTHER, JAMES","PRODUCER_L":"3871 ALTA LOMA CT JAMUL CA 91935 APN 519-140-40-00","Area":1,"Shape_Length":1494.1157496641199,"Shape_Area":51924.946255160823}},{"type":"Feature","id":249,"geometry":{"type":"Polygon","coordinates":[[[-116.86008640920636,32.740966809474131],[-116.85939633910225,32.74124201205921],[-116.85896689734118,32.741845739741485],[-116.8588778505751,32.742032463539424],[-116.85903067717277,32.742185928213274],[-116.85908477198664,32.74217039228072],[-116.85915523349993,32.742170044393227],[-116.85922225969044,32.742195670434199],[-116.85924037890724,32.742203215848939],[-116.85937823697844,32.742020831452244],[-116.85933770915284,32.741908039395319],[-116.85990693805053,32.741662445762692],[-116.86008640920636,32.740966809474131]]]},"properties":{"OBJECTID":249,"Record_Num":"AWM2015-LCP-00036","Business_N":"WILLOUGHBY, LESLIE","PRODUCER_L":"3898 HIDDEN TRAIL DR., JAMUL, CA  91935   APN 519-311-15-00","Area":2,"Shape_Length":1282.444301220225,"Shape_Area":72179.904335533443}},{"type":"Feature","id":250,"geometry":{"type":"Polygon","coordinates":[[[-116.75368068967886,32.768655979378686],[-116.75338426695259,32.766199812451347],[-116.75133448733563,32.766251101020075],[-116.75202617628561,32.76771317159028],[-116.75285205307287,32.767943618482192],[-116.75290145638964,32.768683015842491],[-116.75368068967886,32.768655979378686]]]},"properties":{"OBJECTID":250,"Record_Num":"AWM2010-LCP-00109","Business_N":"HIDDEN HAVEN FARMS","PRODUCER_L":"18540 W BOUNDARY TRUCK TR JAMUL CA 91935 APN 521-120-22-00","Area":9,"Shape_Length":2878.1559642171364,"Shape_Area":391294.135893656}},{"type":"Feature","id":251,"geometry":{"type":"Polygon","coordinates":[[[-116.76436847808905,32.75501184193044],[-116.76362008956856,32.754687757165435],[-116.76289466507343,32.755564438431406],[-116.76289488108011,32.755601543268199],[-116.76289618736035,32.755622276472458],[-116.76426217985782,32.755603993912892],[-116.76426773389802,32.755575593667864],[-116.76427048295768,32.755561539740263],[-116.76436847808905,32.75501184193044]]]},"properties":{"OBJECTID":251,"Record_Num":"AWM2016-LCP-00042","Business_N":"LAGUNA, SHARON  *","PRODUCER_L":"17762 Lawson Valley Rd, Jamul, CA  91935 APN 522-050-72-00","Area":2,"Shape_Length":1306.76337296683,"Shape_Area":99820.061079899184}},{"type":"Feature","id":252,"geometry":{"type":"Polygon","coordinates":[[[-116.6923262414484,32.751811223937715],[-116.69416709070454,32.751819880607982],[-116.69415941797975,32.751193875552872],[-116.6922711502009,32.751185388794966],[-116.69223576909593,32.751336297871482],[-116.69220727012473,32.751508177830146],[-116.69225568759791,32.751704593732178],[-116.6923262414484,32.751811223937715]]]},"properties":{"OBJECTID":252,"Record_Num":"AWM2013-LCP-00041","Business_N":"PAPA'S GARDEN","PRODUCER_L":"3650 CARVEACRE RD, ALPINE, CA  91901, APN 524-160-21-00","Area":3,"Shape_Length":1610.9362013247369,"Shape_Area":134345.31418082214}},{"type":"Feature","id":253,"geometry":{"type":"Polygon","coordinates":[[[-117.13730657649553,32.717427866703332],[-117.13730035720296,32.717428137782981],[-117.13715587645638,32.717428950783514],[-117.13715850731455,32.717802557896327],[-117.13717022275411,32.717803713518968],[-117.13731019472499,32.717802325170581],[-117.13730657649553,32.717427866703332]]]},"properties":{"OBJECTID":253,"Record_Num":"AWM2010-LCP-00008","Business_N":"B STREET GROWERS","PRODUCER_L":"2643 B ST SAN DIEGO CA 92102 APN 534-301-08-00","Area":0,"Shape_Length":365.22778364446708,"Shape_Area":6337.0839499335525}},{"type":"Feature","id":254,"geometry":{"type":"Polygon","coordinates":[[[-117.1383889035762,32.709394348166903],[-117.1383873039353,32.709347596363166],[-117.1383268853639,32.709344930500002],[-117.13832810776209,32.709298158368171],[-117.13823752629609,32.709298810809983],[-117.1382359316832,32.709392587007194],[-117.1383889035762,32.709394348166903]]]},"properties":{"OBJECTID":254,"Record_Num":"AWM2016-LCP-00005","Business_N":"GRANT HILL GARDENS","PRODUCER_L":"2585 J STREET, SAN DIEGO, CA 92102  APN 535-482-03-00","Area":0,"Shape_Length":161.69877124624637,"Shape_Area":1284.8685423776844}},{"type":"Feature","id":255,"geometry":{"type":"Polygon","coordinates":[[[-117.08608044622687,32.665667162857936],[-117.08618581874653,32.665928318161477],[-117.08656679230576,32.665840988135812],[-117.08646211168072,32.665557688163972],[-117.08608044622687,32.665667162857936]]]},"properties":{"OBJECTID":255,"Record_Num":"AWM2016-LCP-00002","Business_N":"DICKINSON FARM  *","PRODUCER_L":"1430 E 24th St., National City, CA  91950  APN 563-040-12-00","Area":0,"Shape_Length":453.90799207761722,"Shape_Area":12781.278269110266}},{"type":"Feature","id":256,"geometry":{"type":"Polygon","coordinates":[[[-116.72207181599757,32.667482384802732],[-116.7220819730091,32.66685058813367],[-116.72207547642488,32.666058530336826],[-116.72137928852416,32.665412259194618],[-116.72049076426812,32.665509176062308],[-116.72041629616105,32.665931268979115],[-116.72085662342764,32.665990663642319],[-116.72082162744572,32.667466171595258],[-116.72207181599757,32.667482384802732]]]},"properties":{"OBJECTID":256,"Record_Num":"AWM2013-LCP-00013","Business_N":"HONEYMOON RANCH","PRODUCER_L":"2094 MOTHER GRUNDY TRUCK TR JAMUL CA 91935 APN 600-131-12-00","Area":6,"Shape_Length":2326.2048654902078,"Shape_Area":279222.13682505232}},{"type":"Feature","id":257,"geometry":{"type":"Polygon","coordinates":[[[-116.31069846111382,32.684362781650897],[-116.31067358464117,32.687569269729423],[-116.3118515252595,32.68727094001234],[-116.31188190632918,32.685537901477566],[-116.31186379763805,32.685461565774276],[-116.31187661329153,32.684427089117349],[-116.31183594613721,32.684366034231083],[-116.31069846111382,32.684362781650897]]]},"properties":{"OBJECTID":257,"Record_Num":"AWM2013-LCP-00015","Business_N":"WOMACH RANCH FARMS","PRODUCER_L":"38730 HI PASS RD BOULEVARD CA 91905 APN 611-080-29-00","Area":9,"Shape_Length":2955.9078859960264,"Shape_Area":403828.05692387139}},{"type":"Feature","id":258,"geometry":{"type":"Polygon","coordinates":[[[-116.29072590704807,32.657199934920001],[-116.29326730007463,32.657223332982873],[-116.29333844885036,32.656082870621056],[-116.29078275578914,32.656078889782414],[-116.29072590704807,32.657199934920001]]]},"properties":{"OBJECTID":258,"Record_Num":"AWM2016-LCP-00016","Business_N":"WRIGHT RANCH","PRODUCER_L":"1942 Jewel Valley Rd, Boulevard, CA 91905","Area":7,"Shape_Length":2392.6954044147856,"Shape_Area":322828.04844905529}},{"type":"Feature","id":259,"geometry":{"type":"Polygon","coordinates":[[[-117.09927773278866,32.559727696645325],[-117.09819160399674,32.559650626213489],[-117.09819019134306,32.559237762651328],[-117.09606297888803,32.559157920663708],[-117.09572721675822,32.559045707010149],[-117.09356975663758,32.558276047937014],[-117.09303235177008,32.55828831798356],[-117.09291131274441,32.558357858532347],[-117.09290082663806,32.561951209318572],[-117.09286933534683,32.562706082564105],[-117.09287100361273,32.5638033104443],[-117.09287145283457,32.56409844175829],[-117.09390522500634,32.564111205712209],[-117.09391717858553,32.564560810212413],[-117.09715461946334,32.564587127505042],[-117.09716230582949,32.56490922315799],[-117.0998069058775,32.564959292753016],[-117.09975050076368,32.564719189643284],[-117.10127154614068,32.564692931159513],[-117.10127500429624,32.564606296032913],[-117.10128676212562,32.562454767034325],[-117.10131956400707,32.561615461196546],[-117.10133396463014,32.560231281382215],[-117.10133556219424,32.560077815687997],[-117.09926885614647,32.560057532285903],[-117.09927773278866,32.559727696645325]]]},"properties":{"OBJECTID":259,"Record_Num":"AWM2013-LCP-00017","Business_N":"BEE SAFE, INC.","PRODUCER_L":"COMPOST FIELD BETWEEN LEON & SUNSET ON SATURN BLVD IMPERIAL BEACH 92154 APN 636-020-68-00","Area":117,"Shape_Length":9680.5198419501994,"Shape_Area":5085906.4557481352}},{"type":"Feature","id":260,"geometry":{"type":"Polygon","coordinates":[[[-117.07585555579067,32.560960706516049],[-117.08398428630299,32.56111204833028],[-117.08401203765452,32.558323302212585],[-117.07590539833789,32.558337869971737],[-117.07585555579067,32.560960706516049]]]},"properties":{"OBJECTID":260,"Record_Num":"AWM2014-LCP-00037","Business_N":"SUZIE'S FARM","PRODUCER_L":"2570 Sunset Ave., San Diego, CA  92154  APN 367-010-67/09/10/11-00","Area":57,"Shape_Length":6972.4113262090468,"Shape_Area":2462849.8909878824}},{"type":"Feature","id":261,"geometry":{"type":"Polygon","coordinates":[[[-117.07977054929817,32.555323047938231],[-117.0797713965997,32.555465108636078],[-117.07976981713021,32.555489079107389],[-117.08381807355732,32.555460582019805],[-117.08381611351786,32.555417072458098],[-117.0838154560183,32.555364694590253],[-117.08379528986264,32.554648325696057],[-117.08379373673628,32.554621972375038],[-117.0837913480958,32.554581442324917],[-117.07995531701455,32.554589308649753],[-117.07980321183649,32.554705312468315],[-117.07977054929817,32.555323047938231]]]},"properties":{"OBJECTID":261,"Record_Num":"AWM2011-LCP-00044","Business_N":"SUZIE'S FARM","PRODUCER_L":"2325 HOLLISTER ST SAN DIEGO CA 92154 APN 637-010-34-00/664-010-43-00","Area":9,"Shape_Length":3098.0554488465959,"Shape_Area":399795.09004541865}},{"type":"Feature","id":262,"geometry":{"type":"Polygon","coordinates":[[[-117.07325378754737,32.563661367495627],[-117.07355546142242,32.563624039203859],[-117.07357868518254,32.563576645006954],[-117.07358071033353,32.563491695846963],[-117.07325507005359,32.563496736658337],[-117.07325378754737,32.563661367495627]]]},"properties":{"OBJECTID":262,"Record_Num":"AWM2014-LCP-00066","Business_N":"ECDAO, FISTO","PRODUCER_L":"1827 DEEP HAVEN LN, SAN DIEGO, CA  92154  APN 637-181-59-00","Area":0,"Shape_Length":303.77817140229769,"Shape_Area":5295.0585799726377}},{"type":"Feature","id":263,"geometry":{"type":"Polygon","coordinates":[[[-116.77533810328363,32.638952745390057],[-116.77487290051435,32.638677020838493],[-116.77465375215418,32.638809650601573],[-116.77455314626336,32.638961815159817],[-116.77447445948565,32.63938586734433],[-116.77429229010194,32.639478256888673],[-116.77402342117993,32.639785736906276],[-116.77417944231121,32.639848058205089],[-116.77406640649612,32.640186367787706],[-116.77417589010508,32.640389171474624],[-116.77439303792552,32.640488450815653],[-116.7746197593525,32.64049034876836],[-116.77473803320956,32.640464078655853],[-116.77484872217407,32.640300419202475],[-116.77490884383157,32.640168467489772],[-116.77497270669006,32.640096621729626],[-116.77508728956907,32.640018833027675],[-116.77520517170777,32.639926716316033],[-116.77527578431861,32.639851978681698],[-116.7753158250363,32.639757330695701],[-116.77532478249154,32.63955688521051],[-116.77533810328363,32.638952745390057]]]},"properties":{"OBJECTID":263,"Record_Num":"AWM2016-LCP-00033","Business_N":"DULZURA VINEYARD & WINERY","PRODUCER_L":"17323 HIGHWAY 94, DULZURA, CA  91917  APN 649-050-14-00","Area":4,"Shape_Length":1739.1855145822349,"Shape_Area":169087.45794590449}},{"type":"Feature","id":264,"geometry":{"type":"Polygon","coordinates":[[[-116.76720081165413,32.623207458107608],[-116.7668354157677,32.622895212680348],[-116.76580549876343,32.622913652322502],[-116.76562855050457,32.623123387958081],[-116.76553670649824,32.623230656169284],[-116.76659099017944,32.623212879475886],[-116.76720081165413,32.623207458107608]]]},"properties":{"OBJECTID":264,"Record_Num":"AWM2012-LCP-00113","Business_N":"HOFSHI, ELI","PRODUCER_L":"1283 CAPRA WAY FALLBROOK CA 92028 APN 105-680-14-00","Area":1,"Shape_Length":1131.5204388813661,"Shape_Area":47289.619123310702}},{"type":"Feature","id":265,"geometry":{"type":"Polygon","coordinates":[[[-116.46625393670921,32.637598352898465],[-116.46660916903862,32.637580551473768],[-116.46684581387794,32.637497110646855],[-116.46710229564319,32.637224680923026],[-116.46705030526076,32.631221222541562],[-116.4670624720742,32.630665794284191],[-116.46688242575756,32.630368367050259],[-116.466652390886,32.630380223402511],[-116.46643251877354,32.630397787308723],[-116.4643686924924,32.630392806408388],[-116.46434676226411,32.631114301433669],[-116.46428803252968,32.631200053043862],[-116.46310231554291,32.63121443483022],[-116.46311779468824,32.637622584785049],[-116.46625393670921,32.637598352898465]]]},"properties":{"OBJECTID":265,"Record_Num":"AWM2016-LCP-00049","Business_N":"EVERGREEN ORGANIC FARM","PRODUCER_L":"31782 & 31806 HWY 94, CAMPO, CA  91906  APN 655-040-12/13-00","Area":71,"Shape_Length":7558.5984793260213,"Shape_Area":3080440.3427162808}},{"type":"Feature","id":266,"geometry":{"type":"Polygon","coordinates":[[[-116.43756713456197,32.625908999460925],[-116.4368620121862,32.625467232514303],[-116.43682631750964,32.629898181001124],[-116.4368275827909,32.630382482475518],[-116.43683098733953,32.630659226108129],[-116.43701983849915,32.630635082285991],[-116.43727087210817,32.630684802483323],[-116.43739258327973,32.630908878857745],[-116.43755607474432,32.630891929616951],[-116.43806918474866,32.630879218854353],[-116.44092294060685,32.631106250156378],[-116.44090908725148,32.629915773004065],[-116.44100072897602,32.625779664326195],[-116.43928657897715,32.625763224168978],[-116.43870076429495,32.626040871487916],[-116.43756713456197,32.625908999460925]]]},"properties":{"OBJECTID":266,"Record_Num":"AWM2016-LCP-00050","Business_N":"EVERGREEN ORGANIC FARM","PRODUCER_L":"32905 HWY 94, CAMPO, CA  91906  APN 655-130-25-00","Area":54,"Shape_Length":6503.6829009701132,"Shape_Area":2347193.838959577}},{"type":"Feature","id":267,"geometry":{"type":"Polygon","coordinates":[[[-117.08426002860641,32.550831127949841],[-117.1015363995276,32.550905801820008],[-117.10150942612309,32.547407406018152],[-117.0929504894288,32.547386148981921],[-117.09294533136953,32.548262260717628],[-117.08840654645579,32.548214810955159],[-117.08842499772628,32.54730997930352],[-117.08426683641562,32.547258066473589],[-117.08426002860641,32.550831127949841]]]},"properties":{"OBJECTID":267,"Record_Num":"AWM2010-LCP-00023","Business_N":"SUZIE'S FARM","PRODUCER_L":"1801 SATURN BLVDSAN DIEGO CA 92154 APN 663-011-12-00","Area":146,"Shape_Length":13863.10900653532,"Shape_Area":6343622.9460705267}},{"type":"Feature","id":268,"geometry":{"type":"Polygon","coordinates":[[[-117.07994263689264,32.554131386467681],[-117.08232749810588,32.554183997473395],[-117.08235306499115,32.554027314305827],[-117.08310584429114,32.554033674329744],[-117.08264180952949,32.553578734706967],[-117.08243882405738,32.553083855606438],[-117.0800222288828,32.553008557026558],[-117.07994263689264,32.554131386467681]]]},"properties":{"OBJECTID":268,"Record_Num":"AWM2013-LCP-00051","Business_N":"WILD WILLOW FARM & EDUCATION CENTER","PRODUCER_L":"2323 HOLISTER ST, SAN DIEGO, CA  92154, APN 664-010-55-00","Area":8,"Shape_Length":2588.5045305684512,"Shape_Area":332614.64252345264}},{"type":"Feature","id":269,"geometry":{"type":"Polygon","coordinates":[[[-117.10354119082035,32.711098045512962],[-117.10339600446085,32.711096286430752],[-117.10339265074991,32.711357800851303],[-117.10353778914256,32.711359628804495],[-117.10354120898488,32.711160504226896],[-117.10354119082035,32.711098045512962]]]},"properties":{"OBJECTID":269,"Record_Num":"AWM2016-LCP-00030","Business_N":"FRESH FARMS ON MARKET","PRODUCER_L":"4261 MARKET ST., SAN DIEGO, CA  92102  APN 760-227-27-00","Area":0,"Shape_Length":279.65507073277172,"Shape_Area":4262.1241921542123}},{"type":"Feature","id":270,"geometry":{"type":"Polygon","coordinates":[[[-117.0721350157373,33.260986094007713],[-117.07274402690216,33.260809519018409],[-117.07270645332216,33.260292150778973],[-117.07266525231429,33.260162637464802],[-117.07168014017165,33.260156948263941],[-117.0721350157373,33.260986094007713]]]},"properties":{"OBJECTID":270,"Record_Num":"AWM2014-LCP-00011","Business_N":"RICK'S SEASONAL PRODUCE","PRODUCER_L":"1397 Willow Glen Rd, Fallbrook, CA  92028, APN 129-250-15-00","Area":2,"Shape_Length":1067.654190593579,"Shape_Area":68878.720730610294}},{"type":"Feature","id":271,"geometry":{"type":"Polygon","coordinates":[[[-117.17051038213646,33.320226798627075],[-117.17015904421531,33.317297766354613],[-117.16992792835443,33.317280233464245],[-117.1697392826579,33.317446248255763],[-117.16948845707978,33.317797489296943],[-117.16922163015089,33.318027047427663],[-117.16917401138511,33.318052804590174],[-117.16903134410141,33.317952502262195],[-117.16890664593754,33.317984440140592],[-117.16881951260859,33.318075743391695],[-117.16885565932948,33.318251492801842],[-117.16866288809764,33.318350948058161],[-117.16840388385127,33.318546429614727],[-117.16849325805701,33.318648234120793],[-117.16850866068755,33.318877006826519],[-117.16813350475188,33.318777462458655],[-117.16796603349754,33.318795400996962],[-117.16765250961242,33.318915041001034],[-117.16725429864898,33.318127872865233],[-117.16720823420425,33.318161295824332],[-117.16608428829807,33.318942581067191],[-117.16574936003825,33.319523362722308],[-117.16592470320469,33.319985863418218],[-117.16574248918671,33.320170433956498],[-117.16670648297551,33.322674106825573],[-117.16817985514412,33.322365478289363],[-117.16867726620245,33.322645229664289],[-117.16920601388216,33.322661357733338],[-117.1690479889196,33.322315898596734],[-117.16820123027152,33.320378509619438],[-117.17053334317301,33.320320469086298],[-117.17051038213646,33.320226798627075]]]},"properties":{"OBJECTID":271,"Record_Num":"AWM2010-LCP-00054","Business_N":"LOERA, BERNARDINO","PRODUCER_L":"NEAR PALA RD/ SAGE RD FALLBROOK CA 92028 APN 125-080-19/090-36-00","Area":37,"Shape_Length":6967.5766494163327,"Shape_Area":1616722.0551949572}},{"type":"Feature","id":272,"geometry":{"type":"Polygon","coordinates":[[[-117.24328032140946,33.28104355964453],[-117.24427054151658,33.281195958599206],[-117.24428326454382,33.281115693940379],[-117.24450764378065,33.280863864450517],[-117.24469327340113,33.281001707915443],[-117.24493018251036,33.280852843646045],[-117.24494082857012,33.280789773291737],[-117.24331788652725,33.280548921808816],[-117.24328032140946,33.28104355964453]]]},"properties":{"OBJECTID":272,"Record_Num":"AWM2012-LCP-00051","Business_N":"LOERA, BERNARDINO","PRODUCER_L":"4474 VALLE DEL SOL BONSALL CA 92003 APN 126-080-47-00","Area":2,"Shape_Length":1324.9226277803091,"Shape_Area":70162.268029670377}},{"type":"Feature","id":273,"geometry":{"type":"Polygon","coordinates":[[[-117.20032635933872,33.274757354280368],[-117.19913106484459,33.274747413398487],[-117.19899111437536,33.275252362923126],[-117.19840245247093,33.275867625420659],[-117.19744198949407,33.276142169125272],[-117.19693689423683,33.275661229841134],[-117.19669068668853,33.275586763270596],[-117.1964866149586,33.275626491841628],[-117.19514495500988,33.278056862690647],[-117.1952776442089,33.278139831688229],[-117.19520264109002,33.281664693318525],[-117.1954601958209,33.281841666300863],[-117.19557517222601,33.281967237019948],[-117.19592173656078,33.281969368507909],[-117.1959188644044,33.282229441165732],[-117.19675382979126,33.282215918939727],[-117.19844167879623,33.28226983625364],[-117.200141131376,33.282607552038897],[-117.20032635933872,33.274757354280368]]]},"properties":{"OBJECTID":273,"Record_Num":"AWM2010-LCP-00258","Business_N":"VALLEY CENTER GROWERS, INC.","PRODUCER_L":"31257 VIA MARIA ELENA BONSALL CA 92003 APN 127-480-70-00","Area":83,"Shape_Length":8358.6367048703032,"Shape_Area":3597198.473192146}},{"type":"Feature","id":274,"geometry":{"type":"Polygon","coordinates":[[[-116.86650861861192,33.008030036149485],[-116.86652749606932,33.008299060876354],[-116.86674511489811,33.008320880115136],[-116.86673797650487,33.008756085919131],[-116.86760103981669,33.008754644472738],[-116.86798575748928,33.00886151614683],[-116.8705374521507,33.008840157945485],[-116.87055231813518,33.008058494409255],[-116.86801051726471,33.008033996318701],[-116.86799266242355,33.007910978363149],[-116.86712602864149,33.00788667378216],[-116.86650861861192,33.008030036149485]]]},"properties":{"OBJECTID":274,"Record_Num":"AWM2014-LCP-00045","Business_N":"EBEN-HAEZER'S HAPPY HENS","PRODUCER_L":"2006 Dye Rd, Ramona, CA  92065  APN 283-062-09-00","Area":8,"Shape_Length":3065.658916475817,"Shape_Area":357343.89423313213}},{"type":"Feature","id":275,"geometry":{"type":"Polygon","coordinates":[[[-117.11241210472703,32.742906407408725],[-117.11209774839348,32.742903448333685],[-117.11210145740982,32.742982745661038],[-117.11240984527502,32.742986036810279],[-117.11241210472703,32.742906407408725]]]},"properties":{"OBJECTID":275,"Record_Num":"AWM2016-LCP-00075","Business_N":"QUANTUM GREENS","PRODUCER_L":"3732 MYRTLE AVE, SAN DIEGO, CA  92105  APN 447-691-26-00","Area":0,"Shape_Length":249.35857798757223,"Shape_Area":2767.959957130236}},{"type":"Feature","id":276,"geometry":{"type":"Polygon","coordinates":[[[-117.25051877078241,33.391220278364294],[-117.25024040422183,33.391213540590599],[-117.25021476329449,33.391257080058395],[-117.25028197689251,33.391285168208668],[-117.25021372250056,33.391404814375349],[-117.25020436058954,33.391541164929329],[-117.25026935201039,33.391733029174553],[-117.25014783366957,33.391850813610034],[-117.24999293368447,33.391675704971362],[-117.24986033655313,33.391421399628207],[-117.24978944903769,33.391202623490763],[-117.24920513145614,33.391188474933848],[-117.24918956972397,33.392096715436637],[-117.25052329218225,33.392092857445306],[-117.25051877078241,33.391220278364294]]]},"properties":{"OBJECTID":276,"Record_Num":"AWM2015-LCP-00054","Business_N":"FEEDBACK ART FARM PRODUCE GROWER INC.","PRODUCER_L":"1046 N. ORANGE AVE., FALLBROOK, CA  92028  APN 103-020-06-00","Area":3,"Shape_Length":1849.170332358563,"Shape_Area":109822.18330295464}},{"type":"Feature","id":277,"geometry":{"type":"Polygon","coordinates":[[[-116.93395636098937,32.554998241326757],[-116.93374896267109,32.554990231907929],[-116.93373629525748,32.555032656914264],[-116.93316869537901,32.555025518432892],[-116.93316523487073,32.555216510939417],[-116.93390037757285,32.555228006516117],[-116.93395241893178,32.555187600821085],[-116.93395636098937,32.554998241326757]]]},"properties":{"OBJECTID":277,"Record_Num":"AWM2016-LCP-00069","Business_N":"URBAN HARVEST, INC.","PRODUCER_L":"2365 Marconi Ct, Ste. F, San Diego, CA 92154 APN 646-160-11-02","Area":0,"Shape_Length":641.55888783796661,"Shape_Area":17792.720894119317}},{"type":"Feature","id":278,"geometry":{"type":"Polygon","coordinates":[[[-117.09141091892781,32.689890449994607],[-117.09140490500401,32.689496826498875],[-117.09122828412303,32.689496599713905],[-117.09123260399494,32.689890234771049],[-117.09141091892781,32.689890449994607]]]},"properties":{"OBJECTID":278,"Record_Num":"AWM2012-LCP-00015","Business_N":"AFRICAN SISTERS PRODUCE","PRODUCER_L":"1732 GAMMA ST NATIONAL CITY CA 91950 APN 552-373-02-00","Area":0,"Shape_Length":395.66607418374269,"Shape_Area":7820.1674162743202}},{"type":"Feature","id":279,"geometry":{"type":"Polygon","coordinates":[[[-116.97945763931217,32.794447544824259],[-116.97989149622792,32.794444980314154],[-116.97982516902375,32.794303713322762],[-116.97975929932146,32.794082611593218],[-116.97974567009452,32.793915495109665],[-116.97975874180268,32.793743878948263],[-116.97986050086027,32.793431661840593],[-116.98007492686085,32.793128824530562],[-116.98018621619075,32.792923938761234],[-116.98022747096952,32.792721376165019],[-116.98023557085828,32.792444570939224],[-116.98021221381541,32.791971360131456],[-116.97866643338692,32.791955681570798],[-116.97867376320045,32.792295381449811],[-116.97934517687362,32.794044964512267],[-116.97945763931217,32.794447544824259]]]},"properties":{"OBJECTID":279,"Record_Num":"AWM2015-LCP-00015","Business_N":"DANIAL, FAHEEMA","PRODUCER_L":"203 Travelodge Dr., El Cajon, CA  92020  ","Area":6,"Shape_Length":2489.5763959063252,"Shape_Area":272359.50287108665}},{"type":"Feature","id":280,"geometry":{"type":"Polygon","coordinates":[[[-117.15448312486001,32.721306945056931],[-117.15406234572771,32.721283784812314],[-117.15401468648696,32.72131515042895],[-117.15413738767205,32.721445473340921],[-117.15402024953943,32.721582326264439],[-117.15431690109328,32.721611167920052],[-117.1544622850684,32.721476493595482],[-117.15448312486001,32.721306945056931]]]},"properties":{"OBJECTID":280,"Record_Num":"AWM2013-LCP-00004","Business_N":"SEEDS @ CITY URBAN FARM","PRODUCER_L":"1400 PARK BLVD (FRONT & BACK OF BLDGS), SAN DIEGO CA 92101 APN 534-440-11-00","Area":0,"Shape_Length":490.53252616016243,"Shape_Area":12552.126491528265}},{"type":"Feature","id":281,"geometry":{"type":"Polygon","coordinates":[[[-117.15253372134337,32.717700276181773],[-117.1524970221368,32.717455932125013],[-117.15231264838911,32.717432819594464],[-117.15226461955946,32.717366458351023],[-117.1519988410513,32.717357283908051],[-117.15200957633787,32.717635174294315],[-117.15253372134337,32.717700276181773]]]},"properties":{"OBJECTID":281,"Record_Num":"AWM2013-LCP-00002","Business_N":"SDCCD; SEEDS@CITY URBAN FARM","PRODUCER_L":"14TH & C ST SAN DIEGO CA 92101 APN 534-203-24-00","Area":0,"Shape_Length":521.18164442764737,"Shape_Area":15308.854370487541}},{"type":"Feature","id":282,"geometry":{"type":"Polygon","coordinates":[[[-117.2973689905314,33.056485729258021],[-117.29676245395432,33.056466999409551],[-117.29689337336451,33.057229372118663],[-117.29726746868583,33.057238137596407],[-117.29728944984366,33.057180690852398],[-117.29744823763296,33.057191276806471],[-117.29743575214931,33.057332149355688],[-117.29757536498931,33.057397772162595],[-117.29775022747741,33.057568074987714],[-117.29792272623975,33.057540370734301],[-117.29797266628316,33.057451670800923],[-117.29794268429487,33.057313544559477],[-117.2978937836473,33.057251925587138],[-117.29782842621408,33.057235777501958],[-117.2973689905314,33.056485729258021]]]},"properties":{"OBJECTID":282,"Record_Num":"AWM2016-LCP-00029","Business_N":"ENCINITAS UNION SCHOOL DISTRICT","PRODUCER_L":"185 Union St., Encinitas, CA  92024  APN 256-301-01-00","Area":2,"Shape_Length":1329.4945183904113,"Shape_Area":77430.670865898661}},{"type":"Feature","id":283,"geometry":{"type":"Polygon","coordinates":[[[-117.27343083245984,33.146085964334773],[-117.27303186480661,33.145922249484322],[-117.27135793819862,33.145869251084321],[-117.27048444158423,33.145871675231369],[-117.27048249864296,33.14570468167873],[-117.27063331074598,33.145016315460481],[-117.27090225370148,33.14403495424456],[-117.27075660301514,33.143913039035908],[-117.27090418893026,33.142947940812853],[-117.2709427790101,33.142852189507103],[-117.27092843751228,33.142594635703453],[-117.27075623905381,33.142419501410423],[-117.27031831410045,33.142318130114653],[-117.26989395395915,33.142407513379261],[-117.26953925773881,33.142634701594865],[-117.26887063239,33.142692689326815],[-117.26879045516463,33.142626544248266],[-117.2684438303021,33.142572132934973],[-117.26820612715426,33.142617031218627],[-117.26795691398314,33.142647708530049],[-117.26767245392173,33.142573697407798],[-117.26731833198025,33.142361878926629],[-117.26715853497501,33.142277300201918],[-117.26653409023152,33.142721419143605],[-117.26566169435414,33.143305946515554],[-117.26556049095585,33.143383123076681],[-117.26549965022613,33.143517229035915],[-117.26540984545387,33.14359908315317],[-117.26508194410484,33.143692431496319],[-117.26464326074823,33.144015726730515],[-117.26363004152854,33.144687283492303],[-117.26232975535095,33.145552043522521],[-117.26231466773491,33.145719175280611],[-117.26295161297443,33.146844862196879],[-117.26221532960324,33.146941539782773],[-117.26186659755189,33.147197286990327],[-117.26187502193696,33.147435802796927],[-117.26188840292355,33.147612245996598],[-117.26200844653927,33.147692384127332],[-117.2623055282663,33.14787605445089],[-117.26250756755969,33.14817979191151],[-117.26270988264375,33.148507385789543],[-117.26252331734759,33.148561398203142],[-117.26229198197896,33.148668265068565],[-117.26226770038885,33.148757167019831],[-117.26235340414087,33.148875131703967],[-117.26248868128603,33.149000676237371],[-117.26261146616764,33.149040423444688],[-117.26795146506306,33.14898699727204],[-117.26798064208293,33.1502831757848],[-117.26948500865488,33.150299820817004],[-117.26950459581712,33.151930434871083],[-117.27014010011129,33.151945055940246],[-117.27016453403762,33.151899810468407],[-117.27244026139894,33.148287974468076],[-117.2725368709129,33.148108715887261],[-117.27277008405969,33.148010266252115],[-117.27359754872653,33.146179067836947],[-117.27353353538034,33.146137605363883],[-117.27343083245984,33.146085964334773]]]},"properties":{"OBJECTID":283,"Record_Num":"AWM2010-LCP-00127","Business_N":"VALDIVIA FARMS","PRODUCER_L":"SUNNY CREEK PROPERTY CARLSBAD 92008 APN 209-070-07-00","Area":156,"Shape_Length":12900.533240267723,"Shape_Area":6785651.5172697371}},{"type":"Feature","id":284,"geometry":{"type":"Polygon","coordinates":[[[-117.01749205805187,33.32039674465959],[-117.02082881039399,33.324980562581175],[-117.02031690517653,33.325234355990588],[-117.01978238526779,33.325190158862],[-117.01928179044606,33.325747536512374],[-117.01853381905597,33.326696136005239],[-117.01758260357568,33.326589914181007],[-117.01744406542223,33.327071612891906],[-117.01761769037104,33.327226664872612],[-117.01808399293986,33.32725241085992],[-117.01866354959859,33.327229739218076],[-117.01968885503395,33.327481049868872],[-117.02120489094392,33.327948793062163],[-117.02119882001696,33.328550037985579],[-117.02077932285076,33.328676699970025],[-117.01999816922114,33.329044178186784],[-117.01981872514541,33.329322036106575],[-117.01904674878033,33.329441333723523],[-117.01821039511233,33.33012692309579],[-117.01799083938961,33.330368762897855],[-117.01780315513841,33.330744961595471],[-117.01751358653455,33.331170458572501],[-117.01719154076387,33.331392890005063],[-117.0169426158772,33.331786642838992],[-117.01677749216117,33.33201383077219],[-117.0162213069253,33.33237226109641],[-117.01582936473547,33.332792658775844],[-117.01589240437904,33.332981221045074],[-117.01558702889035,33.33371253109474],[-117.01639699685104,33.335746252210484],[-117.01672958077815,33.335499826193931],[-117.01689854726705,33.335188915911147],[-117.01743670944683,33.334460389161713],[-117.01775279289909,33.333945979502808],[-117.01798529748116,33.333623898721456],[-117.01820417915155,33.333084046025135],[-117.01916697461465,33.331738533599896],[-117.02143553133988,33.331674841610095],[-117.02164749400133,33.33147503123287],[-117.02187383969574,33.330843789938129],[-117.02213868092151,33.330452790945102],[-117.0226002516591,33.330197986127438],[-117.02284902245513,33.330047568545339],[-117.02318152621611,33.330110391440215],[-117.02361463052529,33.329722158515168],[-117.0241679776581,33.329562206154257],[-117.02431662846635,33.328516215324939],[-117.02276009060451,33.326969471096682],[-117.02431589647414,33.324551691277037],[-117.02779465840497,33.319465828437075],[-117.02911777864524,33.317681425464329],[-117.02824892250872,33.316810319802812],[-117.02799739707687,33.316525172235188],[-117.02260807743224,33.310414872687723],[-117.02059041079102,33.311028617874875],[-117.01667850543092,33.312083474765458],[-117.0168776481141,33.312759796752182],[-117.01489815206926,33.313850362169127],[-117.01078951972117,33.316023230918312],[-117.0106568142419,33.31658391528088],[-117.01060105913743,33.317492747405865],[-117.01046007815911,33.31815059116515],[-117.01749205805187,33.32039674465959]]]},"properties":{"OBJECTID":284,"Record_Num":"AWM2010-LCP-00273","Business_N":"ATTN: DON FREEBURG, SIERRA DEL ORO","PRODUCER_L":"15133 OLD COLE GRADE PAUMA VALLEY 92064 APN 130-070-10/030-01/040-04/080-39","Area":473,"Shape_Length":27775.1131924523,"Shape_Area":20592213.505146857}},{"type":"Feature","id":285,"geometry":{"type":"Polygon","coordinates":[[[-117.02742710347096,33.334808744016101],[-117.02748587487548,33.335281707341061],[-117.02741617065529,33.335625689334655],[-117.02754559642101,33.335861544338883],[-117.02779298265811,33.336066123827784],[-117.02862222174588,33.336244152946151],[-117.02969184714198,33.336296730821793],[-117.03017917215517,33.336432877268741],[-117.03099046847058,33.335618536576611],[-117.03309042356375,33.335506068424841],[-117.03331744549544,33.335466464608317],[-117.03337188287877,33.334435481838199],[-117.03340142765923,33.333671858885488],[-117.03329804915614,33.332283054868],[-117.03304724684054,33.33169679021092],[-117.02325317586481,33.331796320943056],[-117.02324974780674,33.332437628668004],[-117.02357983855281,33.332740948496415],[-117.02395216334025,33.332677553667267],[-117.02368284526182,33.333076218932362],[-117.02364781739165,33.333229124711124],[-117.02365165628808,33.333303344551275],[-117.02426131183626,33.333594423416002],[-117.02455203967841,33.334073575749983],[-117.02475510289308,33.334281299633176],[-117.02501879502933,33.334402759376935],[-117.02533649653959,33.334460897161271],[-117.02594760025777,33.334485585471036],[-117.0265618104746,33.334624868492668],[-117.02690335030539,33.334617153949601],[-117.02725821199007,33.334663703863342],[-117.02742710347096,33.334808744016101]]]},"properties":{"OBJECTID":285,"Record_Num":"AWM2012-LCP-00082","Business_N":"HERITAGE FAMILY FARMS","PRODUCER_L":"33734 PAUMA RIDGE RD PAUMA VALLEY CA 92061 APN 130-010-38/39/40/41-00","Area":88,"Shape_Length":8841.2008139969876,"Shape_Area":3833808.2042797175}},{"type":"Feature","id":286,"geometry":{"type":"Polygon","coordinates":[[[-117.09852583204398,33.313773397237348],[-117.09850549788037,33.31362150279481],[-117.09845215934571,33.313528141553483],[-117.09831378064297,33.313407025245461],[-117.09813506382241,33.312973108596694],[-117.09812569150391,33.312956703909215],[-117.09804077228277,33.31291456028552],[-117.0978304890223,33.312795754100726],[-117.0976827785517,33.312565821093486],[-117.09754659989041,33.312352986639496],[-117.09742178766993,33.312140073565388],[-117.09726982925982,33.311940707017484],[-117.09716225836173,33.311865096454618],[-117.09682121651637,33.311623120670447],[-117.09666210914536,33.311389447250768],[-117.09655005253725,33.311084833307333],[-117.09637758467879,33.310879879665009],[-117.09606642988194,33.310672052982198],[-117.09591591949835,33.310386786796649],[-117.0958281272095,33.310240422572953],[-117.09570772025201,33.310012209212047],[-117.09569277560826,33.309861452473037],[-117.09567478035798,33.309837796217707],[-117.09556538604936,33.309690624014209],[-117.09536617960278,33.309658579460553],[-117.09526974081199,33.309675936406848],[-117.09521661024843,33.30976457117702],[-117.09540569541835,33.309925515694935],[-117.09545722103388,33.310259171899965],[-117.09545181410363,33.310523073139073],[-117.09534199793815,33.310920811692938],[-117.09555395183835,33.311213293990917],[-117.09573922118568,33.311567033604192],[-117.09588565244849,33.311665283936549],[-117.09594977636371,33.311714470524144],[-117.09588376119883,33.311940135821104],[-117.09592578295489,33.312054366717263],[-117.09617303921083,33.312235908112086],[-117.09568919325555,33.31250640933083],[-117.0953224129953,33.312188260288451],[-117.09509533212457,33.31221270913845],[-117.0954068720517,33.314990475988353],[-117.09520445693144,33.316098845645328],[-117.09577938893214,33.316195132947151],[-117.09552203415485,33.316616778348276],[-117.09543484212867,33.317003864904414],[-117.09506600764564,33.317063633397119],[-117.09468857075795,33.317409750561495],[-117.09542166318845,33.317404762052121],[-117.09597907119908,33.317451067401635],[-117.09634685846949,33.317870840178088],[-117.09674581947019,33.317693960441176],[-117.09702356723595,33.317618107850286],[-117.09736317824347,33.317475031742347],[-117.09769197826022,33.317389285673343],[-117.09802632113127,33.31728918725824],[-117.09822538302681,33.317304528193525],[-117.09847861850423,33.31733858411868],[-117.09886473452362,33.317595993652105],[-117.09923659942855,33.317848726736173],[-117.09961338567305,33.318022695624911],[-117.0998194529087,33.318173974497093],[-117.09988628874096,33.318326205947912],[-117.09991722150539,33.318292593402759],[-117.09996253015194,33.316813112917302],[-117.09972012268939,33.316430664623667],[-117.0997429622347,33.316148988738412],[-117.09964464163173,33.315973115345685],[-117.09934744682475,33.315800988125275],[-117.09926608203428,33.315615454842906],[-117.09928666096964,33.315393438487945],[-117.09919046520066,33.315143591652827],[-117.09902360715702,33.31493240054413],[-117.09881030203961,33.314678582207364],[-117.09854410919357,33.314420830992354],[-117.09843802442865,33.314171101625824],[-117.09843746749324,33.314119732727946],[-117.09848241701282,33.313919288205454],[-117.09851891270976,33.313823273507978],[-117.09852583204398,33.313773397237348]]]},"properties":{"OBJECTID":286,"Record_Num":"AWM2016-LCP-00058","Business_N":"SAN GABRIEL RANCH","PRODUCER_L":"10833 SAN GABRIEL WAY, VALLEY CNTR, CA  92082  APN 128-430-03/04/24-00, 128-500-18-00","Area":55,"Shape_Length":9225.5832376442158,"Shape_Area":2410926.5324377432}},{"type":"Feature","id":287,"geometry":{"type":"Polygon","coordinates":[[[-117.04509659736635,33.307379531867234],[-117.04326855556941,33.3065695713547],[-117.04288330261815,33.307324974759197],[-117.04458161727543,33.308115731741388],[-117.04509659736635,33.307379531867234]]]},"properties":{"OBJECTID":287,"Record_Num":"AWM2011-LCP-00025","Business_N":"SERRATO FARMS","PRODUCER_L":"36437 CARNEY RD VALELY CENTER CA 92082 APN 128-212-26-00","Area":4,"Shape_Length":1834.4724753757996,"Shape_Area":186232.04296526956}},{"type":"Feature","id":288,"geometry":{"type":"Polygon","coordinates":[[[-117.05196598871932,33.311379794569746],[-117.05199306082655,33.310459173504235],[-117.04781172873301,33.310400398069376],[-117.04780673498232,33.311313423556406],[-117.05034481627331,33.311354543848836],[-117.05035524077532,33.311003431426698],[-117.05158752023038,33.311029837703515],[-117.05159312910735,33.31137474946776],[-117.05196598871932,33.311379794569746]]]},"properties":{"OBJECTID":288,"Record_Num":"AWM2011-LCP-00026","Business_N":"SERRATO FARMS","PRODUCER_L":"36275 MUUTANA RD VALLEY CENTER CA 92082 APN 128-211-23-00","Area":9,"Shape_Length":3464.3060351782897,"Shape_Area":377354.93640468514}},{"type":"Feature","id":289,"geometry":{"type":"Polygon","coordinates":[[[-117.23056427195822,33.240349085253165],[-117.23055525956659,33.239543814800697],[-117.22910304236804,33.23967349808683],[-117.22850418158878,33.239848157379775],[-117.22849910015181,33.240705258117252],[-117.2294604340198,33.240707524294066],[-117.22946204287575,33.240589296729524],[-117.22991901729705,33.240568448452038],[-117.23056427195822,33.240349085253165]]]},"properties":{"OBJECTID":289,"Record_Num":"AWM2009-LCP-00047","Business_N":"RODNEY'S RANCH","PRODUCER_L":"961 MASON RD VISTA CA 92084 APN 171-350-07-00","Area":5,"Shape_Length":1934.9412497488415,"Shape_Area":217085.37722931878}},{"type":"Feature","id":290,"geometry":{"type":"Polygon","coordinates":[[[-117.07588860204757,32.614698852187779],[-117.07602135160438,32.615003349840208],[-117.07615459425726,32.614974971582754],[-117.07620819862134,32.615112036010011],[-117.07625168169464,32.615131594200619],[-117.07642836468499,32.615118194214162],[-117.07622500087287,32.614594292334317],[-117.07588860204757,32.614698852187779]]]},"properties":{"OBJECTID":290,"Record_Num":"AWM2016-LCP-00053","Business_N":"VEGETABLES FRIUTS AND MORE","PRODUCER_L":"445 Moss St, Chula Vista, CA 91911 APN 618-191-06-00","Area":0,"Shape_Length":593.72234213459456,"Shape_Area":17547.383483878366}},{"type":"Feature","id":291,"geometry":{"type":"Polygon","coordinates":[[[-117.08148520787036,32.743611822142611],[-117.08136405593936,32.743458035875513],[-117.08061627106905,32.7439135206983],[-117.07971707059171,32.74411998225824],[-117.07968959855788,32.745040150970311],[-117.07983872513928,32.745046782110457],[-117.08010375211229,32.744649902480788],[-117.08059445086742,32.744234325994213],[-117.08081386403668,32.74403052781846],[-117.08148520787036,32.743611822142611]]]},"properties":{"OBJECTID":291,"Record_Num":"AWM2013-LCP-00014","Business_N":"KOLEE, JOSEPH B.","PRODUCER_L":"5326 1/2 CHOLLAS PKWY, PLOT 33B & 81, SAN DIEGO CA 92105 (NO APN)","Area":2,"Shape_Length":1754.2299012461924,"Shape_Area":85777.873062614512}},{"type":"Feature","id":292,"geometry":{"type":"Polygon","coordinates":[[[-117.11315869804667,33.385747595153468],[-117.11281022165925,33.385502318894503],[-117.11278532271729,33.385456848049564],[-117.11278970409171,33.385357942492327],[-117.11285716079874,33.385277313677747],[-117.11292895060181,33.385261238499922],[-117.11299288465132,33.385271550871217],[-117.11340210204703,33.385514011578806],[-117.11357974350641,33.385532817502643],[-117.11377777450329,33.385542892841059],[-117.11395115652303,33.385475841577467],[-117.11398775950461,33.385381111339086],[-117.11388157590218,33.385201061798938],[-117.11363461960308,33.384685054799036],[-117.11354311785169,33.384588321272439],[-117.11349991510956,33.384573941882529],[-117.11331121862543,33.384477356855243],[-117.11309082353979,33.384333357936676],[-117.11270930570906,33.383999618485937],[-117.11250879463014,33.383853094630453],[-117.11230591081411,33.383754301813866],[-117.11202582793695,33.383613100110686],[-117.11171862661473,33.383605687886181],[-117.10979683359244,33.383378038559968],[-117.10978553133373,33.383828806371675],[-117.10975406777679,33.384658503981697],[-117.10960048412366,33.384656703460642],[-117.10948321693616,33.384877955835314],[-117.10956905366915,33.385320778640377],[-117.10959566101927,33.385374349029107],[-117.11219629807863,33.385312285300252],[-117.11279207811509,33.385569303578123],[-117.11315869804667,33.385747595153468]]]},"properties":{"OBJECTID":292,"Record_Num":"AWM2015-LCP-00008","Business_N":"RESENDIZ BROTHERS PROTEA GROWERS LLC","PRODUCER_L":"10096 Gomez Creek, Fallbrook, CA  92028  APN 110-310-06-00","Area":17,"Shape_Length":4141.9499708955354,"Shape_Area":727894.57366566523}},{"type":"Feature","id":293,"geometry":{"type":"Polygon","coordinates":[[[-117.14241506410248,33.421261548710696],[-117.14328914587206,33.421270541144033],[-117.14328629696331,33.42010060251156],[-117.14239664646392,33.420126076251137],[-117.14241506410248,33.421261548710696]]]},"properties":{"OBJECTID":293,"Record_Num":"AWM2015-LCP-00009","Business_N":"RESENDIZ BROTHERS PROTEA GROWERS LLC","PRODUCER_L":"5505 Rainbow Creek Rd, Fallbrook, CA  92028  APN 102-240-13-00","Area":3,"Shape_Length":1377.2444989335909,"Shape_Area":112871.14646602343}},{"type":"Feature","id":294,"geometry":{"type":"Polygon","coordinates":[[[-117.15736642639199,33.278157144344135],[-117.15573543451289,33.27818088909423],[-117.15555828288431,33.278628800245869],[-117.15538919719177,33.278538419757432],[-117.15488055449396,33.278572666961978],[-117.15446433343429,33.27875511125464],[-117.15353695380219,33.279609295187718],[-117.1532976117432,33.281519662925113],[-117.15312104858704,33.281585840145745],[-117.15310393406165,33.281689031126575],[-117.15730200395504,33.281638564405803],[-117.157308231123,33.278955375392236],[-117.15736642639199,33.278157144344135]]]},"properties":{"OBJECTID":294,"Record_Num":"AWM2010-LCP-00200","Business_N":"HILLSIDE FLOWER GROWER","PRODUCER_L":"00000 AQUADUCT RD BONSALL CA 92003 APN 127-221-10-00","Area":31,"Shape_Length":4797.9482135053477,"Shape_Area":1336975.4016456746}},{"type":"Feature","id":295,"geometry":{"type":"Polygon","coordinates":[[[-117.11206031738828,33.274029306698623],[-117.1114083813617,33.274045725433453],[-117.11143019182401,33.274189539110836],[-117.11152503989155,33.27430339785225],[-117.11154949717056,33.274479775482675],[-117.11145169040901,33.274642687075954],[-117.11113353498527,33.274637737873647],[-117.11113339514104,33.274334744833574],[-117.11090748148068,33.27446752951699],[-117.11073299607526,33.274342293871356],[-117.11080050047829,33.274275024450397],[-117.11122620204515,33.274241056300085],[-117.11133076736284,33.27418784316319],[-117.11132076710899,33.274047931266509],[-117.11099311030337,33.27405618194242],[-117.11046278517247,33.274056423937033],[-117.11048195491051,33.274866328525405],[-117.11217854658436,33.274867897180769],[-117.11206376517548,33.274102573658034],[-117.11206031738828,33.274029306698623]]]},"properties":{"OBJECTID":295,"Record_Num":"AWM2014-LCP-00031","Business_N":"RFB FAMILY FARM","PRODUCER_L":"10110 W LILAC RD ESCONDIDO CA 92026 ","Area":3,"Shape_Length":2429.5747683103905,"Shape_Area":124577.87885267321}},{"type":"Feature","id":296,"geometry":{"type":"Polygon","coordinates":[[[-117.02028228454725,33.241506530446784],[-117.01956360372314,33.241606038893742],[-117.01950783724502,33.243040709703855],[-117.01996776863059,33.243167642724217],[-117.0199117923522,33.243259603455797],[-117.02010672702204,33.243472158613258],[-117.02015898317167,33.24347374318662],[-117.020413994885,33.243027452813578],[-117.02028228454725,33.241506530446784]]]},"properties":{"OBJECTID":296,"Record_Num":"AWM2015-LCP-00046","Business_N":"PEADS AND BARNETT LLC","PRODUCER_L":"14364 FRUITVALE RD, VALLEY CENTER, CA  92082  APN 188-130-57-00","Area":3,"Shape_Length":1779.2150294005201,"Shape_Area":152160.58048369049}},{"type":"Feature","id":297,"geometry":{"type":"Polygon","coordinates":[[[-117.27614369328596,33.044125713220353],[-117.27544749275096,33.044125373717982],[-117.27543755410441,33.044516357607911],[-117.27543646368927,33.044526495029906],[-117.27613393614232,33.044531964019434],[-117.27614369328596,33.044125713220353]]]},"properties":{"OBJECTID":297,"Record_Num":"AWM2016-LCP-00048","Business_N":"JESSI FOLIAGE AND PLANTS","PRODUCER_L":"748 Requeza St, Encinitas, CA 92024 APN 258-141-36-00","Area":1,"Shape_Length":720.92756420761214,"Shape_Area":31350.060166741045}},{"type":"Feature","id":298,"geometry":{"type":"Polygon","coordinates":[[[-116.86692509945264,33.055728347363598],[-116.86694117983419,33.055724903839938],[-116.86692775050973,33.054974876875796],[-116.86691359637659,33.054972346854008],[-116.86634696343799,33.054970397010912],[-116.86633833077966,33.056223204146143],[-116.86498575635933,33.056218652925764],[-116.86498022581829,33.056703593164599],[-116.86693991435251,33.056701916169587],[-116.86695899995149,33.056700509073131],[-116.8669481693323,33.056320362829958],[-116.86693411098146,33.05632052305134],[-116.86677003515911,33.056322395496281],[-116.86675292814851,33.056403788395698],[-116.86662957520065,33.056460516541172],[-116.86657102087949,33.056449356357341],[-116.86654790417599,33.056255936283257],[-116.86651052263174,33.055774001307313],[-116.86656326719894,33.055732512230023],[-116.86692509945264,33.055728347363598]]]},"properties":{"OBJECTID":298,"Record_Num":"AWM2011-LCP-00016","Business_N":"R & L FARMS","PRODUCER_L":"731 OAK ST RAMONA CA 92065 APN 280-087-15-00","Area":4,"Shape_Length":2773.0289589632898,"Shape_Area":158996.94471405042}},{"type":"Feature","id":299,"geometry":{"type":"Polygon","coordinates":[[[-117.10042234802383,32.75029169826383],[-117.10042270536454,32.750422249422115],[-117.10083394884398,32.750439264159091],[-117.10083348031088,32.750297261692154],[-117.10042234802383,32.75029169826383]]]},"properties":{"OBJECTID":299,"Record_Num":"AWM2016-LCP-00018","Business_N":"SOMCHAY-LORENZ, SONY","PRODUCER_L":"4035 Fairmount Ave, San Diego, CA  92105  APN 471-461-07-00","Area":0,"Shape_Length":352.1888355962185,"Shape_Area":6268.1944945203413}},{"type":"Feature","id":300,"geometry":{"type":"Polygon","coordinates":[[[-117.10083315727049,32.750076620358122],[-117.10083215029321,32.750065938100164],[-117.10058366216151,32.750064031833993],[-117.10054029069505,32.750061842931217],[-117.10042515062393,32.75005725683603],[-117.10042199911398,32.750161909918049],[-117.1004227454973,32.750175006124223],[-117.10083163226923,32.75018069865142],[-117.10083315727049,32.750076620358122]]]},"properties":{"OBJECTID":300,"Record_Num":"AWM2010-LCP-00266","Business_N":"INTERNATIONAL RESCUE COMMITTEE","PRODUCER_L":"4021 FAIRMOUNT AVE SAN DIEGO CA 92105 APN 471-461-07-00","Area":0,"Shape_Length":335.57282314000281,"Shape_Area":5245.8633940901391}},{"type":"Feature","id":301,"geometry":{"type":"Polygon","coordinates":[[[-116.49731613363971,32.593360488657751],[-116.49725549576155,32.593369419157312],[-116.49391342025227,32.593523780465084],[-116.49351045500572,32.593913256744003],[-116.49403608254795,32.594712893279926],[-116.4933282202005,32.595848233545077],[-116.49302223054858,32.596212868537407],[-116.49302849474853,32.596850332671615],[-116.49732119765473,32.596776894913262],[-116.4973210479063,32.596723453865046],[-116.49731613363971,32.593360488657751]]]},"properties":{"OBJECTID":301,"Record_Num":"AWM2014-LCP-00009","Business_N":"CAMPO CREEK RANCH","PRODUCER_L":"30496 Highway 94, Campo, CA  91906, APN 656-070-11-00","Area":33,"Shape_Length":4998.511593552701,"Shape_Area":1426246.4939699091}},{"type":"Feature","id":302,"geometry":{"type":"Polygon","coordinates":[[[-117.07263690434053,33.315761784554887],[-117.07262686446185,33.315567349731637],[-117.07262271418934,33.315486960856752],[-117.06844995761404,33.315463029717961],[-117.06854186760863,33.312074126137752],[-117.06856696471615,33.311832975740273],[-117.06506749851916,33.311873143898815],[-117.06449804294206,33.31183587278074],[-117.06450580050843,33.311043656235135],[-117.06453839890392,33.308233118418592],[-117.06261333578952,33.308248822363993],[-117.06048673538045,33.308240543710191],[-117.06055514756375,33.305209006578714],[-117.06061344039706,33.301370324349556],[-117.06061318431057,33.301298476620062],[-117.06061290948513,33.301221589400846],[-117.0579034035614,33.301201823131755],[-117.05783609256308,33.301192752648845],[-117.05771570970445,33.301176531542943],[-117.05598947010832,33.298392387446142],[-117.05539127073715,33.298428795458719],[-117.05500831165874,33.293812787864539],[-117.05499150996472,33.293106760076064],[-117.05510377006622,33.292728826515336],[-117.05515711655565,33.291115706853489],[-117.05510326586435,33.289584397401867],[-117.05508560968813,33.288281887285436],[-117.05499153602504,33.286082824566449],[-117.05492053762029,33.285157609636187],[-117.05486885102107,33.281388439587985],[-117.05485748418725,33.279409920011929],[-117.05241786752714,33.279998297275036],[-117.05243820878427,33.279242355576827],[-117.05052923508049,33.279216509464227],[-117.05051252802807,33.281366221634386],[-117.05048604058508,33.29313563546625],[-117.05225698660631,33.301138918550173],[-117.05216396178882,33.308095902940742],[-117.05232757676086,33.308091840504538],[-117.05469795777546,33.308093440410993],[-117.05467930576526,33.308266734656762],[-117.05454624935103,33.311146610224732],[-117.0541363508154,33.311047078328542],[-117.05388170159453,33.31084259758024],[-117.05382895500685,33.310605628716985],[-117.05322220318054,33.311601191299253],[-117.05310968200934,33.311727553812894],[-117.05634719014554,33.311744497957875],[-117.05661596111037,33.312091727464505],[-117.05687011707707,33.31253720409741],[-117.05782478538892,33.314008255082612],[-117.06018591104362,33.315647631201387],[-117.06266101583306,33.315597103964869],[-117.06315441884796,33.318055969972633],[-117.06423579036417,33.319199771670711],[-117.06851046181275,33.319039978242316],[-117.06837653150032,33.322951584220554],[-117.07253646278704,33.322901199554963],[-117.07263690434053,33.315761784554887]]]},"properties":{"OBJECTID":302,"Record_Num":"AWM2016-LCP-00054","Business_N":"Nick Stehly Farms","PRODUCER_L":"13268 McNally Rd, Valley Center, CA 92082 APN 128-200-24/28/39-00, 128/140/01/02-00","Area":717,"Shape_Length":44713.42482359126,"Shape_Area":31216827.410195049}},{"type":"Feature","id":303,"geometry":{"type":"Polygon","coordinates":[[[-117.04747151237765,33.309127841489143],[-117.04753671134682,33.308799143589134],[-117.04734740894759,33.308479713900269],[-117.04730229356814,33.30832025752845],[-117.04774419397194,33.308120257241576],[-117.04779016798165,33.307248099075736],[-117.04779488927711,33.307198076683875],[-117.04754176145727,33.307360606628166],[-117.04598655005765,33.308279831167269],[-117.04525739030942,33.308111396623275],[-117.04508714404626,33.308387325836534],[-117.04507755036279,33.30840723638201],[-117.04627503572995,33.309510751239301],[-117.04732232594415,33.309172426444732],[-117.04747151237765,33.309127841489143]]]},"properties":{"OBJECTID":303,"Record_Num":"AWM2011-LCP-00031","Business_N":"SERRATO FARMS","PRODUCER_L":"36588 CARNEY RD VALLEY CENTER CA 92082 APN 128-211-05-00","Area":8,"Shape_Length":2764.7627826009998,"Shape_Area":333608.67754952813}},{"type":"Feature","id":304,"geometry":{"type":"Polygon","coordinates":[[[-117.06982478201024,33.311894386697709],[-117.07033622670177,33.312135310538451],[-117.07016268087956,33.313022049768712],[-117.06944961466779,33.313584068722534],[-117.06938102153127,33.314027317674451],[-117.06952914252903,33.314308813290594],[-117.0698561079148,33.314268483382719],[-117.07055808198038,33.31349277107298],[-117.07103503025783,33.313932414985452],[-117.07098534506926,33.314451883227797],[-117.07145829017286,33.314464024115942],[-117.07185559202074,33.314167311959736],[-117.07205430726091,33.314146910367796],[-117.07218601674167,33.31425339761126],[-117.07231965483874,33.314565046738466],[-117.07287540085549,33.314740296205791],[-117.07296616767357,33.314722995222205],[-117.07307040085401,33.314626873816728],[-117.07323293420514,33.314384834942715],[-117.07345059564582,33.314264104009929],[-117.07380197987176,33.314161571967261],[-117.07410424046707,33.314274082463974],[-117.07439209309938,33.314365216575347],[-117.07482181178513,33.314433935618759],[-117.0749971800638,33.314649875027953],[-117.07484349041434,33.314925257390904],[-117.07467137958596,33.315055230970977],[-117.07462135859551,33.315174850944999],[-117.07466503597135,33.315286691907801],[-117.07489928831822,33.315418738387969],[-117.07516097539349,33.315432218738451],[-117.07528184361502,33.315382198912225],[-117.075458542319,33.3155993857876],[-117.07556662192383,33.315612478678212],[-117.07560417514266,33.315624721183774],[-117.07589794281478,33.315598149558532],[-117.07598075074723,33.315747487635839],[-117.07610020527422,33.31578643010765],[-117.07700698262039,33.315651461391511],[-117.0770263888283,33.315647764122978],[-117.07707487003967,33.31563852792943],[-117.07704464027346,33.309496714791024],[-117.07715833661484,33.308930370427092],[-117.07712982922507,33.308511430346336],[-117.07712247071483,33.308165639697918],[-117.07752861570556,33.307534926164955],[-117.07744899185963,33.307287338123196],[-117.07729227034157,33.307059349139024],[-117.0772085710415,33.306861411459799],[-117.07724731887539,33.306632120970711],[-117.0771570551789,33.306220463139994],[-117.07701152311594,33.30623670013599],[-117.0770110224293,33.304717453171982],[-117.07686308334486,33.304616487435446],[-117.07475552946703,33.30468299053652],[-117.0685563412101,33.304719240575885],[-117.06842708022836,33.304872781417927],[-117.06728713108723,33.306936812475506],[-117.06502741493519,33.308244745345355],[-117.06468191278971,33.308245103714547],[-117.06464549183504,33.311659357976069],[-117.06756771155239,33.311706121374108],[-117.0678932689255,33.311479596486713],[-117.06875665454872,33.311435735113754],[-117.06982478201024,33.311894386697709]]]},"properties":{"OBJECTID":304,"Record_Num":"AWM2010-LCP-00132","Business_N":"STEHLY FARMS ORGANICS","PRODUCER_L":"12630 SANTA CATALINA RD VALLEY CENTER CA 92082 APN 128-200-[10/8/33/34/35/36]-00 & 128-201-01-00","Area":253,"Shape_Length":15987.113567864737,"Shape_Area":11031347.036745293}},{"type":"Feature","id":305,"geometry":{"type":"Polygon","coordinates":[[[-117.17163517275006,33.38854683765917],[-117.17183758445886,33.388755282222881],[-117.17133583856494,33.389050372395353],[-117.17140353029524,33.390055772692513],[-117.17131562482194,33.390350348544466],[-117.17115678708574,33.39082294807308],[-117.17098814368474,33.391228820538011],[-117.17092518058342,33.391515575647119],[-117.17255660543326,33.391522563353789],[-117.17287106714768,33.390705259351151],[-117.17289067660175,33.390623044031528],[-117.17290050081834,33.390476008967561],[-117.17289375608975,33.390268022311403],[-117.17261491413744,33.388853914659265],[-117.17240370500527,33.3878114805133],[-117.17223554257082,33.386967220635931],[-117.1719141843289,33.385402647098353],[-117.17179442326002,33.385048536257713],[-117.17155900484141,33.38472963851698],[-117.17149836702706,33.38480452325426],[-117.17128197961539,33.384650576562287],[-117.17134264997371,33.384535611237233],[-117.17107919983891,33.384406252504355],[-117.17078329872268,33.384306143955186],[-117.16988264966282,33.383986061756566],[-117.16984023764645,33.386183552122588],[-117.16974944935122,33.38931966452904],[-117.16977012804396,33.389382113589107],[-117.17073832504845,33.389370364311588],[-117.17071160706517,33.389252992719335],[-117.17080858530041,33.389128596670368],[-117.17082286427892,33.38842842978525],[-117.17084860690841,33.388374659336833],[-117.17103252543816,33.388356628682864],[-117.17108188347399,33.388722713375373],[-117.17135452157633,33.388686337949999],[-117.17136233350783,33.388546006678339],[-117.17132772689216,33.388518580223398],[-117.17136600027678,33.38848012407059],[-117.17163517275006,33.38854683765917]]]},"properties":{"OBJECTID":305,"Record_Num":"AWM2015-LCP-00003","Business_N":"FRULLA, INC","PRODUCER_L":"** is address 4103 NE Mission Rd, Fallbrook, CA  92028  APN 108-370-20/108-350-13-00","Area":37,"Shape_Length":7971.6231418112793,"Shape_Area":1632466.487916813}},{"type":"Feature","id":306,"geometry":{"type":"Polygon","coordinates":[[[-117.03382510356145,33.277665297543969],[-117.03383218875142,33.277623921435762],[-117.03353845395,33.277625775918196],[-117.03353666039089,33.277591969764643],[-117.03353344304574,33.277565687392332],[-117.03352706332787,33.277519386432068],[-117.0335205053991,33.277453045341488],[-117.03353301874125,33.27718493418061],[-117.03377456563112,33.277183409237963],[-117.03377406125082,33.277127050560949],[-117.03394254852239,33.277125986582625],[-117.03394220099165,33.277087162337601],[-117.03268224354353,33.27709135589118],[-117.03267995956783,33.277670018435153],[-117.03382510356145,33.277665297543969]]]},"properties":{"OBJECTID":306,"Record_Num":"AWM2021-LCP-00095","Business_N":"NOLKEMPER , TRAVIS","PRODUCER_L":"13736 CRYSTALLITE LN, VALLEY CENTER, CA 92082","Area":1,"Shape_Length":1371.3039349446653,"Shape_Area":59198.399455180937}},{"type":"Feature","id":307,"geometry":{"type":"Polygon","coordinates":[[[-117.18331381896208,33.347505335225087],[-117.18305735953381,33.347604166935426],[-117.18290477621551,33.347700806022331],[-117.18286031691194,33.34773503493706],[-117.18285599739885,33.347749096985417],[-117.18282167940059,33.347784358828562],[-117.18282564266586,33.347879789763738],[-117.18285588260377,33.348014670406286],[-117.18294026082984,33.348206378337117],[-117.18335525731788,33.3481573057636],[-117.18354501871627,33.348152490409824],[-117.18370287156942,33.348185199151189],[-117.18436626698191,33.348285285111665],[-117.18415719036894,33.347615742567392],[-117.18367896768322,33.347468282437674],[-117.18367494180205,33.3474291958698],[-117.18331381896208,33.347505335225087]]]},"properties":{"OBJECTID":307,"Record_Num":"AWM2021-LCP-00099","Business_N":"BONDAVENTURE","PRODUCER_L":"2465 VIA OESTE, FALLBROOK, CA  92028","Area":2,"Shape_Length":1320.7411190368157,"Shape_Area":100835.88726547497}},{"type":"Feature","id":308,"geometry":{"type":"Polygon","coordinates":[[[-116.90168549221305,32.703975735005614],[-116.90167315509841,32.703603123743427],[-116.90114775965822,32.703607247156306],[-116.90060794158697,32.703604695015095],[-116.90060750785798,32.70397872632438],[-116.90168549221305,32.703975735005614]]]},"properties":{"OBJECTID":308,"Record_Num":"AWM2021-LCP-00107","Business_N":"PAPA JOE'S FARM  *","PRODUCER_L":"2831 ECHO VALLEY RD, JAMUL, CA  91935","Area":1,"Shape_Length":931.03836673811566,"Shape_Area":44579.628055468609}},{"type":"Feature","id":309,"geometry":{"type":"Polygon","coordinates":[[[-117.26628301171303,33.031708066703594],[-117.26628447368094,33.031502844783624],[-117.26627760855447,33.031241138345713],[-117.26425371708608,33.031228654312294],[-117.26424765736043,33.031700523473702],[-117.26628301171303,33.031708066703594]]]},"properties":{"OBJECTID":309,"Record_Num":"AWM2021-LCP-00115","Business_N":"BROWN, RANDOLPH","PRODUCER_L":"1461 LAKE DR., ENCINITAS, CA 92024","Area":2,"Shape_Length":1585.7389269909704,"Shape_Area":106340.49424695458}},{"type":"Feature","id":310,"geometry":{"type":"Polygon","coordinates":[[[-117.16126770596901,33.281722776881743],[-117.16106068023215,33.280806229598795],[-117.16078564898771,33.280870657123089],[-117.15979260389082,33.280896005079001],[-117.15977369329633,33.281710742662277],[-117.16126770596901,33.281722776881743]]]},"properties":{"OBJECTID":310,"Record_Num":"AWM2021-LCP-00110","Business_N":"GATSON GREENS LLC","PRODUCER_L":"31710 1/2 Rancho Amigos Road, Bonsall, CA 92003","Area":3,"Shape_Length":1483.4499643433282,"Shape_Area":130176.02198234988}},{"type":"Feature","id":311,"geometry":{"type":"MultiPolygon","coordinates":[[[[-117.18660307549554,33.289169649394118],[-117.18706934296709,33.289180751161773],[-117.18711415968809,33.285596866332305],[-117.18584136948509,33.285585349808677],[-117.18580873715041,33.288142487195927],[-117.18597895074457,33.288142828874037],[-117.1859771798002,33.287977147116521],[-117.18668319198433,33.287979944760266],[-117.18663385851499,33.288792543672962],[-117.18660307549554,33.289169649394118]]],[[[-117.18664706456133,33.28800732282712],[-117.18654244260759,33.288005885815501],[-117.18601357597787,33.288007336162821],[-117.18600832923283,33.288174388233443],[-117.18581789247966,33.288170747287097],[-117.18581625264432,33.28830020951122],[-117.18579908222883,33.289146070470402],[-117.18657675827852,33.28916406435556],[-117.18664706456133,33.28800732282712]]]]},"properties":{"OBJECTID":311,"Record_Num":"AWM2021-LCP-00113","Business_N":"TIERRA SANA FARM","PRODUCER_L":"31770 Bobritt Rd, Bonsall CA 92003","Area":11,"Shape_Length":4854.4817569485976,"Shape_Area":497314.34063806589}},{"type":"Feature","id":312,"geometry":{"type":"MultiPolygon","coordinates":[[[[-117.22344037152169,33.415300747178705],[-117.22368110716646,33.415376783057916],[-117.22416677615227,33.415534921412025],[-117.22460499840327,33.415681469721903],[-117.22477189210554,33.415735317196251],[-117.22481394080022,33.415741881882546],[-117.22512279732942,33.414195114912054],[-117.22339645886649,33.414201748836348],[-117.22344037152169,33.415300747178705]]],[[[-117.22462595736673,33.415971116086645],[-117.22460273118429,33.415912150476913],[-117.22460344280569,33.415722874294943],[-117.22343980983972,33.415336443428608],[-117.22344960053957,33.416611728833495],[-117.22522658683525,33.41665694968281],[-117.22527429488889,33.416333928630173],[-117.22500577868327,33.416304834182348],[-117.22494291020662,33.416296158745503],[-117.22483604340894,33.416231639055454],[-117.22472770021508,33.416145393652506],[-117.22465483086087,33.416062124288743],[-117.22462595736673,33.415971116086645]]]]},"properties":{"OBJECTID":312,"Record_Num":"AWM2021-LCP-00116","Business_N":"OAK GROVE FARMS","PRODUCER_L":"40911 VIA RANCHITOS, FALLBROOK, CA 92028","Area":9,"Shape_Length":3804.6249129672378,"Shape_Area":401903.11470198724}},{"type":"Feature","id":313,"geometry":{"type":"Polygon","coordinates":[[[-117.21368839816391,33.178601456255976],[-117.21335602473621,33.178198592659804],[-117.21300599263614,33.178461564915409],[-117.21283795058837,33.178486612480796],[-117.21283639101078,33.178542327916183],[-117.21328589631489,33.178734254305908],[-117.21368839816391,33.178601456255976]]]},"properties":{"OBJECTID":313,"Record_Num":"AWM2022-LCP-00001","Business_N":"SUBURBAN MOM GARDENER","PRODUCER_L":"1787 MONTGOMERY DR., VISTA, CA  92084","Area":1,"Shape_Length":681.06314677700243,"Shape_Area":25245.422394771362}},{"type":"Feature","id":314,"geometry":{"type":"Polygon","coordinates":[[[-117.10350153343921,32.836833269489858],[-117.10373473466413,32.83660488307202],[-117.10358815670547,32.836503110672304],[-117.10334658118623,32.836745930189558],[-117.10350153343921,32.836833269489858]]]},"properties":{"OBJECTID":314,"Record_Num":"AWM2022-LCP-00003","Business_N":"GREEN ADAPTOGENICS","PRODUCER_L":"10370 LA DUENA WAY, SAN DIEGO, CA  92124","Area":0,"Shape_Length":340.6110546101267,"Shape_Area":6478.4720524207032}},{"type":"Feature","id":315,"geometry":{"type":"Polygon","coordinates":[[[-117.16691006644213,33.173388291987891],[-117.16767350665602,33.173018979724219],[-117.16762948630192,33.172955391302757],[-117.16758396503795,33.172911183020794],[-117.167554305213,33.172811420200979],[-117.16755522417182,33.172676992395267],[-117.167641785103,33.172574283707242],[-117.16777999597694,33.172486910578414],[-117.1676818771469,33.172307112495901],[-117.16741379859518,33.172138352233873],[-117.16728412130206,33.172092744887948],[-117.16680436319552,33.172105163860628],[-117.16681884663424,33.173238179297158],[-117.16682752102899,33.173311291003422],[-117.16691006644213,33.173388291987891]]]},"properties":{"OBJECTID":315,"Record_Num":"AWM2022-LCP-00004","Business_N":"BECKSTEAD FARMS","PRODUCER_L":"383 W. LA CIENEGA RD., SAN MARCOS, CA  92069 ","Area":2,"Shape_Length":1343.6534433903812,"Shape_Area":100946.1426328977}},{"type":"Feature","id":316,"geometry":{"type":"Polygon","coordinates":[[[-117.05094999194033,33.046794245318488],[-117.05124602545033,33.046108436519276],[-117.0506055585746,33.046072644383351],[-117.05050731043428,33.046673558438123],[-117.05056665865834,33.046681910599766],[-117.05065577826019,33.04670504517378],[-117.05094999194033,33.046794245318488]]]},"properties":{"OBJECTID":316,"Record_Num":"AWM2022-LCP-00006","Business_N":"SANTUARIO FARMS","PRODUCER_L":"18738 OLMEDA PL, SAN DIEGO, CA  92128 ","Area":1,"Shape_Length":825.74308528325651,"Shape_Area":40311.082358864303}},{"type":"Feature","id":317,"geometry":{"type":"Polygon","coordinates":[[[-116.95007137737815,33.315212450057892],[-116.95007038262281,33.315210133806389],[-116.9500927277883,33.314879554498432],[-116.95014196429146,33.314786609925314],[-116.95021345179714,33.314674307658706],[-116.95026054355665,33.314563261917755],[-116.95027471114201,33.314501636968053],[-116.95029492384614,33.314383609486313],[-116.95031880756284,33.314245348944283],[-116.95037229090755,33.314162870614915],[-116.95042595708236,33.314103121109717],[-116.95052699823054,33.31397841326919],[-116.9505847867887,33.313913395288424],[-116.95062011572713,33.313904454056498],[-116.95068895932226,33.313919801077006],[-116.95078920630158,33.313955952344358],[-116.95092081019052,33.313747146606559],[-116.951176555215,33.313437979284451],[-116.95133746436011,33.313248240723553],[-116.95144265481986,33.313121759389361],[-116.95149629053272,33.31305851280964],[-116.95160178880781,33.312970495833461],[-116.95171577007915,33.31290166304759],[-116.95187774240009,33.312844797599453],[-116.95202346194505,33.31283872874468],[-116.95212128943639,33.312832930511817],[-116.95221683723533,33.312802666822414],[-116.95227059841899,33.312755154643042],[-116.94874023718165,33.312778293091753],[-116.9485945612025,33.314273131580379],[-116.94830780132844,33.315290677306223],[-116.95007137737815,33.315212450057892]]]},"properties":{"OBJECTID":317,"Record_Num":"AWM2022-LCP-00007","Business_N":"ASSET TRADE, LLC","PRODUCER_L":"17436 N. MESA DR., PAUMA VALLEY, CA  92061 ","Area":14,"Shape_Length":3784.715118176598,"Shape_Area":594156.57202434237}},{"type":"Feature","id":318,"geometry":{"type":"MultiPolygon","coordinates":[[[[-116.82382861654651,33.042547361935362],[-116.82392677605051,33.041995924294113],[-116.82330425876519,33.041836575975857],[-116.82296150192731,33.041663684740925],[-116.82282973046428,33.041520426943094],[-116.8227453646095,33.041401438443458],[-116.82253735587091,33.041270777411903],[-116.82198699214896,33.041028440342416],[-116.82198603802661,33.042555889153007],[-116.82198963279264,33.042549749904282],[-116.82273831352066,33.042549349711415],[-116.82382861654651,33.042547361935362]]],[[[-116.8239224880638,33.041874346194469],[-116.82396114622075,33.041862303109696],[-116.82402241879647,33.041538724662104],[-116.82402858232524,33.040865413914354],[-116.82378570228313,33.04088136951021],[-116.82206717838119,33.040877459181104],[-116.82207106764882,33.040933795646502],[-116.82216987951197,33.040965964804222],[-116.82259378320359,33.041168658777885],[-116.82284515750446,33.04137511553273],[-116.82297272283925,33.041496131260033],[-116.82314974234323,33.041640645609647],[-116.823552309527,33.041810809273045],[-116.8239224880638,33.041874346194469]]]]},"properties":{"OBJECTID":318,"Record_Num":"AWM2022-LCP-00009","Business_N":"SOUL FUNGI","PRODUCER_L":"925 E. OLD JULIAN HWY, RAMONA, CA  92065 ","Area":8,"Shape_Length":3709.0672020228048,"Shape_Area":339947.71390478523}},{"type":"Feature","id":319,"geometry":{"type":"Polygon","coordinates":[[[-117.22331588258908,33.413088282839041],[-117.22229363660071,33.413081218873778],[-117.22187816751038,33.413079314240989],[-117.21899962947334,33.413023840823037],[-117.21902375476755,33.414349234866492],[-117.22046718553476,33.414314233413691],[-117.22062759606129,33.414312981162581],[-117.22192659576808,33.415103624970705],[-117.22218383871734,33.414534008387072],[-117.22233827732222,33.414128930738727],[-117.2225802907349,33.413835451573419],[-117.22278155014226,33.413685642542738],[-117.22322318005138,33.41335142939154],[-117.22331588258908,33.413088282839041]]]},"properties":{"OBJECTID":319,"Record_Num":"AWM2022-LCP-00011","Business_N":"KISLING FARM","PRODUCER_L":"40479 VIA DEL GAVILAN, FALLBROOK, CA  92028 ","Area":14,"Shape_Length":3648.764594982852,"Shape_Area":601122.12715732667}},{"type":"Feature","id":320,"geometry":{"type":"Polygon","coordinates":[[[-117.22539060251397,33.409479712874493],[-117.22478148740225,33.4105744281119],[-117.22528800132044,33.411886196938497],[-117.22585474802644,33.411634233675521],[-117.22607950408558,33.411505018846057],[-117.22614772234009,33.411440869379241],[-117.22627604073452,33.411339987069873],[-117.22663433056503,33.410968070307341],[-117.22687968787096,33.410683887818095],[-117.22697723146592,33.410609301125547],[-117.22717599035512,33.410325483305058],[-117.22758347192237,33.409723031281089],[-117.22758593098497,33.409479838480287],[-117.22539060251397,33.409479712874493]]]},"properties":{"OBJECTID":320,"Record_Num":"AWM2022-LCP-00012","Business_N":"KISLING FARM","PRODUCER_L":"","Area":11,"Shape_Length":2777.278012361423,"Shape_Area":461813.17741352675}},{"type":"Feature","id":321,"geometry":{"type":"MultiPolygon","coordinates":[[[[-117.27749070567033,33.288626879412654],[-117.27760641550299,33.288019842243301],[-117.27927149386785,33.287948019765714],[-117.27927660780928,33.28511745701762],[-117.27719722672873,33.285205605328564],[-117.27714780434795,33.285573530266525],[-117.2770553497066,33.286199717632876],[-117.27713252606111,33.286888977164793],[-117.27710178248239,33.287540444827634],[-117.27688847009401,33.288335270502664],[-117.27669296709831,33.288685060531556],[-117.27726854391146,33.288667403558605],[-117.27749070567033,33.288626879412654]]],[[[-117.27697732613969,33.286037189621261],[-117.27710553644778,33.285278673859374],[-117.27702823312673,33.285182071900223],[-117.27678743900891,33.285173828386938],[-117.27697732613969,33.286037189621261]]]]},"properties":{"OBJECTID":321,"Record_Num":"AWM2022-LCP-00013","Business_N":"WILLIAMSON PRODUCE","PRODUCER_L":"0 WILSHIRE RD, FALLBROOK, CA  92028 ","Area":17,"Shape_Length":4649.5816483360459,"Shape_Area":747977.43873680953}},{"type":"Feature","id":322,"geometry":{"type":"Polygon","coordinates":[[[-117.02285935267291,33.133899484126317],[-117.02288279925972,33.133576636362726],[-117.02285392015503,33.133458406429234],[-117.02280077740478,33.133394978244596],[-117.02270435740844,33.133334422252901],[-117.02243287554435,33.133239824751826],[-117.02240707877462,33.13329593806786],[-117.02236343427425,33.133959828759146],[-117.02242065393703,33.133959472120914],[-117.02255766081721,33.133887051404798],[-117.02267056613076,33.133887648666025],[-117.0227382451766,33.133845588020698],[-117.02282799852146,33.133851534220241],[-117.02285935267291,33.133899484126317]]]},"properties":{"OBJECTID":322,"Record_Num":"AWM2022-LCP-00016","Business_N":"MORRIS, GAVON & WHALEY, COLIN","PRODUCER_L":"3251 REED RD., ESCONDIDO, CA  92027","Area":1,"Shape_Length":755.29327561352807,"Shape_Area":30754.863320938111}},{"type":"Feature","id":323,"geometry":{"type":"Polygon","coordinates":[[[-116.99245394181787,33.067411499274542],[-116.99261644316177,33.067771805082948],[-116.99232701777341,33.068515629463654],[-116.99431899680535,33.068542730246186],[-116.9942831566795,33.06773494699857],[-116.99433204658227,33.067688272168787],[-116.99402872755687,33.067475279631445],[-116.99392105021376,33.067427105538265],[-116.99381625117068,33.067376472199882],[-116.99347626111692,33.067283311991361],[-116.99317998311105,33.06721673998868],[-116.99280632007797,33.067255598239456],[-116.99245394181787,33.067411499274542]]]},"properties":{"OBJECTID":323,"Record_Num":"AWM2022-LCP-00018","Business_N":"LE VINE, GARY","PRODUCER_L":"15632 HIGHLAND VALLEY RD, ESCONDIDO, CA  92025 ","Area":5,"Shape_Length":1988.2713426165328,"Shape_Area":239214.11418780027}},{"type":"Feature","id":324,"geometry":{"type":"Polygon","coordinates":[[[-116.87940760681589,33.009850008853597],[-116.8794056825386,33.00958143170557],[-116.8793916261951,33.008246135682363],[-116.87944999091366,33.008245838816691],[-116.8794465758421,33.007769209254569],[-116.87787958352197,33.007758254674258],[-116.87785415489054,33.009854117541884],[-116.87940760681589,33.009850008853597]]]},"properties":{"OBJECTID":324,"Record_Num":"AWM2022-LCP-00019","Business_N":"EBEN-HAEZER'S HAPPY HENS","PRODUCER_L":"2176 RAMONA ST., RAMONA, CA  92065 ","Area":8,"Shape_Length":2494.1593611192156,"Shape_Area":359727.51344462391}},{"type":"Feature","id":325,"geometry":{"type":"Polygon","coordinates":[[[-117.203807470787,33.349139999699823],[-117.20258324885445,33.347974163231271],[-117.2017530531505,33.348540064300032],[-117.20306526568086,33.349667128649031],[-117.203807470787,33.349139999699823]]]},"properties":{"OBJECTID":325,"Record_Num":"AWM2022-LCP-00020","Business_N":"HERITAGE FAMILY FARMS","PRODUCER_L":"0 PALO VISTA RD, FALLBROOK, CA  92028","Area":4,"Shape_Length":1762.3318881800315,"Shape_Area":177167.40333978232}},{"type":"Feature","id":326,"geometry":{"type":"Polygon","coordinates":[[[-116.89911870284513,33.011158162718083],[-116.89912727535412,33.009905166934352],[-116.89808944988269,33.009895583884678],[-116.89807619774457,33.008582609118044],[-116.89518410133132,33.008585702574941],[-116.89515999888019,33.011130789184222],[-116.89911870284513,33.011158162718083]]]},"properties":{"OBJECTID":326,"Record_Num":"AWM2022-LCP-00022","Business_N":"EBEN-HAEZER'S HAPPY HENS","PRODUCER_L":"1505 DYE RD, RAMONA, CA  92065 ","Area":22,"Shape_Length":4278.1076353450289,"Shape_Area":975641.63207877241}},{"type":"Feature","id":327,"geometry":{"type":"Polygon","coordinates":[[[-117.24561239373288,33.306329818664338],[-117.24532127001655,33.306468324187243],[-117.24557712611889,33.307228500726026],[-117.24681916518455,33.307231821022221],[-117.24624249450585,33.306608731975629],[-117.24561239373288,33.306329818664338]]]},"properties":{"OBJECTID":327,"Record_Num":"AWM2022-LCP-00023","Business_N":"D'VINE PATH","PRODUCER_L":"4735 OLIVE HILL RD, FALLBROOK, CA  92028","Area":2,"Shape_Length":1273.8893773401826,"Shape_Area":89202.988243483429}},{"type":"Feature","id":328,"geometry":{"type":"Polygon","coordinates":[[[-117.24132030413521,33.37642864901661],[-117.24132882019731,33.375508628052906],[-117.24076489106191,33.375509907221073],[-117.24076284118587,33.376429742192137],[-117.24132030413521,33.37642864901661]]]},"properties":{"OBJECTID":328,"Record_Num":"AWM2022-LCP-00025","Business_N":"RANCHO PIFE","PRODUCER_L":"707 MORRO RD, FALLBROOK, CA  92028 ","Area":1,"Shape_Length":1011.8124954794905,"Shape_Area":57295.30643007336}},{"type":"Feature","id":329,"geometry":{"type":"Polygon","coordinates":[[[-116.86752043670516,33.076450785128976],[-116.8675222245073,33.076322931193808],[-116.8675189160373,33.074897417008735],[-116.86750950962549,33.074897463912478],[-116.86749934262862,33.074025225135983],[-116.86678981070614,33.074023104581194],[-116.86682344866149,33.075941746852088],[-116.8666380720849,33.075951720526383],[-116.8666442730039,33.076451756810862],[-116.86752043670516,33.076450785128976]]]},"properties":{"OBJECTID":329,"Record_Num":"AWM2022-LCP-00029","Business_N":"BLACK MOUNTAIN FARM","PRODUCER_L":"680 RANCHO TRAIL, RAMONA, CA  92065  ","Area":5,"Shape_Length":2308.2364917885693,"Shape_Area":200871.7786245411}},{"type":"Feature","id":330,"geometry":{"type":"Polygon","coordinates":[[[-117.10460151523048,33.32204201334622],[-117.10461100928691,33.322250526096376],[-117.10460160431668,33.32300811144178],[-117.10459289557802,33.324351323679636],[-117.10483866940815,33.324582530971107],[-117.10567705395952,33.324892464051842],[-117.1062890003635,33.325372158121809],[-117.10727743420686,33.325264416397495],[-117.10736166996587,33.325367345770466],[-117.10805428223632,33.324653722212972],[-117.1070074187006,33.322918993180394],[-117.10696516983623,33.322988181056601],[-117.1068155458415,33.323051750942568],[-117.10669711193042,33.323076946375423],[-117.10657211606943,33.323076749039913],[-117.10641406744584,33.323053459692161],[-117.10632407794208,33.323018041885867],[-117.10627716956466,33.322998226701863],[-117.10610470362738,33.322606692024607],[-117.10605825916961,33.322511063869392],[-117.10605666503139,33.322477874191037],[-117.10604599729982,33.322448427803216],[-117.10603305400224,33.322424510105272],[-117.1059977955958,33.322401101484708],[-117.10592881896436,33.322353507152187],[-117.10589021458139,33.322331822171272],[-117.10582181062819,33.322308953911566],[-117.10578737181226,33.322301252642454],[-117.10578320361113,33.322300177681335],[-117.10577312519906,33.322298039762288],[-117.10575699188379,33.32229454051582],[-117.10571802921437,33.322285858689618],[-117.10569810784011,33.322281715571478],[-117.10568271919549,33.32227847087475],[-117.10559296157236,33.322259960561389],[-117.10555515467014,33.322252162505137],[-117.10551003898298,33.322241636640854],[-117.10547156781402,33.322233566312612],[-117.10543403622762,33.322223934064837],[-117.10540804661142,33.322217940025432],[-117.10539169965375,33.322214337605764],[-117.10538239653158,33.322212288993931],[-117.10531339933557,33.322197933902729],[-117.10528704859865,33.322194881873536],[-117.10526934395021,33.322194348262641],[-117.10525728342859,33.322194358280441],[-117.10523794373198,33.322195220037365],[-117.10522124736281,33.322196967995779],[-117.10518762168569,33.322202456467849],[-117.10515921693595,33.322208486971931],[-117.10512786387423,33.32221759453963],[-117.10510445566115,33.322226925121242],[-117.1050876430819,33.322233709867135],[-117.1050676551303,33.322242208066037],[-117.10505401967932,33.322249658931369],[-117.10504324107623,33.322256434589093],[-117.10501980062955,33.322272693152428],[-117.10501721080014,33.322274095094791],[-117.10499135504413,33.32228730178938],[-117.10494408489335,33.322311090391487],[-117.10492787757515,33.322312877323633],[-117.10491105989468,33.322314304167655],[-117.1048898052874,33.322314523514557],[-117.10487548582304,33.32231418565879],[-117.10485847032675,33.322313063844305],[-117.10483962019006,33.322310717520601],[-117.10483075700296,33.322309394414468],[-117.10481249872927,33.322305513824645],[-117.10480632517259,33.322304099166409],[-117.10479858364351,33.322302040664326],[-117.10478718597193,33.32229876838764],[-117.10477578225256,33.32229498668989],[-117.10476080548443,33.322289481182786],[-117.10474904384552,33.32228446300757],[-117.10473187380755,33.322276423480687],[-117.10471084519993,33.322264258169284],[-117.10468621118849,33.322247164617941],[-117.1046811383068,33.322242975055509],[-117.10467448925877,33.322237412227388],[-117.10466031130416,33.322224835474707],[-117.10465163373166,33.322215790706743],[-117.10464330020679,33.32220645141917],[-117.10463082617797,33.322190731326678],[-117.10462342681542,33.322179273823487],[-117.10460151523048,33.32204201334622]]]},"properties":{"OBJECTID":330,"Record_Num":"AWM2022-LCP-00031","Business_N":"KJ FARMS","PRODUCER_L":"0 COUSER CYN/PFAU RD, VALLEY CENTER, CA  92082","Area":19,"Shape_Length":3882.5386894920139,"Shape_Area":806073.02784561412}},{"type":"Feature","id":331,"geometry":{"type":"Polygon","coordinates":[[[-117.04645393048948,33.067269428778872],[-117.04648443502391,33.067202026089916],[-117.04650503573396,33.067086843359661],[-117.04646017623078,33.067063210934762],[-117.0464786196296,33.06700841529419],[-117.04649624680454,33.067012858330664],[-117.04651513455386,33.067007041541814],[-117.0466158843865,33.066332043594564],[-117.04587944240122,33.066426768607911],[-117.04541770096436,33.067126867368287],[-117.04640541635835,33.067290245136832],[-117.04645393048948,33.067269428778872]]]},"properties":{"OBJECTID":331,"Record_Num":"AWM2022-LCP-00032","Business_N":"GREENMAX FARMS LLC","PRODUCER_L":"3940 TIERRA VISTA PL, ESCONDIDO, CA  92025  ","Area":2,"Shape_Length":1209.562574910542,"Shape_Area":84070.335145865116}},{"type":"Feature","id":332,"geometry":{"type":"Polygon","coordinates":[[[-117.17269574752785,33.256447273961065],[-117.17269145396595,33.2560396537381],[-117.17089508671381,33.254528730599269],[-117.17064300422817,33.254629855573185],[-117.17067051588458,33.256444592249188],[-117.17269574752785,33.256447273961065]]]},"properties":{"OBJECTID":332,"Record_Num":"AWM2022-LCP-00034","Business_N":"DK RANCH","PRODUCER_L":"1586 AVOHILL DR., VISTA, CA  92084","Area":6,"Shape_Length":2290.2463115627788,"Shape_Area":281787.73323269171}},{"type":"Feature","id":333,"geometry":{"type":"Polygon","coordinates":[[[-117.03589915309556,33.100294999484198],[-117.0359306775736,33.099558268410263],[-117.03521048342306,33.099631383632762],[-117.03513971618176,33.099662460077091],[-117.03531228176907,33.100357060055465],[-117.03589915309556,33.100294999484198]]]},"properties":{"OBJECTID":333,"Record_Num":"AWM2022-LCP-00037","Business_N":"ST. CLAIR, PETER & RAYDENE","PRODUCER_L":"2453 SAN PASQUAL VALLEY RD, ESCONDIDO, CA  92027  ","Area":1,"Shape_Length":954.17250860825379,"Shape_Area":56549.764388194446}},{"type":"Feature","id":334,"geometry":{"type":"Polygon","coordinates":[[[-117.0228530231647,33.133920312715603],[-117.02282188427569,33.133872345234607],[-117.02273945220003,33.133865811445517],[-117.02267487500887,33.133904978073225],[-117.02255756600758,33.133901598514903],[-117.02241932077534,33.133978227152944],[-117.02236134062701,33.13397388967644],[-117.02232883573505,33.134469477315164],[-117.02313635249882,33.134508492781457],[-117.02321459262258,33.132744908144517],[-117.02212088328322,33.132529915641548],[-117.02170697052476,33.131490649403389],[-117.01894787438901,33.131456268494446],[-117.02032212269168,33.133168063087439],[-117.02238569916553,33.133279810638015],[-117.02242030021864,33.133212613532187],[-117.02275355647987,33.13332952482137],[-117.0228514578486,33.133408593732504],[-117.02291223242494,33.133518598543667],[-117.02288127058823,33.133930701078313],[-117.0228530231647,33.133920312715603]]]},"properties":{"OBJECTID":334,"Record_Num":"AWM2022-LCP-00038","Business_N":"MORRIS, GAVON & WHALEY, COLIN","PRODUCER_L":"0 REED RD/3251 REED RD, ESCONDIDO, CA  92027 ","Area":14,"Shape_Length":4598.9523447541524,"Shape_Area":602829.00464598055}},{"type":"Feature","id":335,"geometry":{"type":"Polygon","coordinates":[[[-117.2512506385941,33.325893498660008],[-117.25119314957927,33.325911807004189],[-117.25102915087476,33.325910579799675],[-117.25124338763337,33.326586971417115],[-117.25183119916827,33.327218692488877],[-117.25182969239883,33.32708705190695],[-117.25186392737132,33.327087443920583],[-117.25186630205339,33.325834384137217],[-117.25130874266603,33.325806803047008],[-117.2512937712264,33.325820289836884],[-117.25173721862728,33.326171574829552],[-117.25185753600053,33.326181296839664],[-117.25185788019267,33.326211367082813],[-117.25178856046992,33.326205911817226],[-117.25176322551444,33.326218145015517],[-117.25175697999398,33.326228887899774],[-117.25175469951158,33.326238262464365],[-117.25181519456368,33.326307276717017],[-117.25179544800174,33.326320802083636],[-117.25170464403642,33.32624668602449],[-117.25168714736712,33.326248163479114],[-117.25167284940665,33.326250952373108],[-117.25157598237864,33.326342620806223],[-117.25153638273808,33.32629081303984],[-117.25162502087393,33.32624532278296],[-117.25166236460259,33.326239007185599],[-117.25167562858023,33.32621551068538],[-117.25167704439517,33.326200128672504],[-117.25167370039418,33.326186121386542],[-117.25165601256056,33.326170893446395],[-117.25127311332426,33.325893299437368],[-117.2512506385941,33.325893498660008]]]},"properties":{"OBJECTID":335,"Record_Num":"AWM2022-LCP-00040","Business_N":"ATKINS NURSERY","PRODUCER_L":"3606 LAKE RIDGE RD, FALLBROOK, CA  92028 ","Area":2,"Shape_Length":1966.2333720890465,"Shape_Area":77694.617967775906}},{"type":"Feature","id":336,"geometry":{"type":"Polygon","coordinates":[[[-117.26103943996398,33.312167711302713],[-117.26105013066885,33.312115131797341],[-117.26105013797898,33.312115764742074],[-117.26107200199212,33.31211748393288],[-117.26114355259905,33.31211690133555],[-117.26118787162592,33.312106421398596],[-117.26126289600664,33.312080512817879],[-117.2613293945264,33.312033804325516],[-117.26137326052202,33.311984116913635],[-117.26140275900124,33.31192948698191],[-117.26141495607621,33.311876896073798],[-117.26145338218973,33.311877848195962],[-117.26144394305445,33.311778000573774],[-117.26141532315242,33.311713092854177],[-117.26137931123746,33.311660261594675],[-117.26133334735044,33.311593598808081],[-117.2613038725539,33.311519844079697],[-117.26129196208944,33.311466816507732],[-117.26128671907765,33.311404248587309],[-117.26128775813785,33.311363763917228],[-117.26129913668657,33.311305487151422],[-117.2613136588397,33.311258568941042],[-117.26133272999142,33.311214143893935],[-117.26134573820433,33.311166605004608],[-117.2613489489253,33.311118513806754],[-117.26130824327028,33.311050543075019],[-117.26137904647231,33.311050598524446],[-117.26137857344496,33.310814072448579],[-117.26106219151553,33.310811589372456],[-117.26024051155952,33.311145245304317],[-117.26059607129302,33.311213816680819],[-117.26088219479624,33.311400585622522],[-117.2609461348184,33.311719443704519],[-117.26082971253473,33.312008780807147],[-117.26084551356729,33.312007387075461],[-117.26086889145709,33.312009726080873],[-117.26090972198367,33.312023308062663],[-117.26093930051184,33.312040775152127],[-117.26097052334481,33.31207024510767],[-117.26098745068914,33.312101096549476],[-117.26099763642233,33.312135165192373],[-117.2609971893085,33.312161730663973],[-117.26103943996398,33.312167711302713]]]},"properties":{"OBJECTID":336,"Record_Num":"AWM2022-LCP-00042","Business_N":"BARNETT, LYNNE","PRODUCER_L":"636 GEORGINE RD, FALLBROOK, CA  92028 ","Area":2,"Shape_Length":1538.6021039133973,"Shape_Area":81245.718924109562}},{"type":"Feature","id":337,"geometry":{"type":"Polygon","coordinates":[[[-116.83483812703787,33.087811038065233],[-116.83440301724198,33.08844963070495],[-116.83527967848083,33.088832864763518],[-116.83573527028345,33.08814550681177],[-116.83483812703787,33.087811038065233]]]},"properties":{"OBJECTID":337,"Record_Num":"AWM2022-LCP-00043","Business_N":"JP'S HERBS & SPICES  *","PRODUCER_L":"621 BLACK CANYON PL, RAMONA, CA  92065 ","Area":2,"Shape_Length":1157.3340425797198,"Shape_Area":83338.027739232042}},{"type":"Feature","id":338,"geometry":{"type":"Polygon","coordinates":[[[-116.95255349725559,32.812013263443603],[-116.95255235043972,32.811869540705537],[-116.95197168213377,32.811867120135801],[-116.95197852282193,32.811969471646755],[-116.95196798467983,32.811970168181034],[-116.95196859816733,32.812047116425219],[-116.95238282744019,32.812049212517216],[-116.95238213046214,32.812056212094312],[-116.95251542530329,32.812055453744982],[-116.95251659704515,32.812013473404463],[-116.95255349725559,32.812013263443603]]]},"properties":{"OBJECTID":338,"Record_Num":"AWM2022-LCP-00044","Business_N":"MINDFUL MUSHROOMS","PRODUCER_L":"1235 PIERRE WAY, #150, EL CAJON, CA  92021","Area":0,"Shape_Length":496.65619019547319,"Shape_Area":11646.336353355806}},{"type":"Feature","id":339,"geometry":{"type":"Polygon","coordinates":[[[-116.79407853765532,33.096409940496123],[-116.79406431961668,33.094705219190566],[-116.79302431406444,33.094709782787866],[-116.79303106145581,33.09638996350175],[-116.79407853765532,33.096409940496123]]]},"properties":{"OBJECTID":339,"Record_Num":"AWM2022-LCP-00045","Business_N":"OK FARMLIFE","PRODUCER_L":"21152 SUTHERLAND DAM RD, RAMONA, CA  92065 ","Area":5,"Shape_Length":1871.0221524385011,"Shape_Area":196836.5835871337}},{"type":"Feature","id":340,"geometry":{"type":"Polygon","coordinates":[[[-117.04280147185514,33.107693702924401],[-117.04235304734074,33.108176246290711],[-117.04274282454361,33.10838744098178],[-117.0435649779285,33.108921459327512],[-117.04396753969189,33.109186319935702],[-117.04448362691426,33.108412608185809],[-117.04390859148073,33.108018986845472],[-117.04323863309463,33.107973752180889],[-117.04280147185514,33.107693702924401]]]},"properties":{"OBJECTID":340,"Record_Num":"AWM2022-LCP-00046","Business_N":"HIDDEN VALLEY COMMUNITY FARM","PRODUCER_L":"1922 SUMMIT DR., ESCONDIDO, CA  92027","Area":4,"Shape_Length":1763.201678573583,"Shape_Area":163221.47999432907}},{"type":"Feature","id":341,"geometry":{"type":"Polygon","coordinates":[[[-117.05181539505305,33.073286452466547],[-117.05079655374013,33.074216520563844],[-117.05177240521078,33.074393925696846],[-117.05194110730859,33.073307587340253],[-117.05181539505305,33.073286452466547]]]},"properties":{"OBJECTID":341,"Record_Num":"AWM2022-LCP-00047","Business_N":"HIDDEN VALLEY COMMUNITY FARM","PRODUCER_L":"914 SAN PASQUAL RD, ESCONDIDO, CA  92025 ","Area":2,"Shape_Length":1204.087629369468,"Shape_Area":68464.099990605275}},{"type":"Feature","id":342,"geometry":{"type":"Polygon","coordinates":[[[-117.17551461634319,33.416999350848265],[-117.17549942589474,33.416968305944081],[-117.17547869986805,33.416924839050751],[-117.17546833985421,33.416903388261034],[-117.17544795329432,33.416828194589883],[-117.1754442105299,33.416793665085805],[-117.17544143443314,33.416722872233549],[-117.17544636443961,33.41667808093252],[-117.17546039164539,33.416599231714557],[-117.17482492881886,33.416503971588355],[-117.17432611878419,33.416423576558486],[-117.17415827467288,33.416629311899598],[-117.17412510755207,33.417198334238357],[-117.17551461634319,33.416999350848265]]]},"properties":{"OBJECTID":342,"Record_Num":"AWM2022-LCP-00049","Business_N":"SUPER SIMPLE GREENS","PRODUCER_L":"2063 RAINBOW GLEN RD, FALLBROOK, CA  92028 ","Area":2,"Shape_Length":1229.5938906379722,"Shape_Area":85706.165422857623}},{"type":"Feature","id":343,"geometry":{"type":"Polygon","coordinates":[[[-116.7327173075179,33.346265145168573],[-116.73230496246209,33.345497582181274],[-116.7302027627223,33.3463309991605],[-116.73055142198186,33.346634238565208],[-116.73089710601857,33.346974894598418],[-116.7327173075179,33.346265145168573]]]},"properties":{"OBJECTID":343,"Record_Num":"AWM2022-LCP-00050","Business_N":"ANGEL, SHAELYN & JASPER, WYATT","PRODUCER_L":"34912 HIGHWAY 79, WARNER SPRINGS, CA 92086","Area":5,"Shape_Length":1945.4440951375648,"Shape_Area":200464.2385181681}},{"type":"Feature","id":344,"geometry":{"type":"Polygon","coordinates":[[[-116.53821713534049,33.213813612397828],[-116.53826926116903,33.21040716340282],[-116.53415969123158,33.210446107244472],[-116.53417784415171,33.213792233364821],[-116.53821713534049,33.213813612397828]]]},"properties":{"OBJECTID":344,"Record_Num":"AWM2022-LCP-00051","Business_N":"ANGEL, SHAELYN & JASPER, WYATT","PRODUCER_L":"36804 MONTEZUMA VALLEY RD, RANCHITA, CA 92066","Area":35,"Shape_Length":4949.5546564336018,"Shape_Area":1530899.6408363406}},{"type":"Feature","id":345,"geometry":{"type":"Polygon","coordinates":[[[-116.92224117590949,32.845931260127479],[-116.92215485265473,32.845305556340776],[-116.92231968311265,32.845189194924544],[-116.92208912998639,32.844966182062002],[-116.92214097786059,32.84417763192571],[-116.92176797872466,32.844246275319968],[-116.92170833850635,32.845048190671889],[-116.921274616685,32.845088296683763],[-116.92138998256908,32.846073559156608],[-116.92224428172403,32.84599341639057],[-116.92224117590949,32.845931260127479]]]},"properties":{"OBJECTID":345,"Record_Num":"AWM2022-LCP-00052","Business_N":"MICROGREENS2YOU.COM","PRODUCER_L":"12474 ROCKCREST RD, LAKESIDE, CA  92040","Area":3,"Shape_Length":1880.7182547518139,"Shape_Area":131820.9634261608}},{"type":"Feature","id":346,"geometry":{"type":"Polygon","coordinates":[[[-117.08099469135918,33.233438516198632],[-117.08103094466634,33.231642536652501],[-117.07668739399479,33.23155960185759],[-117.07661104710211,33.233351368797749],[-117.08099469135918,33.233438516198632]]]},"properties":{"OBJECTID":346,"Record_Num":"AWM2022-LCP-00053","Business_N":"MEADIOCRITY","PRODUCER_L":"BEE HIVES","Area":20,"Shape_Length":3975.2927523961807,"Shape_Area":871459.57863297791}},{"type":"Feature","id":347,"geometry":{"type":"Polygon","coordinates":[[[-117.06832580848152,33.271542225339338],[-117.06827949288538,33.271665958943778],[-117.06820598100774,33.271782276737852],[-117.06810530930673,33.271894976419205],[-117.06795264625443,33.272008017745378],[-117.06777487090291,33.272094640234478],[-117.06765766547225,33.272131491454971],[-117.06593149809618,33.272471361129647],[-117.0656707578963,33.27287374428618],[-117.06571298425222,33.273038671930301],[-117.06577241746034,33.273594659985704],[-117.0657176915534,33.273786809763919],[-117.066077655326,33.273843309685716],[-117.06723785758969,33.273171058590208],[-117.06846876515409,33.272809751590195],[-117.06850929212196,33.271582791546663],[-117.06832580848152,33.271542225339338]]]},"properties":{"OBJECTID":347,"Record_Num":"AWM2022-LCP-00057","Business_N":"SUNSTREAK FARM","PRODUCER_L":"31216 MANZANITA CREST RD, VALLEY CENTER, CA  92082","Area":8,"Shape_Length":2800.4604017404799,"Shape_Area":342489.86703844939}},{"type":"Feature","id":348,"geometry":{"type":"Polygon","coordinates":[[[-117.21270258472053,33.317450445437771],[-117.21246275830408,33.317666351558536],[-117.21251503821068,33.317783671910981],[-117.21255190466297,33.317890409305463],[-117.21254349637661,33.318053150291128],[-117.21250673968038,33.318188285101627],[-117.21241934991912,33.318355919511873],[-117.2123950570313,33.318465271561045],[-117.21239621006384,33.318570145990748],[-117.21242724924515,33.318610574395578],[-117.2124783765336,33.318623020319365],[-117.21296347782669,33.318454444158917],[-117.21310520270967,33.318359164151396],[-117.21322117419699,33.318240538261847],[-117.21327619815258,33.318143790736102],[-117.21343112054505,33.317857906256904],[-117.21270258472053,33.317450445437771]]]},"properties":{"OBJECTID":348,"Record_Num":"AWM2022-LCP-00058`","Business_N":"D&M ORCHARDS LLC","PRODUCER_L":"3908 WENDI CT., FALLBROOK, CA  92028  ","Area":2,"Shape_Length":1174.5251223011796,"Shape_Area":79413.621205258431}},{"type":"Feature","id":349,"geometry":{"type":"Polygon","coordinates":[[[-117.25935521715965,33.085246763207401],[-117.25929898790365,33.085091938235074],[-117.25890566766265,33.085096077953544],[-117.25890902654766,33.085291557700202],[-117.25935521715965,33.085246763207401]]]},"properties":{"OBJECTID":349,"Record_Num":"AWM2022-LCP-00059","Business_N":"MEYER MICROS","PRODUCER_L":"2473 TORREJON PL., CARLSBAD, CA  92009 ","Area":0,"Shape_Length":388.15863272204393,"Shape_Area":8274.9451911839278}},{"type":"Feature","id":350,"geometry":{"type":"Polygon","coordinates":[[[-117.09524288760763,33.320229761643596],[-117.09521636303211,33.32007390542136],[-117.09375053942679,33.318676260001716],[-117.09397475887101,33.317894084550638],[-117.09360194273545,33.317744237269693],[-117.0934788652466,33.317721630834065],[-117.0933701544038,33.317741123648574],[-117.09327558423455,33.317779273940516],[-117.09311751947094,33.317892874125796],[-117.09275475778735,33.318207128629254],[-117.09241428533376,33.318516541997141],[-117.0922204385985,33.318684302775857],[-117.0920706563396,33.318788467725838],[-117.09185379600758,33.318886053949868],[-117.09166442748558,33.318938912125667],[-117.09153619246337,33.318960880062008],[-117.09140775565632,33.318961750320533],[-117.09125101318271,33.318922958791717],[-117.09096180325878,33.318756128071094],[-117.09065334162888,33.318910595914161],[-117.09044676966083,33.318916682913148],[-117.09038810247597,33.320949588453807],[-117.09148876292416,33.320707705845408],[-117.09366566703977,33.320589787336544],[-117.09426871930043,33.320290307090893],[-117.0946052108462,33.320633194025824],[-117.09466187425599,33.320578795834493],[-117.09473639179787,33.320522775743775],[-117.09483402439757,33.320454595815612],[-117.09496565374111,33.320390685800646],[-117.09524288760763,33.320229761643596]]]},"properties":{"OBJECTID":350,"Record_Num":"AWM2023-LCP-00001","Business_N":"NAVA FARMS","PRODUCER_L":"11070 SAN GABRIEL WAY, VALLEY CENTER, CA  92082","Area":23,"Shape_Length":4698.8046833339185,"Shape_Area":997181.54688237596}},{"type":"Feature","id":351,"geometry":{"type":"Polygon","coordinates":[[[-117.0901896543248,33.316794716337341],[-117.09039627556606,33.316189517132216],[-117.09034083442448,33.316176887063683],[-117.08968573998668,33.316166455532652],[-117.08968112986834,33.316608655061813],[-117.08985261239847,33.316722681533257],[-117.09008126780904,33.316799164602379],[-117.0901896543248,33.316794716337341]]]},"properties":{"OBJECTID":351,"Record_Num":"AWM2023-LCP-00002","Business_N":"NAVA FARMS","PRODUCER_L":"11165 SAN GABRIEL WAY, VALLEY CENTER, CA  92082","Area":1,"Shape_Length":782.86117234052813,"Shape_Area":39104.180038262464}},{"type":"Feature","id":352,"geometry":{"type":"Polygon","coordinates":[[[-117.0884570953958,33.328687013579994],[-117.08822138713285,33.329188431185493],[-117.08815806557938,33.329314430122345],[-117.08797586261959,33.32958403964232],[-117.08802562711561,33.329573855517765],[-117.08802416979675,33.330034296641095],[-117.08890700234305,33.330030798546254],[-117.08865432974173,33.328762009938252],[-117.0884570953958,33.328687013579994]]]},"properties":{"OBJECTID":352,"Record_Num":"AWM2023-LCP-00003","Business_N":"NAVA FARMS","PRODUCER_L":"11364 SAN ANTONIO WAY, VALLEY CENTER, CA  92082 ","Area":2,"Shape_Length":1345.7335699523039,"Shape_Area":90055.271945895613}},{"type":"Feature","id":353,"geometry":{"type":"Polygon","coordinates":[[[-116.9324067738433,33.013784408251247],[-116.9323977041781,33.013442294552739],[-116.93239126039749,33.013163202126265],[-116.93112809483689,33.013173757027253],[-116.93113713179483,33.013787801365574],[-116.9324067738433,33.013784408251247]]]},"properties":{"OBJECTID":353,"Record_Num":"AWM2023-LCP-00005","Business_N":"INDIAN IRON FARMS","PRODUCER_L":"18333 OLD CAROUSEL RANCH RD,  RAMONA, CA  92065 ","Area":2,"Shape_Length":1225.9612120277357,"Shape_Area":87231.674634050447}},{"type":"Feature","id":354,"geometry":{"type":"Polygon","coordinates":[[[-116.94778437903817,33.314926427640117],[-116.94772221565347,33.314975545878298],[-116.94762162703204,33.314968608006588],[-116.94739264172789,33.314829214749857],[-116.94717400530376,33.314586599392413],[-116.94651818538601,33.314430843068209],[-116.94588974222458,33.314346207795737],[-116.94547159029217,33.314297905838664],[-116.94440437205236,33.314099424679782],[-116.94363779282112,33.316317057554748],[-116.94500693985285,33.316553245526158],[-116.94592369089847,33.316649400456619],[-116.94629294040541,33.316446628344991],[-116.94758499080079,33.316538790673398],[-116.94850687068178,33.315597624701212],[-116.94822554330457,33.315338482309684],[-116.94780319191096,33.315044492382469],[-116.94786520470142,33.314976617936068],[-116.94778437903817,33.314926427640117]]]},"properties":{"OBJECTID":354,"Record_Num":"AWM2023-LCP-00008","Business_N":"HOPE RANCH SD, LLC","PRODUCER_L":"32859 RINCON RANCHO RD, PAUMA VALLEY, CA  92061","Area":22,"Shape_Length":4000.3265040693277,"Shape_Area":943545.74941861769}},{"type":"Feature","id":355,"geometry":{"type":"Polygon","coordinates":[[[-117.24371661106836,33.442665967456634],[-117.24415096053325,33.441220083003572],[-117.24145156848087,33.441027474758464],[-117.24146111813641,33.443194167772567],[-117.24371661106836,33.442665967456634]]]},"properties":{"OBJECTID":355,"Record_Num":"AWM2023-LCP-00009","Business_N":"BANTLE AVOCADO FARM","PRODUCER_L":"4184 East Sandia Creek, Fallbrook 92028 ","Area":11,"Shape_Length":2871.7588405703727,"Shape_Area":492763.0835813923}},{"type":"Feature","id":356,"geometry":{"type":"Polygon","coordinates":[[[-116.91791940567323,32.98082877323489],[-116.91902671424673,32.979834533170632],[-116.92010705926734,32.979844886970405],[-116.92075921426674,32.979663142374605],[-116.92038740244132,32.979302257710671],[-116.9202092358059,32.979128252813759],[-116.92016643165468,32.979060440706633],[-116.9177966954326,32.979351911749184],[-116.91791940567323,32.98082877323489]]]},"properties":{"OBJECTID":356,"Record_Num":"AWM2023-LCP-00010","Business_N":"ALIZA'S HONEY","PRODUCER_L":"BEE HIVES ","Area":6,"Shape_Length":2596.6974390153673,"Shape_Area":256277.67950856715}},{"type":"Feature","id":357,"geometry":{"type":"Polygon","coordinates":[[[-117.29773229683794,33.453237724774517],[-117.29339147886101,33.453257847639399],[-117.29331797967514,33.458004843288741],[-117.29347970381306,33.457921652473971],[-117.2935831806133,33.457866228217597],[-117.29460838424157,33.457601209527901],[-117.29482828652486,33.457484794100679],[-117.29505365317129,33.457281043764723],[-117.29543851956362,33.456808627844069],[-117.29524001873905,33.45653751517758],[-117.29541878225794,33.456246865295121],[-117.29587333626445,33.45561564974745],[-117.29603172261147,33.455254247365602],[-117.29614559859775,33.454980509572216],[-117.29623390043734,33.454745175389604],[-117.29629109856047,33.454630126598971],[-117.29699367744692,33.454602391766862],[-117.29728469767625,33.454447184554766],[-117.29774589934193,33.454372377542242],[-117.29773229683794,33.453237724774517]]]},"properties":{"OBJECTID":357,"Record_Num":"AWM2023-LCP-00011","Business_N":"BONITA FARMS","PRODUCER_L":"40879 DE LUZ MURRIETA RD, FALLBROOK, CA  92028 ","Area":32,"Shape_Length":5622.2086157233816,"Shape_Area":1415323.2097263539}},{"type":"Feature","id":358,"geometry":{"type":"Polygon","coordinates":[[[-117.17252944758759,33.391654936487797],[-117.17257204624053,33.391566651704785],[-117.16965600531725,33.391528827677554],[-117.16969367584888,33.391565940479744],[-117.1697184070172,33.391567116336745],[-117.16974643601267,33.391573707718521],[-117.16977331478414,33.391586425614292],[-117.16980312299512,33.391607960251591],[-117.16981254905349,33.39161808867923],[-117.16981220817787,33.391624209210399],[-117.16981892035983,33.391645914761142],[-117.16982111443158,33.391661874776801],[-117.16982055781004,33.391686013695775],[-117.16981232357985,33.391712248167025],[-117.16980157335547,33.391730343611563],[-117.16979716963229,33.391735475292073],[-117.16978738710638,33.391768520008142],[-117.16977447617985,33.391812465935914],[-117.16977152757445,33.391840360986848],[-117.16977470365397,33.391872630829134],[-117.16978187109588,33.391899091262488],[-117.1697955459247,33.391927884017235],[-117.16981653963214,33.391959001282359],[-117.16983292336043,33.3919755361661],[-117.16985950680392,33.391998794351515],[-117.16988316188248,33.392013235778521],[-117.16990311641065,33.392022605497615],[-117.16997793959538,33.392085957611826],[-117.1700499764341,33.392154088556751],[-117.17011722947254,33.392229733540944],[-117.17017306863688,33.392299004139467],[-117.17021709689935,33.392362583185999],[-117.17026701642754,33.392446854902751],[-117.17029887402386,33.392509164272589],[-117.17031466926456,33.392546778792145],[-117.17033475167902,33.392606796664907],[-117.17035039276425,33.39264906507259],[-117.17036217950373,33.392686156527198],[-117.17038090891438,33.392721072175341],[-117.17039514526458,33.392750179002917],[-117.17040292114079,33.392767117491147],[-117.17041656354127,33.392799946407152],[-117.1704342448112,33.39285558447132],[-117.17045201552777,33.392919719453481],[-117.17046159977211,33.392988163849218],[-117.1704661193282,33.393056645750256],[-117.17046370287385,33.393127835411491],[-117.17046150588384,33.393159719420645],[-117.17048587175415,33.39318875122202],[-117.17051205972169,33.393210333237676],[-117.17055671909094,33.393242401325935],[-117.17061402458737,33.393272782436078],[-117.17070357512252,33.393298675880452],[-117.17076571617822,33.393307244242443],[-117.1707723335054,33.39327426528444],[-117.17079066747806,33.39321145618419],[-117.17080547687925,33.393174698842984],[-117.17082590577678,33.393130463581272],[-117.17084823391792,33.393086214245045],[-117.17086996358236,33.393045156833658],[-117.17089740111305,33.393005118424867],[-117.17092299528512,33.392970405558813],[-117.17095613722719,33.392930856871487],[-117.17098241584584,33.39290091881179],[-117.17100304592398,33.392875802492107],[-117.17101737761567,33.39285392033544],[-117.1710418128575,33.392829306911743],[-117.17106684095715,33.392800972298424],[-117.1710868490873,33.392776922770885],[-117.17111063334859,33.392750720860064],[-117.17114194857784,33.392718089944779],[-117.1711707482326,33.39268707186347],[-117.17120140127965,33.39265178944332],[-117.17123583151937,33.392614355525232],[-117.1712595989101,33.392586560412497],[-117.1712846335386,33.392558756803695],[-117.17131154394225,33.39252881398788],[-117.1713359443695,33.392501014167451],[-117.17136722585811,33.392465196848562],[-117.17139227052272,33.392438454438924],[-117.17143294297431,33.392392475703318],[-117.17146424569003,33.392358782597555],[-117.17149866451126,33.392320286489571],[-117.17153619274846,33.392276455425439],[-117.17156439260076,33.39224862738812],[-117.17159378477726,33.392213886215501],[-117.1716488667834,33.392153459985998],[-117.17171587758544,33.392083385487972],[-117.17177969941575,33.392011210205744],[-117.17182414087394,33.391962546986655],[-117.17185420619737,33.391931519352262],[-117.17187925615781,33.391905307899563],[-117.1719143972623,33.391875303899418],[-117.17194833377232,33.391851151816205],[-117.17200430031953,33.391814619223155],[-117.17203007846449,33.391797431924211],[-117.17207162865107,33.391774816623837],[-117.17212139870227,33.391751077226779],[-117.17217245728988,33.391729453547654],[-117.17221220336671,33.391715880270304],[-117.17225005579698,33.391702852130145],[-117.17229929802791,33.391689209264612],[-117.17237701408327,33.391673760878916],[-117.17243201105205,33.39166538534429],[-117.17252944758759,33.391654936487797]]]},"properties":{"OBJECTID":358,"Record_Num":"AWM2023-LCP-00012","Business_N":"RANCHO LA PAZ DE MI CORAZON LLC","PRODUCER_L":"4113 N. MISSION RD, FALLBROOK, CA  92028","Area":6,"Shape_Length":2562.8127931365607,"Shape_Area":249517.94656834294}},{"type":"Feature","id":359,"geometry":{"type":"Polygon","coordinates":[[[-117.21864788604526,33.401045487598637],[-117.21689016565517,33.401048973929647],[-117.21699002409663,33.401597431506552],[-117.21864187594041,33.401600595635955],[-117.21864788604526,33.401045487598637]]]},"properties":{"OBJECTID":359,"Record_Num":"AWM2023-LCP-00013","Business_N":"GUTMAN GROVE","PRODUCER_L":"1402 RIVERVIEW DR., FALLBROOK, CA  92028 ","Area":2,"Shape_Length":1444.4595589887556,"Shape_Area":104462.49201624171}},{"type":"Feature","id":360,"geometry":{"type":"Polygon","coordinates":[[[-117.23479174501824,33.224989701230015],[-117.23478960394648,33.224094149884657],[-117.23272183207888,33.224088907320642],[-117.23272567558442,33.224608240294586],[-117.23403492815797,33.224616172050602],[-117.2340370587999,33.22498237335072],[-117.23479174501824,33.224989701230015]]]},"properties":{"OBJECTID":360,"Record_Num":"AWM2023-LCP-00016","Business_N":"VISTA ORCHIDS INC.","PRODUCER_L":"1634 ANZA AVE., VISTA, CA  92084","Area":3,"Shape_Length":1911.621832246858,"Shape_Area":151140.24415278857}},{"type":"Feature","id":361,"geometry":{"type":"Polygon","coordinates":[[[-116.96160242319502,32.660306706610235],[-116.96144093758696,32.660394843880226],[-116.96161097177493,32.660599666975386],[-116.96171427172835,32.660540351915628],[-116.96172431305429,32.66050715638643],[-116.96161438262591,32.660340938338805],[-116.96160242319502,32.660306706610235]]]},"properties":{"OBJECTID":361,"Record_Num":"AWM2023-LCP-00017","Business_N":"ROLLING HILLS MUSHROOM FARM","PRODUCER_L":"2534 SADDLEHORN DR., CHULA VISTA, CA  91914","Area":0,"Shape_Length":283.39430406830513,"Shape_Area":4653.8755036437487}},{"type":"Feature","id":362,"geometry":{"type":"Polygon","coordinates":[[[-117.18001494411877,33.349591189611694],[-117.17969881650072,33.350030504134125],[-117.18021940867435,33.35052093180024],[-117.18050665976538,33.350333408434366],[-117.1811750131077,33.350376951078097],[-117.1810751939995,33.349892201319584],[-117.18001494411877,33.349591189611694]]]},"properties":{"OBJECTID":362,"Record_Num":"AWM2023-LCP-00018","Business_N":"CONTRERAS, ARMAND","PRODUCER_L":"2259 WILT RD, FALLBROOK, CA  92028","Area":2,"Shape_Length":1262.3681280950866,"Shape_Area":91542.276689642938}},{"type":"Feature","id":363,"geometry":{"type":"Polygon","coordinates":[[[-116.5649731578179,32.865305757038051],[-116.56497530775782,32.864644062677115],[-116.56494723130015,32.86003140202768],[-116.56471014607287,32.860041769060281],[-116.56473698074116,32.86107651446315],[-116.55625270730843,32.861122243914522],[-116.55635043336871,32.866733643478533],[-116.56384832128698,32.866655238949882],[-116.5649731578179,32.865305757038051]]]},"properties":{"OBJECTID":363,"Record_Num":"AWM2023-LCP-00020","Business_N":"MUELLER'S MUSHROOMS","PRODUCER_L":"26930 OLD HWY 80, GUATAY, CA  91931","Area":123,"Shape_Length":9918.678739493138,"Shape_Area":5354940.1970977401}},{"type":"Feature","id":364,"geometry":{"type":"Polygon","coordinates":[[[-116.65569699841041,32.808380088357879],[-116.65642315788553,32.804520035276369],[-116.65716452428215,32.800539376350258],[-116.65715923623672,32.800391619795271],[-116.65697638677311,32.795264104172261],[-116.65645908198347,32.796341823479608],[-116.65631244833548,32.79649396837543],[-116.65603705678656,32.796681535835354],[-116.65553199175497,32.796986520379185],[-116.65496264166312,32.797330602011648],[-116.65397513864919,32.797858821408248],[-116.6529325142929,32.79841832376448],[-116.65195522037851,32.798928761376594],[-116.65128204375952,32.799289340727086],[-116.65067643388721,32.799604899010568],[-116.65035879146481,32.799740325649275],[-116.6497469880198,32.799991189665214],[-116.64856452553637,32.8004703762414],[-116.64895342663844,32.800451698050288],[-116.64827437870851,32.804217747959235],[-116.64977070842306,32.804176454564598],[-116.64977424991561,32.808125979125229],[-116.65192563932297,32.808137222444408],[-116.65186199407719,32.808380477895959],[-116.65569699841041,32.808380088357879]]]},"properties":{"OBJECTID":364,"Record_Num":"AWM2023-LCP-00021","Business_N":"JAPATUL RANCH LLC","PRODUCER_L":"23137 JAPATUL VALLEY RD, ALPINE, CA  91901 ","Area":191,"Shape_Length":13427.426222822494,"Shape_Area":8303680.7739439113}},{"type":"Feature","id":365,"geometry":{"type":"Polygon","coordinates":[[[-117.12114951679503,33.277978549212961],[-117.12113319263878,33.276757488935239],[-117.12110651478274,33.274915386491912],[-117.12104806727287,33.274919306115251],[-117.12030336251539,33.275229823421441],[-117.11960927298909,33.276010204073927],[-117.11937085435532,33.276822481872081],[-117.11835883875824,33.277984067046461],[-117.12114951679503,33.277978549212961]]]},"properties":{"OBJECTID":365,"Record_Num":"AWM2023-LCP-00023","Business_N":"RODRIGUEZ FAMILY FARMS, INC./J R ORGANICS","PRODUCER_L":"9995 W. LILAC RD, ESCONDIDO, CA  92026  ","Area":13,"Shape_Length":3422.1539047648007,"Shape_Area":556923.41355848615}},{"type":"Feature","id":366,"geometry":{"type":"Polygon","coordinates":[[[-116.87423310259349,33.022706273359027],[-116.87436226106352,33.022657317730982],[-116.87443865212026,33.022556160840125],[-116.8751445088036,33.022555929416413],[-116.87514241054173,33.021991910839809],[-116.8743638669584,33.021988032853102],[-116.8743580778235,33.022477345093925],[-116.87426315182415,33.022596241144981],[-116.87423310259349,33.022706273359027]]]},"properties":{"OBJECTID":366,"Record_Num":"AWM2023-LCP-00024","Business_N":"PICCOLI","PRODUCER_L":"1666 HANSON LN, RAMONA, CA  92065 ","Area":1,"Shape_Length":1018.5129697582644,"Shape_Area":51553.796609336787}},{"type":"Feature","id":367,"geometry":{"type":"Polygon","coordinates":[[[-116.89157080961706,33.045548397649853],[-116.89158312468535,33.044871286445947],[-116.89055724749211,33.044864137971643],[-116.89057211033999,33.045549415932093],[-116.89157080961706,33.045548397649853]]]},"properties":{"OBJECTID":367,"Record_Num":"AWM2023-LCP-00026","Business_N":"BUGGELN, KENNETH","PRODUCER_L":"846 JAMES ST., RAMONA, CA  92065 ","Area":2,"Shape_Length":1116.1929590399718,"Shape_Area":76884.198537766628}},{"type":"Feature","id":368,"geometry":{"type":"Polygon","coordinates":[[[-117.08972002582055,32.926760961284998],[-117.08971646136141,32.926738828950789],[-117.0897182918081,32.926696387153996],[-117.08971753906739,32.926676121251035],[-117.08971235561351,32.926660127206397],[-117.08969761997625,32.926639013061191],[-117.08967684815909,32.926629725595383],[-117.08965780787472,32.92662608385502],[-117.08940509437534,32.926621199252644],[-117.08938453066129,32.92663359616337],[-117.08936732432201,32.926646441883875],[-117.08936249985871,32.92666816047717],[-117.08936351683023,32.926774697234812],[-117.08972002582055,32.926760961284998]]]},"properties":{"OBJECTID":368,"Record_Num":"AWM2023-LCP-00028","Business_N":"DTR FARM","PRODUCER_L":"11455 Roxboro Ct. San Diego, CA 92131","Area":0,"Shape_Length":307.79577608620787,"Shape_Area":5553.3712804507013}},{"type":"Feature","id":369,"geometry":{"type":"Polygon","coordinates":[[[-117.2560096740421,33.298024485894423],[-117.25578119602622,33.297850464300097],[-117.2556654344818,33.297736880357647],[-117.25561652232778,33.297718870688392],[-117.2551417689841,33.297941533821856],[-117.25500372377363,33.298008092522721],[-117.25487771198313,33.298062284013476],[-117.25473189176034,33.298088004361318],[-117.2547789247925,33.298791116132492],[-117.25537129388633,33.298630898221951],[-117.2560096740421,33.298024485894423]]]},"properties":{"OBJECTID":369,"Record_Num":"AWM2023-LCP-00030","Business_N":"THE BULLDOG KITCHEN","PRODUCER_L":"433 LEMONWOOD DR., FALLBROOK, CA  92028 ","Area":2,"Shape_Length":1209.4502730031136,"Shape_Area":85743.914700934998}},{"type":"Feature","id":370,"geometry":{"type":"Polygon","coordinates":[[[-117.2192446422068,33.343499548268191],[-117.21924207900352,33.342352077746163],[-117.21903404683535,33.342577237682292],[-117.21879318576917,33.343503069923337],[-117.2192446422068,33.343499548268191]]]},"properties":{"OBJECTID":370,"Record_Num":"AWM2023-LCP-00031","Business_N":"DEL CAMPO FARMERS","PRODUCER_L":"1921 WINTERWARM DR., FALLBROOK, CA  92028  ","Area":1,"Shape_Length":1003.889593667384,"Shape_Area":36471.227776566782}},{"type":"Feature","id":371,"geometry":{"type":"Polygon","coordinates":[[[-117.01157572019311,32.804862077159882],[-117.01148759866507,32.804550977488525],[-117.01131935136979,32.8045790706974],[-117.01140627747039,32.804889176033221],[-117.01157572019311,32.804862077159882]]]},"properties":{"OBJECTID":371,"Record_Num":"AWM2023-LCP-00032","Business_N":"BZ QUAIL FARM","PRODUCER_L":"8624 VERLANE DR., SAN DIEGO, CA  92117","Area":0,"Shape_Length":338.02590148969728,"Shape_Area":6133.3244340260217}},{"type":"Feature","id":372,"geometry":{"type":"Polygon","coordinates":[[[-116.86968114228539,33.039836037333728],[-116.86957022047227,33.039688515329765],[-116.86953584630402,33.039711163558039],[-116.86951685249096,33.039688782424008],[-116.86932182385024,33.039794787557966],[-116.86945163448407,33.039967599490396],[-116.86949366000681,33.039943697482585],[-116.86950479381744,33.039955487616979],[-116.86954292091707,33.039948527619067],[-116.86956086036207,33.039928130273438],[-116.86954821484008,33.039906775085335],[-116.86968114228539,33.039836037333728]]]},"properties":{"OBJECTID":372,"Record_Num":"AWM2023-LCP-00034","Business_N":"MAMMA RAMONA'S","PRODUCER_L":"1130 D STREET, STE 1, RAMONA, CA  92065 ","Area":0,"Shape_Length":331.53831107227563,"Shape_Area":6234.3114642905266}},{"type":"Feature","id":373,"geometry":{"type":"Polygon","coordinates":[[[-116.68270414158346,32.768799945604158],[-116.68271133627387,32.76851077613977],[-116.68275133746683,32.766969022619051],[-116.68112451471917,32.765645903068894],[-116.6809552792969,32.765946778193644],[-116.67987168440123,32.766402164784736],[-116.67978549808316,32.76651832193253],[-116.67975741604978,32.768793007851691],[-116.68270414158346,32.768799945604158]]]},"properties":{"OBJECTID":373,"Record_Num":"AWM2023-LCP-00035","Business_N":"CHILDREN'S NATURE RETREAT FOUNDATION","PRODUCER_L":"5178 JAPATUL SPUR, ALPINE, CA  91901 ","Area":19,"Shape_Length":3637.1396410594957,"Shape_Area":848734.24630129116}},{"type":"Feature","id":374,"geometry":{"type":"Polygon","coordinates":[[[-117.05985549867562,33.210873217215891],[-117.05980661903139,33.209638383402122],[-117.05875256007873,33.209685757734469],[-117.05875420528058,33.21073416413882],[-117.05934319013777,33.210752820927972],[-117.05946918153965,33.210774497383412],[-117.05985549867562,33.210873217215891]]]},"properties":{"OBJECTID":374,"Record_Num":"AWM2023-LCP-00036","Business_N":"AVOCADO BLISS RETREAT","PRODUCER_L":"13030 ORCHARD VISTA RD, VALLEY CENTER, CA  92082 ","Area":3,"Shape_Length":1496.9849367238744,"Shape_Area":133150.0725532659}},{"type":"Feature","id":375,"geometry":{"type":"Polygon","coordinates":[[[-117.25409462660147,33.180883846206342],[-117.25401676602362,33.180890126058436],[-117.25398374266649,33.181467763540184],[-117.25350859227942,33.18151228532529],[-117.25398897836219,33.182101020124833],[-117.25438670512671,33.181866173227483],[-117.25436223178353,33.181606498090545],[-117.25404336853491,33.181453156909974],[-117.25409462660147,33.180883846206342]]]},"properties":{"OBJECTID":375,"Record_Num":"AWM2023-LCP-00037","Business_N":"RG SUCCULENTS","PRODUCER_L":"1235 RIDGE RD, VISTA, CA  92081 ","Area":1,"Shape_Length":1204.0177610207468,"Shape_Area":41238.994632082991}},{"type":"Feature","id":376,"geometry":{"type":"Polygon","coordinates":[[[-117.22240431610625,33.345964696638283],[-117.22344015160822,33.346519139551042],[-117.22628646311225,33.346489367839162],[-117.22628698553576,33.347230308559972],[-117.22807615663393,33.347255231943329],[-117.22809807942389,33.343673825354649],[-117.22581370941775,33.343678791836858],[-117.22395361358085,33.34492829729475],[-117.22315902223559,33.345201005286683],[-117.22240431610625,33.345964696638283]]]},"properties":{"OBJECTID":376,"Record_Num":"AWM2023-LCP-00039","Business_N":"NAVINAR GAM","PRODUCER_L":"1653 WINTER HAVEN RD., FALLBROOK, CA  92028","Area":34,"Shape_Length":5412.1221951876514,"Shape_Area":1491216.9818061402}},{"type":"Feature","id":377,"geometry":{"type":"Polygon","coordinates":[[[-117.2483513302317,33.023267533069351],[-117.24832702516404,33.023232485394168],[-117.24850476474587,33.023095108369368],[-117.24885527488057,33.023434654803502],[-117.24909772228341,33.023206125878765],[-117.24910013078338,33.021841643529612],[-117.24796467606178,33.021850804487052],[-117.24761045765838,33.022236314036604],[-117.24705361856978,33.022673803856357],[-117.24703964991977,33.024602291153329],[-117.24792485017782,33.024131944223718],[-117.24860144735692,33.023713623889712],[-117.24866604079547,33.023612404141069],[-117.2483513302317,33.023267533069351]]]},"properties":{"OBJECTID":377,"Record_Num":"AWM2023-LCP-00040","Business_N":"BURTECH FAMILY VINEYARD","PRODUCER_L":"3902 MANCHESTER AVE., VISTA, CA  92081 ","Area":10,"Shape_Length":3099.0454706275432,"Shape_Area":432124.84804163233}},{"type":"Feature","id":378,"geometry":{"type":"Polygon","coordinates":[[[-116.79682748335017,33.171349858871309],[-116.79681906113792,33.168330880668236],[-116.79268846189315,33.168357781928044],[-116.79268628240335,33.171368055165345],[-116.79682748335017,33.171349858871309]]]},"properties":{"OBJECTID":378,"Record_Num":"AWM2023-LCP-00041","Business_N":"QUESTA FARMS","PRODUCER_L":"25208 BLACK CANYON RD, SANTA YSABEL, CA  92070","Area":32,"Shape_Length":4725.0183405231892,"Shape_Area":1388219.6533877791}},{"type":"Feature","id":379,"geometry":{"type":"Polygon","coordinates":[[[-117.08352527703782,33.309544359767983],[-117.08330719340711,33.308616099000766],[-117.08066188826974,33.308640646188103],[-117.08071937920541,33.310609974623574],[-117.08204574307076,33.310167206207737],[-117.08352527703782,33.309544359767983]]]},"properties":{"OBJECTID":379,"Record_Num":"AWM2023-LCP-00042","Business_N":"DON FELIPE'S FUYU KING PERSIMMONS","PRODUCER_L":"32829 LILAC RD, VALLEY CENTER, CA  92082 ","Area":10,"Shape_Length":2811.0034468025874,"Shape_Area":456827.5304208881}},{"type":"Feature","id":380,"geometry":{"type":"Polygon","coordinates":[[[-117.08981504342832,33.302675418580911],[-117.08969737752045,33.300847852305388],[-117.08776146232809,33.300852304815933],[-117.08777184602646,33.30113252663871],[-117.08788742179846,33.301136058699591],[-117.08795444281014,33.301163634960709],[-117.08802440368214,33.301230001571298],[-117.08821929273827,33.301472324562447],[-117.08835592455509,33.301529616081282],[-117.08852589127632,33.301582370383876],[-117.08865221187062,33.301635419266745],[-117.08875546710016,33.301692936684731],[-117.0888795316157,33.301778341982832],[-117.08908386810243,33.301934355445297],[-117.08927265567429,33.302075381860931],[-117.08938924556548,33.3021845537845],[-117.08971391944874,33.30257261038382],[-117.08981504342832,33.302675418580911]]]},"properties":{"OBJECTID":380,"Record_Num":"AWM2010-LCP-00017","Business_N":"BEHNEMAN FAMILY FARMS","PRODUCER_L":"32140 COUSER CANYON VALLEY CENTER CA 92082","Area":5,"Shape_Length":2224.3417721311507,"Shape_Area":201923.45017773015}},{"type":"Feature","id":381,"geometry":{"type":"Polygon","coordinates":[[[-117.00789626177652,33.066152093948084],[-117.00790560595296,33.064070731358733],[-117.00550190665865,33.064047090156237],[-117.0055518782406,33.066151088747148],[-117.00789626177652,33.066152093948084]]]},"properties":{"OBJECTID":381,"Record_Num":"AWM2010-LCP-00099","Business_N":"S L WHITE FARMS","PRODUCER_L":"15243 HIGHLAND VALLEY RD ESCONDIDO CA 92025","Area":13,"Shape_Length":2977.7155426138788,"Shape_Area":553778.11935855565}},{"type":"Feature","id":382,"geometry":{"type":"Polygon","coordinates":[[[-117.31793904713589,33.416817811586512],[-117.31586541586255,33.41678610803077],[-117.31560916991654,33.41694917488006],[-117.31540350842471,33.417025184632365],[-117.31524835892861,33.41700795248039],[-117.31493730443326,33.416911620044949],[-117.31481166327598,33.416894134591487],[-117.3145982480972,33.416939272854457],[-117.31436315297647,33.41702172040192],[-117.31409726716575,33.416999247279179],[-117.31370589206129,33.416971659801632],[-117.31354613656748,33.420215176461703],[-117.31778879125623,33.420222123788974],[-117.31793904713589,33.416817811586512]]]},"properties":{"OBJECTID":382,"Record_Num":"AWM2010-LCP-00210","Business_N":"PAK, YOUNG JAE","PRODUCER_L":"39085 DE LUZ RD FALLBROOK CA 92028","Area":36,"Shape_Length":5049.0383241842601,"Shape_Area":1568180.9679582717}},{"type":"Feature","id":383,"geometry":{"type":"Polygon","coordinates":[[[-116.79571858038018,33.059217313872914],[-116.79563805272872,33.055073916267027],[-116.79474274600518,33.054970228450195],[-116.79394847874676,33.054966033369936],[-116.79403757976806,33.059032515043583],[-116.79571858038018,33.059217313872914]]]},"properties":{"OBJECTID":383,"Record_Num":"AWM2011-LCP-00036","Business_N":"EULERT FARMS","PRODUCER_L":"18898 OLD JULIAN TR RAMONA CA 92065","Area":18,"Shape_Length":4027.306965007715,"Shape_Area":774232.76895310648}},{"type":"Feature","id":384,"geometry":{"type":"Polygon","coordinates":[[[-117.06610503423332,32.70942999362844],[-117.06609161661997,32.708846950403682],[-117.06582086413459,32.708882645219234],[-117.06458431697561,32.709247478582711],[-117.0646485751308,32.709605068932682],[-117.06610503423332,32.70942999362844]]]},"properties":{"OBJECTID":384,"Record_Num":"AWM2011-LCP-00038","Business_N":"SECOND CHANCE SD HQ LLC","PRODUCER_L":"6145 IMPERIAL AVE SAN DIEGO CA 92114","Area":2,"Shape_Length":1283.471295419974,"Shape_Area":82313.930515763888}},{"type":"Feature","id":385,"geometry":{"type":"Polygon","coordinates":[[[-117.1370910501082,32.977449561583029],[-117.13709022852377,32.977197006291746],[-117.13690717289731,32.977198318896576],[-117.13690800864302,32.977452329487122],[-117.1370910501082,32.977449561583029]]]},"properties":{"OBJECTID":385,"Record_Num":"AWM2011-LCP-00042","Business_N":"RFB FAMILY FARM","PRODUCER_L":"8918 DONAKER ST SAN DIEGO CA 92129 ","Area":0,"Shape_Length":296.59747015673929,"Shape_Area":5173.5183869399434}},{"type":"Feature","id":386,"geometry":{"type":"Polygon","coordinates":[[[-116.86103828208412,33.075747281619883],[-116.86103297075169,33.074984248742084],[-116.85919282349236,33.075004946496328],[-116.85920078511829,33.075754007807788],[-116.86103828208412,33.075747281619883]]]},"properties":{"OBJECTID":386,"Record_Num":"AWM2012-LCP-00059","Business_N":"PAGE'S ORGANICS","PRODUCER_L":"1914 PAMO RD RAMONA CA 92065","Area":4,"Shape_Length":1676.8294446639161,"Shape_Area":154964.77412458128}},{"type":"Feature","id":387,"geometry":{"type":"Polygon","coordinates":[[[-117.2908767927365,33.069884334484811],[-117.28951621047447,33.069878324740912],[-117.28952574597756,33.070355632227916],[-117.2908759284459,33.070357369415191],[-117.2908767927365,33.069884334484811]]]},"properties":{"OBJECTID":387,"Record_Num":"AWM2014-LCP-00028","Business_N":"DASSI FAMILY FARM","PRODUCER_L":"1168 Urania Ave, Encinitas, CA  92024","Area":2,"Shape_Length":1176.2584294499773,"Shape_Area":71786.4384967722}},{"type":"Feature","id":388,"geometry":{"type":"Polygon","coordinates":[[[-117.02652287630852,33.137988794687168],[-117.02489435291365,33.138891947661776],[-117.02586850206376,33.14012891614194],[-117.02652287630852,33.137988794687168]]]},"properties":{"OBJECTID":388,"Record_Num":"AWM2015-LCP-00053","Business_N":"BERNARD, VINCENT& VICKI","PRODUCER_L":"End of White Hawk Rd., Escondido, CA  92027  ","Area":4,"Shape_Length":1941.0127793565257,"Shape_Area":161179.21015817334}},{"type":"Feature","id":389,"geometry":{"type":"Polygon","coordinates":[[[-117.04643251876769,33.083511086087306],[-117.04596794779991,33.083957257357326],[-117.0461407139094,33.084256478702883],[-117.04657248707753,33.084431808278602],[-117.04661035819585,33.08442988569162],[-117.04664011583725,33.084412906895203],[-117.04700219974366,33.083880099472104],[-117.04700592823627,33.083851536814969],[-117.04699375092126,33.083828112641662],[-117.0469597000333,33.083811545260772],[-117.04673554829837,33.083722335299633],[-117.04660937779639,33.083662713340111],[-117.04654518879502,33.083621157242007],[-117.04643251876769,33.083511086087306]]]},"properties":{"OBJECTID":389,"Record_Num":"AWM2016-LCP-00019","Business_N":"HERITAGE FAMILY FARMS","PRODUCER_L":"3048 MARY LANE, ESCONDIDO, CA  92025  ","Area":1,"Shape_Length":959.48037113464386,"Shape_Area":60510.144053419259}},{"type":"Feature","id":390,"geometry":{"type":"Polygon","coordinates":[[[-117.06810950684128,33.282249066368522],[-117.06809168610533,33.278617883112815],[-117.06389651451424,33.278537266123848],[-117.06390611002485,33.282168501908622],[-117.06810950684128,33.282249066368522]]]},"properties":{"OBJECTID":390,"Record_Num":"AWM2016-LCP-00067","Business_N":"VALLEY CENTER GROWERS, INC.","PRODUCER_L":"31533 Laurel Ridge Dr., Valley Center, CA 92082","Area":39,"Shape_Length":5209.9260212063473,"Shape_Area":1695530.9393491268}},{"type":"Feature","id":391,"geometry":{"type":"Polygon","coordinates":[[[-116.75373208518356,33.361367183711977],[-116.75196149989674,33.361421848710201],[-116.75205561129219,33.365139965889554],[-116.75382639006817,33.365105656239173],[-116.75373208518356,33.361367183711977]]]},"properties":{"OBJECTID":391,"Record_Num":"AWM2017-LCP-00014","Business_N":"LA BAHN RANCH","PRODUCER_L":"26600 PARADISE VALLEY RD, WARNER SPRINGS, CA  92086 ","Area":17,"Shape_Length":3795.5789619677671,"Shape_Area":733891.06934497843}},{"type":"Feature","id":392,"geometry":{"type":"Polygon","coordinates":[[[-117.32065574941674,33.127809004512606],[-117.31843485426373,33.128604871770698],[-117.31872032812315,33.129202489076881],[-117.31878374138761,33.129425375604448],[-117.31881086973131,33.12957622566357],[-117.31882561345151,33.129748460927097],[-117.31882745403608,33.129899529093699],[-117.31881863524653,33.130006001608571],[-117.31905920903625,33.130031589964439],[-117.32029672883965,33.132535109875853],[-117.32084475773652,33.132610726784762],[-117.3213647693435,33.133573167325956],[-117.32126926178137,33.133970301010443],[-117.32024059211945,33.134567521184522],[-117.32102893945489,33.134703708319691],[-117.32106434729226,33.134687059140923],[-117.32106563298632,33.134659810941166],[-117.32125968994627,33.134644514559113],[-117.32131807311522,33.134653543054164],[-117.32135935113185,33.134719917739623],[-117.32231794611836,33.134879138563328],[-117.32253234101064,33.13493856733038],[-117.32263622664405,33.134962182008813],[-117.32281464808958,33.134991961309133],[-117.32285355864261,33.134997071869293],[-117.32288577976088,33.134984535546543],[-117.3229017487555,33.13496669340725],[-117.32292072100942,33.134929757946921],[-117.32298992404102,33.134632268603042],[-117.32308807318385,33.134451650313522],[-117.32324931082134,33.134267762308539],[-117.32341737162275,33.134112413706958],[-117.32348757040727,33.134028730902735],[-117.32353217230899,33.1339697836422],[-117.32358116214756,33.133872666415513],[-117.32360605887516,33.133790737629703],[-117.32362262905519,33.133689814558309],[-117.3236231639504,33.133601287780245],[-117.32360077306879,33.133491169042955],[-117.32357217609872,33.133402894646558],[-117.32326694087934,33.13279814008181],[-117.32325200849787,33.132768307248597],[-117.32316225800002,33.132709162012311],[-117.32307963455285,33.132570966057095],[-117.32302647713347,33.132459752001708],[-117.32298324760987,33.132366156751694],[-117.32297710947367,33.132261344588663],[-117.32298330010433,33.132238138775222],[-117.32255800743175,33.131387430468898],[-117.32252976296559,33.131365013267768],[-117.3224827251188,33.131330556348878],[-117.32243763091653,33.131285623292207],[-117.32236973011483,33.131154599045722],[-117.32229645858469,33.131007931837132],[-117.32227705808235,33.130946215902775],[-117.3222795149096,33.130893027064857],[-117.32228834801242,33.130852856499168],[-117.32200610242793,33.130305316476651],[-117.32185003795426,33.129995503459995],[-117.32183844116346,33.129979043286511],[-117.32177371039228,33.129937765972841],[-117.32173589016649,33.12989451281603],[-117.32159486069531,33.129628150610309],[-117.32158302979279,33.129592516904239],[-117.32157290944902,33.129527234473052],[-117.32158247983469,33.129462652845298],[-117.32145732840583,33.1292273904007],[-117.32125209513079,33.128871039972758],[-117.32114854543865,33.128697893594655],[-117.32108487786647,33.128587435944354],[-117.3210483797707,33.128530296054244],[-117.321005682739,33.128460936127304],[-117.32091866391941,33.128290854173308],[-117.32065574941674,33.127809004512606]]]},"properties":{"OBJECTID":392,"Record_Num":"AWM2017-LCP-00020","Business_N":"CB RANCH ENTERPRISES","PRODUCER_L":"5704 PASEO DEL NORTE, CARLSBAD, CA  92008 ","Area":44,"Shape_Length":7156.0080270604331,"Shape_Area":1937037.7576739765}},{"type":"Feature","id":393,"geometry":{"type":"Polygon","coordinates":[[[-117.0339844287825,33.277931096316095],[-117.03398310213755,33.277782899864015],[-117.03384453313458,33.277729002812585],[-117.03382521181378,33.277713015893234],[-117.03269362116009,33.277707269112803],[-117.03267527287645,33.27822932389288],[-117.03362267778103,33.278226569313659],[-117.03363363641216,33.278165284411905],[-117.03354928319693,33.278169038690372],[-117.03356748147461,33.278059381317846],[-117.03360909590938,33.277994681113718],[-117.03365858296291,33.277952484591673],[-117.03367758719422,33.277933033900929],[-117.03371213605206,33.277936037561503],[-117.0339844287825,33.277931096316095]]]},"properties":{"OBJECTID":393,"Record_Num":"AWM2017-LCP-00023","Business_N":"S L WHITE FARMS","PRODUCER_L":"13738 CRYSTALLITE LN, VALLEY CENTER, CA  92082","Area":1,"Shape_Length":1174.2937753787596,"Shape_Area":61433.904378358791}},{"type":"Feature","id":394,"geometry":{"type":"Polygon","coordinates":[[[-117.10085385045608,33.181837366357229],[-117.09916477779062,33.181844699379646],[-117.09919060930005,33.182426263609656],[-117.10065759999553,33.182428946504224],[-117.10085385045608,33.181837366357229]]]},"properties":{"OBJECTID":394,"Record_Num":"AWM2017-LCP-00024","Business_N":"SAGE HILL RANCH & GARDENS","PRODUCER_L":"610 Calle Ricardo, Escondido CA 92026","Area":2,"Shape_Length":1400.856324103012,"Shape_Area":103023.39614751046}},{"type":"Feature","id":395,"geometry":{"type":"Polygon","coordinates":[[[-117.11093024631771,32.729612300573926],[-117.11134946104654,32.7296171605011],[-117.11159917266288,32.728303341246594],[-117.11183167245201,32.728056433374306],[-117.11184895406328,32.727939510458775],[-117.1118527226799,32.727853829803756],[-117.11187533274223,32.727810843760963],[-117.11150915026106,32.727575904675319],[-117.11143024261754,32.727514161874822],[-117.11133313971375,32.727475905611904],[-117.11101537675465,32.727482017797833],[-117.11094665788215,32.728934734371286],[-117.11087783554481,32.728962468843058],[-117.11093024631771,32.729612300573926]]]},"properties":{"OBJECTID":395,"Record_Num":"AWM2017-LCP-00032","Business_N":"SECOND CHANCE SD HQ LLC","PRODUCER_L":"3850 Westgate Place, San Diego, CA  92105 ","Area":3,"Shape_Length":1913.6801671851001,"Shape_Area":146023.54588374545}},{"type":"Feature","id":396,"geometry":{"type":"Polygon","coordinates":[[[-117.17934050570857,33.192217691898982],[-117.1792964805858,33.191302306142909],[-117.17818687203209,33.19131061662808],[-117.17821872627637,33.192374224421329],[-117.17934050570857,33.192217691898982]]]},"properties":{"OBJECTID":396,"Record_Num":"AWM2017-LCP-00044","Business_N":"JOSE ZAMORA","PRODUCER_L":"Via Paradiso Vista, CA 92084","Area":3,"Shape_Length":1407.8085875108586,"Shape_Area":123234.5755485535}},{"type":"Feature","id":397,"geometry":{"type":"Polygon","coordinates":[[[-117.20178715414016,33.39429661502389],[-117.20175757666584,33.392238152269684],[-117.20063640124518,33.392740336602515],[-117.200397714903,33.392567594913139],[-117.20002315322436,33.392438027755723],[-117.19976470683221,33.392427963416189],[-117.19924096630595,33.392437984113542],[-117.19915531797707,33.392480775452363],[-117.19910745140751,33.393359996488421],[-117.20178715414016,33.39429661502389]]]},"properties":{"OBJECTID":397,"Record_Num":"AWM2017-LCP-00060","Business_N":"ELI'S FARMS","PRODUCER_L":"2929 EAST MISSION RD, FALLBROOK, CA  92028  ","Area":9,"Shape_Length":2832.4987466104594,"Shape_Area":393910.57724124519}},{"type":"Feature","id":398,"geometry":{"type":"Polygon","coordinates":[[[-117.33419283816467,33.162713081240419],[-117.33408032719237,33.162563421517305],[-117.33402237013604,33.162603141397128],[-117.33392957495255,33.162475516267392],[-117.33370058433447,33.162590326869854],[-117.33389860126958,33.162864545943322],[-117.33419283816467,33.162713081240419]]]},"properties":{"OBJECTID":398,"Record_Num":"AWM2017-LCP-00062","Business_N":"MALDONADO GROWERS","PRODUCER_L":"3319 James Drive Carlsbad CA 92008","Area":0,"Shape_Length":445.62886584139716,"Shape_Area":10961.906749881946}},{"type":"Feature","id":399,"geometry":{"type":"Polygon","coordinates":[[[-116.91452593278278,32.792155515525067],[-116.91433743293379,32.791347260227177],[-116.91358258791222,32.791722095031716],[-116.91371711839268,32.792285151981069],[-116.91452593278278,32.792155515525067]]]},"properties":{"OBJECTID":399,"Record_Num":"AWM2018-LCP-00002","Business_N":"BRADFORD FARMS","PRODUCER_L":"640 Bradford Road El Cajon CA  92019 ","Area":1,"Shape_Length":1030.830844909769,"Shape_Area":64497.253187376322}},{"type":"Feature","id":400,"geometry":{"type":"Polygon","coordinates":[[[-117.24418160537456,33.44642403746321],[-117.24416039840574,33.446161485246186],[-117.24412735693896,33.445819601087329],[-117.24425845755037,33.445491678572154],[-117.24400242383912,33.445408187835397],[-117.2437577049789,33.445358210458998],[-117.24354272561044,33.445359928034918],[-117.2432407147991,33.445398998646262],[-117.24296053049915,33.445434840228273],[-117.24253792823637,33.445444323411721],[-117.242738676998,33.446435563378813],[-117.24418160537456,33.44642403746321]]]},"properties":{"OBJECTID":400,"Record_Num":"AWM2018-LCP-00009","Business_N":"ÁRVORE DE LUZ","PRODUCER_L":"4106 ROCK MOUNTAIN ROAD, FALLBROOK, CA 92028 ","Area":4,"Shape_Length":1687.2616704331922,"Shape_Area":174733.3994260632}},{"type":"Feature","id":401,"geometry":{"type":"Polygon","coordinates":[[[-117.03706933755583,33.276380720680628],[-117.03707341332135,33.275723123892483],[-117.03603855790929,33.275457929669884],[-117.03571941369593,33.276390951023821],[-117.03706933755583,33.276380720680628]]]},"properties":{"OBJECTID":401,"Record_Num":"AWM2018-LCP-00017","Business_N":"S L WHITE FARMS","PRODUCER_L":"31039 STARDUST LANE, VALLEY CENTER, CA  92082","Area":2,"Shape_Length":1335.7721924908915,"Shape_Area":107750.78339461956}},{"type":"Feature","id":402,"geometry":{"type":"Polygon","coordinates":[[[-116.96489785455934,32.858685004958446],[-116.96489390562409,32.858421301786322],[-116.96469882874686,32.858420143758913],[-116.96469828598431,32.858686922568211],[-116.96489785455934,32.858685004958446]]]},"properties":{"OBJECTID":402,"Record_Num":"AWM2018-LCP-00025","Business_N":"HANKINS, ANDREA","PRODUCER_L":"10731 2ND STREET, SANTEE, CA  92071 ","Area":0,"Shape_Length":314.21862499753269,"Shape_Area":5847.9791859934949}},{"type":"Feature","id":403,"geometry":{"type":"Polygon","coordinates":[[[-117.0791473802139,33.278565379290868],[-117.07912697747575,33.27681492694655],[-117.07869533912016,33.276949747036312],[-117.07847354557803,33.276993061320063],[-117.07809018509897,33.276966657504794],[-117.07805933628809,33.278566206796825],[-117.0791473802139,33.278565379290868]]]},"properties":{"OBJECTID":403,"Record_Num":"AWM2018-LCP-00031","Business_N":"BEHNEMAN FAMILY FARMS","PRODUCER_L":"11710 MESA VERDE DRIVE, VALLEY CENTER, CA  92082 ","Area":4,"Shape_Length":1879.4669229275487,"Shape_Area":192470.91293730505}},{"type":"Feature","id":404,"geometry":{"type":"Polygon","coordinates":[[[-116.7677450484846,33.065469936961648],[-116.76770050071904,33.062051132664315],[-116.76362717488978,33.061914086736245],[-116.7636591307776,33.065291875726949],[-116.7677450484846,33.065469936961648]]]},"properties":{"OBJECTID":404,"Record_Num":"AWM2019-LCP-00005","Business_N":"HATFIELD CREEK AQUAPONICS","PRODUCER_L":"19451 CASNER RD, RAMONA, CA  92065","Area":35,"Shape_Length":4975.5006125211112,"Shape_Area":1544776.9538096751}},{"type":"Feature","id":405,"geometry":{"type":"Polygon","coordinates":[[[-117.13568077157433,33.35879200326751],[-117.13571932926256,33.358307127511381],[-117.13123395189086,33.358088905283651],[-117.13103354985681,33.361003143899531],[-117.13374094094026,33.359775019475691],[-117.13467486456672,33.358793959767134],[-117.13568077157433,33.35879200326751]]]},"properties":{"OBJECTID":405,"Record_Num":"AWM2019-LCP-00009","Business_N":"ARMENTA'S FARMS","PRODUCER_L":"35567 RICE CANYON RD., FALLBROOK, CA  92028 ","Area":19,"Shape_Length":4314.617813610661,"Shape_Area":809784.50478958036}},{"type":"Feature","id":406,"geometry":{"type":"Polygon","coordinates":[[[-117.34187384924289,33.457505919004134],[-117.3418470415214,33.455779687500169],[-117.33751865741705,33.45624812587549],[-117.33754882353803,33.458251089160171],[-117.33964144908049,33.457947227015261],[-117.33962981799631,33.457855075174322],[-117.34187384924289,33.457505919004134]]]},"properties":{"OBJECTID":406,"Record_Num":"AWM2019-LCP-00015","Business_N":"CALCREATION, RB'S RANCH","PRODUCER_L":"2290 CALLE CARALENE, FALLBROOK, CA  92028","Area":21,"Shape_Length":4065.7732095953315,"Shape_Area":899160.43276213098}},{"type":"Feature","id":407,"geometry":{"type":"Polygon","coordinates":[[[-117.18537450481251,32.835870355414649],[-117.18537979372496,32.835608271103979],[-117.18519408484327,32.835607405104035],[-117.18518966035842,32.835866453897026],[-117.18537450481251,32.835870355414649]]]},"properties":{"OBJECTID":407,"Record_Num":"AWM2019-LCP-00016","Business_N":"TREES ARE US SAN DIEGO","PRODUCER_L":"4871 CONRAD AVE., SAN DIEGO, CA  92117 ","Area":0,"Shape_Length":303.47707891581319,"Shape_Area":5396.8294568138826}},{"type":"Feature","id":408,"geometry":{"type":"Polygon","coordinates":[[[-116.78931664547332,33.05133529561931],[-116.78707279707255,33.051331866655062],[-116.78707381126613,33.053203925336824],[-116.78704266255576,33.053230427408955],[-116.787304728607,33.053418254028813],[-116.78755057468956,33.053513866621991],[-116.78931072606684,33.053769882526275],[-116.78931664547332,33.05133529561931]]]},"properties":{"OBJECTID":408,"Record_Num":"AWM2019-LCP-00017","Business_N":"EULERT FARMS","PRODUCER_L":"18892 OLD JULIAN TRAIL, RAMONA, CA  92065 ","Area":13,"Shape_Length":3003.8236141124312,"Shape_Area":563952.12440095516}},{"type":"Feature","id":409,"geometry":{"type":"Polygon","coordinates":[[[-116.78350759821792,32.813736777586939],[-116.78435103317429,32.812948511128347],[-116.78364943654667,32.812933034046743],[-116.78320968427602,32.813551522019871],[-116.78335348369234,32.813627796031668],[-116.78350759821792,32.813736777586939]]]},"properties":{"OBJECTID":409,"Record_Num":"AWM2019-LCP-00018","Business_N":"PAPA'S GARDEN","PRODUCER_L":"2566 CAMINO DE LAS AVES, ALPINE, CA  91901","Area":1,"Shape_Length":978.59512611446621,"Shape_Area":46276.169009698322}},{"type":"Feature","id":410,"geometry":{"type":"Polygon","coordinates":[[[-117.17684462877192,33.256512857515609],[-117.17555763427973,33.25650431320765],[-117.17576755168196,33.257970291712383],[-117.17618371091993,33.257925701296379],[-117.17677056850884,33.257680185933332],[-117.17684052898035,33.257583729000977],[-117.17684462877192,33.256512857515609]]]},"properties":{"OBJECTID":410,"Record_Num":"AWM2019-LCP-00021","Business_N":"CACTI AND EXOTICA.COM","PRODUCER_L":"3550 PICO RD, VISTA, CA  92054 ","Area":4,"Shape_Length":1690.1066998310876,"Shape_Area":177123.93470463503}},{"type":"Feature","id":411,"geometry":{"type":"Polygon","coordinates":[[[-117.06856495490894,33.271091880918163],[-117.06850891293865,33.272789611441226],[-117.07055984677942,33.272184107801138],[-117.07114309054887,33.271117134253991],[-117.06856495490894,33.271091880918163]]]},"properties":{"OBJECTID":411,"Record_Num":"AWM2019-LCP-00022","Business_N":"BROWN, KATHRYN","PRODUCER_L":"31222 MANZANITA CREST RD, VALLEY CENTER, CA  92082  ","Area":8,"Shape_Length":2497.6769386902242,"Shape_Area":345510.16136664088}},{"type":"Feature","id":412,"geometry":{"type":"Polygon","coordinates":[[[-117.27395995251619,33.044111267475358],[-117.27396900578935,33.043771330683569],[-117.27272300557443,33.043764402957009],[-117.2727157523383,33.044099625759749],[-117.27395995251619,33.044111267475358]]]},"properties":{"OBJECTID":412,"Record_Num":"AWM2019-LCP-00024","Business_N":"WONDERLAND FARM","PRODUCER_L":"679 CAMINO EL DORADO, ENCINITAS, CA  92024","Area":1,"Shape_Length":1008.8422506071053,"Shape_Area":46873.716889469273}},{"type":"Feature","id":413,"geometry":{"type":"Polygon","coordinates":[[[-117.1210924561733,32.570781460061426],[-117.12109521826403,32.570618669719174],[-117.12076755261533,32.570618027870339],[-117.1207682909718,32.570781532866931],[-117.1210924561733,32.570781460061426]]]},"properties":{"OBJECTID":413,"Record_Num":"AWM2019-LCP-00026","Business_N":"JJ BORG ORGANICS","PRODUCER_L":"1410 LOUDEN LN, IMPERIAL BEACH, CA  91932 ","Area":0,"Shape_Length":319.55412483393735,"Shape_Area":5960.635175689521}},{"type":"Feature","id":414,"geometry":{"type":"Polygon","coordinates":[[[-116.73010568462495,32.813157988997368],[-116.72952610519272,32.813605017223182],[-116.72920594867382,32.814297886822082],[-116.72935637396418,32.814355123778768],[-116.72948553762342,32.814376861332242],[-116.72958555187181,32.814365352920504],[-116.72972492247133,32.814327006085172],[-116.72990896632527,32.814270693670757],[-116.73010365308784,32.814234355031054],[-116.73024049918818,32.814216031959134],[-116.73016149510259,32.813733756917408],[-116.73025564664593,32.813613300852658],[-116.73026053703887,32.813544341888907],[-116.73032279535587,32.813370637136188],[-116.73028815904962,32.813297383754396],[-116.73010568462495,32.813157988997368]]]},"properties":{"OBJECTID":414,"Record_Num":"AWM2019-LCP-00030","Business_N":"HAWORTH, DIANE & VARBAEK, MICHAEL","PRODUCER_L":"3771 VIA PALO VERDE LAGO, ALPINE, CA  91901 ","Area":2,"Shape_Length":1268.0926615976962,"Shape_Area":88330.643529981942}},{"type":"Feature","id":415,"geometry":{"type":"Polygon","coordinates":[[[-116.94051302048548,32.763809656941447],[-116.94059912806473,32.763447596616899],[-116.93995972556424,32.763018697393285],[-116.93987757575073,32.763029082002191],[-116.93983772216595,32.763083187547885],[-116.93989874509712,32.763160833237286],[-116.93971323682486,32.763473820270256],[-116.94051302048548,32.763809656941447]]]},"properties":{"OBJECTID":415,"Record_Num":"AWM2020-LCP-00001","Business_N":"ZORA, ESAM","PRODUCER_L":"11982 FUERTE VISTA LN, EL CAJON, CA  92020 ","Area":1,"Shape_Length":869.9039914289724,"Shape_Area":40567.898411430266}},{"type":"Feature","id":416,"geometry":{"type":"Polygon","coordinates":[[[-117.17250268461308,33.419588484567662],[-117.17248239509975,33.418503583312109],[-117.17087638439087,33.418253494134099],[-117.17056489825549,33.418342309128171],[-117.17086275046519,33.419197763796056],[-117.17086647840875,33.419271884998565],[-117.17074251462112,33.419255501412792],[-117.17063341733531,33.41925136621002],[-117.17037443020268,33.419287886958685],[-117.17018692862953,33.419395555391638],[-117.16990678159836,33.419662093684181],[-117.17250268461308,33.419588484567662]]]},"properties":{"OBJECTID":416,"Record_Num":"AWM2020-LCP-00002","Business_N":"AMBROSIO ORCHARD","PRODUCER_L":"2347 LOOKOUT MTN RD, FALLBROOK, CA  92028 ","Area":6,"Shape_Length":2487.8033742373659,"Shape_Area":269689.66033758171}},{"type":"Feature","id":417,"geometry":{"type":"Polygon","coordinates":[[[-116.31439388547605,32.675666232701197],[-116.31438192843343,32.674770830222762],[-116.31322904227747,32.674765054563146],[-116.31321084430046,32.675658878395929],[-116.31439388547605,32.675666232701197]]]},"properties":{"OBJECTID":417,"Record_Num":"AWM2020-LCP-00011","Business_N":"ANGEL HILLS FARMS","PRODUCER_L":"2285 TIERRA HEIGHTS RD, BOULEVARD, CA  91905 ","Area":3,"Shape_Length":1369.9225683008674,"Shape_Area":116993.19773914717}},{"type":"Feature","id":418,"geometry":{"type":"Polygon","coordinates":[[[-117.21334954437118,33.266292860648782],[-117.21334852730644,33.263799909214327],[-117.21123119874188,33.263803018644069],[-117.21122667468569,33.264353101504859],[-117.21188664815075,33.264347988246541],[-117.21204594994795,33.26491010977368],[-117.21217235558561,33.265361588356008],[-117.21221136053178,33.265547592550142],[-117.21219727513046,33.265707392335194],[-117.2120795409471,33.266045431092415],[-117.21334954437118,33.266292860648782]]]},"properties":{"OBJECTID":418,"Record_Num":"AWM2020-LCP-00013","Business_N":"MARK'S TARTS","PRODUCER_L":"30416 CALLE LOMA LN, BONSALL, CA  92003 ","Area":9,"Shape_Length":2988.8838900666592,"Shape_Area":385024.6021847736}},{"type":"Feature","id":419,"geometry":{"type":"Polygon","coordinates":[[[-116.86929091510201,32.865799412520062],[-116.86794216867339,32.866206804519997],[-116.8678240174157,32.866605482081788],[-116.86931756389853,32.866148880845238],[-116.86929091510201,32.865799412520062]]]},"properties":{"OBJECTID":419,"Record_Num":"AWM2020-LCP-00019","Business_N":"SWAN CA HILLSIDE PRODUCE","PRODUCER_L":"15166 LAZY CREEK RD, EL CAJON, CA  92021","Area":1,"Shape_Length":1204.5935909352245,"Shape_Area":57185.605816674062}},{"type":"Feature","id":420,"geometry":{"type":"Polygon","coordinates":[[[-117.28431080305123,33.192185507556609],[-117.284107827179,33.192184893753947],[-117.284104764999,33.192506624845677],[-117.28503472054322,33.19250874206957],[-117.28503444175148,33.192485129834331],[-117.28437998342959,33.192481616617698],[-117.28431080305123,33.192185507556609]]]},"properties":{"OBJECTID":420,"Record_Num":"AWM2020-LCP-00020","Business_N":"SEAS GREENS, LLC","PRODUCER_L":"303 CEDAR RD, VISTA, CA  92083","Area":0,"Shape_Length":782.26941351923995,"Shape_Area":10453.44140385213}},{"type":"Feature","id":421,"geometry":{"type":"Polygon","coordinates":[[[-117.24210119509135,32.747901312461181],[-117.2414487235674,32.747501148301332],[-117.24126929652959,32.747701771887748],[-117.24192857253068,32.748106593934196],[-117.24210119509135,32.747901312461181]]]},"properties":{"OBJECTID":421,"Record_Num":"AWM2020-LCP-00027","Business_N":"OB MUSHROOM CO.","PRODUCER_L":"4661 MUIR AVE, SAN DIEGO, CA  92107","Area":1,"Shape_Length":681.58701189102214,"Shape_Area":22817.811993463903}},{"type":"Feature","id":422,"geometry":{"type":"Polygon","coordinates":[[[-116.86571963657697,33.049337031415163],[-116.86615886163491,33.048702183390638],[-116.86672357982924,33.048707863912462],[-116.86666063746669,33.047642415836478],[-116.86627754033064,33.047652815820989],[-116.86581677752832,33.048810037242966],[-116.86491478996294,33.049600041322996],[-116.86538174510751,33.050043557430499],[-116.86576303650266,33.049774159489282],[-116.86571963657697,33.049337031415163]]]},"properties":{"OBJECTID":422,"Record_Num":"AWM2020-LCP-00029","Business_N":"INDIAN SUMMER FARM","PRODUCER_L":"330 ELM ST., RAMONA, CA  92065  ","Area":3,"Shape_Length":2316.6389916978897,"Shape_Area":143535.9628016011}},{"type":"Feature","id":423,"geometry":{"type":"Polygon","coordinates":[[[-117.31009221855824,33.422113069250479],[-117.31040173813957,33.421285713613614],[-117.31080249957046,33.420200722175551],[-117.30978392130007,33.420173309701084],[-117.30967878360049,33.420787884074329],[-117.30885586271323,33.420921239783397],[-117.30889692506867,33.421304092092534],[-117.30946305563772,33.4218407490131],[-117.30916293341346,33.422077947951628],[-117.30928574715833,33.422101893279603],[-117.30935707042815,33.42211239278754],[-117.31009221855824,33.422113069250479]]]},"properties":{"OBJECTID":423,"Record_Num":"AWM2020-LCP-00030","Business_N":"CANYON VIEW FARMS LLC","PRODUCER_L":"2235 RIVERVIEW RD, FALLBROOK, CA  92028","Area":6,"Shape_Length":2332.7199678832831,"Shape_Area":242874.94503818924}},{"type":"Feature","id":424,"geometry":{"type":"Polygon","coordinates":[[[-117.03907296659114,33.110628444390159],[-117.03926139168446,33.110235163963118],[-117.03856251070849,33.109989118833013],[-117.03837202412819,33.110393302298114],[-117.03907296659114,33.110628444390159]]]},"properties":{"OBJECTID":424,"Record_Num":"AWM2020-LCP-00039","Business_N":"GRIFFITH, BRANDON & BELINDA","PRODUCER_L":"1923 SKYLINE TERRACE, ESCONDIDO, CA  92027","Area":1,"Shape_Length":775.53294737592137,"Shape_Area":36171.949250850041}},{"type":"Feature","id":425,"geometry":{"type":"Polygon","coordinates":[[[-117.26941775124988,33.271789369435574],[-117.26902970959007,33.270947420969755],[-117.26900815998172,33.27091050196811],[-117.26898105722324,33.270891369925742],[-117.26894448690919,33.270883606057957],[-117.26820360429623,33.27090420202051],[-117.26818107240263,33.271773714908704],[-117.26941775124988,33.271789369435574]]]},"properties":{"OBJECTID":425,"Record_Num":"AWM2020-LCP-00040","Business_N":"SUMMERS, CARMEN & TRANTHAN, DAVID","PRODUCER_L":"6038 DE LA ROSA LANE, OCEANSIDE, CA  92057 ","Area":2,"Shape_Length":1286.8783615780105,"Shape_Area":100409.81796869838}},{"type":"Feature","id":426,"geometry":{"type":"Polygon","coordinates":[[[-117.10993394856642,33.285622670645829],[-117.11024809258981,33.285052278731072],[-117.11060016443305,33.284437924464605],[-117.11058796309402,33.283615209914814],[-117.11023718618971,33.282969911236229],[-117.1096245564942,33.282551554480605],[-117.10955920310099,33.28260289580161],[-117.10953884687017,33.282676051630339],[-117.10954465743876,33.282731325751826],[-117.10956111411261,33.282797589207142],[-117.10954090984438,33.282886231712034],[-117.10945480893794,33.282970905783436],[-117.10928143432574,33.283020781995383],[-117.10919988548213,33.283032409505381],[-117.10895800126234,33.283080547538219],[-117.10873960717682,33.283106396502376],[-117.10846058507083,33.283128239686896],[-117.10828932356586,33.283124999239007],[-117.10812026286072,33.283077491143679],[-117.10822977139809,33.28564995169566],[-117.10830875447837,33.285644980953208],[-117.10844044209085,33.285641857603373],[-117.10860914021652,33.285651753973639],[-117.10867503880175,33.285655723751738],[-117.10884896143676,33.285661158079492],[-117.10906228826198,33.285655256443484],[-117.10993394856642,33.285622670645829]]]},"properties":{"OBJECTID":426,"Record_Num":"AWM2020-LCP-00044","Business_N":"HIDDEN GARDENS","PRODUCER_L":"10320 LILAC RIDGE RD, ESCONDIDO, CA  92026 ","Area":15,"Shape_Length":3323.5324241389699,"Shape_Area":663782.21761485131}},{"type":"Feature","id":427,"geometry":{"type":"Polygon","coordinates":[[[-116.92896835454,32.890415974537397],[-116.92850925705811,32.889322288823124],[-116.92796199287073,32.889486819546697],[-116.9283585342729,32.890419323497802],[-116.92833451117765,32.890512015780466],[-116.92837385301027,32.890592562954055],[-116.92896835454,32.890415974537397]]]},"properties":{"OBJECTID":427,"Record_Num":"AWM2020-LCP-00046","Business_N":"FARMERS NURSERY","PRODUCER_L":"12260 SAN VICENTE AVE, LAKESIDE, CA  92040 ","Area":2,"Shape_Length":1220.664740786011,"Shape_Area":75691.106716075839}},{"type":"Feature","id":428,"geometry":{"type":"Polygon","coordinates":[[[-117.03299605228185,33.097333545013349],[-117.03295379088328,33.096471297829609],[-117.03294584563798,33.096411076040567],[-117.03292598197876,33.096398731675578],[-117.03287322387835,33.096297226429456],[-117.03286427515488,33.096401200149273],[-117.03256323350436,33.096700305468055],[-117.03199693853156,33.096327701376005],[-117.03191196018362,33.096766768695886],[-117.03227079507003,33.097410869172215],[-117.03299605228185,33.097333545013349]]]},"properties":{"OBJECTID":428,"Record_Num":"AWM2021-LCP-00005","Business_N":"LE FARM","PRODUCER_L":"1610 SUMMIT LANE, ESCONDIDO, CA  92025","Area":2,"Shape_Length":1429.2077356242617,"Shape_Area":90411.498403689009}},{"type":"Feature","id":429,"geometry":{"type":"Polygon","coordinates":[[[-117.14090660885601,33.403798654593018],[-117.14090940176291,33.403344042016343],[-117.13981066815039,33.403537174166765],[-117.13966049499292,33.40318951963409],[-117.13920749993642,33.403180306644025],[-117.1390107784147,33.403183270894679],[-117.13906371036083,33.404008008970571],[-117.13950459106645,33.403920786688438],[-117.14006663635655,33.403884070151825],[-117.14038013058008,33.403864700193822],[-117.14090660885601,33.403798654593018]]]},"properties":{"OBJECTID":429,"Record_Num":"AWM2021-LCP-00006","Business_N":"CATRINA'S GARDEN","PRODUCER_L":"5741 RAINBOW HEIGHTS RD, FALLBROOK, CA  92028 ","Area":3,"Shape_Length":1710.1217023044651,"Shape_Area":113188.91934233396}},{"type":"Feature","id":430,"geometry":{"type":"Polygon","coordinates":[[[-117.20303028604464,33.346600843529025],[-117.20306756255926,33.346726635849755],[-117.20361759410801,33.346727755620655],[-117.20365672155164,33.346313901416991],[-117.20368548174498,33.346199990851581],[-117.20378028473358,33.345806309507992],[-117.20381893946565,33.345516067370603],[-117.20274289068351,33.345513642217156],[-117.20275988259839,33.345577971243756],[-117.20274421721626,33.345581998481123],[-117.20271583700037,33.345593935609621],[-117.20268002684909,33.345618138808781],[-117.20265190816389,33.34565400248502],[-117.20264174983505,33.345682891691055],[-117.20263795902133,33.345708802424127],[-117.2026417097813,33.345732701327258],[-117.20265310952789,33.345764355755392],[-117.20266847975647,33.34578670118055],[-117.20268377132226,33.345801721748892],[-117.20270020507461,33.345814781362634],[-117.20273244778579,33.34583699648072],[-117.20282270643193,33.345897346102539],[-117.2028385154193,33.345906502497016],[-117.20284964409535,33.345913253871224],[-117.20285965719037,33.345924408715497],[-117.20298775852598,33.346046739749944],[-117.20304231658218,33.346098513739314],[-117.20308332464005,33.34613695263937],[-117.20309951259297,33.346153079886165],[-117.20314204261867,33.34619463330403],[-117.20318605015517,33.346234924704511],[-117.2032237168181,33.346274326970729],[-117.2032407105726,33.346296073758481],[-117.20326649207028,33.346338380532579],[-117.20328667928236,33.346379791554767],[-117.20329858665738,33.346413141742715],[-117.20331039701426,33.346471806260432],[-117.20331277622549,33.346519293469761],[-117.20331122771286,33.346548058044903],[-117.20329922440699,33.346608468862286],[-117.20328699405631,33.346647941107335],[-117.20326454270445,33.34667217811382],[-117.20323753598136,33.346688324800553],[-117.20321266287586,33.346695391163671],[-117.20319108472637,33.346697119389589],[-117.20315676001705,33.346691132132356],[-117.20313319079263,33.346680999258815],[-117.20310577451791,33.346659645314034],[-117.20303028604464,33.346600843529025]]]},"properties":{"OBJECTID":430,"Record_Num":"AWM2021-LCP-00007","Business_N":"JOHNSON, ADAM STEPHAN","PRODUCER_L":"2546 PALO VISTA RD, FALLBROOK, CA  92028 ","Area":2,"Shape_Length":1594.7048492570134,"Shape_Area":94098.314872574309}},{"type":"Feature","id":431,"geometry":{"type":"Polygon","coordinates":[[[-117.22126941775849,33.226220139630243],[-117.22124617222966,33.226232414635035],[-117.22122228897729,33.226241167087288],[-117.22119297603263,33.22624693946689],[-117.22116121510979,33.226248195336332],[-117.22139533753112,33.226925077534887],[-117.22181893122203,33.226886949812879],[-117.22182283843154,33.226579380226198],[-117.22157959275994,33.226422595786048],[-117.22126941775849,33.226220139630243]]]},"properties":{"OBJECTID":431,"Record_Num":"AWM2021-LCP-00013","Business_N":"SENSIBLE HOMESTEAD","PRODUCER_L":"1310 HERMANA CT, VISTA, CA  92084","Area":1,"Shape_Length":747.81209742372687,"Shape_Area":30767.614789760373}},{"type":"Feature","id":432,"geometry":{"type":"Polygon","coordinates":[[[-116.99012600198023,33.243702753124502],[-116.99014967265711,33.242499786516355],[-116.98883526646165,33.242487936856584],[-116.98876986380422,33.243682404148828],[-116.99012600198023,33.243702753124502]]]},"properties":{"OBJECTID":432,"Record_Num":"AWM2021-LCP-00014","Business_N":"S L WHITE FARMS","PRODUCER_L":"15770 FRUITVALE RD, VALLEY CENTER, CA  92082","Area":4,"Shape_Length":1689.4434456375536,"Shape_Area":178145.2441246665}},{"type":"Feature","id":433,"geometry":{"type":"Polygon","coordinates":[[[-117.27284284567592,33.263267054761513],[-117.27279798193013,33.259425000913808],[-117.27189068102578,33.259535397022255],[-117.27074759543923,33.259561957744708],[-117.2708008789952,33.263258136406094],[-117.27284284567592,33.263267054761513]]]},"properties":{"OBJECTID":433,"Record_Num":"AWM2021-LCP-00019","Business_N":"MELLANO & COMPANY","PRODUCER_L":"5750 N RIVER RD, OCEANSIDE, CA  92057  ","Area":20,"Shape_Length":3997.0116770800987,"Shape_Area":852472.75141479762}},{"type":"Feature","id":434,"geometry":{"type":"Polygon","coordinates":[[[-117.17518813993368,33.296062272451209],[-117.17523331545405,33.29255023409246],[-117.17428305310503,33.29252590213035],[-117.17420805238797,33.296050726331011],[-117.17518813993368,33.296062272451209]]]},"properties":{"OBJECTID":434,"Record_Num":"AWM2021-LCP-00021","Business_N":"D'ACQUISTO FARMS","PRODUCER_L":"7341 W. LILAC RD, BONSALL, CA  92003 ","Area":9,"Shape_Length":3150.7281168395002,"Shape_Area":377689.88662547572}},{"type":"Feature","id":435,"geometry":{"type":"Polygon","coordinates":[[[-117.08643759914544,33.145025493477178],[-117.08380168195366,33.146540372511303],[-117.08387974620287,33.146962992600471],[-117.0862007289583,33.146693897711515],[-117.08618685654231,33.146578001986761],[-117.08636923136048,33.146424267812748],[-117.08649277940977,33.146260190002778],[-117.08654593868903,33.145944082639851],[-117.08665160621156,33.145511632365526],[-117.08660635115388,33.145050130203749],[-117.08663169752523,33.145030627102301],[-117.08643759914544,33.145025493477178]]]},"properties":{"OBJECTID":435,"Record_Num":"AWM2021-LCP-00023","Business_N":"SHIROMA, LENA & KRELL, CORY","PRODUCER_L":"444 SHERIDAN AVE, ESCONDIDO, CA  92026 ","Area":7,"Shape_Length":2557.1911805408008,"Shape_Area":317632.09189720656}},{"type":"Feature","id":436,"geometry":{"type":"Polygon","coordinates":[[[-117.24934199721366,33.301437278120957],[-117.24911722789064,33.302151596744181],[-117.2485510503533,33.302107254037047],[-117.24857973938997,33.301559368011183],[-117.2484535784377,33.301584132895144],[-117.2483024959724,33.30161189244653],[-117.24821606903798,33.301619572907505],[-117.2481195503542,33.301617554424787],[-117.24800840310019,33.302375664569063],[-117.24824396614183,33.302607082645793],[-117.24840042339133,33.302612810263419],[-117.24875737733272,33.302984356189398],[-117.24941163455503,33.302582321464456],[-117.24922647083703,33.302393809400385],[-117.24940833262588,33.301418581827527],[-117.24934199721366,33.301437278120957]]]},"properties":{"OBJECTID":436,"Record_Num":"AWM2021-LCP-00024","Business_N":"D'VINE PATH","PRODUCER_L":"353 MORRO HILLS RD, FALLBROOK, CA  92028 ","Area":3,"Shape_Length":2112.436974829332,"Shape_Area":121465.39181528629}},{"type":"Feature","id":437,"geometry":{"type":"Polygon","coordinates":[[[-117.16885088370286,33.3384116571481],[-117.16859899797599,33.338699788703892],[-117.16933344334529,33.339163599381898],[-117.16959126248375,33.339105618507602],[-117.16991841947419,33.338954158804682],[-117.16891536762802,33.338358058024255],[-117.16885088370286,33.3384116571481]]]},"properties":{"OBJECTID":437,"Record_Num":"AWM2021-LCP-00028","Business_N":"TURNEY, DEBRA","PRODUCER_L":"2941 SUMAC RD, FALLBROOK, CA  92028 ","Area":1,"Shape_Length":1009.4427389271582,"Shape_Area":54545.141657094748}},{"type":"Feature","id":438,"geometry":{"type":"Polygon","coordinates":[[[-117.10076961077711,33.257777580914002],[-117.10058085974795,33.25733463908503],[-117.10049025117374,33.256867779202665],[-117.10014383189117,33.256332938169983],[-117.09880343313735,33.256324034126926],[-117.09879391979553,33.256928465970553],[-117.09937434679991,33.257185354058478],[-117.09956382952208,33.257070415400072],[-117.09989005024758,33.257424603427999],[-117.10013069513327,33.257513351604139],[-117.10039106311389,33.257733685092532],[-117.10076961077711,33.257777580914002]]]},"properties":{"OBJECTID":438,"Record_Num":"AWM2021-LCP-00030","Business_N":"LEON, WILLEBALDO  *","PRODUCER_L":"30234 CASTLECREST DR., VALLEY CENTER, CA  92082","Area":4,"Shape_Length":1939.6490319425652,"Shape_Area":180995.92187720092}},{"type":"Feature","id":439,"geometry":{"type":"Polygon","coordinates":[[[-117.0796138094249,33.261878970329839],[-117.07957742104908,33.260920242284506],[-117.07948453709339,33.260916274336545],[-117.07949781460444,33.260588117034345],[-117.07879340663895,33.260601999885239],[-117.07802151797461,33.261277055703339],[-117.07772693741552,33.261891569148865],[-117.0796138094249,33.261878970329839]]]},"properties":{"OBJECTID":439,"Record_Num":"AWM2021-LCP-00031","Business_N":"SABER VALLEY GROWERS","PRODUCER_L":"30415 BELLA LINDA DR, VALLEY CENTER, CA  92082 ","Area":5,"Shape_Length":1870.75049914845,"Shape_Area":202424.61872430996}},{"type":"Feature","id":440,"geometry":{"type":"Polygon","coordinates":[[[-117.25351646412558,33.326442280559888],[-117.25352398196014,33.327097981386075],[-117.2536193151921,33.327095507724181],[-117.25362261556693,33.327383333890886],[-117.25566767161943,33.327370198154306],[-117.25567093357589,33.326418040469207],[-117.25456514001132,33.326416770403284],[-117.25351646412558,33.326442280559888]]]},"properties":{"OBJECTID":440,"Record_Num":"AWM2021-LCP-00032","Business_N":"FARM ON THE ROCKS","PRODUCER_L":"3622 CAZADOR LN, FALLBROOK, CA  92028","Area":5,"Shape_Length":2001.8361071581996,"Shape_Area":224611.96936297405}},{"type":"Feature","id":441,"geometry":{"type":"Polygon","coordinates":[[[-117.27343689387905,33.289503534322449],[-117.27342131142821,33.289484592314629],[-117.27340382401894,33.289474079052155],[-117.27337157925598,33.289458078742896],[-117.27334930611119,33.28943807014069],[-117.27333031826319,33.289413546595384],[-117.27331593480231,33.28938281552832],[-117.27331097101268,33.289358176379757],[-117.2729684016691,33.289362121411237],[-117.27293805504699,33.288968730299672],[-117.27071148121517,33.289030878007772],[-117.2707215048664,33.289890776147807],[-117.27273262834376,33.289598633698454],[-117.27343689387905,33.289503534322449]]]},"properties":{"OBJECTID":441,"Record_Num":"AWM2021-LCP-00033","Business_N":"OCEANBROOK FARMS","PRODUCER_L":"6240 HIDDEN VALLEY RD, FALLBROOK, CA  92028  ","Area":4,"Shape_Length":2151.599861139222,"Shape_Area":189659.36159673135}},{"type":"Feature","id":442,"geometry":{"type":"Polygon","coordinates":[[[-117.09576658993377,33.327388788239887],[-117.0941017102754,33.32560373662286],[-117.09333875468221,33.325981285932457],[-117.09480905954929,33.327754547904895],[-117.09570658673998,33.327438979715396],[-117.09576658993377,33.327388788239887]]]},"properties":{"OBJECTID":442,"Record_Num":"AWM2021-LCP-00034","Business_N":"DIAL, JENNIFER","PRODUCER_L":"11152 PALA LOMA DR, VALLEY CENTER, CA  92082","Area":5,"Shape_Length":2204.6808554304466,"Shape_Area":236309.26110363021}},{"type":"Feature","id":443,"geometry":{"type":"Polygon","coordinates":[[[-116.99486273076286,33.261711515402332],[-116.99445197411436,33.261217859547216],[-116.99273661145266,33.261234390630605],[-116.99273561004395,33.26172171910342],[-116.99486273076286,33.261711515402332]]]},"properties":{"OBJECTID":443,"Record_Num":"AWM2021-LCP-00035","Business_N":"BEHNEMAN FAMILY FARMS","PRODUCER_L":"30184 COOL VALLEY LANE, VALLEY CENTER, CA  92082","Area":2,"Shape_Length":1571.1012240736216,"Shape_Area":105118.44360692042}},{"type":"Feature","id":444,"geometry":{"type":"Polygon","coordinates":[[[-117.22281180051867,33.355061128519885],[-117.22278203888851,33.3550148560644],[-117.22275731239158,33.354936894295314],[-117.22274407269491,33.354853675808151],[-117.22273800365656,33.354792362227457],[-117.22274088886206,33.354705787574801],[-117.22208661335671,33.354561703266093],[-117.22170019798779,33.35455762066924],[-117.22171315232904,33.35545561669278],[-117.22281180051867,33.355061128519885]]]},"properties":{"OBJECTID":444,"Record_Num":"AWM2021-LCP-00041","Business_N":"BLOSSOM GROVE  *","PRODUCER_L":"1714 CAMINO DE NOG, FALLBROOK, CA  92028 ","Area":2,"Shape_Length":1149.1622326927688,"Shape_Area":77212.859507713598}},{"type":"Feature","id":445,"geometry":{"type":"Polygon","coordinates":[[[-117.06814702008403,33.214948114091072],[-117.06805656168019,33.212173873196363],[-117.0656139476195,33.212287082566895],[-117.06559332965324,33.214890928033803],[-117.06587031857532,33.215012446339699],[-117.06814702008403,33.214948114091072]]]},"properties":{"OBJECTID":445,"Record_Num":"AWM2021-LCP-00042","Business_N":"CUT ABOVE FILL FLOWERS","PRODUCER_L":"12294 MIRAR DE VALLE, VALLEY CENTER, CA  92082  ","Area":18,"Shape_Length":3497.7393990946175,"Shape_Area":764068.51587870135}},{"type":"Feature","id":446,"geometry":{"type":"Polygon","coordinates":[[[-117.21667651754746,33.359549225496473],[-117.21666034407363,33.359480883977497],[-117.21656473918219,33.359317197373016],[-117.21654246934031,33.359278554927585],[-117.21650189088092,33.359210942456855],[-117.21645734536071,33.359133117463017],[-117.21637877070685,33.3589989499037],[-117.21634738302176,33.358949056533568],[-117.21632518480826,33.358916882322418],[-117.21628193651948,33.358840125613995],[-117.21626024988652,33.358796086385382],[-117.21527102501065,33.358807684603953],[-117.21528562528313,33.359494098567971],[-117.21667651754746,33.359549225496473]]]},"properties":{"OBJECTID":446,"Record_Num":"AWM2021-LCP-00061","Business_N":"CHERIMOYA OF FALLBROOK","PRODUCER_L":"1868 GREEN CANYON RD, FALLBROOK, CA  92028 ","Area":2,"Shape_Length":1279.9981257312797,"Shape_Area":95477.921804609432}},{"type":"Feature","id":447,"geometry":{"type":"Polygon","coordinates":[[[-117.06307647484179,33.094985887782713],[-117.06327847742432,33.094869085052295],[-117.06333220865491,33.094838725579905],[-117.06338490114211,33.094812920300406],[-117.0634397120878,33.09478255459252],[-117.06347626040758,33.094763219661161],[-117.06350402507721,33.094728485048286],[-117.06352310615515,33.094689260966305],[-117.06353250708733,33.094654646952279],[-117.06353221209932,33.094622824334095],[-117.06352216220982,33.094587429129177],[-117.06349255088328,33.094539431849746],[-117.06338369952444,33.094450129343372],[-117.06291557802774,33.094175874402112],[-117.062552993092,33.094682898912097],[-117.06307647484179,33.094985887782713]]]},"properties":{"OBJECTID":447,"Record_Num":"AWM2021-LCP-00063","Business_N":"HOVE, JENNY & CORY","PRODUCER_L":"2362 ROYAL CREST DR., ESCONDIDO, CA  92025 ","Area":1,"Shape_Length":866.06235613465105,"Shape_Area":49815.976639445915}},{"type":"Feature","id":448,"geometry":{"type":"Polygon","coordinates":[[[-117.22041420239769,33.421405283520507],[-117.21889532192652,33.421381290064446],[-117.21883298248829,33.422869008974224],[-117.21983882755175,33.422942359603702],[-117.21992683131722,33.422538026687754],[-117.21997535681682,33.422349538331673],[-117.22001830862223,33.422219472776469],[-117.22007621888089,33.422103954763635],[-117.22013174030674,33.422015530557609],[-117.22017022405053,33.421967849811722],[-117.22022071439689,33.421911051198769],[-117.22029772030169,33.421819075201313],[-117.22038809022902,33.421719097807063],[-117.22042648606737,33.421663521518511],[-117.22044609983415,33.421612603896477],[-117.22044827663788,33.421566334451605],[-117.22041420239769,33.421405283520507]]]},"properties":{"OBJECTID":448,"Record_Num":"AWM2021-LCP-00066","Business_N":"AMERICAN LOTUS BUDDHIST ASSOCIATION","PRODUCER_L":"PARCEL 2 VIA DEL GAVILAN, FALLBROOK, CA  92028 ","Area":5,"Shape_Length":1916.5159138107801,"Shape_Area":210870.01023117561}},{"type":"Feature","id":449,"geometry":{"type":"Polygon","coordinates":[[[-117.24032204558102,33.420310357211456],[-117.2367668147148,33.42033862396579],[-117.23662374502133,33.423818270594026],[-117.23518025247304,33.423823345815407],[-117.23527987438592,33.423899006730238],[-117.23773412332105,33.423917760242524],[-117.2402263588626,33.423936162804161],[-117.24032204558102,33.420310357211456]]]},"properties":{"OBJECTID":449,"Record_Num":"AWM2021-LCP-00068","Business_N":"AMERICAN LOTUS BUDDHIST ASSOCIATION","PRODUCER_L":"40009 VIA RANCHITOS, FALLBROOK, CA  92028 ","Area":33,"Shape_Length":5662.1312458496695,"Shape_Area":1443375.9397133666}},{"type":"Feature","id":450,"geometry":{"type":"Polygon","coordinates":[[[-117.00160126113819,33.266545353204464],[-117.00161610933397,33.264776326471605],[-117.00002088223819,33.264773364791481],[-117.00002490478003,33.266558042469448],[-117.00160126113819,33.266545353204464]]]},"properties":{"OBJECTID":450,"Record_Num":"AWM2021-LCP-00070","Business_N":"BERNARD, VINCENT& VICKI","PRODUCER_L":"15223 COOL VALLEY RD, VALLEY CENTER, CA  92082 ","Area":7,"Shape_Length":2262.5378779292496,"Shape_Area":313383.51205515914}},{"type":"Feature","id":451,"geometry":{"type":"Polygon","coordinates":[[[-116.95544875258793,33.29069411716425],[-116.95541149271924,33.288990243815164],[-116.95527120554411,33.289103036115577],[-116.9542639368299,33.290329722812679],[-116.95426852872617,33.290900652820504],[-116.95442113387352,33.290693364350041],[-116.95483234431407,33.290778870125621],[-116.9551736102601,33.290621017116486],[-116.95544875258793,33.29069411716425]]]},"properties":{"OBJECTID":451,"Record_Num":"AWM2021-LCP-00072","Business_N":"BERNARD, VINCENT& VICKI","PRODUCER_L":"17246 HWY 76, PAUMA VALLEY, CA  92061 ","Area":3,"Shape_Length":1854.7199473260716,"Shape_Area":141460.16541724259}},{"type":"Feature","id":452,"geometry":{"type":"Polygon","coordinates":[[[-117.18572794655763,33.391030227374038],[-117.18488017632122,33.3907033233031],[-117.18453926804438,33.391333571234014],[-117.18443978305852,33.391628718880142],[-117.18436874169971,33.392106959537159],[-117.1844217119245,33.392106561324226],[-117.18451453011816,33.392116972402654],[-117.18458786895057,33.392163636545199],[-117.18479044286613,33.392220437664676],[-117.18510179420539,33.392231982688919],[-117.18530365583703,33.392222131264973],[-117.18555493954592,33.39218968879976],[-117.18572794655763,33.391030227374038]]]},"properties":{"OBJECTID":452,"Record_Num":"AWM2021-LCP-00074","Business_N":"FALLBROOK NURSERY","PRODUCER_L":"3612 E. MISSION RD, FALLBROOK, CA  92028  ","Area":4,"Shape_Length":1621.256779611402,"Shape_Area":169046.63048700837}},{"type":"Feature","id":453,"geometry":{"type":"Polygon","coordinates":[[[-116.94787799566073,33.211109782305201],[-116.94780903128982,33.21114652889856],[-116.94797234083669,33.21157169220821],[-116.94783534909668,33.212109737220707],[-116.94806033543686,33.212168132591835],[-116.94824157865497,33.21219114380532],[-116.94847993155571,33.212205822413289],[-116.94861572070906,33.212205057674282],[-116.94870634187738,33.212216562460476],[-116.94877053466091,33.212200180232443],[-116.94882503938651,33.212163826569061],[-116.94883420157508,33.212117714911663],[-116.94883545026329,33.21197552328848],[-116.94885111971182,33.211849271021492],[-116.9488861821507,33.211764964142304],[-116.94894027134666,33.211676544659731],[-116.94787799566073,33.211109782305201]]]},"properties":{"OBJECTID":453,"Record_Num":"AWM2021-LCP-00076","Business_N":"ARCE, ANTONIO & MARINA","PRODUCER_L":"18639 LOS HERMANOS RANCH RD, VALLEY CENTER, CA  92082","Area":2,"Shape_Length":1268.7152288275181,"Shape_Area":86964.59660939427}},{"type":"Feature","id":454,"geometry":{"type":"Polygon","coordinates":[[[-116.98732433658813,33.022386848541643],[-116.98732465549006,33.020576815999576],[-116.98530398080757,33.020562699493475],[-116.98529187637078,33.022359733112516],[-116.98732433658813,33.022386848541643]]]},"properties":{"OBJECTID":454,"Record_Num":"AWM2021-LCP-00077","Business_N":"BURTNESS, JEREMY","PRODUCER_L":"16042 SALIDA DEL SOL, RAMONA, CA  92065","Area":9,"Shape_Length":2554.9066552784698,"Shape_Area":407644.17437344854}},{"type":"Feature","id":455,"geometry":{"type":"Polygon","coordinates":[[[-117.14228489885902,33.151895031397636],[-117.14244374220281,33.151719612344685],[-117.14212606146775,33.151517932716182],[-117.14196927722698,33.15169462691415],[-117.14228489885902,33.151895031397636]]]},"properties":{"OBJECTID":455,"Record_Num":"AWM2021-LCP-00080","Business_N":"A BEE SEEDS","PRODUCER_L":"827 CATHERINE AVENUE, SAN MARCOS, CA 92069","Area":0,"Shape_Length":403.30494136317299,"Shape_Area":9741.5700751646309}},{"type":"Feature","id":456,"geometry":{"type":"Polygon","coordinates":[[[-117.20046057828863,33.116916848357313],[-117.20033103297922,33.116957447059995],[-117.20023706741907,33.116972312337523],[-117.2001071645564,33.116979909237763],[-117.19996715767786,33.116985697949978],[-117.19991004372844,33.116988964580955],[-117.19983736705407,33.117003666334391],[-117.19974695540898,33.117036420515149],[-117.2001424597233,33.117755703751357],[-117.20080017287869,33.117543204771778],[-117.20046057828863,33.116916848357313]]]},"properties":{"OBJECTID":456,"Record_Num":"AWM2021-LCP-00081","Business_N":"PINKMAN, DAVID","PRODUCER_L":"1665 LA PLAZA DR., SAN MARCOS, CA  92078 ","Area":1,"Shape_Length":979.53241870902559,"Shape_Area":58133.620486194624}},{"type":"Feature","id":457,"geometry":{"type":"Polygon","coordinates":[[[-116.97492431318602,32.989786758124708],[-116.97489748031029,32.988780205558669],[-116.9720725014018,32.988758634033992],[-116.97328341350885,32.990439899002226],[-116.97382251288917,32.990175545204828],[-116.97390971046912,32.990127716084054],[-116.97399236956853,32.990074235294927],[-116.97408823929295,32.989988500865664],[-116.97418858481713,32.989900846538255],[-116.97423089722066,32.989857065356787],[-116.97441873582841,32.989757542310848],[-116.97457134262308,32.989743399600755],[-116.97468602065537,32.98975976242339],[-116.97480742049773,32.989774193038855],[-116.97492431318602,32.989786758124708]]]},"properties":{"OBJECTID":457,"Record_Num":"AWM2021-LCP-00084","Business_N":"CHAEAU JARDIN","PRODUCER_L":"16681 CHAPARRAL WAY, POWAY, CA  92064 ","Area":8,"Shape_Length":2535.522892172507,"Shape_Area":338430.73627112171}},{"type":"Feature","id":458,"geometry":{"type":"Polygon","coordinates":[[[-117.17963133905113,33.199096526914076],[-117.17960399894855,33.198014015090557],[-117.17896268654508,33.197960150969308],[-117.17894391741918,33.19768561232064],[-117.17831886265699,33.197668958945755],[-117.17838247920375,33.199183219317412],[-117.17963133905113,33.199096526914076]]]},"properties":{"OBJECTID":458,"Record_Num":"AWM2021-LCP-00086","Business_N":"MARTINEZ, JOSEPH","PRODUCER_L":"3681 CAMINO DE LAS LOMAS, VISTA, CA  92084 ","Area":4,"Shape_Length":1817.1257395952066,"Shape_Area":183517.46323696515}},{"type":"Feature","id":459,"geometry":{"type":"Polygon","coordinates":[[[-117.1314492414906,33.235920444340756],[-117.13140395998794,33.235891361106617],[-117.13134044934777,33.235872208091884],[-117.13128357560002,33.23585020807657],[-117.13119490435628,33.23581443114675],[-117.13085978961827,33.235629174752248],[-117.13064572226531,33.235550879090724],[-117.13062290351438,33.235601450536784],[-117.13067053768704,33.236196225411504],[-117.13123660020644,33.236315429954793],[-117.13133161311087,33.236318956154179],[-117.13133607671392,33.23626571424257],[-117.13135002978616,33.236161995442458],[-117.13137113974624,33.236107234913071],[-117.1314099728806,33.235992137349768],[-117.1314492414906,33.235920444340756]]]},"properties":{"OBJECTID":459,"Record_Num":"AWM2021-LCP-00087","Business_N":"PINCUSHION CENTRAL","PRODUCER_L":"9572 WELK VIEW DR., ESCONDIDO, CA  92026 ","Area":1,"Shape_Length":876.0088844407851,"Shape_Area":44799.81322467987}},{"type":"Feature","id":460,"geometry":{"type":"Polygon","coordinates":[[[-117.09058109030121,32.558097529440431],[-117.09057337917493,32.5572875081522],[-117.09265382339665,32.557286786741919],[-117.09269207677282,32.554613279748246],[-117.08424283394014,32.554596568855573],[-117.08423582567858,32.558073182958104],[-117.09058109030121,32.558097529440431]]]},"properties":{"OBJECTID":460,"Record_Num":"AWM2021-LCP-00089","Business_N":"FAINESI, JEANNETTE","PRODUCER_L":"Tijuana River Valley Regional Park Commnity Garden - 2100 Hollister Street, San Diego, CA","Area":71,"Shape_Length":7732.4728673346872,"Shape_Area":3103404.2645512824}},{"type":"Feature","id":461,"geometry":{"type":"Polygon","coordinates":[[[-117.06697957987622,33.27661874448679],[-117.06632757486229,33.275233618590036],[-117.06581190076486,33.275365951007529],[-117.06544793435792,33.275305187169451],[-117.0651910699568,33.276317358907789],[-117.06522606801413,33.276375021250033],[-117.06649752389022,33.276661388487966],[-117.06669189370476,33.276675898657082],[-117.06680762903414,33.276656717089224],[-117.06697957987622,33.27661874448679]]]},"properties":{"OBJECTID":461,"Record_Num":"AWM2021-LCP-00090","Business_N":"BEHNEMAN FAMILY FARMS","PRODUCER_L":"12245 MESA VERDE DR., VALLEY CENTER, CA  92082 ","Area":4,"Shape_Length":1772.6395306123754,"Shape_Area":187633.713895528}},{"type":"Feature","id":462,"geometry":{"type":"Polygon","coordinates":[[[-117.06874511183621,33.275904777573523],[-117.06794726365889,33.27476757739467],[-117.06637701503112,33.2752165676931],[-117.06702518740109,33.276603551732222],[-117.06750313726985,33.276453095950707],[-117.06810140306858,33.276249468918664],[-117.06816338614559,33.276209778478979],[-117.06874511183621,33.275904777573523]]]},"properties":{"OBJECTID":462,"Record_Num":"AWM2021-LCP-00091","Business_N":"BEHNEMAN FAMILY FARMS","PRODUCER_L":"12227 MESA VERDE DR., VALLEY CENTER, CA  92082","Area":7,"Shape_Length":2116.1070092578739,"Shape_Area":285163.90936605178}},{"type":"Feature","id":463,"geometry":{"type":"Polygon","coordinates":[[[-117.21472203683095,33.396070962136982],[-117.21465912262632,33.395798948870414],[-117.21461996122225,33.395628380826068],[-117.21461119783139,33.395558090160364],[-117.21460227325495,33.395473281585993],[-117.21406298550137,33.395467414274393],[-117.21406975597766,33.396081607210839],[-117.21472203683095,33.396070962136982]]]},"properties":{"OBJECTID":463,"Record_Num":"AWM2021-LCP-00092","Business_N":"DUSTY ACRES","PRODUCER_L":"1109 RIVERVIEW DR, FALLBROOK, CA  92028 ","Area":1,"Shape_Length":807.94954483360107,"Shape_Area":39654.004072717005}},{"type":"Feature","id":464,"geometry":{"type":"Polygon","coordinates":[[[-116.69692028872393,32.755839507918978],[-116.69690101511338,32.75577635839452],[-116.69616173882378,32.754712519745084],[-116.69573188920432,32.754779926515404],[-116.69571028270823,32.756054933086858],[-116.69692028872393,32.755839507918978]]]},"properties":{"OBJECTID":464,"Record_Num":"AWM2023-LCP-00043","Business_N":"BELLOW, THEO  *","PRODUCER_L":"21037 FOG RIDGE RD, ALPINE, CA  91901 ","Area":3,"Shape_Length":1451.1509465327747,"Shape_Area":117449.47023368477}},{"type":"Feature","id":465,"geometry":{"type":"Polygon","coordinates":[[[-117.06845299859901,33.304591934239767],[-117.06822107594866,33.301025073189422],[-117.06455786016376,33.301086822599999],[-117.06490147476357,33.301562418576218],[-117.06498418733734,33.301714881906626],[-117.06500192664916,33.301813630782718],[-117.06492985710902,33.301901200118522],[-117.0647927920039,33.301932700707241],[-117.06470626958901,33.301973285088771],[-117.06445611759527,33.302203258787486],[-117.06438420152367,33.302307304489666],[-117.06442438525627,33.302408259664951],[-117.06453683776444,33.302442831757297],[-117.06464666093638,33.302496252141751],[-117.06483606639912,33.302666846636676],[-117.06496332276441,33.302786062234397],[-117.06515187585957,33.302864858673509],[-117.06542896298944,33.303006188956729],[-117.06565322506501,33.303100344154615],[-117.06575413304151,33.303118071452062],[-117.0660870019891,33.303115884096499],[-117.06659030682707,33.30307211660952],[-117.06706360434697,33.303098427348807],[-117.06738384759863,33.303151490234328],[-117.06754220926565,33.303224008486609],[-117.0677505359799,33.303487455684824],[-117.06785860648671,33.303803054626577],[-117.06794860946366,33.304059923812247],[-117.06808589850694,33.304220853197627],[-117.06824004831859,33.304348568944782],[-117.06838074381872,33.304461513131251],[-117.06845299859901,33.304591934239767]]]},"properties":{"OBJECTID":465,"Record_Num":"AWM2023-LCP-00044","Business_N":"SAN DIEGO MORINGA LLC","PRODUCER_L":"21 SANTA VIRGINIA DR., VALLEY CENTER, CA  92082 ","Area":20,"Shape_Length":4655.3085599298347,"Shape_Area":873245.60411351465}},{"type":"Feature","id":466,"geometry":{"type":"MultiPolygon","coordinates":[[[[-116.99890344619374,33.240945593358866],[-116.99891541251083,33.240848759111302],[-116.9995755361747,33.240242697761325],[-116.99997131028933,33.240143544116897],[-117.00016146676218,33.239938119460334],[-117.0002683707028,33.23972244600828],[-117.00089534792303,33.23972940420277],[-117.00153870190017,33.239408343880207],[-117.00216632303183,33.239490551721175],[-117.00223060567303,33.23729151143754],[-117.00290201781917,33.237260560876607],[-117.00284206985238,33.236239545718824],[-117.00286892523843,33.235642683079519],[-116.99809166734872,33.235779093250592],[-116.9978465655424,33.241537915999132],[-116.99827346044486,33.241336443181666],[-116.99881678365634,33.241284784368382],[-116.99893772765724,33.24121417042403],[-116.99890344619374,33.240945593358866]]],[[[-116.99798071873404,33.235544408771595],[-116.99797164433714,33.234481402394564],[-116.99380222436169,33.234519593004705],[-116.99381113677244,33.235569476019791],[-116.99798071873404,33.235544408771595]]]]},"properties":{"OBJECTID":466,"Record_Num":"AWM2022-LCP-00021","Business_N":"HERITAGE FAMILY FARMS","PRODUCER_L":"15402 VESPER RD, VALLEY CENTER, CA  92082 ","Area":62,"Shape_Length":10187.636650779561,"Shape_Area":2721254.8671678668}},{"type":"Feature","id":467,"geometry":{"type":"MultiPolygon","coordinates":[[[[-117.09545127957088,33.178138886525964],[-117.09543971148987,33.177744540029742],[-117.09500479639887,33.177739668042193],[-117.09499930502534,33.178136743111054],[-117.09545127957088,33.178138886525964]]],[[[-117.09490753862002,33.178123002303508],[-117.09493023992557,33.17773887045756],[-117.09481688355891,33.177740948587349],[-117.0948034878739,33.178123711314988],[-117.09490753862002,33.178123002303508]]]]},"properties":{"OBJECTID":467,"Record_Num":"AWM2022-LCP-00041","Business_N":"SAGE HILL RANCH & GARDENS","PRODUCER_L":"1303 Quail Road, Escondido, CA 92026","Area":1,"Shape_Length":905.19595817886591,"Shape_Area":24172.235281697242}},{"type":"Feature","id":468,"geometry":{"type":"MultiPolygon","coordinates":[[[[-117.08923436835748,33.308430795230784],[-117.08984597504553,33.308107462741759],[-117.08985091146775,33.308091766775505],[-117.08975764011242,33.30809097379889],[-117.08797462316203,33.308181329391445],[-117.08653871104248,33.308218064152854],[-117.08656960917892,33.309299871079844],[-117.0858293953828,33.309752025266839],[-117.08585902674844,33.309802993814266],[-117.08588100805372,33.30988516135438],[-117.08589020980196,33.310016357514726],[-117.08802738101942,33.30990628928965],[-117.09016717467898,33.309793942902552],[-117.09016931252161,33.309740535017525],[-117.08933388077104,33.309103240105962],[-117.08895714874046,33.30932825767033],[-117.08854989975542,33.308857143019701],[-117.08852388912641,33.308354531952254],[-117.08908530196304,33.308324042826129],[-117.08923460446641,33.308420921793129],[-117.08923436835748,33.308430795230784]]],[[[-117.09019365724683,33.309602715468941],[-117.09012149146696,33.308122373351459],[-117.08936750348325,33.308499417540546],[-117.08930193560265,33.308569383824576],[-117.08958282652989,33.308935954038404],[-117.08952116476719,33.308981560672542],[-117.08949278643389,33.309044322582977],[-117.09019365724683,33.309602715468941]]]]},"properties":{"OBJECTID":468,"Record_Num":"AWM2022-LCP-00054","Business_N":"EARTHLING ORCHARDS","PRODUCER_L":"32515 COUSER CANYON RD., VALLEY CENTER, CA  92082","Area":14,"Shape_Length":5797.9743631237197,"Shape_Area":627560.41056939471}},{"type":"Feature","id":469,"geometry":{"type":"MultiPolygon","coordinates":[[[[-116.75768490912374,33.072629797904867],[-116.75764356608902,33.065480472527923],[-116.75606457817304,33.065481762559834],[-116.75605651850147,33.072610596504575],[-116.75768490912374,33.072629797904867]]],[[[-116.75936428301512,33.065551005675346],[-116.75936952616587,33.065395785421835],[-116.75884736270359,33.06540827847698],[-116.75936428301512,33.065551005675346]]],[[[-116.75775423310989,33.069742814801522],[-116.75791967541025,33.069664537018831],[-116.75794374314313,33.069576491871722],[-116.75799760323586,33.069327952772319],[-116.75810678963738,33.069084360651829],[-116.75809336314778,33.0688878304464],[-116.7579320919104,33.068624653647475],[-116.75775913141548,33.068464991228169],[-116.75775423310989,33.069742814801522]]],[[[-116.75804009581911,33.068177031188654],[-116.75782875511605,33.068350065079393],[-116.7578805058001,33.068459112986069],[-116.7580702079799,33.068623880557887],[-116.75817727757513,33.068779053738545],[-116.75820959806165,33.068927911464655],[-116.75821479437691,33.069146410420394],[-116.75814487782559,33.069295688602821],[-116.75805230541341,33.069607293458603],[-116.75795098733172,33.069766632679773],[-116.757774745161,33.069889859015461],[-116.7577515548323,33.06995948311404],[-116.75774740454611,33.072641336941743],[-116.75939136046541,33.072674315867424],[-116.75937119778378,33.065810883357791],[-116.75915844449462,33.065738919127625],[-116.7588196166821,33.065624429531553],[-116.75862274563241,33.065578885943999],[-116.75838653536009,33.065530191581082],[-116.75782776501715,33.065459645191332],[-116.75776535032622,33.065545984667182],[-116.7577583858306,33.065701625782403],[-116.75778199783814,33.067744360295706],[-116.75781801873488,33.067853472732573],[-116.75798794386017,33.067998455970866],[-116.75804665764629,33.067951861815523],[-116.75817714695226,33.068077141019835],[-116.75804009581911,33.068177031188654]]]]},"properties":{"OBJECTID":469,"Record_Num":"AWM2022-LCP-00056","Business_N":"THREE SONS FARM","PRODUCER_L":"26500/502 HWY 78, RAMONA, CA  92065","Area":58,"Shape_Length":13877.519061037576,"Shape_Area":2523182.9543035533}},{"type":"Feature","id":470,"geometry":{"type":"Polygon","coordinates":[[[-117.16886355576506,32.921663957460325],[-117.16886205235012,32.92160316420469],[-117.16883014620474,32.921625378597973],[-117.16878672743117,32.921626434419629],[-117.16875546740722,32.921627398961412],[-117.16875411280535,32.921664037768714],[-117.16878973079675,32.9216645061679],[-117.16878892285382,32.921670372590789],[-117.16886355576506,32.921663957460325]]]},"properties":{"OBJECTID":470,"Record_Num":"AWM2023-LCP-00004","Business_N":"T-N-L MICROGREENS FARM","PRODUCER_L":"7360 CALLE CRISTOBAL, UNIT 110, SAN DIEGO, CA  92126  ","Area":0,"Shape_Length":107.18778101899919,"Shape_Area":526.27786147962217}},{"type":"Feature","id":471,"geometry":{"type":"MultiPolygon","coordinates":[[[[-117.16908840362943,33.249586513764164],[-117.17048022131287,33.247902297582776],[-117.16845598724143,33.247488331584343],[-117.16844882090331,33.249451369704815],[-117.16908840362943,33.249586513764164]]],[[[-117.17055715384043,33.25047086030402],[-117.17053527777583,33.249445234614086],[-117.17054700242237,33.247920453281779],[-117.16912817466746,33.249674810100849],[-117.1687220831416,33.249579901813874],[-117.168742640559,33.249952763453912],[-117.16995390738953,33.250097657386796],[-117.17055715384043,33.25047086030402]]]]},"properties":{"OBJECTID":471,"Record_Num":"AWM2023-LCP-00014","Business_N":"3731 GOPHER CANYON RD. LLC","PRODUCER_L":"3731 GOPHER CANYON RD, VISTA, CA  92084","Area":12,"Shape_Length":4866.4703983007457,"Shape_Area":518484.92067527457}},{"type":"Feature","id":472,"geometry":{"type":"MultiPolygon","coordinates":[[[[-116.62233192299918,33.0578154675813],[-116.6223252859281,33.056991962732134],[-116.62230361187747,33.056330030052344],[-116.62231302285646,33.056324705136092],[-116.62135399703759,33.056335529241665],[-116.62131332001265,33.05638331538379],[-116.62126725007487,33.056642956233553],[-116.62121399560424,33.056690780054808],[-116.62113873033013,33.056738669832228],[-116.62106023059317,33.056765384590832],[-116.62098791875117,33.056768249587634],[-116.62093223514847,33.056985551578734],[-116.62056924106651,33.057405020770375],[-116.62058031752242,33.057794242075403],[-116.62233192299918,33.0578154675813]]],[[[-116.62185096437287,33.054882938415254],[-116.62175696895699,33.054962660934571],[-116.62186438353773,33.055081497851688],[-116.62212630166435,33.055300494428991],[-116.62233820148445,33.055588487897403],[-116.62237070133651,33.055095864180814],[-116.62185096437287,33.054882938415254]]],[[[-116.62303299108852,33.056296058612233],[-116.62270941266671,33.055627091149681],[-116.62243693664777,33.055143328212083],[-116.6224021685062,33.055101065255478],[-116.62236687214785,33.055675785953902],[-116.62210760333609,33.055340269851747],[-116.62195550055829,33.05580677336372],[-116.62138844035346,33.056301002426565],[-116.62235056570648,33.056279576397934],[-116.62303299108852,33.056296058612233]]]]},"properties":{"OBJECTID":472,"Record_Num":"AWM2023-LCP-00029","Business_N":"JULIAN TEA COMPANY","PRODUCER_L":"3850 PINE HILLS RD, JULIAN, CA, 92036 ","Area":8,"Shape_Length":4453.5610735896116,"Shape_Area":351984.13875951985}},{"type":"Feature","id":473,"geometry":{"type":"MultiPolygon","coordinates":[[[[-117.21901891249686,33.259985925745745],[-117.21902189097813,33.258717670844071],[-117.21770956493664,33.258863665670859],[-117.21770490995409,33.259981888339212],[-117.21901891249686,33.259985925745745]]],[[[-117.22038393792258,33.259989549391825],[-117.22039884882427,33.259800091647364],[-117.21906852002432,33.259088844732013],[-117.21907847894749,33.259989033235136],[-117.22038393792258,33.259989549391825]]]]},"properties":{"OBJECTID":473,"Record_Num":"AWM2023-LCP-00038","Business_N":"WAYMAKER  *","PRODUCER_L":"1596 ALDORADO DR., VISTA, CA  92084","Area":6,"Shape_Length":2952.4242684211163,"Shape_Area":254216.11864164192}},{"type":"Feature","id":474,"geometry":{"type":"MultiPolygon","coordinates":[[[[-117.16771594657591,33.401465653289357],[-117.16784432234157,33.401185919577003],[-117.16785338754741,33.401072273401283],[-117.16786475765483,33.400982702578801],[-117.16784587893007,33.400943261194001],[-117.16615307158446,33.400929936148557],[-117.16612093085155,33.400995566607619],[-117.16611981721577,33.401085061668816],[-117.16611884671211,33.401188322742883],[-117.16610306524733,33.401248670427023],[-117.16603583226596,33.401293909772377],[-117.16596309393415,33.401401141455686],[-117.16596799006984,33.401476825155846],[-117.16767919919053,33.401483133415724],[-117.16771594657591,33.401465653289357]]],[[[-117.16612821874902,33.400907747375676],[-117.16619269622987,33.400795413366076],[-117.16622627486613,33.400671261335241],[-117.16628553552205,33.400648452584527],[-117.16633334794389,33.400512149862145],[-117.1663061016194,33.400457281522648],[-117.166229981314,33.400633374571541],[-117.16575310218659,33.400549122206719],[-117.16569116375896,33.400904084144607],[-117.16612821874902,33.400907747375676]]],[[[-117.16640016543994,33.400427332625917],[-117.16634788950297,33.400529251505205],[-117.16631422093967,33.400644799366553],[-117.16625974846791,33.400732967324245],[-117.16623604948677,33.400820907532015],[-117.16618775000738,33.400910750386686],[-117.1678599863326,33.400919064651767],[-117.1678161268876,33.400845390034355],[-117.16776800191155,33.400756258487135],[-117.16765597304567,33.400638343212499],[-117.16749637854785,33.400484640812529],[-117.16736001980019,33.400394438992436],[-117.1672941532406,33.400374274454784],[-117.16646118942724,33.400376976646122],[-117.16640016543994,33.400427332625917]]],[[[-117.16602067888164,33.401218301658616],[-117.16609571749228,33.400938962811082],[-117.16568931095516,33.400923027964417],[-117.16562501469812,33.401248750837034],[-117.16567590755872,33.401210516517871],[-117.16575602655834,33.401220251614419],[-117.16578005048117,33.401163285020075],[-117.16581503542625,33.401173352578397],[-117.16580114259042,33.401218198807015],[-117.16583411151575,33.401231722979801],[-117.16602067888164,33.401218301658616]]],[[[-117.16588382069,33.401472282237208],[-117.16588914688009,33.401393081449584],[-117.16589296163514,33.401365519205548],[-117.16592749610838,33.401332567511574],[-117.16596206661127,33.401303058211006],[-117.16601297737549,33.401266544054167],[-117.16602078702708,33.401228626163444],[-117.16587730268682,33.401241730060647],[-117.16564176940827,33.401281324661319],[-117.1655864148005,33.401481356681785],[-117.16588382069,33.401472282237208]]]]},"properties":{"OBJECTID":474,"Record_Num":"AWM2009-LCP-00040","Business_N":"THYS' RANCH","PRODUCER_L":"4463 RAINBOW VISTA DR FALLBROOK 92028","Area":5,"Shape_Length":4281.5404609289481,"Shape_Area":223195.47713000095}},{"type":"Feature","id":475,"geometry":{"type":"MultiPolygon","coordinates":[[[[-117.05622874931785,33.312426373305257],[-117.05471807404099,33.312898416810953],[-117.05450666927763,33.313316847969773],[-117.05411084015786,33.313486236990045],[-117.05362681840325,33.313968991477751],[-117.05261665948062,33.313954671802186],[-117.05239600761908,33.313817076413024],[-117.05241542695573,33.313226113205282],[-117.05210088116749,33.313231621357311],[-117.05203010123147,33.315445982303842],[-117.05617018353382,33.315506062641376],[-117.05622874931785,33.312426373305257]]],[[[-117.05621842821022,33.312311680959709],[-117.05624444684064,33.311844828178465],[-117.05214132430929,33.311828974577942],[-117.05213331874882,33.313161194684135],[-117.05253761294392,33.313167068412149],[-117.05249253028531,33.313761320081376],[-117.05268539089798,33.313853410334836],[-117.05359511777924,33.313872981669739],[-117.05405583996881,33.313420286636955],[-117.05441807612387,33.313248238078955],[-117.05466704672999,33.312847822171733],[-117.05479771425938,33.312770609537914],[-117.05621842821022,33.312311680959709]]],[[[-117.05203327492994,33.313272148482653],[-117.05172187216128,33.31347780274946],[-117.05161141140015,33.313554881676986],[-117.0512281813199,33.313642206632878],[-117.05080375101039,33.313644944375021],[-117.05038958218482,33.31366458541234],[-117.04993499202713,33.313684484553413],[-117.04945023862804,33.31372154710003],[-117.04918842631947,33.313825054001846],[-117.04885842915002,33.314209008170387],[-117.04837034610919,33.313881227034969],[-117.0477844594231,33.313910447327181],[-117.04776419419827,33.315013646776208],[-117.05195173089719,33.31540244673144],[-117.05203327492994,33.313272148482653]]]]},"properties":{"OBJECTID":475,"Record_Num":"AWM2019-LCP-00011","Business_N":"SERRATO FARMS","PRODUCER_L":"12928 MUUTAMA RD, VALLEY CNTR, CA  92082 ","Area":53,"Shape_Length":12460.453761560324,"Shape_Area":2291070.6494426113}},{"type":"Feature","id":476,"geometry":{"type":"MultiPolygon","coordinates":[[[[-117.27918152215777,33.275486332031477],[-117.27829394328568,33.275476649301687],[-117.27826979920053,33.274284123735299],[-117.27820850115015,33.274246293919909],[-117.27075570814412,33.274401521684979],[-117.27077882161458,33.277689844454692],[-117.27918214636564,33.277697129467612],[-117.27918152215777,33.275486332031477]]],[[[-117.28355985844627,33.274084722432903],[-117.28354097406398,33.273533692795979],[-117.28092878800422,33.273545016980052],[-117.28065079083585,33.274119312411663],[-117.28355985844627,33.274084722432903]]],[[[-117.28353302761874,33.274958525482326],[-117.28356133108542,33.274209507654369],[-117.27940167979354,33.274233675518509],[-117.27942285956392,33.274982281719645],[-117.28353302761874,33.274958525482326]]],[[[-117.28354861295236,33.276279163615733],[-117.28357139419475,33.275062203451775],[-117.27941206908523,33.275117567286671],[-117.2794511292439,33.276334013323989],[-117.28354861295236,33.276279163615733]]],[[[-117.28357888716261,33.277686155231358],[-117.2835788180315,33.276391196352222],[-117.27939516543336,33.276404663871311],[-117.27937206434548,33.27659654346558],[-117.27949893448181,33.276604010740314],[-117.27950670906937,33.276833971872186],[-117.27937998879155,33.27683928256053],[-117.27937985998356,33.277691230271301],[-117.28357888716261,33.277686155231358]]],[[[-117.28349975086975,33.279482692427365],[-117.28351542961123,33.278712981108541],[-117.27942911186302,33.278674138365361],[-117.27946316304241,33.279464236460882],[-117.28349975086975,33.279482692427365]]],[[[-117.28024050341813,33.281340139548533],[-117.28025684708784,33.279572048469412],[-117.2794396242045,33.279568429007398],[-117.2794233862723,33.281346918516135],[-117.28024050341813,33.281340139548533]]],[[[-117.283484330664,33.281323575494625],[-117.28350097806772,33.279586679581129],[-117.28036851469358,33.27959192161007],[-117.28038931428503,33.281359704408331],[-117.283484330664,33.281323575494625]]],[[[-117.28350411731758,33.285098515485174],[-117.2834981836522,33.281448256610439],[-117.27942509761252,33.281492500728206],[-117.27940487734256,33.285038977998141],[-117.28350411731758,33.285098515485174]]],[[[-117.28810661995892,33.285829692771571],[-117.2880993467477,33.285216169187969],[-117.2794064664847,33.285174161601581],[-117.27939923721694,33.28877252781912],[-117.28398018509958,33.288713658069234],[-117.28397148738551,33.2890257222139],[-117.28810661995892,33.285829692771571]]]]},"properties":{"OBJECTID":476,"Record_Num":"AWM2021-LCP-00018","Business_N":"MELLANO & COMPANY","PRODUCER_L":"731-4 WILSHIRE RD, OCEANSIDE, CA  92057","Area":236,"Shape_Length":40302.512965176713,"Shape_Area":10296179.133056181}},{"type":"Feature","id":477,"geometry":{"type":"MultiPolygon","coordinates":[[[[-117.22437830300335,33.349751369844661],[-117.2243161132178,33.349926813995616],[-117.22424583062848,33.350095593036514],[-117.22412328584814,33.350251323861286],[-117.22393585354347,33.350340271590653],[-117.2237160153754,33.350399192812198],[-117.22345144502314,33.350401266190694],[-117.22344911621079,33.350912696447779],[-117.22815570137945,33.350912738715671],[-117.2281288418893,33.34743399725771],[-117.22539046961997,33.347405059449869],[-117.2253734019604,33.348751016860625],[-117.22611401092843,33.348657720754382],[-117.2262056223913,33.349323184012498],[-117.22600350990625,33.349533373879133],[-117.22501807181604,33.349961681584055],[-117.22496131329869,33.349904929954249],[-117.22437830300335,33.349751369844661]]],[[[-117.22346347808124,33.350334301325496],[-117.22370781277438,33.350337643474901],[-117.22387663471052,33.350310034514628],[-117.22403843255866,33.350214138228623],[-117.22419911808824,33.350018364768445],[-117.22433954872322,33.349691321647633],[-117.22496747580178,33.349828337486947],[-117.22501822728091,33.349885767454765],[-117.22594076497339,33.34947898259994],[-117.22612684962387,33.349314549663276],[-117.22605144353022,33.348731602304277],[-117.22529439488638,33.348811147116116],[-117.22532897482033,33.347417738761116],[-117.22174561354478,33.347377478200919],[-117.22174097425251,33.349780017950103],[-117.22345113291931,33.349787657124729],[-117.22345119140651,33.349792914519355],[-117.22346347808124,33.350334301325496]]]]},"properties":{"OBJECTID":477,"Record_Num":"AWM2021-LCP-00048","Business_N":"REY RIVER FARM, INC.","PRODUCER_L":"1650 WINTERHAVEN RD, FALLBROOK, CA  92028","Area":51,"Shape_Length":10423.776939259289,"Shape_Area":2232635.726488729}},{"type":"Feature","id":478,"geometry":{"type":"MultiPolygon","coordinates":[[[[-117.25350396936426,33.390407347523393],[-117.25350678331385,33.389605200371868],[-117.25267070041893,33.389600427014976],[-117.25272955784014,33.389792922958428],[-117.25277313242196,33.389999943272464],[-117.2527919491242,33.390143799745118],[-117.25280399798048,33.390296350934932],[-117.25280177025431,33.390401494854729],[-117.25350396936426,33.390407347523393]]],[[[-117.25349767389559,33.391205202609861],[-117.25349880865086,33.39085525425611],[-117.25349735128661,33.390429002154967],[-117.25350076771529,33.390427534551499],[-117.25280198488366,33.390420214280525],[-117.25280842376529,33.390981793418696],[-117.25281619776123,33.391060934474744],[-117.25283417272999,33.391131354008714],[-117.25286064761563,33.391194503957898],[-117.25349767389559,33.391205202609861]]]]},"properties":{"OBJECTID":478,"Record_Num":"AWM2021-LCP-00051","Business_N":"EB GROVE","PRODUCER_L":"914 DE LUZ RD, FALLBROOK, CA  92028","Area":3,"Shape_Length":2031.9803829476602,"Shape_Area":125471.77305440161}},{"type":"Feature","id":479,"geometry":{"type":"MultiPolygon","coordinates":[[[[-117.02435028328144,33.124811872297968],[-117.02410696273412,33.124019764306375],[-117.02313784261349,33.124000505489548],[-117.02306900249502,33.124234142119988],[-117.02316049159343,33.124376388275529],[-117.02338570356174,33.124577457544909],[-117.02338202802844,33.124647985003882],[-117.02362248695952,33.124872460187198],[-117.02372257062461,33.125014652269329],[-117.02435028328144,33.124811872297968]]],[[[-117.02503630593212,33.124780240438319],[-117.02493440472814,33.124645291655852],[-117.02483556066367,33.124476428046364],[-117.02473492110327,33.124104196409839],[-117.0250921370402,33.123500301035826],[-117.02505849550441,33.123492037111802],[-117.02472821160613,33.12334439376334],[-117.02430191459743,33.123728392798562],[-117.02413321265652,33.124011916761582],[-117.02438861860506,33.124804062792322],[-117.02503630593212,33.124780240438319]]]]},"properties":{"OBJECTID":479,"Record_Num":"AWM2021-LCP-00065","Business_N":"OMA'S ORANGE GROVE","PRODUCER_L":"2742 MOUNTAIN VIEW DR, ESCONDIDO, CA  92027 ","Area":4,"Shape_Length":2683.0000452885279,"Shape_Area":187426.3646961319}},{"type":"Feature","id":480,"geometry":{"type":"MultiPolygon","coordinates":[[[[-117.23014280261189,33.423967007414326],[-117.23172589606455,33.42397664116703],[-117.23282594445598,33.421696637223747],[-117.23369051404292,33.421940530276338],[-117.23401471100911,33.422616409265054],[-117.23466003744448,33.422913649945421],[-117.23468517208036,33.422802835322415],[-117.23472689724463,33.422603395934964],[-117.23479550076924,33.422447990774607],[-117.23488135892381,33.422262950804502],[-117.2349494624049,33.422063302367661],[-117.23498255977341,33.421878680252178],[-117.23500686295688,33.421694127789713],[-117.23505829366981,33.421575729759866],[-117.23502991990316,33.421398969583244],[-117.23479009113686,33.421187011326495],[-117.23463703423411,33.420871124832033],[-117.23460144641032,33.420834534484889],[-117.23313993880944,33.420683862740908],[-117.23319062517957,33.420499101998544],[-117.23359702227674,33.419883813395515],[-117.23287133415066,33.420258271202485],[-117.23262039102987,33.420621600489426],[-117.23247612604953,33.421087327832844],[-117.23221231478485,33.421871097967149],[-117.23217025288744,33.42204104107077],[-117.23109884319535,33.422956550031863],[-117.23014280261189,33.423967007414326]]],[[[-117.23251313223453,33.420467585377182],[-117.23261765626502,33.420378266878764],[-117.23190557064808,33.420398641551756],[-117.23190837142532,33.421431034567185],[-117.23177887202391,33.421645914262854],[-117.2309129396144,33.422847401253783],[-117.23093981634942,33.422891435430593],[-117.23198484683097,33.421976136177001],[-117.23206199923538,33.421798541007732],[-117.23214529364913,33.421384917071052],[-117.23240238252164,33.420785560042084],[-117.23251313223453,33.420467585377182]]]]},"properties":{"OBJECTID":480,"Record_Num":"AWM2021-LCP-00067","Business_N":"AMERICAN LOTUS BUDDHIST ASSOCIATION","PRODUCER_L":"40351 ROCK MOUNTAIN DR., FALLBROOK, CA  92028 ","Area":18,"Shape_Length":7910.110656216234,"Shape_Area":776034.67307622358}},{"type":"Feature","id":481,"geometry":{"type":"MultiPolygon","coordinates":[[[[-116.77574062104972,33.091085574111844],[-116.77576188458373,33.088509149731635],[-116.77575117842548,33.087946974320083],[-116.77577315877504,33.087940702508433],[-116.775582191897,33.087916799864686],[-116.77538347885179,33.087824968891923],[-116.77511159769072,33.087770517976558],[-116.77482577679471,33.087839690297926],[-116.77455511332717,33.087989114770281],[-116.7742407831358,33.088200506754134],[-116.77414618454213,33.088336827979752],[-116.77403764650511,33.088596774662712],[-116.77379600463884,33.088690470794731],[-116.77356822948713,33.088648186074266],[-116.77342882155972,33.088654952889677],[-116.77320897547541,33.088711486519685],[-116.77287918740892,33.088793196154604],[-116.77246099735808,33.088819673968139],[-116.77221854448982,33.088777448679053],[-116.77204203537204,33.088716410376911],[-116.77186578364001,33.088698618487847],[-116.77157958894577,33.088706001594659],[-116.77157904590491,33.091084633367814],[-116.77574062104972,33.091085574111844]]],[[[-116.77579780531234,33.087742399573855],[-116.77579253987543,33.087647523380781],[-116.7757873691986,33.087568463659728],[-116.77579671571645,33.087560515996223],[-116.77163056841842,33.087601856578175],[-116.77160720009536,33.087621724954111],[-116.77157453292234,33.087657449355518],[-116.77157040221876,33.088543181787301],[-116.77194614713072,33.088537644982097],[-116.77213431359317,33.088584300718665],[-116.77229899417041,33.088631055208239],[-116.77246355831234,33.08865804000866],[-116.77265144276437,33.088657247340358],[-116.77298463126787,33.0886044381418],[-116.77322378404426,33.088536208443756],[-116.77340206202074,33.088499868380794],[-116.7735617394959,33.088495239529685],[-116.77368872672679,33.088522381536173],[-116.77380610658669,33.088513976305116],[-116.77389032424664,33.088458263320184],[-116.77393198457624,33.088355280586569],[-116.77400170974447,33.08823240914586],[-116.77410891607211,33.088093563097559],[-116.77440837228453,33.087898545432083],[-116.77454859910232,33.087783283143402],[-116.77481097205461,33.087671457194475],[-116.7749938736161,33.087623233256835],[-116.7752240767558,33.087630165282391],[-116.77538871092399,33.087669007877459],[-116.77553460370498,33.087715837761813],[-116.77565236226766,33.087770694864687],[-116.77573223527963,33.087774310757361],[-116.77579780531234,33.087742399573855]]]]},"properties":{"OBJECTID":481,"Record_Num":"AWM2021-LCP-00083","Business_N":"SLAY HODGE INC","PRODUCER_L":"SUTHERLAND DAM RD, RAMONA, CA  92065","Area":36,"Shape_Length":7909.5991593889048,"Shape_Area":1547329.5993316909}},{"type":"Feature","id":482,"geometry":{"type":"MultiPolygon","coordinates":[[[[-117.2007559480618,33.34353639176291],[-117.20080036375319,33.343100599025753],[-117.20073939940266,33.343018558624735],[-117.20067724017093,33.34282651829124],[-117.20063225984354,33.342707685825545],[-117.20066422723673,33.34263410181758],[-117.20075626332077,33.342560058066034],[-117.20081488683356,33.342426681643772],[-117.20094375222794,33.342224011489535],[-117.20097312923814,33.341912093798186],[-117.19879421997398,33.341919587716063],[-117.19874220697039,33.343166755836904],[-117.1990649388288,33.343214711261439],[-117.19913111354485,33.343273794001135],[-117.1993164314368,33.343240292526559],[-117.19943185326521,33.34330816549096],[-117.19932432917612,33.343464833592932],[-117.1993197129958,33.343542792491299],[-117.2007559480618,33.34353639176291]]],[[[-117.19927535925075,33.343561608292958],[-117.19928847550602,33.343450961622949],[-117.19927202442074,33.343386201482026],[-117.19919609002535,33.343380773659476],[-117.19907177207803,33.343534325521198],[-117.19905918839973,33.343562058044228],[-117.19927535925075,33.343561608292958]]],[[[-117.20077477215796,33.343580067896085],[-117.19929986049374,33.343585481277735],[-117.19925872210948,33.343981828467335],[-117.19929367165214,33.343981561394379],[-117.19944576746077,33.344147613146959],[-117.19964173734577,33.344169583887926],[-117.20009238373692,33.343825842370272],[-117.20075421726584,33.343618361970691],[-117.20077477215796,33.343580067896085]]]]},"properties":{"OBJECTID":482,"Record_Num":"AWM2021-LCP-00100","Business_N":"HONEY PACIFICA","PRODUCER_L":"KINGRIDGE DR., FALLBROOK, CA 92028","Area":9,"Shape_Length":3903.2489780583182,"Shape_Area":400930.1547578515}},{"type":"Feature","id":483,"geometry":{"type":"MultiPolygon","coordinates":[[[[-117.33996001438383,33.441581734828873],[-117.3399749754045,33.441624957534877],[-117.34001629998573,33.441707309362812],[-117.34001424737724,33.441765577298369],[-117.34000372724819,33.441813433556646],[-117.33996967447393,33.441868486057537],[-117.33994138180083,33.441939798951616],[-117.33992980622492,33.442014459424584],[-117.33994319744403,33.442085406089177],[-117.3399551411156,33.442151705442953],[-117.3399905169267,33.442202654441921],[-117.34001649952835,33.442280480731732],[-117.34006240580989,33.442507251322517],[-117.34007964603438,33.442552534258674],[-117.34008617724842,33.442630531023354],[-117.34008296761493,33.442707448168669],[-117.34007027049809,33.442771779561937],[-117.33996564899202,33.442883797910085],[-117.33987703748448,33.44300456483812],[-117.33965011779952,33.443086545902581],[-117.33967379016553,33.445410585821513],[-117.34133849121346,33.445422653408492],[-117.34141749985083,33.445381963312244],[-117.34174077729307,33.445374682338596],[-117.34177962896177,33.445089921191951],[-117.34172959338537,33.441508440133106],[-117.33996001438383,33.441581734828873]]],[[[-117.33963515767499,33.443026060082701],[-117.33975710094307,33.443010770872966],[-117.33983423618436,33.442938989457623],[-117.34000472349321,33.442735556522479],[-117.34000994698324,33.442610366257341],[-117.34000870573705,33.442510830160501],[-117.33996597774893,33.442349084974175],[-117.33992010621309,33.442207276896042],[-117.3398633487628,33.442008679433442],[-117.33993210234775,33.441808982917465],[-117.33993771702893,33.441715074655058],[-117.33986824109705,33.441584850187056],[-117.33962071739721,33.441595551938796],[-117.33963515767499,33.443026060082701]]]]},"properties":{"OBJECTID":483,"Record_Num":"AWM2021-LCP-00097","Business_N":"BUENA VISTA RANCH","PRODUCER_L":"40160 DE LUZ RD, FALLBROOK, CA  92028 ","Area":20,"Shape_Length":5245.8715328241669,"Shape_Area":889732.5694141126}},{"type":"Feature","id":484,"geometry":{"type":"Polygon","coordinates":[[[-117.18509989258817,33.3551700689559],[-117.18503422994023,33.355024120264808],[-117.18497600891467,33.354908001581627],[-117.18466323557712,33.354632411332148],[-117.18451611898791,33.354528915950745],[-117.18387762348291,33.354432103206996],[-117.18349692005441,33.354464850339063],[-117.18344045485983,33.354513092803465],[-117.18331627653338,33.354890594024653],[-117.18319647930339,33.355011039884005],[-117.18307703121182,33.355164357284977],[-117.18292187761939,33.355308977051187],[-117.18270564444398,33.355403248726681],[-117.18371775287859,33.356136828135611],[-117.18499996178817,33.355149900639553],[-117.18505712912598,33.355167402566849],[-117.18509989258817,33.3551700689559]]]},"properties":{"OBJECTID":484,"Record_Num":"AWM2021-LCP-00099","Business_N":"BONDAVENTURE","PRODUCER_L":"2222 COUNTRY RD, FALLBROOK, CA  92028","Area":6,"Shape_Length":2022.0586121310487,"Shape_Area":248767.93352206924}},{"type":"Feature","id":485,"geometry":{"type":"MultiPolygon","coordinates":[[[[-117.04744799389846,33.032621195394327],[-117.04770393810628,33.032203424150495],[-117.04721689104626,33.03184835340091],[-117.04711280445133,33.031883342596828],[-117.04700348943696,33.031903351604967],[-117.04687053719903,33.031844148035745],[-117.04679865772002,33.031780262579879],[-117.04669396788958,33.031748761911146],[-117.04633210376353,33.031718915959388],[-117.04602942574708,33.031757326936777],[-117.04576525390038,33.031829809375438],[-117.0456410682725,33.031894956776704],[-117.04566342079967,33.032113599248696],[-117.04569152723407,33.032124143722001],[-117.04632287248762,33.032105068053198],[-117.04632956038364,33.032280912401482],[-117.04652578019092,33.032296809748487],[-117.04653250569663,33.032195953324965],[-117.04701735348472,33.032308660140259],[-117.04700032642499,33.03239671346725],[-117.04721256602954,33.032494014638679],[-117.04722304340463,33.032526121701004],[-117.04744799389846,33.032621195394327]]],[[[-117.04625135267963,33.034608699343885],[-117.04631229110629,33.034589003151815],[-117.04662638385111,33.03412367006684],[-117.04689452351302,33.033645762544346],[-117.04683067056826,33.033624724216111],[-117.04681315763217,33.033659155800557],[-117.0467087963369,33.033664117977992],[-117.04669073855437,33.033638494392498],[-117.04665497323677,33.033625855128022],[-117.04663695438528,33.033604520801973],[-117.04649406724867,33.033573265780895],[-117.04646992685203,33.033719279144236],[-117.0463018876132,33.033722505487248],[-117.04626758080707,33.033870728516561],[-117.04621161948154,33.033877523221811],[-117.046199509587,33.033946239709515],[-117.0458710506971,33.033950497226797],[-117.04584782207031,33.033916326830038],[-117.04577652467144,33.033916785212774],[-117.04568079391672,33.033750093207381],[-117.04566326001085,33.034063370441167],[-117.04567548591051,33.034288513603279],[-117.04616720582054,33.034596371149924],[-117.04625135267963,33.034608699343885]]]]},"properties":{"OBJECTID":485,"Record_Num":"AWM2021-LCP-00102","Business_N":"BERNARDO WINERY, INC","PRODUCER_L":"13330 PASEO DEL VERANO NORTH, SAN DIEGO, CA 92128","Area":4,"Shape_Length":3046.7990639951181,"Shape_Area":173047.63888395386}},{"type":"Feature","id":486,"geometry":{"type":"MultiPolygon","coordinates":[[[[-116.95970839628976,32.834876408187242],[-116.95958165607897,32.834594424524326],[-116.95656725916596,32.834526643442111],[-116.9565606981739,32.834816897932484],[-116.95813754019971,32.834850398469086],[-116.9588548113972,32.834863797040917],[-116.9587850218699,32.834661545701074],[-116.95881126910524,32.834608855817535],[-116.95887934505079,32.834598457699478],[-116.95896558471664,32.83463549082574],[-116.95904041350009,32.834727630046856],[-116.95916598207209,32.834864512031629],[-116.95970839628976,32.834876408187242]]],[[[-116.95907708161623,32.834865022482006],[-116.95893050755301,32.834695736520352],[-116.95887996961741,32.83467601183326],[-116.95887730905552,32.834713555265637],[-116.95891706164754,32.834865941126488],[-116.95907708161623,32.834865022482006]]]]},"properties":{"OBJECTID":486,"Record_Num":"AWM2022-LCP-00002","Business_N":"MOSTLY MICROGREENS  *","PRODUCER_L":"8747 GRAVES AVE., SANTEE, CA  92071","Area":2,"Shape_Length":2478.2654294415988,"Shape_Area":94088.760544491393}},{"type":"Feature","id":487,"geometry":{"type":"MultiPolygon","coordinates":[[[[-116.95067347558528,33.315674350439828],[-116.95051343332197,33.315562210792642],[-116.95046234963077,33.315824010618435],[-116.94926368258285,33.31685244868757],[-116.94892754287407,33.316994579409219],[-116.94850400335098,33.317559210979276],[-116.94751756674684,33.318874230000674],[-116.94581497744792,33.319234548316189],[-116.94486627034028,33.317654055015566],[-116.94366202783003,33.321860044121244],[-116.94299048267069,33.324205338757494],[-116.94313244060943,33.324197466502675],[-116.95066186706016,33.323759034496675],[-116.95061982466478,33.323170065676095],[-116.95061904316682,33.323159114528806],[-116.95061505356827,33.32310322492701],[-116.95013200133317,33.323048907977913],[-116.95011649769704,33.323047883590476],[-116.95009835440865,33.323046235683243],[-116.95008028383489,33.323044144632796],[-116.95006229675933,33.323041615788519],[-116.95004440283391,33.323038647292691],[-116.95002661390906,33.323035243586979],[-116.95000895255369,33.323031406347603],[-116.94999170395748,33.32302720610258],[-116.94998534293862,33.32302553865874],[-116.94996940536491,33.323021422092324],[-116.94995299042701,33.323016976391692],[-116.94993666207436,33.323012344452373],[-116.94992041609025,33.323007536216871],[-116.94990423949297,33.323002540036306],[-116.94988814523559,33.322997363952943],[-116.94987213651856,33.322992005243684],[-116.94985620583124,33.322986464852619],[-116.94984037143172,33.322980742676876],[-116.94982464198435,33.322974847684613],[-116.94980900135012,33.322968776359978],[-116.94979345055279,33.322962522385438],[-116.94977800792977,33.322956095576302],[-116.94976267350279,33.322949498637605],[-116.94974743646698,33.322942723514977],[-116.94973231621941,33.322935778214436],[-116.94971731709941,33.322928668121719],[-116.94970241862885,33.322921384335309],[-116.94968764233114,33.322913932144104],[-116.94967298608002,33.322906314265282],[-116.94965845957037,33.322898534250989],[-116.94964405418861,33.322890589444718],[-116.94962977637877,33.322882479810225],[-116.94961563588625,33.322874215211208],[-116.94960161866975,33.322865785808325],[-116.94958774735559,33.322857200490944],[-116.94957401123241,33.322848462926295],[-116.94956041559831,33.322839564067635],[-116.94954696810112,33.322830520102414],[-116.94953366219579,33.322821318443815],[-116.94952050981911,33.322811974353435],[-116.94950750012279,33.322802474367023],[-116.9494946503919,33.322792831011043],[-116.9494819541752,33.322783043420067],[-116.94946950979097,33.322773184077533],[-116.9494600421519,33.322765542361189],[-116.94944980775813,33.32275442082517],[-116.94944438556938,33.32274994019793],[-116.94943753849833,33.322745642523373],[-116.94943237105218,33.32274306753915],[-116.94941885374212,33.322736305233569],[-116.94940581881926,33.322730097455519],[-116.94939262250804,33.32272412322142],[-116.94937927340764,33.322718383384526],[-116.9493657877001,33.322712886870576],[-116.94935217076977,33.322707635452559],[-116.94933841617248,33.322702629166749],[-116.94932454003273,33.322697869725673],[-116.94931054130514,33.322693360741965],[-116.94929638658745,33.322689088878299],[-116.94928185504567,33.32268497242233],[-116.94927587653595,33.322682915061023],[-116.94926718813396,33.322682733147552],[-116.94924415199944,33.322679662744171],[-116.94922647295529,33.322676690215971],[-116.94920975085128,33.322673712297778],[-116.94919307046266,33.322670578149712],[-116.94917642746466,33.322667284189535],[-116.94915983368585,33.322663832153921],[-116.94914329560632,33.322660226514962],[-116.94912679816848,33.32265646465234],[-116.94911047692753,33.322652574657162],[-116.94910320317886,33.322650794184518],[-116.94908458902839,33.32264464212443],[-116.94906821853175,33.322638887702254],[-116.94905199607209,33.3226328411982],[-116.94903593347807,33.322626504349138],[-116.94902004367381,33.322619881590903],[-116.94900431917021,33.322612976572351],[-116.94898877284102,33.322605787417828],[-116.94897342197127,33.322598326653775],[-116.94895825685897,33.322590589826348],[-116.94894329148791,33.322582579562074],[-116.94892853883262,33.322574306608267],[-116.9489124773549,33.322564878737424],[-116.94889721133238,33.322554321978387],[-116.94888608681227,33.322547122354557],[-116.94887483308412,33.322540420288981],[-116.94886326986051,33.322534100477995],[-116.9488514165526,33.322528172730749],[-116.94883929257148,33.322522646856662],[-116.94882683220128,33.322517497977991],[-116.9488118978667,33.322511892335399],[-116.94879387636514,33.322503014689516],[-116.94877835110988,33.322494828118991],[-116.9487631341587,33.322486243969209],[-116.94874823638843,33.322477279311151],[-116.94873366529556,33.322467931397775],[-116.94871944681471,33.322458219920478],[-116.94870558849981,33.32244814934527],[-116.94869224922984,33.322437844113693],[-116.94868320193609,33.322430507450477],[-116.94866995602673,33.32241817288466],[-116.94865793675794,33.322406116351551],[-116.94864644624487,33.32239369616606],[-116.94863551039307,33.322380928413025],[-116.94862513474514,33.322367834702099],[-116.94861534194135,33.322354425726282],[-116.9486061984239,33.322340817430224],[-116.94859814148751,33.322327836910766],[-116.94859065372724,33.322311886623055],[-116.94858449980157,33.322297937801501],[-116.94857869947056,33.322283883296144],[-116.94857325070848,33.32226973844719],[-116.94856815022115,33.322255494256275],[-116.94856341103318,33.322241167782316],[-116.94855902458831,33.322226763581895],[-116.94855499622049,33.322212277116677],[-116.94855133362744,33.322197730885669],[-116.94854802926933,33.322183122226221],[-116.94854509068568,33.322168453801027],[-116.94854251909409,33.322153743637053],[-116.94854031015528,33.322138986348698],[-116.94853847366458,33.322124198111233],[-116.9485369999918,33.322109383487344],[-116.94853589660435,33.322094536123153],[-116.94853516366038,33.322079675855086],[-116.94853480417827,33.322064911770845],[-116.94853476913342,33.322056617304327],[-116.94853416564156,33.322042097147559],[-116.94853468710006,33.322025072976935],[-116.94853644203276,33.322008107691964],[-116.94853942123342,33.321991259052673],[-116.94854361668499,33.321974599239468],[-116.94854900941469,33.321958173443498],[-116.94855558713114,33.321942056574123],[-116.94856331064996,33.321926318281925],[-116.94857216092656,33.321910994741458],[-116.94858211266656,33.321896146508131],[-116.94859311376926,33.321881839698214],[-116.94860513452937,33.321868120464806],[-116.94861811953072,33.321855043220886],[-116.94863203254508,33.321842644237634],[-116.94864681926644,33.321830982430249],[-116.9486624241278,33.321820093276941],[-116.94867878630735,33.321810026712626],[-116.94869584160307,33.321800812854129],[-116.94871353872259,33.321792484450569],[-116.94873180703458,33.321785073458244],[-116.94875058340405,33.321778609086387],[-116.94876977570556,33.321773121608814],[-116.94878934099421,33.321768613070489],[-116.94880920114976,33.321765119076687],[-116.94882927134894,33.321762642809681],[-116.94884948402435,33.321761196371583],[-116.94886839484141,33.321760811334052],[-116.94892843041411,33.321760518567928],[-116.94894264311939,33.321760774912619],[-116.94895291349515,33.321760149947721],[-116.94896706844852,33.321758150581431],[-116.94898411307246,33.321756213397059],[-116.94899930297233,33.321754294764638],[-116.94901440425063,33.321752172846764],[-116.94902945877153,33.321749844702744],[-116.94904447187611,33.321747306695805],[-116.94905943931866,33.321744565161644],[-116.94907434712999,33.321741619277319],[-116.94908919636957,33.321738467233445],[-116.94910397850293,33.321735116291556],[-116.94911869131725,33.321731558349043],[-116.94913333165522,33.321727801538771],[-116.94914790699146,33.321723840408644],[-116.94916240771042,33.321719681324694],[-116.94917681879049,33.32171532617479],[-116.94919112949879,33.321710775921112],[-116.94920536021236,33.321706026842207],[-116.94921968228032,33.321701016658366],[-116.94922360522717,33.321699605966117],[-116.9492358745112,33.321695500914565],[-116.9492432924317,33.321692078706548],[-116.9492510514348,33.321687388602093],[-116.94926034229374,33.321680850420528],[-116.94926951144086,33.32167359698019],[-116.94927815830381,33.3216659028474],[-116.94928626590043,33.321657793365368],[-116.94929379367109,33.321649300321717],[-116.94930072148375,33.321640458094237],[-116.94930701733487,33.321631293914017],[-116.94931267070069,33.321621834891197],[-116.94931765390973,33.321612112740809],[-116.94932196077744,33.321602159958701],[-116.94932556481453,33.321592021778748],[-116.94932845763805,33.32158172439722],[-116.94933063088691,33.32157129671544],[-116.94933207743236,33.321560787464946],[-116.94933278887729,33.321550221038692],[-116.94933276765796,33.321539633490744],[-116.94933201197975,33.321529069014055],[-116.94933044797061,33.321518019470268],[-116.94932992302597,33.321515228984403],[-116.9493274144088,33.321501424680442],[-116.94932496520049,33.321487662421397],[-116.9493225696493,33.32147389444998],[-116.94932022673881,33.321460127985439],[-116.9493179331534,33.321446351324497],[-116.9493155114523,33.321431460893578],[-116.94931513819689,33.3214137790115],[-116.94931531725555,33.321398549326759],[-116.94931599474623,33.321383329459053],[-116.94931717185794,33.321368133828749],[-116.94931884224009,33.321352974193559],[-116.94932101126238,33.321337850523243],[-116.94932367802346,33.32132278446349],[-116.94932683403201,33.321307788685736],[-116.94933048149338,33.321292870391126],[-116.9493346151167,33.321278039527932],[-116.94933923503855,33.321263313227504],[-116.94934433165761,33.321248699659122],[-116.94934991037965,33.321234203300705],[-116.94935596169707,33.321219844042965],[-116.94936248032612,33.321205632735939],[-116.94936946095436,33.321191576622866],[-116.94937690045322,33.321177687443495],[-116.94938479135517,33.321163971551449],[-116.94939312847728,33.321150452419936],[-116.94940190211759,33.321137125595001],[-116.94941111877024,33.321123997351833],[-116.94942075611196,33.32111109667018],[-116.94943163179606,33.321097387409381],[-116.94944436742598,33.321083643326773],[-116.94945306366222,33.321073803777182],[-116.94946120020575,33.321063949345309],[-116.94946894413067,33.32105388612829],[-116.94947630713564,33.321043599633136],[-116.94948327233966,33.321033127826091],[-116.94948981836389,33.321022483451301],[-116.94949595586183,33.32101165562861],[-116.94950167321436,33.321000668769059],[-116.94950696720686,33.32098952379264],[-116.94951182629218,33.32097825412697],[-116.94951624508616,33.320966857999046],[-116.94952022892288,33.320955330870483],[-116.94952376421536,33.320943719705767],[-116.94952688625422,33.320931871018558],[-116.94952774049951,33.320928156645593],[-116.94952813274099,33.32091743241547],[-116.94952968945505,33.320901091298069],[-116.94953219629781,33.320884835899712],[-116.94953564926817,33.320868703212298],[-116.94953994611302,33.320853068915639],[-116.94954245378214,33.320845249743648],[-116.94955225201976,33.320817142910563],[-116.94956223089025,33.320788523799592],[-116.94956801797841,33.320774170527002],[-116.94957365500812,33.320760662083195],[-116.94957945999525,33.320747204991143],[-116.94958543512368,33.320733803746947],[-116.94959157074918,33.32072046111],[-116.94959787645816,33.320707167107649],[-116.94960434799073,33.320693926272362],[-116.94961098541896,33.320680747620607],[-116.94961778123917,33.320667632997981],[-116.94962474609754,33.320654570622551],[-116.94963187468171,33.320641567737709],[-116.94963916703489,33.32062862975333],[-116.94964661572564,33.320615767531621],[-116.9496542238317,33.32060296302128],[-116.94966199679499,33.320590225208598],[-116.94966991860667,33.320577566807401],[-116.94967800307707,33.320564968804355],[-116.94968621312131,33.320552494526773],[-116.94968936754702,33.320547792464126],[-116.94969583512396,33.32053701597053],[-116.94970252066707,33.320525425823945],[-116.94970898421917,33.320513743151672],[-116.94971526290111,33.320501909134656],[-116.94971912599219,33.32049436184645],[-116.94972041109907,33.320491746010454],[-116.94972045235134,33.320488441977894],[-116.94972146209123,33.320476100238196],[-116.949721089907,33.320468235972669],[-116.94971970660453,33.320460448637597],[-116.94971733453586,33.320452847211875],[-116.94971399254977,33.320445505527999],[-116.9497097177601,33.320438498217172],[-116.94970457219083,33.320431925919422],[-116.94969860796969,33.320425860476306],[-116.94969189651979,33.320420369112242],[-116.94968452112131,33.320415524394981],[-116.9496765551649,33.320411370995551],[-116.94966794273883,33.320407901113605],[-116.94966048068635,33.320405651953223],[-116.94965070293621,33.320403659295138],[-116.94964302618183,33.320402094825901],[-116.94963270995682,33.320401531677007],[-116.94961723435061,33.320400864141682],[-116.94960174726216,33.320400372499073],[-116.94958625190611,33.320400055829374],[-116.94957076009604,33.320399914066058],[-116.94955525573667,33.320399949103205],[-116.94953971301638,33.320400156577669],[-116.94952237078463,33.320400568049969],[-116.94949974320637,33.32039841782607],[-116.9494799604539,33.320395561780707],[-116.94946040316925,33.320391754980527],[-116.94944113049371,33.320387006109392],[-116.94942222097232,33.320381332758949],[-116.94940374248955,33.320374762499569],[-116.94938573271429,33.320367305037898],[-116.94936826274562,33.320358987024477],[-116.94935139726742,33.320349838752904],[-116.94933518811179,33.320339895097469],[-116.94931968920115,33.32032918370723],[-116.94930495025544,33.320317743977057],[-116.94929100692492,33.320305601855445],[-116.94927793369571,33.320292804712984],[-116.94926576005483,33.320279413698927],[-116.94925451507869,33.320265438568462],[-116.94924425411608,33.320250951145624],[-116.94923500328781,33.320235994564761],[-116.9492267930394,33.320220615542667],[-116.94921964519556,33.320204857237918],[-116.94921263115062,33.320186218174584],[-116.94920940840129,33.320168250265041],[-116.94920697179001,33.320159150580487],[-116.94920375269399,33.320150782966905],[-116.94919928988111,33.320142012085512],[-116.94919732518467,33.320138746397355],[-116.94915824806543,33.320074217683207],[-116.94915140762963,33.320064133796087],[-116.94914392240896,33.320053868691566],[-116.94913605536597,33.320043804108344],[-116.94912781628878,33.320033955320014],[-116.94911921926884,33.320024338477666],[-116.94911025459713,33.320014948225669],[-116.94910093952937,33.320005793483809],[-116.94909129142195,33.319996895794894],[-116.94908131137048,33.319988257857702],[-116.94907100799544,33.319979883230452],[-116.94906040617118,33.319971793413707],[-116.94904949837262,33.319963987547936],[-116.94903829749452,33.319956466462237],[-116.94902682841105,33.319949251657171],[-116.94901509328457,33.319942344923838],[-116.94900310828214,33.319935753384705],[-116.94899087236574,33.319929481553984],[-116.94897840057807,33.319923530248666],[-116.94896572743734,33.319917918209903],[-116.94895284758078,33.319912646369538],[-116.94893976637097,33.319907713795665],[-116.94892580746014,33.319902887149482],[-116.94890719601975,33.319896596187611],[-116.94888889330487,33.319889289081985],[-116.94887117523886,33.319881087811595],[-116.94885407417091,33.319872008425264],[-116.94883765482751,33.319862086626635],[-116.94882197333607,33.319851357266238],[-116.94880708368333,33.319839856108153],[-116.94879304529034,33.319827627001303],[-116.9487799047194,33.319814717473655],[-116.94876770412154,33.319801160650897],[-116.94875620799789,33.319786651282996],[-116.94874532696639,33.319770352200983],[-116.94873687507766,33.319756573206],[-116.94872900057702,33.319742739565413],[-116.94872161116923,33.319728725561731],[-116.94871471434304,33.319714527546047],[-116.94870831670043,33.31970016531865],[-116.94870242696256,33.319685655060944],[-116.9486970462678,33.319671004881847],[-116.94869227141388,33.319656500974929],[-116.94868999622686,33.319649047763377],[-116.94868721424761,33.319630578723903],[-116.94868580739504,33.319613907135839],[-116.94868549046919,33.319597210480318],[-116.94868626153034,33.31958051491732],[-116.948688127439,33.319563872706432],[-116.94869107261765,33.319547350660436],[-116.94869509415322,33.319530987568363],[-116.94870017530788,33.319514839429232],[-116.94870630455532,33.319498942375482],[-116.9487134661526,33.319483342481824],[-116.94872164129323,33.319468105677366],[-116.94873078628967,33.319453275489046],[-116.94874088958696,33.319438884442427],[-116.94875192356399,33.31942497056388],[-116.94876384788486,33.319411593591774],[-116.94877662629374,33.319398786190817],[-116.94878982158124,33.31938694125347],[-116.9487942812808,33.319383223729702],[-116.94880591438604,33.319373191867022],[-116.94881885980045,33.319362605291559],[-116.94883213722963,33.319352306289687],[-116.94884573924932,33.319342306624982],[-116.94885964555503,33.319332619035343],[-116.9488738486003,33.319323239956468],[-116.94888835489378,33.319314177466687],[-116.94890423871588,33.319304792532236],[-116.94891915093302,33.319297203824675],[-116.94892753734455,33.319292023292803],[-116.94893516118078,33.319286301528273],[-116.9489380412091,33.319283686642315],[-116.94894069525319,33.319279267840194],[-116.94894406152467,33.319271506062961],[-116.94894692075066,33.319262654288252],[-116.94894888287932,33.319253630830694],[-116.94894993126022,33.319244502509292],[-116.94895006099897,33.319235328863329],[-116.9489492338906,33.319225763857943],[-116.9489491031409,33.319224991843512],[-116.94894521284341,33.319216354787137],[-116.94893920674899,33.319200454784806],[-116.94893423389787,33.319184291083182],[-116.94893032706274,33.319167932928082],[-116.94892747691573,33.319151422751752],[-116.94892570524513,33.319134799204384],[-116.94892501256133,33.319118126303344],[-116.94892540023304,33.319101441010268],[-116.94892687298008,33.319084796498359],[-116.94892942054466,33.319068253238896],[-116.94893303355565,33.31905184825375],[-116.94893770806942,33.319035625747979],[-116.94894342631765,33.319019647136614],[-116.9489501735091,33.319003943160283],[-116.94895793192596,33.318988581545405],[-116.94896666534828,33.318973599465053],[-116.94897636225738,33.318959033953242],[-116.94898698864613,33.318944930285802],[-116.94899851589176,33.318931335511543],[-116.94901090561952,33.318918285913966],[-116.94902412062227,33.318905829491889],[-116.94903812026226,33.318893988114418],[-116.94905288016247,33.318882802494706],[-116.94906833189918,33.318872311790379],[-116.9490844081804,33.31886256236627],[-116.94910393304622,33.318852000037552],[-116.94914090558925,33.318839341332279],[-116.94915285603281,33.31883476559301],[-116.94916392192499,33.31882984046738],[-116.94917461401722,33.318824371921274],[-116.94918490023458,33.318818378169347],[-116.94919473459851,33.318811884717803],[-116.94920409893798,33.318804902489489],[-116.94921294737534,33.31879746961382],[-116.94922125425796,33.318789601564099],[-116.94922898446946,33.318781339114366],[-116.94923611237886,33.318772700442835],[-116.94924261784028,33.318763718123968],[-116.94924979677948,33.318752325395778],[-116.94925783813642,33.318740394009254],[-116.94926458726898,33.318729648410262],[-116.94927095604695,33.318718748959704],[-116.94927694746184,33.318707666786736],[-116.94928449542779,33.318692591270064],[-116.94929631970955,33.31867679737023],[-116.94930590676663,33.318664490287887],[-116.94931575272307,33.318652326017649],[-116.94932585975546,33.318640308153995],[-116.94933622362554,33.318628443934287],[-116.94934683046556,33.318616745158486],[-116.94935768023937,33.318605207318392],[-116.94936878470291,33.318593823134023],[-116.94938013537971,33.318582607080273],[-116.94939171732084,33.318571570061593],[-116.94940352517806,33.318560714812925],[-116.9494155599605,33.318550033213505],[-116.9494278313626,33.318539528815322],[-116.94944031907281,33.318529213454724],[-116.94945302845375,33.318519086199728],[-116.94946594346814,33.318509156157617],[-116.94947906836859,33.318499417894095],[-116.9494924149398,33.31848986773602],[-116.94950595440113,33.31848053289621],[-116.94951967702224,33.318471405314149],[-116.94953360636525,33.31846247674185],[-116.94954759387848,33.318453839086928],[-116.94955575683939,33.318448934786169],[-116.94957114755829,33.318440502023691],[-116.94958607799383,33.318432665165787],[-116.94960117683517,33.318425070814342],[-116.94961645913209,33.318417720687897],[-116.9496318916498,33.318410622187159],[-116.94964645765691,33.31840422196769],[-116.94965843838187,33.318398742512528],[-116.94966834639746,33.318393411790957],[-116.9496777846697,33.31838749310657],[-116.94968671055027,33.318381025472483],[-116.94969505347532,33.318374048960891],[-116.94970278681232,33.318366590772747],[-116.94970986900135,33.318358691718458],[-116.94971626805463,33.318350380832499],[-116.94972195537913,33.318341708770895],[-116.94972688417515,33.318332732604027],[-116.94973103863632,33.318323490292144],[-116.94973440391495,33.318314005363042],[-116.9497369622873,33.31830434464176],[-116.94973869377399,33.318294561440901],[-116.94973959550639,33.318284699959563],[-116.94973965823743,33.318274812547969],[-116.94973888446114,33.318264942473391],[-116.94973727567708,33.318255142927228],[-116.94973467547796,33.318244791721135],[-116.94973267438445,33.318238313515366],[-116.9497306635926,33.318222426203057],[-116.94972859426562,33.318212383089538],[-116.94972574520041,33.318202472409659],[-116.94972213070449,33.318192737364058],[-116.94971601080012,33.318179403352765],[-116.94970999666594,33.318161968749422],[-116.94970565077895,33.318149680624188],[-116.9497011112575,33.318138024774534],[-116.94969619344737,33.318126472947291],[-116.94969090390771,33.318115039532493],[-116.94968524377028,33.318103731737367],[-116.94967922279444,33.318092561228823],[-116.94967283674936,33.318081536145833],[-116.94966609421226,33.318070654636735],[-116.94965899961602,33.318059933808556],[-116.949651556197,33.318049375446428],[-116.94964378126816,33.318038995683281],[-116.94963567279696,33.318028808957493],[-116.94962722311453,33.318018796376677],[-116.94961845496839,33.318008982158354],[-116.94960937597712,33.317999378883208],[-116.94959992983432,33.317989929160078],[-116.94959541909459,33.317985634561929],[-116.94952811140359,33.317940031902729],[-116.94951479864457,33.317931626472344],[-116.94949999033176,33.317921404438735],[-116.94948572223389,33.317910643755262],[-116.94947202895513,33.317899373983039],[-116.94945893103733,33.31788761213874],[-116.94944645767158,33.317875382403834],[-116.94943462942122,33.317862704499888],[-116.94942347553497,33.317849609821643],[-116.94941300906562,33.317836119034666],[-116.94940325380557,33.317822252744023],[-116.94939423155051,33.317808050501675],[-116.94938595427924,33.317793532979231],[-116.94937843501569,33.317778717235591],[-116.94937169448153,33.31776364282873],[-116.94936574039566,33.317748334962637],[-116.94936059233375,33.31773282418483],[-116.94935625273131,33.317717146549263],[-116.94935272919929,33.317701313735242],[-116.94935003608749,33.31768537435341],[-116.94934817039693,33.317669356373116],[-116.94934713763374,33.317653276895619],[-116.94934694348417,33.317637175563405],[-116.9493475828518,33.317621086669369],[-116.94934906124985,33.317605028216413],[-116.94935136829869,33.317589045347546],[-116.94935450529509,33.317573166007932],[-116.94935846167205,33.317557411897525],[-116.9493632376597,33.317541811869198],[-116.94936881641311,33.317526408397256],[-116.94937518740856,33.31751122859162],[-116.94938234322898,33.31749628511767],[-116.94939004379917,33.317482043698973],[-116.9493933924893,33.317476262122703],[-116.94940253164791,33.317463698766431],[-116.94940842016469,33.317454402515168],[-116.94941365016064,33.317444816922247],[-116.94941819523412,33.317434998041414],[-116.94942203518929,33.317424972135591],[-116.94942516808024,33.31741476446313],[-116.94942757180114,33.317404431053603],[-116.94942924220054,33.317393989964231],[-116.9494301753287,33.3173834844985],[-116.94943036503761,33.31737295166058],[-116.94942981371327,33.317362421192804],[-116.94942851960417,33.317351942698053],[-116.94942649263542,33.317341548581517],[-116.94942373199991,33.317331272210168],[-116.94942025297085,33.317321143253864],[-116.94941606996341,33.317311218438029],[-116.94941119172071,33.317301516648847],[-116.94940563020754,33.317292056754376],[-116.94939903443534,33.317282326766573],[-116.94935891961343,33.317227038171225],[-116.94934976905911,33.317212765413537],[-116.94934148919029,33.317198586938147],[-116.94933385493516,33.317184157762789],[-116.94932701592258,33.317169789932287],[-116.94932329358738,33.317161333179691],[-116.94931809065481,33.317143922841495],[-116.94931426530496,33.31712794835564],[-116.94931133673808,33.317111839877661],[-116.9493093213725,33.317095636087913],[-116.9493082172975,33.317079366753163],[-116.94930802805854,33.317063072429555],[-116.94930875506761,33.317046795488757],[-116.9493103920318,33.317030554901677],[-116.94931295108086,33.317014390274444],[-116.94931640911355,33.316998367560736],[-116.94932076075246,33.316982485888943],[-116.94932600640055,33.316966795751583],[-116.94933212486673,33.316951333335531],[-116.94933910779685,33.316936128443587],[-116.9493469340144,33.316921219065911],[-116.94935558982435,33.316906638642145],[-116.94936505503775,33.316892414336543],[-116.94937531376858,33.316878574190923],[-116.94938633632833,33.316865166161918],[-116.94939809706479,33.316852205722647],[-116.94941058116611,33.316839720908753],[-116.94942341334497,33.316828056476851],[-116.9494297218903,33.316822676614194],[-116.94961417944076,33.316682524443443],[-116.94962715935749,33.316673360453194],[-116.94963862680687,33.316664965109481],[-116.94964991459771,33.316656397651876],[-116.94966102061819,33.316647662600793],[-116.9496719362985,33.316638762709587],[-116.94968265954124,33.316629704302009],[-116.94969318494064,33.316620482900106],[-116.94970352006466,33.316611104773145],[-116.94971369359968,33.31660153098673],[-116.94972226933169,33.316593201521329],[-116.94990129670443,33.31642977706408],[-116.95007531189221,33.316265234544815],[-116.95008459828951,33.316255532277637],[-116.95009491697652,33.316244780931612],[-116.95010524009375,33.31623404669191],[-116.95011558470854,33.31622331503516],[-116.95012594552352,33.316212595008238],[-116.9501363150499,33.316201890260068],[-116.95014670604509,33.316191184488275],[-116.95015711539541,33.316180491235762],[-116.95016752600463,33.316169821419287],[-116.95017795273466,33.316159153314345],[-116.95018840419846,33.316148489577579],[-116.950198865426,33.316137838408522],[-116.95020934499426,33.316127197955481],[-116.95021983220727,33.316116573688852],[-116.95023033342927,33.316105955654152],[-116.95024085618492,33.316095344710682],[-116.95025138978548,33.316084747230519],[-116.95026194169066,33.316074155958098],[-116.95027250658858,33.316063578136863],[-116.95028308233856,33.316053014680527],[-116.95029366781627,33.316042459283693],[-116.95030427910162,33.316031908248789],[-116.95031489909131,33.316021371591034],[-116.95032553845947,33.316010841134876],[-116.95033618870143,33.316000327748576],[-116.95034684335188,33.315989828763648],[-116.95035752908589,33.31597932238882],[-116.95036822679636,33.315968836684505],[-116.95037892679645,33.315958369000164],[-116.95038965255368,33.315947899366193],[-116.95040039025135,33.315937445894441],[-116.95041114409857,33.315926997740775],[-116.95042190777447,33.315916570269636],[-116.95043268223753,33.315906149048523],[-116.95044347395294,33.315895736746128],[-116.95045428291343,33.315885332460667],[-116.95046510592617,33.315874939817007],[-116.95047594511732,33.31586455609807],[-116.95048679196762,33.315854190368761],[-116.95049765815318,33.315843825431131],[-116.95050853844143,33.315833478446777],[-116.95051942418331,33.31582314225107],[-116.95053033571837,33.315812808613863],[-116.95054126025339,33.315802489329492],[-116.95054399968797,33.315799906756311],[-116.95059913321091,33.315747465255072],[-116.95065376998825,33.31569549721489],[-116.95066275761724,33.315686455726087],[-116.95067091433366,33.315677456795854],[-116.95067347558528,33.315674350439828]]],[[[-116.95069181249092,33.315987507709977],[-116.95068234042238,33.3159965429167],[-116.95067158416823,33.316006821589198],[-116.95066084729275,33.316017106463271],[-116.9506501266174,33.316027402966959],[-116.95063941251297,33.316037715663114],[-116.95062871775833,33.316048030954157],[-116.95061803921826,33.31605835967823],[-116.9506073683086,33.316068702785365],[-116.95059671036292,33.316079055737092],[-116.95058607069305,33.316089411289795],[-116.95057545044513,33.31609977845401],[-116.95056483784204,33.316110161804616],[-116.95055424032192,33.316120551381033],[-116.95054366326156,33.316130948054649],[-116.95053308854139,33.316141369059892],[-116.95052252884643,33.316151789077736],[-116.95051200245507,33.316162210710104],[-116.9505014751893,33.316172657593967],[-116.95049095979192,33.316183111623481],[-116.95048046700224,33.316193572738065],[-116.95046998075456,33.31620404643855],[-116.9504595149667,33.316214527236255],[-116.95044906002383,33.316225021497289],[-116.95043862231901,33.316235522873725],[-116.95042819972601,33.316246034082603],[-116.95041779011864,33.316256557841022],[-116.95040739026783,33.316267093265559],[-116.95039700766237,33.316277636707198],[-116.95038664441388,33.316288183645462],[-116.95037629740168,33.31629874672177],[-116.95036595586484,33.316309323291705],[-116.95035563370669,33.316319906063285],[-116.9503453245125,33.316330498679527],[-116.95033502617052,33.316341105660683],[-116.9503247439927,33.316351719763439],[-116.95031448223862,33.316362336455121],[-116.95030423456573,33.316372968395356],[-116.95029399452331,33.316383614718738],[-116.9502837759786,33.316394263625149],[-116.95027255647854,33.316405985779191],[-116.95009584992667,33.31657307209079],[-116.94991301758311,33.316742550594341],[-116.94990856370947,33.316746436744545],[-116.94989697303511,33.316756477495133],[-116.94988528552386,33.316766496248057],[-116.94987354172569,33.316776460313804],[-116.94986173203291,33.316786376960046],[-116.94984985644543,33.316796246186769],[-116.94983791918686,33.316806058953233],[-116.94982592350799,33.316815818847893],[-116.94981387152772,33.316825522251975],[-116.94980175687463,33.316835178218284],[-116.94978926464104,33.316845026568231],[-116.9496075067407,33.316983127764573],[-116.94960591690271,33.316984428846496],[-116.94959780413349,33.316991833263472],[-116.94959099356436,33.316999169930689],[-116.94958492542898,33.317006948752962],[-116.94957963157083,33.317015122663015],[-116.94957515233124,33.317023632823734],[-116.94957152051239,33.31703241773522],[-116.94956875717544,33.317041424980872],[-116.9495668790351,33.317050595856458],[-116.94956590271271,33.317059859936371],[-116.94956583308817,33.317069155878073],[-116.94956667190614,33.317078433176924],[-116.9495684110729,33.317087619743127],[-116.94957118733099,33.317097162045883],[-116.94957364596269,33.317103781948589],[-116.9495769069066,33.317109735489176],[-116.94958390568699,33.317118960053087],[-116.94959247551256,33.317130444424997],[-116.94960085685463,33.317141323920694],[-116.94960942424964,33.317152100476349],[-116.9496197730258,33.317164712760665],[-116.94962783315073,33.317176251398003],[-116.94963675582719,33.317190091705228],[-116.94964508996601,33.317204335679008],[-116.94965275283077,33.31721884402323],[-116.94965972927073,33.317233602396371],[-116.94966600285932,33.317248571216517],[-116.94967157454062,33.317263734248094],[-116.94967642916369,33.317279077149351],[-116.94968055996748,33.317294560284083],[-116.94968396254782,33.317310170151735],[-116.94968663354555,33.317325889639136],[-116.94968855973426,33.317341676441373],[-116.94968974958262,33.317357515181811],[-116.94969019000106,33.317373380687009],[-116.94968989257193,33.317389244037457],[-116.94968885076476,33.317405094449661],[-116.949687064298,33.317420896759167],[-116.94968453835361,33.317436627492711],[-116.94968127592959,33.317452258680916],[-116.94967728864439,33.317467765912539],[-116.94967257322529,33.317483142894147],[-116.94966713365065,33.317498349928748],[-116.94966099437578,33.317513356220879],[-116.9496541531299,33.317528146454507],[-116.9496466301663,33.317542701579839],[-116.94963842638572,33.317556999951009],[-116.94962955240483,33.317571026179401],[-116.94962292054738,33.317580571889181],[-116.94962207414777,33.317582307005488],[-116.9496178316961,33.317592362235665],[-116.94961452605392,33.317602184961551],[-116.94961198966418,33.317612176478697],[-116.94961022965558,33.31762228805561],[-116.94960925953558,33.317632462809613],[-116.94960908122911,33.317642672777332],[-116.9496096965311,33.317652873765802],[-116.94961109974788,33.317663025230921],[-116.94961328508482,33.317673074005384],[-116.94961624467874,33.317682976852275],[-116.94961996971483,33.317692705868687],[-116.94962443503145,33.317702203488011],[-116.94962962961552,33.317711435507867],[-116.94963553174333,33.317720371393023],[-116.94964211202938,33.317728962617522],[-116.94964934659467,33.31773717775657],[-116.94965719644588,33.317744975551847],[-116.94966563990231,33.317752330878022],[-116.94967463264396,33.31775920791695],[-116.94968633201678,33.317767046238849],[-116.94977604807521,33.317829920705684],[-116.94978590598079,33.317839154394285],[-116.94979744202058,33.317850338003737],[-116.94980877425871,33.317861822122524],[-116.94981980304154,33.317873500912441],[-116.94983053809943,33.317885382434106],[-116.94984096111763,33.317897459577132],[-116.94985106546484,33.317909708935034],[-116.9498608588101,33.317922149400175],[-116.94987033570426,33.317934771084786],[-116.94987947343577,33.317947554279641],[-116.94988828053125,33.317960490821463],[-116.94989676252609,33.317973601418181],[-116.94990489769621,33.317986855534699],[-116.94991269032997,33.31800025224522],[-116.94992013610269,33.318013787967345],[-116.94992723391144,33.318027459100691],[-116.94993397615194,33.31804125486785],[-116.9499403584129,33.318055160866557],[-116.9499463893939,33.318069190573325],[-116.94995205174581,33.318083323346983],[-116.94995734858936,33.318097546546355],[-116.94996208640316,33.318111297704391],[-116.94996674369223,33.318124380260265],[-116.94997144611115,33.318137868323205],[-116.94997605860094,33.318151392058795],[-116.94998057133739,33.318164931685239],[-116.94998499083617,33.318178496182746],[-116.94998965207904,33.318193146758617],[-116.94999304637447,33.318206231923782],[-116.94999635394778,33.318222037082258],[-116.94999883415529,33.318238062408675],[-116.95000045683902,33.318254162900537],[-116.95000122503285,33.318270315096804],[-116.95000112654795,33.318286472178158],[-116.95000017301706,33.31830261153668],[-116.94999835778692,33.318318707060854],[-116.94999568688972,33.318334707320105],[-116.94999216769851,33.318350594238986],[-116.94998780528704,33.318366330819444],[-116.94998261236911,33.318381895349049],[-116.94997658756051,33.318397249062777],[-116.94996976059981,33.318412350315064],[-116.94996212610965,33.318427198234311],[-116.94995371256736,33.318441727738055],[-116.94994454457985,33.318455926965427],[-116.94993461770682,33.318469777907431],[-116.94992396385666,33.318483241611354],[-116.9499126064039,33.318496286385972],[-116.94990056028276,33.318508899523216],[-116.94988785738013,33.318521039365336],[-116.94987453297787,33.318532685876129],[-116.94986058810673,33.318543833639353],[-116.94984605897832,33.318554444579675],[-116.9498309862084,33.318564494122356],[-116.94981539546387,33.318573968597157],[-116.94979931343516,33.31858284801622],[-116.94978277971464,33.318591114122469],[-116.94976566693431,33.318598821734916],[-116.9497565507743,33.318602447410214],[-116.94974367212139,33.318607922015332],[-116.94973122518256,33.318613661087618],[-116.94971913070849,33.318619693026143],[-116.94970651857838,33.318626533091397],[-116.94969522553083,33.318633399086124],[-116.94968330567259,33.318640988161839],[-116.94967157660143,33.318648797977836],[-116.94966005968838,33.318656814888399],[-116.94964875280712,33.318665041610608],[-116.94963766022462,33.318673474513751],[-116.94962679048203,33.31868210723794],[-116.94961614784641,33.318690936152315],[-116.9496057365991,33.318699959429551],[-116.94959555671137,33.318709173463034],[-116.94958563058495,33.318718559191126],[-116.94957594016428,33.318728141962964],[-116.94956649487735,33.318737891969604],[-116.94955731726274,33.318747807280829],[-116.94954840192199,33.318757884320291],[-116.94953974466007,33.318768135735354],[-116.9495313421328,33.318778546216222],[-116.94952322744545,33.318789092132349],[-116.94951482261193,33.318800558506844],[-116.94951009563637,33.318806841074078],[-116.9495027144721,33.318817250308356],[-116.94949586310622,33.318827698937625],[-116.94948943099281,33.31883833095371],[-116.94948271420209,33.318850433429766],[-116.9494781053734,33.318858330261328],[-116.94946927139692,33.318872275096858],[-116.94945958271235,33.318886111132429],[-116.94944919311259,33.318899595848016],[-116.94943811203966,33.318912701237835],[-116.94942638424682,33.318925382866716],[-116.94941401934189,33.318937633466838],[-116.94940104395768,33.318949425837289],[-116.94938747304316,33.318960749073312],[-116.94937333638818,33.318971567841004],[-116.94935866503678,33.318981869341606],[-116.94934348031705,33.318991634519378],[-116.94932780893397,33.319000845189855],[-116.94931167974056,33.319009483156485],[-116.94929513341792,33.319017531959652],[-116.94927818705595,33.319024979780913],[-116.94926088239528,33.319031808351255],[-116.94925041550813,33.319035489383893],[-116.94923631434654,33.319043494655709],[-116.94922735314144,33.319048645082532],[-116.94921937979703,33.319054170460952],[-116.94921224483026,33.319060180737544],[-116.94920583920127,33.319066739644867],[-116.94920021726448,33.319073794578792],[-116.94919542894156,33.31908127582809],[-116.94919153160723,33.319089105524263],[-116.94918855053261,33.319097220406697],[-116.94918652363155,33.319105526485977],[-116.94918546440496,33.319113965977841],[-116.94918538290847,33.31912245316488],[-116.9491862795898,33.319130909597455],[-116.94918814622569,33.31913924695592],[-116.9491909672336,33.319147396799316],[-116.9491972843891,33.319160686442615],[-116.94919962085216,33.319168008555216],[-116.94920395918597,33.319183790796359],[-116.9492073560549,33.319200300593515],[-116.94920965309238,33.319216939212929],[-116.9492108435587,33.319233669723232],[-116.94921092258122,33.319250420016516],[-116.94920989092357,33.319267151315699],[-116.94920775140362,33.319283813110161],[-116.9492045067602,33.319300344970955],[-116.94920017486831,33.319316699007729],[-116.94919476177508,33.319332825593179],[-116.94918828859193,33.319348678622099],[-116.9491807709669,33.319364200297819],[-116.94917223755091,33.319379347177673],[-116.94916271156025,33.319394067734237],[-116.94915005748415,33.31941127383201],[-116.9491347915115,33.3194254009261],[-116.94912186483319,33.319436581644275],[-116.94910847445333,33.319447393474185],[-116.94909465134404,33.319457814600746],[-116.9490804050703,33.319467832346206],[-116.94906576557358,33.319477430311444],[-116.94904969503682,33.319487241014279],[-116.94904258557223,33.319490936492855],[-116.94903088128004,33.319497432341244],[-116.94901984778821,33.319504139917228],[-116.94900915895545,33.319511238690133],[-116.94899883187139,33.319518716841849],[-116.94898889748683,33.319526549852576],[-116.94897797126008,33.319535931240353],[-116.94897365424103,33.319539493778173],[-116.94896672002925,33.319546172867341],[-116.94896112927024,33.319552834476312],[-116.94895638943451,33.319559937633599],[-116.94895254831066,33.319567414443476],[-116.94894964499498,33.319575184435266],[-116.94894771207505,33.31958315905986],[-116.9489467683787,33.319591275092826],[-116.9489468226719,33.319599419773375],[-116.94894764985659,33.31960576573649],[-116.94894862221791,33.319608637563952],[-116.94895299407189,33.319620684814716],[-116.94895765534542,33.319632526653983],[-116.94896264121182,33.319644263873236],[-116.94896796024868,33.319655894620873],[-116.94897360932772,33.319667430636365],[-116.94897616481046,33.319672322360923],[-116.94898313443143,33.319678415542768],[-116.94899103789028,33.319684169842098],[-116.94899952911946,33.319689286943046],[-116.94900836979963,33.31969364645839],[-116.94902162345609,33.319698792657185],[-116.94903646676732,33.319704086801259],[-116.94905277698513,33.319710296921066],[-116.94906890398642,33.319716830875905],[-116.94908483914359,33.31972368420589],[-116.94910057924929,33.319730858732626],[-116.94911610596684,33.319738344640726],[-116.94913140849914,33.319746134777574],[-116.94914649761479,33.319754232689377],[-116.94916134750258,33.319762634012996],[-116.94917595482546,33.319771324340294],[-116.94919031535959,33.319780312712034],[-116.94920441178476,33.319789582093662],[-116.94921823656161,33.319799129822677],[-116.94923179180208,33.319808951378782],[-116.94924506461854,33.31981904683466],[-116.9492580419938,33.319829400033171],[-116.94927072717853,33.319840014562914],[-116.94928309751852,33.319850877927855],[-116.94929516262185,33.319861982860445],[-116.94930690746737,33.319873331248687],[-116.94931832655546,33.319884906893222],[-116.94932941780306,33.319896717921118],[-116.94934016166967,33.319908738293421],[-116.94935056571626,33.319920973377727],[-116.94936061807142,33.319933416027517],[-116.94937031325723,33.319946052748271],[-116.94937964480813,33.319958880871432],[-116.94938909947554,33.319972600074152],[-116.94943010311286,33.320040304447787],[-116.94943466782236,33.320048384051006],[-116.94944215287424,33.32006279061153],[-116.94944903399325,33.320077692896888],[-116.94945517368262,33.320092819370593],[-116.94946056428007,33.320108152041982],[-116.94946519050471,33.320123660339725],[-116.94946813874054,33.320135628125819],[-116.94946914312108,33.320138337464186],[-116.94947285820474,33.320145869113908],[-116.949477200205,33.320152420699934],[-116.94948240736969,33.32015850664817],[-116.94948841465516,33.320164051582772],[-116.94949513981977,33.320168978421265],[-116.9495024964411,33.320173224531963],[-116.94951038633337,33.320176733661],[-116.94951870169552,33.320179455920908],[-116.94952730688227,33.320181351499336],[-116.94953458385326,33.320182215809297],[-116.94954599341079,33.320181973006726],[-116.94956316555736,33.320181787010256],[-116.94958033915945,33.320181783145102],[-116.94959751095928,33.320181956921068],[-116.94961466810523,33.320182312919044],[-116.94963182984974,33.320182841111894],[-116.94964898559002,33.32018355869166],[-116.94966571616605,33.3201844292469],[-116.94968332243567,33.320185345361054],[-116.94970526765729,33.320188129678613],[-116.94972694633925,33.320192637726223],[-116.94974589452437,33.320198179165388],[-116.94975701816082,33.320201669156795],[-116.94977509302065,33.320208132533288],[-116.94979303832899,33.320215586695177],[-116.94981045120849,33.320223882428458],[-116.94982727344861,33.320232993010599],[-116.94984345325369,33.32024288807618],[-116.94985894527912,33.320253538125165],[-116.94987369020396,33.320264911932902],[-116.94988764147253,33.320276962873955],[-116.94990075695452,33.320289660528495],[-116.94991299871477,33.320302961829391],[-116.94992432024759,33.320316826462815],[-116.94993468570058,33.320331203234673],[-116.94994406901689,33.320346057126002],[-116.94995243325553,33.320361335145385],[-116.94995974464695,33.320376977971726],[-116.94996599095869,33.320392933375928],[-116.94997115802668,33.320409176190637],[-116.94997521528872,33.320425645273161],[-116.94997815356831,33.320442267638263],[-116.94997996719937,33.320459006348571],[-116.94998064497275,33.320475802857317],[-116.94998030437328,33.320488411335496],[-116.94998053183251,33.3204909338899],[-116.94998054250527,33.320509997405949],[-116.94997761382949,33.320530168536486],[-116.94997179567068,33.320549893384602],[-116.94996316840181,33.320568881152042],[-116.94995655478643,33.320579388876759],[-116.94995519170537,33.320583132269881],[-116.94994859384818,33.320598700201813],[-116.94994078529571,33.320614235282299],[-116.94993191241787,33.320629372402692],[-116.94992201981661,33.320644048192754],[-116.94991339810012,33.32065527055218],[-116.94990792009172,33.320663675439825],[-116.94990055158537,33.32067527846322],[-116.949893352031,33.320686922913488],[-116.94988631629658,33.320698638575486],[-116.94987943365678,33.320710427313045],[-116.94987271899599,33.320722270106806],[-116.94986616492622,33.320734183228794],[-116.94985977139703,33.320746160367584],[-116.94985354052034,33.320758197002846],[-116.94984747657053,33.320770290405328],[-116.94984157739971,33.32078244058723],[-116.9498358451487,33.320794646634845],[-116.94983028086271,33.320806904935452],[-116.94982488245866,33.320819223616098],[-116.94981964985017,33.320831591857029],[-116.94981458731156,33.320844006929015],[-116.94980912433519,33.3208579219678],[-116.94980526893447,33.320866432222211],[-116.9498001094952,33.32087841502733],[-116.94979528497167,33.320890375206119],[-116.94979260529151,33.320897499246144],[-116.94979260018827,33.32089753263751],[-116.9497913910236,33.320908304753083],[-116.94978995092416,33.320921761605554],[-116.9497885710683,33.320935230742244],[-116.94978698821546,33.320951520613953],[-116.94978332836243,33.320968236065525],[-116.94977963367147,33.320983012173549],[-116.94977550009423,33.320997703290175],[-116.94977092652769,33.321012305814925],[-116.94976591726028,33.321026818821842],[-116.94976046882488,33.321041211672856],[-116.94975460163415,33.321055485154666],[-116.94974829632741,33.32106963576944],[-116.9497415805974,33.32108363450692],[-116.94973444278152,33.32109750036841],[-116.94972688806207,33.32111120988052],[-116.94971893137387,33.321124750335436],[-116.94971056736124,33.321138123566577],[-116.94970180876047,33.321151310566577],[-116.94969265558591,33.321164313138645],[-116.94968311525449,33.321177118617271],[-116.94967319733098,33.321189714324746],[-116.94966290182983,33.321202102064305],[-116.9496522318791,33.321214270096192],[-116.9496428944443,33.321224377467544],[-116.94964224991365,33.321225170079124],[-116.94963433305958,33.321235365927933],[-116.94962709956299,33.321245461445557],[-116.94962030175755,33.321255779931356],[-116.94961395334585,33.321266288847283],[-116.94960806503893,33.321276984526278],[-116.94960263460985,33.321287857062394],[-116.94959768328619,33.321298874776879],[-116.94959320684428,33.321310046710444],[-116.94958921046677,33.321321349390011],[-116.94958570577326,33.321332758404452],[-116.94958269594257,33.321344268325788],[-116.94958018086682,33.321355865629251],[-116.94957816680997,33.321367527737316],[-116.94957666116763,33.32137923927958],[-116.94957565641494,33.321390999396733],[-116.94957515766974,33.321402776500719],[-116.94957516515552,33.321411238838316],[-116.94958793029825,33.321477918290995],[-116.94958861333575,33.321481137090693],[-116.94959139531049,33.321496483546525],[-116.94959348957049,33.321512326200128],[-116.94959481318814,33.321528233608156],[-116.94959536164365,33.321544177843592],[-116.94959513673159,33.321560114713549],[-116.94959414376372,33.321576036974463],[-116.94959237390276,33.321591914018533],[-116.9495898376576,33.321607716932498],[-116.94958653692352,33.321623414146373],[-116.94958247909568,33.321638990289593],[-116.94957766610538,33.321654418300533],[-116.94957210951407,33.321669666554754],[-116.94956581875664,33.321684706144794],[-116.94955880448627,33.321699526190372],[-116.94955107392524,33.321714089681137],[-116.94954265265443,33.321728372127296],[-116.94953353952758,33.321742364518236],[-116.94952375039496,33.321756034303569],[-116.94951331293524,33.321769350669761],[-116.94950223673493,33.321782303644014],[-116.94949054304324,33.321794864252325],[-116.94947824892866,33.321807017971366],[-116.94946537778844,33.321818735814986],[-116.94945194784447,33.321830013171947],[-116.94943796745818,33.321840821140846],[-116.94942349654994,33.321851131431551],[-116.94941151820433,33.321858985901592],[-116.94940532773971,33.321863731202662],[-116.94938825806707,33.321875036263442],[-116.94936938396646,33.321885262239292],[-116.94934943322006,33.321893953283414],[-116.94932858872555,33.3219010136878],[-116.94931210814858,33.321905126230916],[-116.94930388226919,33.321907709008634],[-116.94928795235013,33.321912587591136],[-116.94927190333897,33.321917347818797],[-116.94925579845017,33.321921970400119],[-116.94923964520902,33.321926456194397],[-116.94922343288283,33.321930806163735],[-116.94920717433085,33.321935016628963],[-116.9491908642191,33.321939092128495],[-116.94917450357852,33.321943027246448],[-116.94915810102984,33.321946825540969],[-116.94914164581164,33.321950484367569],[-116.94912515403398,33.321954003635533],[-116.94910861817172,33.321957382485515],[-116.94909204896489,33.32196062085702],[-116.94907543354719,33.321963721527574],[-116.94905877831953,33.321966679050966],[-116.94904210476902,33.321969494207927],[-116.94902539145193,33.321972171627593],[-116.94900755485531,33.321974870696039],[-116.94899857000411,33.321975888781246],[-116.94898004942337,33.321977534912421],[-116.94896106847766,33.321978558759277],[-116.94894206189147,33.321978927217572],[-116.94892513183022,33.321978672639723],[-116.94886950694908,33.321978932468127],[-116.94885797538211,33.321979258849382],[-116.94884952826868,33.321980366772124],[-116.94884129843241,33.321982321963702],[-116.94883342416665,33.321985092086905],[-116.94882600723463,33.321988643206431],[-116.94881914497407,33.32199292518164],[-116.94881295602997,33.321997866111488],[-116.9488075193885,33.322003404236433],[-116.94880292130937,33.322009447098694],[-116.94879922883543,33.322015916775634],[-116.94879648949772,33.32202271291213],[-116.94879475189424,33.322029734245241],[-116.94879403563925,33.322036881478596],[-116.94879451572744,33.322047643175168],[-116.94879491339509,33.322060727192131],[-116.94879563397512,33.322073225997478],[-116.9487966905585,33.322085703074968],[-116.94879808632417,33.322098152996617],[-116.94879982130105,33.322110579368996],[-116.94880189109982,33.322122970494796],[-116.94880429450967,33.322135309248615],[-116.94880703478162,33.322147599218937],[-116.94881010976067,33.322159839516253],[-116.9488135161313,33.322172018437051],[-116.9488172506213,33.322184129688047],[-116.94882131423275,33.322196164246542],[-116.94882569719904,33.322208109543816],[-116.94883041574545,33.322219979915538],[-116.948835443909,33.322231752063871],[-116.94884073654707,33.322243287382193],[-116.94884286840716,33.322247576456391],[-116.94884794831789,33.322256143700081],[-116.94885355286272,33.322263831546898],[-116.94885993257481,33.322271078612587],[-116.94886758087716,33.322278342885006],[-116.94887507747546,33.322284632380011],[-116.94888483988069,33.322292077716696],[-116.94889495282035,33.322299034166456],[-116.94890547680561,33.322305547374896],[-116.94891637840558,33.322311600397832],[-116.94892491973026,33.322315830858173],[-116.94893568404896,33.322319487053385],[-116.94895272974424,33.322325875189144],[-116.94896951214835,33.322332782375497],[-116.94898599898399,33.322340201580701],[-116.94900215036927,33.322348114995499],[-116.94901794904114,33.322356512798585],[-116.94903338099454,33.322365389658756],[-116.94904841385834,33.322374726822851],[-116.94906303357698,33.3223845126481],[-116.94907312652221,33.322391786591425],[-116.94907361305026,33.322392053458692],[-116.94908651891296,33.322398921134756],[-116.94909938347793,33.322405459022754],[-116.94911241382489,33.322411775061717],[-116.94912558412719,33.32241786308505],[-116.94913890400048,33.322423716726895],[-116.94915237030904,33.322429346824983],[-116.94916597003517,33.322434737222189],[-116.94917970109559,33.322439896045459],[-116.94919149754617,33.322444082914622],[-116.94919202173789,33.322444224234161],[-116.94920673225714,33.322448028609251],[-116.94922130838485,33.322451547001194],[-116.94923595465693,33.322454837770152],[-116.94925068608759,33.322457898126501],[-116.94926547370754,33.322460731840046],[-116.94927977105867,33.322463233784667],[-116.94929279706835,33.322465105389981],[-116.94930846150613,33.322465836826076],[-116.94933060062976,33.322468622825284],[-116.94935233466019,33.322473134234833],[-116.94937079568957,33.322478540516236],[-116.9493811505947,33.322481629109191],[-116.94939736601816,33.322486661206611],[-116.94941356726422,33.322491935035224],[-116.94942967030146,33.322497418607327],[-116.9494456827271,33.322503121798754],[-116.94946157653808,33.322509034848714],[-116.94947735063157,33.32251515415664],[-116.94949301576207,33.32252148146538],[-116.94950855904891,33.322528017749256],[-116.94952398152292,33.322534757592351],[-116.94953926813369,33.322541699276037],[-116.94955442422966,33.322548840065281],[-116.94957269328559,33.322557772111651],[-116.9495832988606,33.322564673432417],[-116.9495968635818,33.322573741079268],[-116.94961033475883,33.322583064430347],[-116.9496143489141,33.322585938953736],[-116.94960575418693,33.32257933468685],[-116.94962368079375,33.322521098020431],[-116.95084131597433,33.318565383438965],[-116.95087348755683,33.318460865234272],[-116.95105523818782,33.316203016165446],[-116.95069181249092,33.315987507709977]]],[[[-116.95067584516678,33.315676011513865],[-116.95069240109916,33.31564872935428],[-116.95068574934695,33.315658574599439],[-116.95067858000456,33.315668159470228],[-116.95067347558528,33.315674350439828],[-116.95067584516678,33.315676011513865]]],[[[-116.94967312338942,33.322631106320273],[-116.9496619360656,33.322622239891182],[-116.94964994005559,33.322612442060588],[-116.94963671681467,33.322602292269025],[-116.94962362275221,33.322592581773961],[-116.9496143489141,33.322585938953736],[-116.94967312338942,33.322631106320273]]],[[[-116.9448676476719,33.317649243994154],[-116.94486167191023,33.317646393818322],[-116.94486627034028,33.317654055015566],[-116.9448676476719,33.317649243994154]]],[[[-116.95069310428522,33.315986275922356],[-116.95070388862953,33.315976018730062],[-116.95071468376824,33.315965768689438],[-116.95072548445449,33.315955541158864],[-116.95069170457894,33.31598744339697],[-116.95069181249092,33.315987507709977],[-116.95069310428522,33.315986275922356]]],[[[-116.94897616481046,33.319672322360923],[-116.94897550289049,33.319671743593226],[-116.94897627060539,33.319672524646265],[-116.94897616481046,33.319672322360923]]]]},"properties":{"OBJECTID":487,"Record_Num":"AWM2022-LCP-00008","Business_N":"ASSET TRADE, LLC","PRODUCER_L":"17060 N. MESA DR., PAUMA VALLEY, CA  92061 ","Area":95,"Shape_Length":17500.192463731233,"Shape_Area":4135033.6351023815}}]
}